CLASE SINIESTRO,CANTIDAD DE VEHICULOS DAÑADOS,DEPARTAMENTO,ZONA,TIPO DE VÍA,RED VIAL,COORDENADAS LATITUD,COORDENADAS  LONGITUD,CONDICIÓN CLIMÁTICA,ZONIFICACIÓN,CARACTERÍSTICAS DE VÍA,PERFIL LONGITUDINAL VÍA,SUPERFICIE DE CALZADA,¿EXISTE SEÑAL VERTICAL?,¿EXISTE SEÑAL HORIZONTAL?,CAUSA FACTOR PRINCIPAL,MTC_RVN_LONGITUD_KM,MTC_RVN_N_CARRILES_MEDIANA,MTC_RVN_SUPERFICIE_DOMINANTE,MTC_RVN_ESTADO_DOMINANTE,MTC_RVN_ES_CONCESIONADA,MTC_RVN_CONCESION_PRINCIPAL,MTC_RVN_CORREDOR_LOGISTICO,MTC_RVN_N_TRAMOS,IDH_2019,IDH_ESP_VIDA_2019,IDH_POBLACION_2019,MTC_DEP_RED_TOTAL_KM,MTC_DEP_NACIONAL_TOTAL_KM,MTC_DEP_DEPARTAMENTAL_TOTAL_KM,MTC_DEP_VECINAL_TOTAL_KM,MTC_DEP_PAV_TOTAL_KM,MTC_DEP_NO_PAV_TOTAL_KM,MTC_DEP_PCT_PAVIMENTADA,PER_N_CONDUCTORES,PER_N_CONDUCTORES_FUGADOS,PER_N_PEATONES,PER_EDAD_COND_PROM,PER_EDAD_COND_MIN,PER_EDAD_COND_MAX,PER_ANY_COND_MASCULINO,PER_ANY_LIC_PROBLEMA,PER_ANY_DOSAJE_POS,PER_ANY_DOSAJE_EVALUADO,VEH_TOTAL,VEH_N_FUGADOS,VEH_ANY_FUGADO,VEH_ANY_CARGA,VEH_ANY_PUBLICO,VEH_ANY_PARTICULAR,VEH_ANY_MOTO,VEH_ANY_AUTO,VEH_ANY_CAMION_BUS,VEH_ANY_SOAT_PROBLEMA,VEH_ANY_CITV_PROBLEMA,VEH_ANY_SEGURO_PROBLEMA,MTC_RVN_LONGITUD_KM_ERA_NULO,MTC_RVN_N_CARRILES_MEDIANA_ERA_NULO,MTC_RVN_ES_CONCESIONADA_ERA_NULO,MTC_RVN_N_TRAMOS_ERA_NULO,PER_EDAD_COND_PROM_ERA_NULO,PER_EDAD_COND_MIN_ERA_NULO,PER_EDAD_COND_MAX_ERA_NULO,HORA_NUM,FRANJA_HORARIA,ANIO,MES,DIA_MES,DIA_SEMANA,ES_FIN_SEMANA,ES_QUINCENA,REGION_NATURAL,NIVEL_SEÑALIZACION_ORD,ES_VIA_MULTICARRIL,ES_DEPTO_BAJO_PAVIMENTO,RATIO_CONDUCTORES_FUGADOS,ES_CURVA_Y_PENDIENTE,ES_VIA_NO_PAVIMENTADA,CATEGORIA_SEVERIDAD,CATEGORIA_SEVERIDAD_ENC,CLUSTER
3,1,0.2105205359103887,2,2,4,-11.937625632516268,-77.07126170396806,0,3,1,0,2,-1,-1,0,6543.555,2.0,-1,-1,1.0,0.4495936745003294,0.4495936745003294,1198.0,0.7218926988400113,80.0902077245261,530000.3426124197,7626.313,1683.4029999999998,1599.0829999999996,4343.827000000001,1814.875,5811.438000000001,23.7975414856432,2,0,0,46.5,32.0,61.0,1.0,0.0,1.0,1.0,2,0,0.0,1.0,0.0,1.0,1.0,0.0,1.0,0.0,1.0,1.0,1,1,1,1,0,0,0,7,1,2021,2,1,0,0,0,0,2,0,1,0.0,0,0,LEVE,0,0
6,1,0.0821436415550186,0,4,1,-14.365523022552429,-69.48053229031025,5,4,7,0,2,-1,-1,2,1762.84,2.0,-1,2,0.0,0.340764331210191,0.1266198111135515,485.0,0.3677334628938986,70.7162173228883,11267.128479657387,13642.312999999998,2020.7790000000005,2354.117,9267.416999999998,3314.0520000000006,10328.260999999997,24.29244952817019,1,0,0,27.0,27.0,27.0,1.0,1.0,0.0,0.0,1,0,0.0,0.0,0.0,1.0,0.0,1.0,0.0,0.0,0.0,0.0,0,0,0,0,0,0,0,15,2,2021,2,1,0,0,0,2,2,0,1,0.0,0,0,LEVE,0,11
6,1,0.0902701515484296,0,4,2,-13.5972,-71.6969,2,4,0,1,1,-1,-1,2,6543.555,2.0,-1,-1,1.0,0.4495936745003294,0.4495936745003294,1198.0,0.2453332454181003,63.62240979432437,2731.8715203426127,17779.13499998999,2097.37099999,2863.123,12818.640999999989,2878.713,14900.421999989989,16.19152450331032,1,0,0,30.0,30.0,30.0,1.0,0.0,0.0,1.0,1,0,0.0,0.0,0.0,1.0,0.0,1.0,0.0,0.0,0.0,0.0,1,1,1,1,0,0,0,18,3,2021,2,1,0,0,0,2,2,0,1,0.0,1,1,GRAVE_LESIONADOS,1,4
1,0,0.0766527564243356,0,4,2,-15.928147453816774,-73.13040730041367,0,4,5,1,7,-1,-1,0,6543.555,2.0,-1,-1,1.0,0.4495936745003294,0.4495936745003294,1198.0,0.6537166303746537,75.546894100114,2067.518201284797,10322.272,1495.236,1749.739,7077.2970000000005,2886.595,7435.677000000001,27.964725207783708,0,0,1,37.0,33.0,40.0,1.0,0.0,0.0,0.0,1,1,1.0,0.0,0.0,0.0,0.0,0.0,0.0,0.0,0.0,0.0,1,1,1,1,1,1,1,19,3,2021,2,1,0,0,0,0,2,0,1,0.0,1,1,LEVE,0,-1
3,2,0.0497474192839885,0,4,1,-5.260848,-80.613699,0,4,0,0,2,1,0,2,6543.555,3.0,5,2,1.0,0.1133318690972984,0.1133318690972984,1475.0,0.5034350778485951,78.14388603810477,76220.84796573877,8965.846000060003,1782.4120000599992,636.9959999999999,6546.438000000004,2214.505000059999,6751.341000000004,24.699342371541725,2,0,0,36.5,17.0,56.0,1.0,1.0,1.0,1.0,2,0,0.0,0.0,1.0,1.0,1.0,0.0,1.0,1.0,0.0,0.0,0,0,0,0,0,0,0,20,3,2021,2,1,0,0,0,0,1,1,1,0.0,0,0,GRAVE_MORTALIDAD,2,3
3,2,0.0293213265978475,0,4,1,-6.042342803993313,-77.05495127659906,0,4,7,0,2,-1,-1,2,7758.33400008,2.0,5,2,1.0,0.340764331210191,0.0464528882055787,2133.0,0.5147882301210585,74.70882653725891,4267.862955032119,5645.136,815.0759999999999,965.298,3864.762,1013.406,4631.73,17.95184385283189,2,0,0,29.0,23.0,35.0,1.0,0.0,0.0,1.0,2,0,0.0,1.0,0.0,1.0,1.0,0.0,1.0,0.0,1.0,0.0,0,0,0,0,0,0,0,5,0,2021,2,2,1,0,0,1,2,0,1,0.0,0,0,LEVE,0,2
3,2,0.0475510652317153,0,4,1,-14.240577,-75.692856,0,4,7,0,2,-1,-1,2,6639.975,2.0,5,2,1.0,0.340764331210191,0.074236766966835,1616.0,0.6261042306271147,80.48505954362174,31419.372591006424,3721.461,698.1859999999996,744.866,2278.409,1102.9029999999996,2618.558,29.636290693359403,2,0,0,21.0,19.0,23.0,1.0,0.0,0.0,1.0,2,0,0.0,0.0,0.0,1.0,1.0,1.0,0.0,1.0,1.0,0.0,0,0,0,0,0,0,0,13,2,2021,2,2,1,0,0,0,2,0,1,0.0,0,0,LEVE,0,7
3,2,0.0131781243136393,2,4,1,-9.31989,-75.99349,0,0,0,0,2,1,0,2,693.175,2.0,5,1,0.0,0.340764331210191,0.0037338018888644,249.0,0.5818337288935853,73.84436545241161,59227.28479657388,8209.057,1333.4779999999996,791.9770000000001,6083.602,1059.8589999999997,7149.198,12.910849565303296,2,0,0,37.5,19.0,56.0,1.0,1.0,0.0,1.0,2,0,0.0,0.0,1.0,0.0,1.0,0.0,0.0,0.0,0.0,0.0,0,0,0,0,0,0,0,15,2,2021,2,2,1,0,0,2,1,0,1,0.0,0,0,LEVE,0,4
0,1,0.0318471337579617,2,4,1,-9.47433373914006,-78.2960977852209,0,3,1,0,2,-1,-1,2,6543.555,3.0,5,2,1.0,0.1133318690972984,0.1133318690972984,1475.0,0.5873460606982213,78.04758132038613,35482.29764453961,10767.648,1885.0630000000003,1222.721,7659.864000000001,2100.343,8667.305000000002,19.506051832303577,1,0,1,37.0,37.0,37.0,1.0,0.0,0.0,1.0,1,0,0.0,1.0,0.0,0.0,0.0,0.0,1.0,0.0,0.0,0.0,0,0,0,0,0,0,0,17,2,2021,2,2,1,0,0,0,2,1,1,0.0,0,0,LEVE,0,1
6,1,0.0161432022842082,0,4,1,-18.170141,-70.647195,7,4,7,0,2,-1,-1,2,1926.94,2.0,5,2,1.0,0.340764331210191,0.1266198111135515,393.0,0.5526222945995614,74.2498786138685,2956.51391862955,2650.572,630.6729999999998,487.3610000000001,1532.5379999999998,1068.7019999999998,1581.87,40.31967439480987,1,0,0,37.0,33.0,40.0,0.0,0.0,0.0,0.0,1,0,0.0,0.0,0.0,1.0,0.0,1.0,0.0,1.0,1.0,0.0,0,0,0,0,1,1,1,12,2,2021,2,3,2,0,0,0,2,0,1,0.0,0,0,LEVE,0,15
6,1,0.0318471337579617,0,4,1,-9.160781225717082,-76.92738104820685,5,4,7,1,7,1,1,2,2135.1760000000004,1.0,-1,2,0.0,0.340764331210191,0.1266198111135515,705.0,0.3645022157035361,74.64187633017735,1355.6895074946467,10767.648,1885.0630000000003,1222.721,7659.864000000001,2100.343,8667.305000000002,19.506051832303577,1,0,0,66.0,66.0,66.0,1.0,0.0,0.0,1.0,1,0,0.0,0.0,0.0,1.0,0.0,0.0,1.0,1.0,1.0,0.0,0,0,0,0,0,0,0,13,2,2021,2,3,2,0,0,0,2,0,1,0.0,0,1,GRAVE_MORTALIDAD,2,1
6,1,0.0037338018888644,0,4,1,-16.72916,-70.453007,1,4,0,1,2,-1,-1,5,779.525,2.0,5,2,1.0,0.0252580716011421,0.0021963540522732,163.0,0.5419876249473067,75.01928818373936,4186.792291220558,2949.174,470.28500000000025,903.055,1575.834,866.4460000000004,2082.728,29.37927704503025,1,0,0,55.0,55.0,55.0,1.0,0.0,0.0,1.0,1,0,0.0,0.0,0.0,1.0,0.0,1.0,0.0,0.0,0.0,0.0,0,0,0,0,0,0,0,15,2,2021,2,3,2,0,0,0,2,0,1,0.0,1,0,LEVE,0,-1
0,1,0.0293213265978475,2,2,4,-6.47596,-76.36267,0,0,7,0,2,-1,-1,2,6543.555,2.0,-1,-1,1.0,0.4495936745003294,0.4495936745003294,1198.0,0.6729354303196766,71.95034522710945,76010.20342612421,5645.136,815.0759999999999,965.298,3864.762,1013.406,4631.73,17.95184385283189,1,0,1,22.0,22.0,22.0,1.0,0.0,0.0,1.0,1,0,0.0,0.0,1.0,0.0,1.0,0.0,0.0,1.0,1.0,1.0,1,1,1,1,0,0,0,19,3,2021,2,3,2,0,0,1,2,0,1,0.0,0,0,LEVE,0,2
5,1,0.0821436415550186,0,4,1,-16.11862696,-69.59255185,0,4,7,0,2,1,0,2,7586.903,2.0,5,2,1.0,0.340764331210191,0.067428069404788,1198.0,0.2613641192883233,79.6090612964439,10083.702355460387,13642.312999999998,2020.7790000000005,2354.117,9267.416999999998,3314.0520000000006,10328.260999999997,24.29244952817019,2,1,0,50.0,50.0,50.0,1.0,1.0,0.0,0.0,2,1,1.0,0.0,0.0,1.0,1.0,0.0,0.0,1.0,1.0,1.0,0,0,0,0,0,0,0,2,0,2021,2,4,3,0,0,2,1,0,1,0.5,0,0,LEVE,0,4
0,1,0.0902701515484296,2,3,4,-14.14751,-71.46,0,3,1,0,1,-1,-1,6,6543.555,2.0,-1,-1,1.0,0.4495936745003294,0.4495936745003294,1198.0,0.2991005536829932,62.21917574632246,1773.610278372591,17779.13499998999,2097.37099999,2863.123,12818.640999999989,2878.713,14900.421999989989,16.19152450331032,1,0,1,59.0,59.0,59.0,1.0,0.0,0.0,0.0,1,0,0.0,0.0,0.0,0.0,0.0,0.0,1.0,0.0,0.0,0.0,1,1,1,1,0,0,0,9,1,2021,2,4,3,0,0,2,2,0,1,0.0,0,1,LEVE,0,4
6,1,0.0597408302218317,0,4,2,-7.174738,-78.423229,0,4,0,1,2,1,1,0,6543.555,2.0,-1,-1,1.0,0.4495936745003294,0.4495936745003294,1198.0,0.3658867820676106,77.61736312988027,5469.092077087795,15935.565011852366,1733.9250000199986,935.692,13265.948011832368,2000.1670000199988,13935.398011832369,12.551591352627522,1,0,0,21.0,21.0,21.0,1.0,0.0,0.0,0.0,1,0,0.0,0.0,0.0,1.0,0.0,0.0,0.0,0.0,0.0,0.0,1,1,1,1,0,0,0,12,2,2021,2,4,3,0,0,2,2,0,1,0.0,1,0,LEVE,0,1
3,2,0.0821436415550186,0,4,0,-14.8922844,-70.1617261,5,4,7,0,2,1,1,2,6543.555,2.0,-1,-1,1.0,0.4495936745003294,0.4495936745003294,1198.0,0.2209037315406962,65.8457651921912,4928.188436830835,13642.312999999998,2020.7790000000005,2354.117,9267.416999999998,3314.0520000000006,10328.260999999997,24.29244952817019,2,0,0,24.0,22.0,26.0,1.0,1.0,0.0,0.0,2,0,0.0,0.0,0.0,1.0,1.0,1.0,0.0,1.0,1.0,0.0,1,1,1,1,0,0,0,12,2,2021,2,4,3,0,0,2,2,0,1,0.0,0,0,LEVE,0,4
6,1,0.0131781243136393,0,4,1,-9.712672764117524,-76.09245650562782,5,4,0,1,2,-1,-1,2,693.175,2.0,5,1,0.0,0.340764331210191,0.0037338018888644,249.0,0.3096549989431256,76.17431233061522,19256.764453961456,8209.057,1333.4779999999996,791.9770000000001,6083.602,1059.8589999999997,7149.198,12.910849565303296,2,1,0,30.0,30.0,30.0,1.0,1.0,0.0,1.0,2,1,1.0,0.0,0.0,1.0,1.0,0.0,0.0,0.0,1.0,1.0,0,0,0,0,0,0,0,14,2,2021,2,4,3,0,0,2,2,0,1,0.5,1,0,LEVE,0,4
3,2,0.0497474192839885,2,2,4,-5.167524,-80.655907,0,4,7,0,2,1,1,2,6543.555,2.0,-1,-1,1.0,0.4495936745003294,0.4495936745003294,1198.0,0.6582040223794163,78.74105515718446,178905.3426124197,8965.846000060003,1782.4120000599992,636.9959999999999,6546.438000000004,2214.505000059999,6751.341000000004,24.699342371541725,2,0,0,37.5,24.0,51.0,1.0,1.0,0.0,0.0,2,0,0.0,0.0,0.0,1.0,1.0,0.0,0.0,1.0,0.0,0.0,1,1,1,1,0,0,0,22,3,2021,2,4,3,0,0,0,2,0,1,0.0,0,0,GRAVE_LESIONADOS,1,3
6,1,0.0497474192839885,0,4,3,-4.885024319059653,-80.33600611919029,0,4,7,0,2,-1,-1,0,6543.555,2.0,-1,-1,1.0,0.4495936745003294,0.4495936745003294,1198.0,0.459857589992435,80.72202071327797,125429.93361884369,8965.846000060003,1782.4120000599992,636.9959999999999,6546.438000000004,2214.505000059999,6751.341000000004,24.699342371541725,1,0,0,51.0,51.0,51.0,1.0,1.0,0.0,1.0,1,0,0.0,0.0,0.0,1.0,1.0,0.0,0.0,0.0,0.0,0.0,1,1,1,1,0,0,0,9,1,2021,2,5,4,0,0,0,2,0,1,0.0,0,0,LEVE,0,3
0,1,0.0902701515484296,2,4,1,-14.2758759830276,-71.2356738655972,0,3,7,0,2,1,0,2,7586.903,2.0,5,2,1.0,0.340764331210191,0.067428069404788,1198.0,0.5265643824923771,76.3202150422939,59032.11777301927,17779.13499998999,2097.37099999,2863.123,12818.640999999989,2878.713,14900.421999989989,16.19152450331032,1,0,1,19.0,19.0,19.0,1.0,1.0,0.0,1.0,1,0,0.0,0.0,0.0,0.0,1.0,0.0,0.0,1.0,1.0,0.0,0,0,0,0,0,0,0,9,1,2021,2,5,4,0,0,2,1,0,1,0.0,0,0,LEVE,0,4
2,0,0.0902701515484296,0,4,2,-13.493,-71.7882,0,4,7,0,2,-1,-1,2,6543.555,2.0,-1,-1,1.0,0.4495936745003294,0.4495936745003294,1198.0,0.3026259544873475,73.96325815272854,5530.693790149893,17779.13499998999,2097.37099999,2863.123,12818.640999999989,2878.713,14900.421999989989,16.19152450331032,1,0,0,21.0,21.0,21.0,1.0,0.0,0.0,1.0,1,0,0.0,0.0,0.0,1.0,1.0,0.0,0.0,0.0,0.0,0.0,1,1,1,1,0,0,0,10,1,2021,2,5,4,0,0,2,2,0,1,0.0,0,0,LEVE,0,4
3,3,0.0475510652317153,0,4,1,-13.934894,-75.869417,0,4,7,0,2,-1,-1,2,6639.975,2.0,5,2,1.0,0.340764331210191,0.074236766966835,1616.0,0.6053164595604621,78.88848309050202,27932.19700214133,3721.461,698.1859999999996,744.866,2278.409,1102.9029999999996,2618.558,29.636290693359403,3,0,0,41.0,39.0,44.0,1.0,1.0,0.0,1.0,3,0,0.0,1.0,0.0,0.0,0.0,0.0,1.0,0.0,0.0,0.0,0,0,0,0,0,0,0,12,2,2021,2,5,4,0,0,0,2,0,1,0.0,0,0,LEVE,0,7
0,0,0.2105205359103887,0,4,0,-10.572365864241098,-77.15383704151937,5,4,5,1,3,-1,-1,0,6543.555,2.0,-1,-1,1.0,0.4495936745003294,0.4495936745003294,1198.0,0.4741262708635928,69.89491240101852,898.9764453961457,7626.313,1683.4029999999998,1599.0829999999996,4343.827000000001,1814.875,5811.438000000001,23.7975414856432,1,0,1,50.0,50.0,50.0,1.0,0.0,0.0,0.0,1,0,0.0,0.0,0.0,0.0,0.0,0.0,0.0,0.0,0.0,0.0,1,1,1,1,0,0,0,14,2,2021,2,5,4,0,0,0,2,0,1,0.0,1,1,LEVE,0,-1
6,1,0.0766527564243356,0,4,1,-16.6779758,-71.9100334,0,4,7,0,2,0,1,2,289.55,2.0,5,2,1.0,0.0252580716011421,0.0230617175488688,10.0,0.6456305778571253,75.67334095395331,21630.747323340474,10322.272,1495.236,1749.739,7077.2970000000005,2886.595,7435.677000000001,27.964725207783708,1,0,0,23.0,23.0,23.0,1.0,1.0,0.0,1.0,1,0,0.0,0.0,0.0,1.0,0.0,1.0,0.0,0.0,0.0,0.0,0,0,0,0,0,0,0,17,2,2021,2,5,4,0,0,0,1,0,1,0.0,0,0,GRAVE_LESIONADOS,1,4
0,1,0.0933450472216121,0,4,1,-7.733987,-79.300616,0,4,7,0,2,-1,-1,4,6543.555,3.0,5,2,1.0,0.1133318690972984,0.1133318690972984,1475.0,0.5345074857798321,76.79673752589963,27037.03854389721,8931.828000000005,1335.5899999999997,1935.9830000000004,5660.255000000005,1219.309,7712.519000000005,13.651281686122925,1,0,1,42.0,42.0,42.0,1.0,0.0,0.0,0.0,1,0,0.0,1.0,0.0,0.0,0.0,0.0,1.0,0.0,0.0,0.0,0,0,0,0,0,0,0,22,3,2021,2,5,4,0,0,0,2,1,1,0.0,0,0,LEVE,0,1
6,1,0.0182297386338677,0,4,0,-13.57507,-73.46999,4,4,7,0,3,-1,-1,6,6543.555,2.0,-1,-1,1.0,0.4495936745003294,0.4495936745003294,1198.0,0.241310185459975,70.83483413046108,8997.351177730192,8358.971,1282.451,1298.0969999999998,5778.423,1432.683,6926.288,17.139466089785454,1,0,0,42.0,42.0,42.0,1.0,0.0,0.0,0.0,1,0,0.0,0.0,0.0,1.0,0.0,1.0,0.0,0.0,0.0,0.0,1,1,1,1,0,0,0,7,1,2021,2,6,5,1,0,2,2,0,1,0.0,0,1,GRAVE_MORTALIDAD,2,4
3,2,0.0475510652317153,2,4,1,-14.005534,-75.766709,0,4,7,0,2,-1,-1,2,6639.975,2.0,5,2,1.0,0.340764331210191,0.074236766966835,1616.0,0.6053164595604621,78.88848309050202,27932.19700214133,3721.461,698.1859999999996,744.866,2278.409,1102.9029999999996,2618.558,29.636290693359403,2,0,0,34.0,32.0,36.0,1.0,0.0,0.0,1.0,2,0,0.0,1.0,0.0,1.0,0.0,1.0,1.0,0.0,0.0,0.0,0,0,0,0,0,0,0,12,2,2021,2,7,6,1,0,0,2,0,1,0.0,0,0,GRAVE_MORTALIDAD,2,7
6,1,0.0766527564243356,0,4,1,-16.604922514552918,-72.63072251414734,0,4,7,1,2,-1,-1,0,6639.975,2.0,5,2,1.0,0.340764331210191,0.074236766966835,1616.0,0.6438160463426852,84.71218617950387,16526.967880085653,10322.272,1495.236,1749.739,7077.2970000000005,2886.595,7435.677000000001,27.964725207783708,1,0,0,62.0,62.0,62.0,1.0,0.0,0.0,0.0,1,0,0.0,0.0,0.0,1.0,1.0,0.0,0.0,0.0,0.0,0.0,0,0,0,0,0,0,0,13,2,2021,2,7,6,1,0,0,2,0,1,0.0,0,0,LEVE,0,4
6,1,0.0420601801010322,0,4,2,-11.7295272,-75.074987,7,4,0,1,2,1,0,2,6543.555,2.0,-1,-1,1.0,0.4495936745003294,0.4495936745003294,1198.0,0.3741910484279009,72.7880791531772,4486.04710920771,12264.545,1826.4639999999995,1105.5389999999998,9332.542,1588.5359999999996,10676.009,12.952261987705208,1,0,0,32.0,32.0,32.0,1.0,0.0,0.0,1.0,1,0,0.0,1.0,0.0,0.0,0.0,0.0,1.0,0.0,0.0,0.0,1,1,1,1,0,0,0,17,2,2021,2,7,6,1,0,2,1,0,1,0.0,1,0,LEVE,0,4
3,1,0.2105205359103887,2,2,4,-12.025888,-76.98613,0,0,1,0,2,-1,-1,2,6543.555,2.0,-1,-1,1.0,0.4495936745003294,0.4495936745003294,1198.0,0.701053025277506,79.62867561460851,1150285.0494171206,7626.313,1683.4029999999998,1599.0829999999996,4343.827000000001,1814.875,5811.438000000001,23.7975414856432,2,0,0,38.5,35.0,42.0,1.0,1.0,0.0,0.0,2,0,0.0,1.0,0.0,0.0,1.0,1.0,0.0,1.0,1.0,0.0,1,1,1,1,0,0,0,11,1,2021,2,8,0,0,0,0,2,0,1,0.0,0,0,LEVE,0,0
6,1,0.0902701515484296,0,4,0,-12.9186583170426,-72.736736539381,0,4,7,0,7,-1,-1,2,6543.555,2.0,-1,-1,1.0,0.4495936745003294,0.4495936745003294,1198.0,0.5803892132127203,77.20158157453214,30810.06638115632,17779.13499998999,2097.37099999,2863.123,12818.640999999989,2878.713,14900.421999989989,16.19152450331032,1,0,0,35.0,35.0,35.0,1.0,1.0,0.0,0.0,1,0,0.0,0.0,0.0,0.0,0.0,0.0,0.0,1.0,1.0,0.0,1,1,1,1,0,0,0,15,2,2021,2,8,0,0,0,2,2,0,1,0.0,0,1,GRAVE_LESIONADOS,1,4
6,1,0.0182297386338677,0,4,3,-14.323716971911608,-73.24946437688853,2,4,7,0,3,-1,-1,2,6543.555,2.0,-1,-1,1.0,0.4495936745003294,0.4495936745003294,1198.0,0.5076215453766205,68.668087616669,5042.413276231264,8358.971,1282.451,1298.0969999999998,5778.423,1432.683,6926.288,17.139466089785454,1,0,0,38.0,38.0,38.0,1.0,0.0,0.0,0.0,1,0,0.0,1.0,0.0,0.0,0.0,0.0,1.0,0.0,0.0,0.0,1,1,1,1,0,0,0,15,2,2021,2,8,0,0,0,2,2,0,1,0.0,0,1,LEVE,0,6
0,1,0.2105205359103887,2,2,4,-12.029121,-76.99979,0,0,1,0,2,-1,-1,2,6543.555,2.0,-1,-1,1.0,0.4495936745003294,0.4495936745003294,1198.0,0.6970617810314195,81.40501156526744,203379.9271948608,7626.313,1683.4029999999998,1599.0829999999996,4343.827000000001,1814.875,5811.438000000001,23.7975414856432,1,0,1,37.0,37.0,37.0,1.0,0.0,0.0,0.0,1,0,0.0,1.0,0.0,0.0,0.0,0.0,1.0,0.0,1.0,0.0,1,1,1,1,0,0,0,15,2,2021,2,8,0,0,0,0,2,0,1,0.0,0,0,LEVE,0,0
3,2,0.0318471337579617,0,4,1,-9.02562827779985,-77.8208550385728,5,4,0,1,2,1,1,0,9936.932,2.0,5,2,1.0,0.340764331210191,0.1266198111135515,3830.0,0.49842722626264,79.23197418574183,25526.81584582441,10767.648,1885.0630000000003,1222.721,7659.864000000001,2100.343,8667.305000000002,19.506051832303577,2,0,0,32.5,26.0,39.0,1.0,1.0,0.0,1.0,2,0,0.0,0.0,1.0,0.0,1.0,0.0,1.0,0.0,1.0,0.0,0,0,0,0,0,0,0,17,2,2021,2,8,0,0,0,0,2,0,1,0.0,1,0,LEVE,0,20
6,1,0.0182297386338677,0,4,0,-14.20255817645848,-73.13044804455083,0,4,4,1,1,-1,-1,2,6543.555,2.0,-1,-1,1.0,0.4495936745003294,0.4495936745003294,1198.0,0.3539062886233517,63.66408427947245,1009.4432548179872,8358.971,1282.451,1298.0969999999998,5778.423,1432.683,6926.288,17.139466089785454,1,0,0,34.0,34.0,34.0,1.0,0.0,0.0,0.0,1,0,0.0,0.0,0.0,1.0,0.0,1.0,0.0,0.0,0.0,0.0,1,1,1,1,0,0,0,18,3,2021,2,8,0,0,0,2,2,0,1,0.0,0,1,GRAVE_MORTALIDAD,2,6
3,1,0.0062596090489786,0,4,1,-12.6768762957303,-69.3683650006837,6,5,6,-1,6,-1,-1,0,3263.58,2.0,5,2,1.0,0.0080166922907972,0.0080166922907972,566.0,0.6331639735785386,72.20641129524063,88506.68094218415,2090.391,399.431,340.021,1350.9389999999996,493.824,1596.5669999999996,23.62352306338862,2,0,0,29.0,29.0,29.0,1.0,1.0,0.0,0.0,2,0,0.0,1.0,0.0,1.0,1.0,0.0,1.0,1.0,1.0,0.0,0,0,0,0,0,0,0,18,3,2021,2,8,0,0,0,1,2,0,1,0.0,0,0,LEVE,0,21
6,1,0.0182297386338677,0,4,1,-14.223052227128653,-72.15168099959223,2,4,7,0,2,-1,-1,0,1780.161,1.0,-1,1,0.0,0.340764331210191,0.1266198111135515,490.0,0.3520978499707536,75.79113454029141,10252.379014989294,8358.971,1282.451,1298.0969999999998,5778.423,1432.683,6926.288,17.139466089785454,1,0,0,28.0,28.0,28.0,1.0,0.0,0.0,1.0,1,0,0.0,0.0,0.0,1.0,0.0,1.0,0.0,0.0,0.0,0.0,0,0,0,0,0,0,0,8,1,2021,2,9,1,0,0,2,2,0,1,0.0,0,0,LEVE,0,4
0,0,0.2105205359103887,2,4,1,-12.156762275040451,-76.98325306177139,0,3,7,0,2,-1,-1,4,6639.975,2.0,5,2,1.0,0.340764331210191,0.074236766966835,1616.0,0.7289998534947872,80.50926319493618,384728.5117773019,7626.313,1683.4029999999998,1599.0829999999996,4343.827000000001,1814.875,5811.438000000001,23.7975414856432,1,0,1,57.0,57.0,57.0,1.0,0.0,0.0,1.0,1,0,0.0,1.0,0.0,0.0,0.0,0.0,1.0,0.0,0.0,0.0,0,0,0,0,0,0,0,20,3,2021,2,9,1,0,0,0,2,0,1,0.0,0,0,LEVE,0,0
6,1,0.2105205359103887,2,2,4,-12.076163677993936,-77.02763028722859,0,3,7,1,2,-1,-1,2,6543.555,2.0,-1,-1,1.0,0.4495936745003294,0.4495936745003294,1198.0,0.7141594849782824,79.90829932185413,156887.87152034265,7626.313,1683.4029999999998,1599.0829999999996,4343.827000000001,1814.875,5811.438000000001,23.7975414856432,1,0,0,22.0,22.0,22.0,1.0,0.0,0.0,1.0,1,0,0.0,0.0,0.0,1.0,1.0,0.0,0.0,0.0,0.0,0.0,1,1,1,1,0,0,0,21,3,2021,2,9,1,0,0,0,2,0,1,0.0,0,0,LEVE,0,0
3,0,0.2105205359103887,2,2,4,-12.117716928281103,-77.00858920812608,0,0,1,0,2,-1,-1,1,6543.555,2.0,-1,-1,1.0,0.4495936745003294,0.4495936745003294,1198.0,0.8171136689103559,80.21740365444107,88766.19486081369,7626.313,1683.4029999999998,1599.0829999999996,4343.827000000001,1814.875,5811.438000000001,23.7975414856432,2,0,0,31.0,29.0,33.0,1.0,0.0,0.0,1.0,2,0,0.0,0.0,1.0,1.0,1.0,1.0,0.0,0.0,1.0,0.0,1,1,1,1,0,0,0,13,2,2021,2,10,2,0,0,0,2,0,1,0.0,0,0,LEVE,0,0
3,1,0.0933450472216121,0,4,1,-7.834859,-79.157289,0,4,7,0,2,-1,-1,2,6543.555,3.0,5,2,1.0,0.1133318690972984,0.1133318690972984,1475.0,0.5721567587688113,77.67102283812494,15563.077087794432,8931.828000000005,1335.5899999999997,1935.9830000000004,5660.255000000005,1219.309,7712.519000000005,13.651281686122925,2,0,0,40.5,23.0,58.0,1.0,0.0,1.0,1.0,2,0,0.0,1.0,0.0,1.0,0.0,0.0,1.0,0.0,0.0,0.0,0,0,0,0,0,0,0,14,2,2021,2,10,2,0,0,0,2,1,1,0.0,0,0,LEVE,0,1
6,1,0.2105205359103887,2,4,1,-12.290935854275048,-76.86632484197618,0,2,7,0,2,-1,-1,2,6639.975,2.0,5,2,1.0,0.340764331210191,0.074236766966835,1616.0,0.6909236767275176,78.41626133969348,95908.53319057816,7626.313,1683.4029999999998,1599.0829999999996,4343.827000000001,1814.875,5811.438000000001,23.7975414856432,2,0,0,35.5,21.0,50.0,1.0,0.0,0.0,1.0,2,0,0.0,0.0,0.0,1.0,0.0,1.0,0.0,0.0,0.0,1.0,0,0,0,0,0,0,0,15,2,2021,2,10,2,0,0,0,2,0,1,0.0,0,0,LEVE,0,0