CLASE SINIESTRO,CANTIDAD DE VEHICULOS DAÑADOS,DEPARTAMENTO,ZONA,TIPO DE VÍA,RED VIAL,COORDENADAS LATITUD,COORDENADAS  LONGITUD,CONDICIÓN CLIMÁTICA,ZONIFICACIÓN,CARACTERÍSTICAS DE VÍA,PERFIL LONGITUDINAL VÍA,SUPERFICIE DE CALZADA,¿EXISTE SEÑAL VERTICAL?,¿EXISTE SEÑAL HORIZONTAL?,CAUSA FACTOR PRINCIPAL,MTC_RVN_LONGITUD_KM,MTC_RVN_N_CARRILES_MEDIANA,MTC_RVN_SUPERFICIE_DOMINANTE,MTC_RVN_ESTADO_DOMINANTE,MTC_RVN_ES_CONCESIONADA,MTC_RVN_CONCESION_PRINCIPAL,MTC_RVN_CORREDOR_LOGISTICO,MTC_RVN_N_TRAMOS,IDH_2019,IDH_ESP_VIDA_2019,IDH_POBLACION_2019,MTC_DEP_RED_TOTAL_KM,MTC_DEP_NACIONAL_TOTAL_KM,MTC_DEP_DEPARTAMENTAL_TOTAL_KM,MTC_DEP_VECINAL_TOTAL_KM,MTC_DEP_PAV_TOTAL_KM,MTC_DEP_NO_PAV_TOTAL_KM,MTC_DEP_PCT_PAVIMENTADA,PER_N_CONDUCTORES,PER_N_CONDUCTORES_FUGADOS,PER_N_PEATONES,PER_EDAD_COND_PROM,PER_EDAD_COND_MIN,PER_EDAD_COND_MAX,PER_ANY_COND_MASCULINO,PER_ANY_LIC_PROBLEMA,PER_ANY_DOSAJE_POS,PER_ANY_DOSAJE_EVALUADO,VEH_TOTAL,VEH_N_FUGADOS,VEH_ANY_FUGADO,VEH_ANY_CARGA,VEH_ANY_PUBLICO,VEH_ANY_PARTICULAR,VEH_ANY_MOTO,VEH_ANY_AUTO,VEH_ANY_CAMION_BUS,VEH_ANY_SOAT_PROBLEMA,VEH_ANY_CITV_PROBLEMA,VEH_ANY_SEGURO_PROBLEMA,MTC_RVN_LONGITUD_KM_ERA_NULO,MTC_RVN_N_CARRILES_MEDIANA_ERA_NULO,MTC_RVN_ES_CONCESIONADA_ERA_NULO,MTC_RVN_N_TRAMOS_ERA_NULO,PER_EDAD_COND_PROM_ERA_NULO,PER_EDAD_COND_MIN_ERA_NULO,PER_EDAD_COND_MAX_ERA_NULO,HORA_NUM,FRANJA_HORARIA,ANIO,MES,DIA_MES,DIA_SEMANA,ES_FIN_SEMANA,ES_QUINCENA,REGION_NATURAL,NIVEL_SEÑALIZACION_ORD,ES_VIA_MULTICARRIL,ES_DEPTO_BAJO_PAVIMENTO,RATIO_CONDUCTORES_FUGADOS,ES_CURVA_Y_PENDIENTE,ES_VIA_NO_PAVIMENTADA,CATEGORIA_SEVERIDAD,CATEGORIA_SEVERIDAD_ENC,CLUSTER
0,1,0.2105205359103887,2,2,4,-12.081299174313552,-76.99488312005998,0,3,7,0,2,-1,-1,4,6543.555,2.0,-1,-1,1.0,0.4495936745003294,0.4495936745003294,1198.0,0.7932581306844921,81.51631118964869,53672.69593147752,7626.313,1683.4029999999998,1599.0829999999996,4343.827000000001,1814.875,5811.438000000001,23.7975414856432,1,0,1,26.0,26.0,26.0,1.0,0.0,0.0,1.0,1,0,0.0,0.0,0.0,1.0,0.0,0.0,0.0,0.0,0.0,1.0,1,1,1,1,0,0,0,16,2,2021,2,10,2,0,0,0,2,0,1,0.0,0,0,LEVE,0,0
5,1,0.0293213265978475,0,4,1,-7.191479494207583,-76.73389059871813,7,4,2,0,1,-1,-1,0,7758.33400008,2.0,5,2,1.0,0.340764331210191,0.0464528882055787,2133.0,0.5392547770527324,71.22933684312659,24446.57815845824,5645.136,815.0759999999999,965.298,3864.762,1013.406,4631.73,17.95184385283189,2,1,0,58.0,58.0,58.0,1.0,0.0,0.0,1.0,2,1,1.0,0.0,0.0,0.0,1.0,0.0,1.0,0.0,1.0,1.0,0,0,0,0,0,0,0,19,3,2021,2,10,2,0,0,1,2,0,1,0.5,0,1,LEVE,0,12
3,2,0.0933450472216121,0,2,4,-7.81973,-78.028613,0,4,7,0,1,-1,-1,0,6543.555,2.0,-1,-1,1.0,0.4495936745003294,0.4495936745003294,1198.0,0.3986882084754764,72.97869269132666,69564.29978586723,8931.828000000005,1335.5899999999997,1935.9830000000004,5660.255000000005,1219.309,7712.519000000005,13.651281686122925,2,0,0,41.5,23.0,60.0,1.0,1.0,0.0,0.0,2,0,0.0,0.0,1.0,1.0,1.0,1.0,0.0,1.0,1.0,0.0,1,1,1,1,0,0,0,20,3,2021,2,10,2,0,0,0,2,0,1,0.0,0,1,LEVE,0,1
6,1,0.0902701515484296,0,4,0,-13.974894,-71.962837,5,4,0,0,1,-1,-1,2,6543.555,2.0,-1,-1,1.0,0.4495936745003294,0.4495936745003294,1198.0,0.2529718795051618,68.51765103786276,3880.492505353319,17779.13499998999,2097.37099999,2863.123,12818.640999999989,2878.713,14900.421999989989,16.19152450331032,1,0,0,54.0,54.0,54.0,0.0,0.0,0.0,1.0,1,0,0.0,0.0,0.0,1.0,0.0,1.0,0.0,0.0,0.0,0.0,1,1,1,1,0,0,0,23,3,2021,2,10,2,0,0,2,2,0,1,0.0,0,1,LEVE,0,4
3,2,0.0131781243136393,0,4,2,-9.978324,-76.272743,0,4,5,1,1,-1,-1,2,6543.555,2.0,-1,-1,1.0,0.4495936745003294,0.4495936745003294,1198.0,0.3792564187802505,75.2054728853778,5328.623126338329,8209.057,1333.4779999999996,791.9770000000001,6083.602,1059.8589999999997,7149.198,12.910849565303296,2,0,0,40.0,39.0,41.0,1.0,0.0,0.0,1.0,2,0,0.0,0.0,1.0,1.0,1.0,0.0,0.0,0.0,1.0,1.0,1,1,1,1,0,0,0,12,2,2021,2,11,3,0,0,2,2,0,1,0.0,1,1,LEVE,0,4
6,1,0.0182297386338677,0,4,2,-14.027349884168968,-72.60715432872891,0,4,0,1,7,-1,-1,0,6543.555,2.0,-1,-1,1.0,0.4495936745003294,0.4495936745003294,1198.0,0.1839968578731584,63.055450885140985,1986.5567451820127,8358.971,1282.451,1298.0969999999998,5778.423,1432.683,6926.288,17.139466089785454,1,0,0,34.0,34.0,34.0,1.0,0.0,0.0,0.0,1,0,0.0,0.0,0.0,1.0,0.0,1.0,0.0,0.0,0.0,0.0,1,1,1,1,0,0,0,15,2,2021,2,11,3,0,0,2,2,0,1,0.0,1,1,LEVE,0,4
3,2,0.0766527564243356,2,7,4,-16.323438,-71.594112,0,3,1,0,2,1,1,2,6543.555,2.0,-1,-1,1.0,0.4495936745003294,0.4495936745003294,1198.0,0.6411767862503931,77.2408324916572,193412.3169164882,10322.272,1495.236,1749.739,7077.2970000000005,2886.595,7435.677000000001,27.964725207783708,2,0,0,34.5,17.0,52.0,1.0,1.0,0.0,1.0,2,0,0.0,0.0,1.0,1.0,1.0,0.0,1.0,0.0,0.0,0.0,1,1,1,1,0,0,0,17,2,2021,2,11,3,0,0,0,2,0,1,0.0,0,0,LEVE,0,4
3,2,0.0597408302218317,2,4,1,-6.0414394,-79.1254947,0,2,0,1,2,1,0,0,9936.932,2.0,5,2,1.0,0.340764331210191,0.1266198111135515,3830.0,0.5089064260692896,75.49593859459377,6985.957173447538,15935.565011852366,1733.9250000199986,935.692,13265.948011832368,2000.1670000199988,13935.398011832369,12.551591352627522,2,0,0,33.5,20.0,47.0,1.0,1.0,0.0,1.0,2,0,0.0,0.0,1.0,1.0,1.0,0.0,1.0,0.0,1.0,0.0,0,0,0,0,0,0,0,22,3,2021,2,11,3,0,0,2,1,0,1,0.0,1,0,LEVE,0,1
10,1,0.0902701515484296,0,4,0,-13.6828285595271,-72.0160588098124,2,4,7,0,1,-1,-1,6,6543.555,2.0,-1,-1,1.0,0.4495936745003294,0.4495936745003294,1198.0,0.1493166157235738,65.02362306289024,4993.312633832977,17779.13499998999,2097.37099999,2863.123,12818.640999999989,2878.713,14900.421999989989,16.19152450331032,1,0,0,52.0,52.0,52.0,1.0,0.0,0.0,0.0,1,0,0.0,1.0,0.0,0.0,0.0,0.0,1.0,1.0,1.0,0.0,1,1,1,1,0,0,0,2,0,2021,2,12,4,0,0,2,2,0,1,0.0,0,1,GRAVE_LESIONADOS,1,4
0,0,0.2105205359103887,2,4,1,-11.954708647868603,-77.08510190248491,0,0,1,0,2,-1,-1,0,28.915,-1.0,0,0,0.0,0.340764331210191,0.1266198111135515,10.0,0.7419979630670723,80.31822295927182,739416.2413542903,7626.313,1683.4029999999998,1599.0829999999996,4343.827000000001,1814.875,5811.438000000001,23.7975414856432,1,0,1,55.0,55.0,55.0,1.0,0.0,0.0,1.0,1,0,0.0,0.0,0.0,1.0,0.0,1.0,0.0,0.0,0.0,0.0,0,0,0,0,0,0,0,7,1,2021,2,12,4,0,0,0,2,0,1,0.0,0,0,LEVE,0,0
3,2,0.0766527564243356,0,4,2,-17.1583427,-71.7933493,0,4,2,1,2,1,1,2,6543.555,2.0,-1,-1,1.0,0.4495936745003294,0.4495936745003294,1198.0,0.6064020802559494,77.82737834960788,6370.241970021414,10322.272,1495.236,1749.739,7077.2970000000005,2886.595,7435.677000000001,27.964725207783708,2,0,0,32.0,29.0,35.0,1.0,1.0,1.0,1.0,2,0,0.0,0.0,0.0,1.0,1.0,0.0,1.0,0.0,0.0,0.0,1,1,1,1,0,0,0,11,1,2021,2,12,4,0,0,0,2,0,1,0.0,0,0,LEVE,0,4
3,1,0.0153744783659125,2,2,4,-12.055772845365071,-77.12188849777318,0,3,7,0,2,-1,-1,6,6543.555,2.0,-1,-1,1.0,0.4495936745003294,0.4495936745003294,1198.0,0.5563774842369664,77.00938809632027,27932.19700214133,51.58600000000001,44.68700000000001,6.899000000000001,0.0,49.838000000000015,1.748,96.61148373589734,2,0,0,48.5,47.0,50.0,1.0,1.0,0.0,0.0,2,0,0.0,0.0,1.0,1.0,0.0,0.0,1.0,1.0,1.0,1.0,1,1,1,1,0,0,0,11,1,2021,2,12,4,0,0,2,2,0,0,0.0,0,0,LEVE,0,0
0,0,0.0902701515484296,2,4,0,-13.40901,-71.83107314,0,3,7,0,2,-1,-1,6,6543.555,2.0,-1,-1,1.0,0.4495936745003294,0.4495936745003294,1198.0,0.4168644219609223,76.74940152408504,10179.415417558886,17779.13499998999,2097.37099999,2863.123,12818.640999999989,2878.713,14900.421999989989,16.19152450331032,1,0,1,34.0,34.0,34.0,1.0,0.0,0.0,1.0,1,0,0.0,0.0,1.0,0.0,0.0,0.0,1.0,0.0,0.0,0.0,1,1,1,1,0,0,0,13,2,2021,2,12,4,0,0,2,2,0,1,0.0,0,0,LEVE,0,4
3,2,0.0351416648363716,0,4,0,-6.7453118,-79.8012296,0,4,7,0,2,1,1,2,6543.555,2.0,-1,-1,1.0,0.4495936745003294,0.4495936745003294,1198.0,0.5415697888341857,80.94178299597955,183060.58029978588,3459.691,515.0619999999999,689.7280000000001,2254.901,703.3549999999999,2756.336,20.329994788551925,2,0,0,50.0,37.0,63.0,1.0,1.0,0.0,1.0,2,0,0.0,1.0,0.0,1.0,1.0,0.0,1.0,0.0,1.0,0.0,1,1,1,1,0,0,0,20,3,2021,2,12,4,0,0,0,2,0,1,0.0,0,0,LEVE,0,1
0,0,0.2105205359103887,2,4,1,-12.030233594117089,-76.99354463022675,0,3,1,0,2,-1,-1,2,6543.555,3.0,5,2,1.0,0.1133318690972984,0.1133318690972984,1475.0,0.6970617810314195,81.40501156526744,203379.9271948608,7626.313,1683.4029999999998,1599.0829999999996,4343.827000000001,1814.875,5811.438000000001,23.7975414856432,1,0,1,70.0,70.0,70.0,1.0,0.0,0.0,1.0,1,0,0.0,1.0,0.0,0.0,0.0,0.0,1.0,0.0,0.0,0.0,0,0,0,0,0,0,0,8,1,2021,2,13,5,1,0,0,2,1,1,0.0,0,0,LEVE,0,0
6,1,0.0318471337579617,0,4,2,-8.691887465999999,-77.36824103548135,5,4,5,1,7,-1,-1,2,6543.555,2.0,-1,-1,1.0,0.4495936745003294,0.4495936745003294,1198.0,0.1863150862968927,73.48837915729621,2178.58886509636,10767.648,1885.0630000000003,1222.721,7659.864000000001,2100.343,8667.305000000002,19.506051832303577,1,0,0,42.0,42.0,42.0,1.0,1.0,0.0,1.0,1,0,0.0,1.0,0.0,0.0,0.0,0.0,0.0,0.0,1.0,0.0,1,1,1,1,0,0,0,10,1,2021,2,13,5,1,0,0,2,0,1,0.0,1,1,LEVE,0,1
3,1,0.2105205359103887,2,2,4,-12.199057991412102,-76.94201409816743,0,3,1,0,2,-1,-1,2,6543.555,2.0,-1,-1,1.0,0.4495936745003294,0.4495936745003294,1198.0,0.6990481232857558,80.14597904142546,459161.0728051392,7626.313,1683.4029999999998,1599.0829999999996,4343.827000000001,1814.875,5811.438000000001,23.7975414856432,2,0,0,24.0,23.0,25.0,1.0,0.0,0.0,1.0,2,0,0.0,0.0,1.0,1.0,1.0,1.0,0.0,1.0,1.0,1.0,1,1,1,1,0,0,0,17,2,2021,2,13,5,1,0,0,2,0,1,0.0,0,0,LEVE,0,0
0,1,0.0821436415550186,0,4,1,-16.21621,-69.45559,0,4,7,0,2,-1,-1,4,7586.903,2.0,5,2,1.0,0.340764331210191,0.067428069404788,1198.0,0.4138545322335047,72.42365757071663,19964.802997858675,13642.312999999998,2020.7790000000005,2354.117,9267.416999999998,3314.0520000000006,10328.260999999997,24.29244952817019,1,0,2,40.0,40.0,40.0,1.0,0.0,0.0,0.0,1,0,0.0,0.0,0.0,1.0,0.0,0.0,1.0,0.0,0.0,0.0,0,0,0,0,0,0,0,18,3,2021,2,13,5,1,0,2,2,0,1,0.0,0,0,LEVE,0,4
10,0,0.2105205359103887,2,3,4,-12.116940683422827,-77.03471392393112,0,3,1,0,2,-1,-1,2,6543.555,2.0,-1,-1,1.0,0.4495936745003294,0.4495936745003294,1198.0,0.8326399351216524,80.31446032722859,87898.66595289079,7626.313,1683.4029999999998,1599.0829999999996,4343.827000000001,1814.875,5811.438000000001,23.7975414856432,1,0,0,29.0,29.0,29.0,1.0,0.0,0.0,0.0,1,0,0.0,0.0,0.0,1.0,1.0,0.0,0.0,0.0,0.0,0.0,1,1,1,1,0,0,0,18,3,2021,2,13,5,1,0,0,2,0,1,0.0,0,0,LEVE,0,0
3,0,0.0293213265978475,0,4,1,-6.91336178149583,-76.3323315713814,0,4,7,0,2,-1,-1,2,7758.33400008,2.0,5,2,1.0,0.340764331210191,0.0464528882055787,2133.0,0.5348373114087734,74.72209379840524,8873.344753747322,5645.136,815.0759999999999,965.298,3864.762,1013.406,4631.73,17.95184385283189,2,0,0,42.5,31.0,54.0,1.0,1.0,0.0,0.0,2,0,0.0,0.0,0.0,1.0,1.0,0.0,0.0,0.0,1.0,0.0,0,0,0,0,0,0,0,19,3,2021,2,13,5,1,0,1,2,0,1,0.0,0,0,LEVE,0,17
0,1,0.0933450472216121,0,4,1,-8.012936,-79.071356,0,4,7,0,1,-1,-1,2,6543.555,3.0,5,2,1.0,0.1133318690972984,0.1133318690972984,1475.0,0.583006771156836,78.2441938961209,76607.295503212,8931.828000000005,1335.5899999999997,1935.9830000000004,5660.255000000005,1219.309,7712.519000000005,13.651281686122925,1,0,1,30.0,30.0,30.0,1.0,0.0,0.0,0.0,1,0,0.0,0.0,1.0,0.0,0.0,0.0,1.0,0.0,0.0,0.0,0,0,0,0,0,0,0,20,3,2021,2,13,5,1,0,0,2,1,1,0.0,0,1,LEVE,0,1
1,0,0.2105205359103887,2,2,4,-11.861366118567192,-77.05357243780493,0,2,1,0,2,0,0,4,6543.555,2.0,-1,-1,1.0,0.4495936745003294,0.4495936745003294,1198.0,0.6498693508177541,78.84967382596041,356854.23554603854,7626.313,1683.4029999999998,1599.0829999999996,4343.827000000001,1814.875,5811.438000000001,23.7975414856432,1,0,1,30.0,30.0,30.0,1.0,0.0,0.0,1.0,1,0,0.0,0.0,1.0,0.0,0.0,0.0,1.0,0.0,0.0,0.0,1,1,1,1,0,0,0,20,3,2021,2,13,5,1,0,0,0,0,1,0.0,0,0,LEVE,0,0
3,2,0.0497474192839885,2,7,4,-5.1824885,-80.6313471,0,3,1,0,2,1,0,2,6543.555,2.0,-1,-1,1.0,0.4495936745003294,0.4495936745003294,1198.0,0.6582040223794163,78.74105515718446,178905.3426124197,8965.846000060003,1782.4120000599992,636.9959999999999,6546.438000000004,2214.505000059999,6751.341000000004,24.699342371541725,2,0,0,34.0,26.0,42.0,1.0,1.0,1.0,1.0,2,0,0.0,0.0,0.0,1.0,1.0,0.0,1.0,0.0,0.0,0.0,1,1,1,1,0,0,0,6,1,2021,2,14,6,1,0,0,1,0,1,0.0,0,0,LEVE,0,3
6,1,0.0182297386338677,0,4,2,-13.405828,-73.604734,0,4,0,1,7,-1,-1,2,6543.555,2.0,-1,-1,1.0,0.4495936745003294,0.4495936745003294,1198.0,0.3586591509124671,68.04663803489149,5867.83511777302,8358.971,1282.451,1298.0969999999998,5778.423,1432.683,6926.288,17.139466089785454,1,0,0,24.0,24.0,24.0,1.0,0.0,0.0,0.0,1,0,0.0,1.0,0.0,0.0,0.0,0.0,1.0,0.0,0.0,0.0,1,1,1,1,0,0,0,20,3,2021,2,14,6,1,0,2,2,0,1,0.0,1,1,LEVE,0,4
10,1,0.0497474192839885,0,4,1,-4.844994929619984,-80.88665301972264,0,4,0,0,2,-1,-1,0,6543.555,3.0,5,2,1.0,0.1133318690972984,0.1133318690972984,1475.0,0.5025299574090488,79.01836286278046,21809.66595289079,8965.846000060003,1782.4120000599992,636.9959999999999,6546.438000000004,2214.505000059999,6751.341000000004,24.699342371541725,1,0,0,64.0,64.0,64.0,1.0,1.0,0.0,1.0,1,0,0.0,0.0,0.0,1.0,1.0,0.0,0.0,0.0,0.0,0.0,0,0,0,0,0,0,0,21,3,2021,2,14,6,1,0,0,2,1,1,0.0,0,0,LEVE,0,3
7,2,0.0597408302218317,0,4,1,-7.19824358,-78.95239371,7,4,0,1,2,1,1,2,887.28,2.0,5,2,1.0,0.0133977597188666,0.0065890621568196,155.0,0.4095613714220312,69.95619674953491,3213.601713062099,15935.565011852366,1733.9250000199986,935.692,13265.948011832368,2000.1670000199988,13935.398011832369,12.551591352627522,2,0,0,41.0,34.0,48.0,1.0,0.0,0.0,0.0,3,0,0.0,1.0,0.0,1.0,0.0,1.0,1.0,0.0,1.0,0.0,0,0,0,0,0,0,0,7,1,2021,2,15,0,0,1,2,2,0,1,0.0,1,0,GRAVE_MORTALIDAD,2,1
6,1,0.0933450472216121,0,4,3,-8.459044,-77.300349,0,4,7,0,1,-1,-1,0,6543.555,2.0,-1,-1,1.0,0.4495936745003294,0.4495936745003294,1198.0,0.2315675747978999,79.97397266360144,6013.9743040685225,8931.828000000005,1335.5899999999997,1935.9830000000004,5660.255000000005,1219.309,7712.519000000005,13.651281686122925,1,0,0,25.0,25.0,25.0,1.0,1.0,0.0,0.0,1,0,0.0,0.0,0.0,1.0,1.0,0.0,0.0,1.0,0.0,0.0,1,1,1,1,0,0,0,8,1,2021,2,15,0,0,1,0,2,0,1,0.0,0,1,LEVE,0,22
2,0,0.0059301559411377,2,4,0,-5.750702122519955,-78.42147209445628,7,4,0,1,2,-1,-1,0,6543.555,2.0,-1,-1,1.0,0.4495936745003294,0.4495936745003294,1198.0,0.451709642936526,71.53289088984752,24816.633832976444,3903.732,1155.121,585.018,2163.5930000000003,943.591,2960.1410000000005,24.17151074920102,1,0,0,61.0,61.0,61.0,1.0,1.0,0.0,0.0,1,0,0.0,0.0,0.0,1.0,0.0,0.0,1.0,0.0,0.0,0.0,1,1,1,1,0,0,0,15,2,2021,2,15,0,0,1,1,2,0,1,0.0,1,0,LEVE,0,1
3,2,0.0821436415550186,0,4,1,-15.2968047,-69.9693645,0,4,7,0,2,1,1,2,1762.84,2.0,-1,2,0.0,0.340764331210191,0.1266198111135515,485.0,0.3120136684565522,74.56643070176949,12390.518201284798,13642.312999999998,2020.7790000000005,2354.117,9267.416999999998,3314.0520000000006,10328.260999999997,24.29244952817019,2,0,0,40.5,33.0,48.0,1.0,0.0,0.0,0.0,2,0,0.0,0.0,0.0,1.0,0.0,1.0,1.0,0.0,1.0,0.0,0,0,0,0,0,0,0,4,0,2021,2,16,1,0,1,2,2,0,1,0.0,0,0,GRAVE_MORTALIDAD,2,4
3,0,0.2105205359103887,2,2,4,-12.07343065154641,-77.0361972507521,0,3,1,0,2,-1,-1,2,6543.555,2.0,-1,-1,1.0,0.4495936745003294,0.4495936745003294,1198.0,0.7646845961658533,80.23682119426338,250806.0877944326,7626.313,1683.4029999999998,1599.0829999999996,4343.827000000001,1814.875,5811.438000000001,23.7975414856432,2,0,0,42.0,35.0,49.0,1.0,0.0,0.0,1.0,2,0,0.0,0.0,0.0,1.0,0.0,1.0,0.0,0.0,0.0,1.0,1,1,1,1,0,0,0,8,1,2021,2,16,1,0,1,0,2,0,1,0.0,0,0,LEVE,0,0
6,1,0.0193279156600043,0,4,0,-12.769323,-74.734499,0,4,5,0,7,-1,-1,0,6543.555,2.0,-1,-1,1.0,0.4495936745003294,0.4495936745003294,1198.0,0.307095146119662,76.81714663053356,29603.12847965739,8511.426,1445.3929999999996,2008.516,5057.516999999999,1879.579,6631.846999999998,22.08300935706896,1,0,0,28.0,28.0,28.0,1.0,0.0,0.0,1.0,1,0,0.0,0.0,0.0,1.0,0.0,1.0,0.0,0.0,0.0,0.0,1,1,1,1,0,0,0,9,1,2021,2,16,1,0,1,2,2,0,1,0.0,0,1,LEVE,0,4
0,1,0.0420601801010322,2,4,1,-12.1572836,-75.2356973,0,3,0,0,2,-1,-1,0,81.31,2.0,5,2,0.0,0.340764331210191,0.1266198111135515,35.0,0.4322371864064515,73.89410123183234,2366.9871520342613,12264.545,1826.4639999999995,1105.5389999999998,9332.542,1588.5359999999996,10676.009,12.952261987705208,1,0,1,21.0,21.0,21.0,1.0,1.0,1.0,1.0,1,0,0.0,1.0,0.0,0.0,0.0,0.0,1.0,0.0,0.0,0.0,0,0,0,0,0,0,0,14,2,2021,2,16,1,0,1,2,2,0,1,0.0,0,0,LEVE,0,4
3,2,0.0420601801010322,0,4,1,-11.708441,-75.55653763,7,4,7,0,2,1,0,0,311.82,2.0,5,2,0.0,0.340764331210191,0.1266198111135515,74.0,0.4846609581848212,71.70970037684953,5696.379014989293,12264.545,1826.4639999999995,1105.5389999999998,9332.542,1588.5359999999996,10676.009,12.952261987705208,2,0,0,52.0,52.0,52.0,1.0,1.0,0.0,1.0,2,0,0.0,0.0,0.0,1.0,1.0,0.0,1.0,0.0,1.0,0.0,0,0,0,0,0,0,0,15,2,2021,2,16,1,0,1,2,1,0,1,0.0,0,0,LEVE,0,4
7,3,0.0059301559411377,0,4,0,-5.633006,-78.555329,7,4,7,0,2,-1,-1,0,6543.555,2.0,-1,-1,1.0,0.4495936745003294,0.4495936745003294,1198.0,0.5840630337731323,73.02563696239686,26946.78823529412,3903.732,1155.121,585.018,2163.5930000000003,943.591,2960.1410000000005,24.17151074920102,3,0,0,39.0,29.0,49.0,1.0,1.0,0.0,0.0,3,0,0.0,1.0,0.0,1.0,1.0,0.0,1.0,1.0,1.0,0.0,1,1,1,1,0,0,0,16,2,2021,2,16,1,0,1,1,2,0,1,0.0,0,0,LEVE,0,1
6,1,0.0351416648363716,0,4,1,-5.960593,-79.672984,0,4,7,0,2,-1,-1,0,305.38500000000005,2.0,5,2,1.0,0.0160333845815945,0.0464528882055787,50.0,0.4703091457296942,74.91176543888524,44335.321199143465,3459.691,515.0619999999999,689.7280000000001,2254.901,703.3549999999999,2756.336,20.329994788551925,1,0,0,48.0,48.0,48.0,1.0,0.0,0.0,0.0,1,0,0.0,0.0,0.0,1.0,0.0,1.0,0.0,0.0,1.0,0.0,0,0,0,0,0,0,0,17,2,2021,2,16,1,0,1,0,2,0,1,0.0,0,0,LEVE,0,1
3,1,0.2105205359103887,2,2,4,-12.08513,-77.04855,0,3,7,0,2,-1,-1,2,6543.555,2.0,-1,-1,1.0,0.4495936745003294,0.4495936745003294,1198.0,0.8424277365452573,80.46794153446162,46298.76017130622,7626.313,1683.4029999999998,1599.0829999999996,4343.827000000001,1814.875,5811.438000000001,23.7975414856432,2,0,0,43.5,38.0,49.0,1.0,0.0,0.0,1.0,2,0,0.0,0.0,1.0,1.0,0.0,0.0,1.0,1.0,1.0,1.0,1,1,1,1,0,0,0,18,3,2021,2,16,1,0,1,0,2,0,1,0.0,0,0,LEVE,0,0
3,2,0.0475510652317153,0,4,1,-14.97386555992674,-74.98803833433065,0,4,0,0,2,1,0,2,6639.975,2.0,5,2,1.0,0.340764331210191,0.074236766966835,1616.0,0.5563774842369664,77.00938809632027,27932.19700214133,3721.461,698.1859999999996,744.866,2278.409,1102.9029999999996,2618.558,29.636290693359403,2,0,0,45.0,27.0,63.0,1.0,1.0,0.0,1.0,2,0,0.0,0.0,0.0,1.0,0.0,1.0,0.0,1.0,1.0,0.0,0,0,0,0,0,0,0,6,1,2021,2,17,2,0,1,0,1,0,1,0.0,0,0,GRAVE_LESIONADOS,1,8
5,2,0.0351416648363716,0,4,0,-6.732341,-79.785366,0,4,0,0,2,-1,-1,0,6543.555,2.0,-1,-1,1.0,0.4495936745003294,0.4495936745003294,1198.0,0.4538626297202813,80.94520104092902,10878.907922912204,3459.691,515.0619999999999,689.7280000000001,2254.901,703.3549999999999,2756.336,20.329994788551925,2,0,0,52.0,39.0,65.0,1.0,1.0,0.0,0.0,2,0,0.0,0.0,0.0,1.0,1.0,0.0,0.0,0.0,1.0,0.0,1,1,1,1,0,0,0,7,1,2021,2,17,2,0,1,0,2,0,1,0.0,0,0,LEVE,0,1
3,1,0.0072479683725016,2,2,4,-3.7657412959985743,-73.26442118723445,7,1,7,0,2,-1,-1,0,6543.555,2.0,-1,-1,1.0,0.4495936745003294,0.4495936745003294,1198.0,0.529795353544325,72.41445562653223,73191.91006423984,1095.5949999999998,128.87099999999998,320.74700000000007,645.9769999999999,274.214,821.381,25.02877431897737,4,1,0,29.0,14.0,40.0,1.0,1.0,0.0,1.0,5,1,1.0,1.0,1.0,1.0,1.0,0.0,1.0,0.0,1.0,0.0,1,1,1,1,0,0,0,9,1,2021,2,17,2,0,1,1,2,0,1,0.25,0,0,LEVE,0,23
0,0,0.2105205359103887,2,2,4,-12.026901980340384,-77.04017210949648,0,3,1,0,2,-1,-1,4,6543.555,2.0,-1,-1,1.0,0.4495936745003294,0.4495936745003294,1198.0,0.7300036506368504,80.21724456394445,156759.78800856532,7626.313,1683.4029999999998,1599.0829999999996,4343.827000000001,1814.875,5811.438000000001,23.7975414856432,1,0,1,37.0,37.0,37.0,1.0,0.0,0.0,1.0,1,0,0.0,1.0,0.0,0.0,0.0,0.0,1.0,1.0,0.0,0.0,1,1,1,1,0,0,0,11,1,2021,2,17,2,0,1,0,2,0,1,0.0,0,0,LEVE,0,0
0,0,0.0497474192839885,0,4,2,-4.957413,-80.64223,0,4,7,0,1,-1,-1,0,6543.555,2.0,-1,-1,1.0,0.4495936745003294,0.4495936745003294,1198.0,0.5657000696312142,79.93504063107561,181599.8115631692,8965.846000060003,1782.4120000599992,636.9959999999999,6546.438000000004,2214.505000059999,6751.341000000004,24.699342371541725,2,0,1,40.0,40.0,40.0,1.0,0.0,0.0,0.0,2,0,0.0,1.0,0.0,0.0,0.0,0.0,1.0,0.0,0.0,0.0,1,1,1,1,0,0,0,13,2,2021,2,17,2,0,1,0,2,0,1,0.0,0,1,LEVE,0,3