CLASE SINIESTRO,CANTIDAD DE VEHICULOS DAÑADOS,DEPARTAMENTO,ZONA,TIPO DE VÍA,RED VIAL,COORDENADAS LATITUD,COORDENADAS  LONGITUD,CONDICIÓN CLIMÁTICA,ZONIFICACIÓN,CARACTERÍSTICAS DE VÍA,PERFIL LONGITUDINAL VÍA,SUPERFICIE DE CALZADA,¿EXISTE SEÑAL VERTICAL?,¿EXISTE SEÑAL HORIZONTAL?,CAUSA FACTOR PRINCIPAL,MTC_RVN_LONGITUD_KM,MTC_RVN_N_CARRILES_MEDIANA,MTC_RVN_SUPERFICIE_DOMINANTE,MTC_RVN_ESTADO_DOMINANTE,MTC_RVN_ES_CONCESIONADA,MTC_RVN_CONCESION_PRINCIPAL,MTC_RVN_CORREDOR_LOGISTICO,MTC_RVN_N_TRAMOS,IDH_2019,IDH_ESP_VIDA_2019,IDH_POBLACION_2019,MTC_DEP_RED_TOTAL_KM,MTC_DEP_NACIONAL_TOTAL_KM,MTC_DEP_DEPARTAMENTAL_TOTAL_KM,MTC_DEP_VECINAL_TOTAL_KM,MTC_DEP_PAV_TOTAL_KM,MTC_DEP_NO_PAV_TOTAL_KM,MTC_DEP_PCT_PAVIMENTADA,PER_N_CONDUCTORES,PER_N_CONDUCTORES_FUGADOS,PER_N_PEATONES,PER_EDAD_COND_PROM,PER_EDAD_COND_MIN,PER_EDAD_COND_MAX,PER_ANY_COND_MASCULINO,PER_ANY_LIC_PROBLEMA,PER_ANY_DOSAJE_POS,PER_ANY_DOSAJE_EVALUADO,VEH_TOTAL,VEH_N_FUGADOS,VEH_ANY_FUGADO,VEH_ANY_CARGA,VEH_ANY_PUBLICO,VEH_ANY_PARTICULAR,VEH_ANY_MOTO,VEH_ANY_AUTO,VEH_ANY_CAMION_BUS,VEH_ANY_SOAT_PROBLEMA,VEH_ANY_CITV_PROBLEMA,VEH_ANY_SEGURO_PROBLEMA,MTC_RVN_LONGITUD_KM_ERA_NULO,MTC_RVN_N_CARRILES_MEDIANA_ERA_NULO,MTC_RVN_ES_CONCESIONADA_ERA_NULO,MTC_RVN_N_TRAMOS_ERA_NULO,PER_EDAD_COND_PROM_ERA_NULO,PER_EDAD_COND_MIN_ERA_NULO,PER_EDAD_COND_MAX_ERA_NULO,HORA_NUM,FRANJA_HORARIA,ANIO,MES,DIA_MES,DIA_SEMANA,ES_FIN_SEMANA,ES_QUINCENA,REGION_NATURAL,NIVEL_SEÑALIZACION_ORD,ES_VIA_MULTICARRIL,ES_DEPTO_BAJO_PAVIMENTO,RATIO_CONDUCTORES_FUGADOS,ES_CURVA_Y_PENDIENTE,ES_VIA_NO_PAVIMENTADA,CATEGORIA_SEVERIDAD,CATEGORIA_SEVERIDAD_ENC,CLUSTER
1,0,0.0497474192839885,0,4,1,-5.1798425,-80.5700802,0,4,7,0,2,-1,-1,0,1305.18,2.0,5,2,1.0,0.0160333845815945,0.0464528882055787,163.0,0.6220812987247925,80.20155828147696,159840.92719486082,8965.846000060003,1782.4120000599992,636.9959999999999,6546.438000000004,2214.505000059999,6751.341000000004,24.699342371541725,1,1,3,37.0,33.0,40.0,0.0,0.0,0.0,0.0,1,1,1.0,1.0,0.0,0.0,0.0,0.0,0.0,1.0,0.0,0.0,0,0,0,0,1,1,1,17,2,2021,2,17,2,0,1,0,2,0,1,1.0,0,0,LEVE,0,3
0,1,0.0475510652317153,2,2,4,-14.055739,-75.728511,0,3,7,0,2,-1,-1,4,6543.555,2.0,-1,-1,1.0,0.4495936745003294,0.4495936745003294,1198.0,0.6637216310803388,79.6446050662278,142450.24411134905,3721.461,698.1859999999996,744.866,2278.409,1102.9029999999996,2618.558,29.636290693359403,1,0,1,35.0,35.0,35.0,1.0,0.0,0.0,1.0,1,0,0.0,0.0,0.0,1.0,0.0,1.0,0.0,1.0,0.0,0.0,1,1,1,1,0,0,0,19,3,2021,2,17,2,0,1,0,2,0,1,0.0,0,0,LEVE,0,7
0,1,0.0597408302218317,2,6,4,-7.13840293,-78.52786045,0,2,7,1,1,-1,-1,6,6543.555,2.0,-1,-1,1.0,0.4495936745003294,0.4495936745003294,1198.0,0.6070175276741574,73.19224654097276,257380.9443254818,15935.565011852366,1733.9250000199986,935.692,13265.948011832368,2000.1670000199988,13935.398011832369,12.551591352627522,1,0,1,29.0,29.0,29.0,1.0,0.0,0.0,0.0,1,0,0.0,0.0,1.0,0.0,0.0,1.0,0.0,0.0,1.0,0.0,1,1,1,1,0,0,0,19,3,2021,2,17,2,0,1,2,2,0,1,0.0,0,1,LEVE,0,1
1,0,0.0351416648363716,0,4,1,-6.833033,-79.926935,0,3,7,0,2,-1,-1,2,51.385000000000005,4.0,5,1,0.0,0.340764331210191,0.1266198111135515,30.0,0.582874900209372,79.91553229957624,50544.90364025696,3459.691,515.0619999999999,689.7280000000001,2254.901,703.3549999999999,2756.336,20.329994788551925,1,1,1,37.0,33.0,40.0,0.0,0.0,0.0,0.0,1,1,1.0,0.0,0.0,0.0,0.0,0.0,0.0,0.0,0.0,1.0,0,0,0,0,1,1,1,23,3,2021,2,17,2,0,1,0,2,1,1,1.0,0,0,LEVE,0,1
6,1,0.0475510652317153,2,4,1,-13.923069,-75.993168,0,4,7,0,2,-1,-1,2,6639.975,2.0,5,2,1.0,0.340764331210191,0.074236766966835,1616.0,0.6053164595604621,78.88848309050202,27932.19700214133,3721.461,698.1859999999996,744.866,2278.409,1102.9029999999996,2618.558,29.636290693359403,1,0,0,41.0,41.0,41.0,1.0,0.0,0.0,1.0,1,0,0.0,1.0,0.0,0.0,0.0,0.0,1.0,0.0,1.0,0.0,0,0,0,0,0,0,0,0,0,2021,2,18,3,0,1,0,2,0,1,0.0,0,0,LEVE,0,7
6,0,0.0821436415550186,0,4,0,-16.266,-69.08,0,4,0,1,2,1,1,2,6543.555,2.0,-1,-1,1.0,0.4495936745003294,0.4495936745003294,1198.0,0.4165447461855686,74.77127585660097,23516.528907922908,13642.312999999998,2020.7790000000005,2354.117,9267.416999999998,3314.0520000000006,10328.260999999997,24.29244952817019,1,0,0,30.0,30.0,30.0,1.0,0.0,0.0,0.0,1,0,0.0,0.0,0.0,1.0,0.0,0.0,1.0,0.0,0.0,0.0,1,1,1,1,0,0,0,7,1,2021,2,18,3,0,1,2,2,0,1,0.0,1,0,LEVE,0,4
10,2,0.0766527564243356,0,4,1,-16.666286,-72.556992,0,4,0,1,2,1,1,2,1926.94,2.0,5,2,1.0,0.340764331210191,0.1266198111135515,393.0,0.5506134487544145,84.11518135609504,628.7494646680942,10322.272,1495.236,1749.739,7077.2970000000005,2886.595,7435.677000000001,27.964725207783708,1,0,0,37.0,33.0,40.0,1.0,0.0,0.0,0.0,2,0,0.0,1.0,0.0,0.0,0.0,0.0,1.0,0.0,1.0,0.0,0,0,0,0,1,1,1,10,1,2021,2,18,3,0,1,0,2,0,1,0.0,1,0,GRAVE_MORTALIDAD,2,4
10,1,0.0902701515484296,0,4,0,-12.6365227,-72.55693921,5,4,0,0,1,-1,-1,6,6543.555,2.0,-1,-1,1.0,0.4495936745003294,0.4495936745003294,1198.0,0.3224274496902619,73.65891617421137,17387.97858672377,17779.13499998999,2097.37099999,2863.123,12818.640999999989,2878.713,14900.421999989989,16.19152450331032,1,0,0,42.0,42.0,42.0,1.0,0.0,0.0,0.0,1,0,0.0,0.0,0.0,1.0,0.0,0.0,1.0,1.0,1.0,0.0,1,1,1,1,0,0,0,11,1,2021,2,18,3,0,1,2,2,0,1,0.0,0,1,LEVE,0,4
0,0,0.0821436415550186,2,6,4,-14.913518951915876,-69.86333177050078,2,3,7,0,4,-1,-1,4,6543.555,2.0,-1,-1,1.0,0.4495936745003294,0.4495936745003294,1198.0,0.378190833410684,64.38599435143328,23481.556745182013,13642.312999999998,2020.7790000000005,2354.117,9267.416999999998,3314.0520000000006,10328.260999999997,24.29244952817019,1,0,1,49.0,49.0,49.0,1.0,0.0,0.0,0.0,1,0,0.0,1.0,0.0,0.0,0.0,0.0,1.0,0.0,0.0,0.0,1,1,1,1,0,0,0,11,1,2021,2,18,3,0,1,2,2,0,1,0.0,0,0,LEVE,0,4
4,1,0.2105205359103887,0,3,4,-12.14029,-76.9112,0,4,3,1,1,-1,-1,2,6543.555,2.0,-1,-1,1.0,0.4495936745003294,0.4495936745003294,1198.0,0.689811994580126,79.88015655965044,452660.364025696,7626.313,1683.4029999999998,1599.0829999999996,4343.827000000001,1814.875,5811.438000000001,23.7975414856432,1,0,0,31.0,31.0,31.0,1.0,1.0,0.0,1.0,1,0,0.0,1.0,0.0,0.0,0.0,0.0,1.0,1.0,1.0,0.0,1,1,1,1,0,0,0,15,2,2021,2,18,3,0,1,0,2,0,1,0.0,0,1,GRAVE_LESIONADOS,1,0
1,0,0.2105205359103887,2,4,1,-12.043103204032894,-77.02317771163345,0,2,7,0,2,-1,-1,0,6543.555,3.0,5,2,1.0,0.1133318690972984,0.1133318690972984,1475.0,0.7300036506368504,80.21724456394445,156759.78800856532,7626.313,1683.4029999999998,1599.0829999999996,4343.827000000001,1814.875,5811.438000000001,23.7975414856432,1,1,1,37.0,33.0,40.0,0.0,0.0,0.0,0.0,1,1,1.0,0.0,0.0,0.0,0.0,0.0,0.0,0.0,0.0,1.0,0,0,0,0,1,1,1,18,3,2021,2,18,3,0,1,0,2,1,1,1.0,0,0,LEVE,0,0
1,0,0.0821436415550186,0,4,1,-16.34595052,-69.24282331,0,4,7,0,2,-1,-1,4,7586.903,2.0,5,2,1.0,0.340764331210191,0.067428069404788,1198.0,0.3165090894545869,72.969641049674,13778.516059957172,13642.312999999998,2020.7790000000005,2354.117,9267.416999999998,3314.0520000000006,10328.260999999997,24.29244952817019,1,1,1,37.0,33.0,40.0,0.0,0.0,0.0,0.0,1,1,1.0,0.0,0.0,0.0,0.0,1.0,0.0,0.0,0.0,0.0,0,0,0,0,1,1,1,3,0,2021,2,19,4,0,1,2,2,0,1,1.0,0,0,LEVE,0,4
1,0,0.0351416648363716,2,2,4,-6.7546582,-79.8478185,0,0,7,0,2,-1,-1,2,6543.555,2.0,-1,-1,1.0,0.4495936745003294,0.4495936745003294,1198.0,0.5415697888341857,80.94178299597955,183060.58029978588,3459.691,515.0619999999999,689.7280000000001,2254.901,703.3549999999999,2756.336,20.329994788551925,1,1,1,37.0,33.0,40.0,0.0,0.0,0.0,0.0,1,1,1.0,0.0,0.0,0.0,0.0,0.0,0.0,0.0,0.0,1.0,1,1,1,1,1,1,1,6,1,2021,2,19,4,0,1,0,2,0,1,1.0,0,0,LEVE,0,1
3,1,0.0153744783659125,2,4,1,-11.959804478406474,-77.12836781252078,0,2,7,0,4,-1,-1,0,139.23,-1.0,5,2,0.0,0.340764331210191,0.1266198111135515,69.0,0.5563774842369664,77.00938809632027,27932.19700214133,51.58600000000001,44.68700000000001,6.899000000000001,0.0,49.838000000000015,1.748,96.61148373589734,2,0,0,43.5,21.0,66.0,1.0,0.0,0.0,0.0,2,0,0.0,1.0,0.0,1.0,1.0,0.0,1.0,0.0,1.0,0.0,0,0,0,0,0,0,0,8,1,2021,2,19,4,0,1,2,2,0,0,0.0,0,0,LEVE,0,0
6,1,0.0318471337579617,0,4,1,-8.449816342225832,-78.02931243646064,0,4,0,1,1,-1,-1,1,9936.932,2.0,5,2,1.0,0.340764331210191,0.1266198111135515,3830.0,0.3037800567900134,68.33773772958087,2817.6531049250534,10767.648,1885.0630000000003,1222.721,7659.864000000001,2100.343,8667.305000000002,19.506051832303577,1,0,0,56.0,56.0,56.0,1.0,0.0,0.0,1.0,1,0,0.0,0.0,0.0,1.0,0.0,0.0,1.0,0.0,0.0,0.0,0,0,0,0,0,0,0,10,1,2021,2,19,4,0,1,0,2,0,1,0.0,1,1,GRAVE_MORTALIDAD,2,1
6,1,0.0821436415550186,0,4,0,-17.183,-69.645,0,4,7,0,7,-1,-1,2,6543.555,2.0,-1,-1,1.0,0.4495936745003294,0.4495936745003294,1198.0,0.376560777628064,79.23471994049844,1815.1691648822268,13642.312999999998,2020.7790000000005,2354.117,9267.416999999998,3314.0520000000006,10328.260999999997,24.29244952817019,1,0,0,21.0,21.0,21.0,1.0,1.0,0.0,0.0,1,0,0.0,0.0,0.0,1.0,0.0,1.0,0.0,0.0,0.0,0.0,1,1,1,1,0,0,0,16,2,2021,2,19,4,0,1,2,2,0,1,0.0,0,1,LEVE,0,-1
10,1,0.0766527564243356,0,4,2,-16.610207,-72.715164,0,4,7,0,2,-1,-1,0,6543.555,2.0,-1,-1,1.0,0.4495936745003294,0.4495936745003294,1198.0,0.6438160463426852,84.71218617950387,16526.967880085653,10322.272,1495.236,1749.739,7077.2970000000005,2886.595,7435.677000000001,27.964725207783708,1,0,0,37.0,33.0,40.0,1.0,0.0,0.0,0.0,1,0,0.0,0.0,0.0,1.0,1.0,0.0,0.0,1.0,1.0,0.0,1,1,1,1,1,1,1,17,2,2021,2,19,4,0,1,0,2,0,1,0.0,0,0,LEVE,0,4
3,3,0.0902701515484296,0,4,1,-14.320065,-72.13885,0,4,7,0,2,-1,-1,2,1780.161,1.0,-1,1,0.0,0.340764331210191,0.1266198111135515,490.0,0.2411536248675914,71.16845637511706,4403.670235546038,17779.13499998999,2097.37099999,2863.123,12818.640999999989,2878.713,14900.421999989989,16.19152450331032,3,0,0,30.666666666666668,26.0,37.0,1.0,1.0,1.0,1.0,3,0,0.0,1.0,0.0,1.0,1.0,1.0,1.0,1.0,1.0,0.0,0,0,0,0,0,0,0,19,3,2021,2,19,4,0,1,2,2,0,1,0.0,0,0,LEVE,0,4
0,0,0.2105205359103887,2,2,4,-12.061018898523397,-77.01281365599989,0,0,1,0,2,-1,-1,2,6543.555,2.0,-1,-1,1.0,0.4495936745003294,0.4495936745003294,1198.0,0.7646845961658533,80.23682119426338,250806.0877944326,7626.313,1683.4029999999998,1599.0829999999996,4343.827000000001,1814.875,5811.438000000001,23.7975414856432,1,0,2,34.0,34.0,34.0,1.0,0.0,0.0,1.0,1,0,0.0,0.0,1.0,0.0,0.0,0.0,1.0,1.0,0.0,0.0,1,1,1,1,0,0,0,20,3,2021,2,19,4,0,1,0,2,0,1,0.0,0,0,GRAVE_MORTALIDAD,2,0
1,1,0.0131781243136393,2,4,1,-9.913444,-76.231121,0,3,7,0,2,-1,-1,0,693.175,2.0,5,1,0.0,0.340764331210191,0.0037338018888644,249.0,0.6180444460983137,74.03039022888252,74635.5374732334,8209.057,1333.4779999999996,791.9770000000001,6083.602,1059.8589999999997,7149.198,12.910849565303296,1,1,1,37.0,33.0,40.0,0.0,0.0,0.0,0.0,1,1,1.0,0.0,0.0,0.0,0.0,0.0,0.0,0.0,0.0,1.0,0,0,0,0,1,1,1,21,3,2021,2,19,4,0,1,2,2,0,1,1.0,0,0,LEVE,0,4
6,0,0.0497474192839885,0,4,1,-5.35371130978209,-80.7164430447336,0,4,0,0,7,-1,-1,0,453.9549999999999,2.0,5,1,0.0,0.340764331210191,0.1266198111135515,133.0,0.4148191461350484,77.82903686752694,38807.252676659526,8965.846000060003,1782.4120000599992,636.9959999999999,6546.438000000004,2214.505000059999,6751.341000000004,24.699342371541725,1,0,0,16.0,16.0,16.0,1.0,1.0,0.0,0.0,1,0,0.0,0.0,0.0,0.0,1.0,0.0,0.0,1.0,0.0,0.0,0,0,0,0,0,0,0,22,3,2021,2,19,4,0,1,0,2,0,1,0.0,0,1,LEVE,0,3
6,1,0.0131781243136393,2,4,2,-9.2972753,-76.0076681,0,0,7,0,2,-1,-1,0,6543.555,2.0,-1,-1,1.0,0.4495936745003294,0.4495936745003294,1198.0,0.5694431606317135,72.41168816179938,13147.148273155108,8209.057,1333.4779999999996,791.9770000000001,6083.602,1059.8589999999997,7149.198,12.910849565303296,1,0,0,49.0,49.0,49.0,1.0,1.0,0.0,1.0,1,0,0.0,0.0,0.0,1.0,1.0,0.0,0.0,1.0,0.0,0.0,1,1,1,1,0,0,0,5,0,2021,2,20,5,1,1,2,2,0,1,0.0,0,0,LEVE,0,4
6,1,0.0131781243136393,0,4,1,-9.89296941835359,-76.4520505758337,0,4,0,1,1,-1,-1,2,9936.932,2.0,5,2,1.0,0.340764331210191,0.1266198111135515,3830.0,0.5563774842369664,77.00938809632027,27932.19700214133,8209.057,1333.4779999999996,791.9770000000001,6083.602,1059.8589999999997,7149.198,12.910849565303296,1,0,0,45.0,45.0,45.0,1.0,0.0,0.0,1.0,1,0,0.0,1.0,0.0,0.0,0.0,0.0,1.0,0.0,0.0,0.0,0,0,0,0,0,0,0,10,1,2021,2,20,5,1,1,2,2,0,1,0.0,1,1,LEVE,0,4
3,2,0.0933450472216121,0,3,4,-7.243284,-79.399869,0,4,7,0,2,-1,-1,0,6543.555,2.0,-1,-1,1.0,0.4495936745003294,0.4495936745003294,1198.0,0.5885704819472196,78.81449187577415,48424.389721627405,8931.828000000005,1335.5899999999997,1935.9830000000004,5660.255000000005,1219.309,7712.519000000005,13.651281686122925,2,0,0,22.0,22.0,22.0,1.0,0.0,0.0,0.0,2,0,0.0,1.0,0.0,1.0,1.0,0.0,1.0,1.0,0.0,0.0,1,1,1,1,0,0,0,19,3,2021,2,20,5,1,1,0,2,0,1,0.0,0,0,LEVE,0,1
1,1,0.0821436415550186,0,4,1,-15.967404649767197,-69.80668923289836,0,4,7,0,2,-1,-1,0,7586.903,2.0,5,2,1.0,0.340764331210191,0.067428069404788,1198.0,0.3247057995130503,73.24682709519536,24872.03426124197,13642.312999999998,2020.7790000000005,2354.117,9267.416999999998,3314.0520000000006,10328.260999999997,24.29244952817019,1,1,2,37.0,33.0,40.0,0.0,0.0,0.0,0.0,1,1,1.0,0.0,0.0,0.0,0.0,0.0,0.0,0.0,0.0,0.0,0,0,0,0,1,1,1,21,3,2021,2,20,5,1,1,2,2,0,1,1.0,0,0,LEVE,0,4
6,0,0.0821436415550186,0,4,3,-16.267506795376008,-69.29679018408967,0,4,0,0,7,-1,-1,2,6543.555,2.0,-1,-1,1.0,0.4495936745003294,0.4495936745003294,1198.0,0.3165090894545869,72.969641049674,13778.516059957172,13642.312999999998,2020.7790000000005,2354.117,9267.416999999998,3314.0520000000006,10328.260999999997,24.29244952817019,1,0,0,28.0,28.0,28.0,1.0,0.0,0.0,0.0,1,0,0.0,0.0,0.0,1.0,1.0,0.0,0.0,1.0,0.0,0.0,1,1,1,1,0,0,0,23,3,2021,2,20,5,1,1,2,2,0,1,0.0,0,1,LEVE,0,4
6,1,0.0497474192839885,0,4,1,-5.371868812921817,-79.820396398911,0,4,7,0,2,-1,-1,0,722.9000000000002,2.0,-1,2,1.0,0.0017570832418185,0.1266198111135515,123.0,0.4017190204617711,74.32150428280667,7812.374732334047,8965.846000060003,1782.4120000599992,636.9959999999999,6546.438000000004,2214.505000059999,6751.341000000004,24.699342371541725,1,0,0,35.0,35.0,35.0,1.0,0.0,1.0,1.0,1,0,0.0,0.0,0.0,1.0,1.0,0.0,0.0,1.0,1.0,1.0,0,0,0,0,0,0,0,19,3,2021,2,21,6,1,1,0,2,0,1,0.0,0,0,LEVE,0,3
3,2,0.0497474192839885,0,4,1,-5.160125,-80.693127,0,4,7,0,2,1,0,2,6543.555,3.0,5,2,1.0,0.1133318690972984,0.1133318690972984,1475.0,0.5997462042553465,78.40793944726823,183875.0,8965.846000060003,1782.4120000599992,636.9959999999999,6546.438000000004,2214.505000059999,6751.341000000004,24.699342371541725,2,0,0,40.5,38.0,43.0,1.0,1.0,1.0,1.0,2,0,0.0,0.0,0.0,1.0,0.0,1.0,1.0,0.0,0.0,0.0,0,0,0,0,0,0,0,20,3,2021,2,21,6,1,1,0,1,1,1,0.0,0,0,LEVE,0,3
10,1,0.0497474192839885,0,4,1,-4.807883,-80.623159,0,4,7,0,2,-1,-1,0,410.779,2.0,5,1,0.0,0.340764331210191,0.1266198111135515,103.0,0.527881145323798,80.29846251746501,25662.20556745182,8965.846000060003,1782.4120000599992,636.9959999999999,6546.438000000004,2214.505000059999,6751.341000000004,24.699342371541725,1,0,0,19.0,19.0,19.0,1.0,1.0,0.0,1.0,1,0,0.0,0.0,0.0,1.0,1.0,0.0,0.0,1.0,0.0,1.0,0,0,0,0,0,0,0,20,3,2021,2,21,6,1,1,0,2,0,1,0.0,0,0,LEVE,0,3
6,1,0.0497474192839885,0,4,1,-4.7495287,-80.5879604,0,4,7,0,2,-1,-1,0,410.779,2.0,5,1,0.0,0.340764331210191,0.1266198111135515,103.0,0.527881145323798,80.29846251746501,25662.20556745182,8965.846000060003,1782.4120000599992,636.9959999999999,6546.438000000004,2214.505000059999,6751.341000000004,24.699342371541725,1,0,0,29.0,29.0,29.0,1.0,1.0,0.0,1.0,1,0,0.0,0.0,0.0,1.0,1.0,0.0,0.0,1.0,0.0,1.0,0,0,0,0,0,0,0,20,3,2021,2,21,6,1,1,0,2,0,1,0.0,0,0,LEVE,0,3
4,0,0.2105205359103887,2,7,4,-12.096810104208997,-77.0752579074752,7,4,7,0,2,-1,-1,0,6543.555,2.0,-1,-1,1.0,0.4495936745003294,0.4495936745003294,1198.0,0.8339285469381142,80.46197140280118,57878.755888650965,7626.313,1683.4029999999998,1599.0829999999996,4343.827000000001,1814.875,5811.438000000001,23.7975414856432,1,0,1,20.0,20.0,20.0,1.0,0.0,0.0,0.0,1,0,0.0,0.0,0.0,1.0,1.0,0.0,0.0,0.0,1.0,0.0,1,1,1,1,0,0,0,21,3,2021,2,21,6,1,1,0,2,0,1,0.0,0,0,LEVE,0,0
3,3,0.0933450472216121,0,4,1,-7.434894,-79.50161,0,4,7,0,2,-1,-1,2,6543.555,3.0,5,2,1.0,0.1133318690972984,0.1133318690972984,1475.0,0.6138517538553948,80.84826225715301,16852.97430406852,8931.828000000005,1335.5899999999997,1935.9830000000004,5660.255000000005,1219.309,7712.519000000005,13.651281686122925,3,0,0,42.66666666666666,24.0,56.0,1.0,1.0,0.0,0.0,3,0,0.0,1.0,0.0,0.0,0.0,0.0,1.0,0.0,1.0,0.0,0,0,0,0,0,0,0,23,3,2021,2,21,6,1,1,0,2,1,1,0.0,0,0,GRAVE_MORTALIDAD,2,1
1,0,0.0318471337579617,2,4,1,-9.15415057421513,-78.50331610768579,0,3,7,0,2,-1,-1,0,6543.555,3.0,5,2,1.0,0.1133318690972984,0.1133318690972984,1475.0,0.6459598096056908,78.63908715089502,175440.59743040687,10767.648,1885.0630000000003,1222.721,7659.864000000001,2100.343,8667.305000000002,19.506051832303577,1,1,1,37.0,33.0,40.0,0.0,0.0,0.0,0.0,1,1,1.0,0.0,0.0,0.0,0.0,0.0,0.0,0.0,0.0,1.0,0,0,0,0,1,1,1,6,1,2021,2,22,0,0,1,0,2,1,1,1.0,0,0,LEVE,0,1
10,0,0.2105205359103887,2,4,1,-11.988294226428462,-77.06414607991313,0,0,1,0,2,-1,-1,2,6543.555,3.0,5,2,1.0,0.1133318690972984,0.1133318690972984,1475.0,0.6853375063928137,80.04346891299102,217176.83083511773,7626.313,1683.4029999999998,1599.0829999999996,4343.827000000001,1814.875,5811.438000000001,23.7975414856432,1,0,1,37.0,33.0,40.0,1.0,0.0,0.0,0.0,1,0,0.0,0.0,1.0,0.0,0.0,0.0,1.0,0.0,1.0,0.0,0,0,0,0,1,1,1,7,1,2021,2,22,0,0,1,0,2,1,1,0.0,0,0,LEVE,0,0
0,1,0.0821436415550186,2,2,4,-15.492512,-70.116788,0,3,7,0,4,0,1,4,6543.555,2.0,-1,-1,1.0,0.4495936745003294,0.4495936745003294,1198.0,0.5759734352119,73.55929462493827,232834.39603082248,13642.312999999998,2020.7790000000005,2354.117,9267.416999999998,3314.0520000000006,10328.260999999997,24.29244952817019,1,0,1,23.0,23.0,23.0,1.0,1.0,0.0,0.0,1,0,0.0,0.0,0.0,1.0,1.0,0.0,0.0,1.0,1.0,0.0,1,1,1,1,0,0,0,7,1,2021,2,22,0,0,1,2,1,0,1,0.0,0,0,LEVE,0,4
0,1,0.0351416648363716,2,4,1,-6.802063778798723,-79.84676677752996,0,3,1,0,2,1,0,0,6543.555,3.0,5,2,1.0,0.1133318690972984,0.1133318690972984,1475.0,0.5698121065713132,80.7750211042815,96903.36830835116,3459.691,515.0619999999999,689.7280000000001,2254.901,703.3549999999999,2756.336,20.329994788551925,1,0,1,33.0,33.0,33.0,1.0,0.0,0.0,1.0,1,0,0.0,1.0,0.0,0.0,0.0,0.0,1.0,0.0,0.0,0.0,0,0,0,0,0,0,0,8,1,2021,2,22,0,0,1,0,1,1,1,0.0,0,0,LEVE,0,1
6,1,0.0182297386338677,0,4,2,-13.902034194238322,-72.53300183276687,0,4,0,0,7,-1,-1,2,6543.555,2.0,-1,-1,1.0,0.4495936745003294,0.4495936745003294,1198.0,0.1824877464520417,67.10059231589754,3073.7130620985013,8358.971,1282.451,1298.0969999999998,5778.423,1432.683,6926.288,17.139466089785454,1,0,0,37.0,37.0,37.0,1.0,0.0,0.0,0.0,1,0,0.0,0.0,0.0,1.0,0.0,1.0,0.0,0.0,0.0,0.0,1,1,1,1,0,0,0,14,2,2021,2,22,0,0,1,2,2,0,1,0.0,0,1,LEVE,0,4
6,2,0.2105205359103887,2,4,1,-11.062979683742768,-77.5774509197476,0,4,7,0,2,-1,-1,0,198.315,2.0,5,2,0.0,0.340764331210191,0.0012079947287502,55.0,0.644332113046051,78.61218205687396,36044.03426124197,7626.313,1683.4029999999998,1599.0829999999996,4343.827000000001,1814.875,5811.438000000001,23.7975414856432,2,0,0,24.0,24.0,24.0,1.0,1.0,0.0,0.0,2,0,0.0,1.0,0.0,0.0,1.0,0.0,1.0,1.0,1.0,0.0,0,0,0,0,0,0,0,14,2,2021,2,22,0,0,1,0,2,0,1,0.0,0,0,LEVE,0,0
3,2,0.0497474192839885,2,2,4,-5.1761019142593,-80.6619739068756,0,1,1,0,4,1,1,0,6543.555,2.0,-1,-1,1.0,0.4495936745003294,0.4495936745003294,1198.0,0.5997462042553465,78.40793944726823,183875.0,8965.846000060003,1782.4120000599992,636.9959999999999,6546.438000000004,2214.505000059999,6751.341000000004,24.699342371541725,2,0,0,47.5,39.0,56.0,1.0,1.0,0.0,1.0,2,0,0.0,0.0,0.0,1.0,1.0,0.0,1.0,1.0,0.0,0.0,1,1,1,1,0,0,0,16,2,2021,2,22,0,0,1,0,2,0,1,0.0,0,0,LEVE,0,3
3,2,0.0933450472216121,0,4,1,-7.530991,-78.806241,0,4,7,0,2,-1,-1,2,748.6850000000001,2.0,5,2,0.0,0.340764331210191,0.1266198111135515,215.0,0.4144948105238412,73.49794254671177,13394.107066381155,8931.828000000005,1335.5899999999997,1935.9830000000004,5660.255000000005,1219.309,7712.519000000005,13.651281686122925,2,0,0,50.0,44.0,56.0,1.0,1.0,1.0,1.0,2,0,0.0,1.0,0.0,1.0,1.0,0.0,1.0,0.0,0.0,0.0,0,0,0,0,0,0,0,7,1,2021,2,23,1,0,1,0,2,0,1,0.0,0,0,LEVE,0,1
6,1,0.0351416648363716,2,4,1,-6.8379207,-79.8293674,0,3,7,0,2,-1,-1,0,6543.555,3.0,5,2,1.0,0.1133318690972984,0.1133318690972984,1475.0,0.5698121065713132,80.7750211042815,96903.36830835116,3459.691,515.0619999999999,689.7280000000001,2254.901,703.3549999999999,2756.336,20.329994788551925,1,0,0,40.0,40.0,40.0,1.0,0.0,0.0,0.0,1,0,0.0,0.0,0.0,1.0,1.0,0.0,0.0,1.0,1.0,0.0,0,0,0,0,0,0,0,11,1,2021,2,23,1,0,1,0,2,1,1,0.0,0,0,LEVE,0,1
0,1,0.0933450472216121,2,2,4,-8.112031,-79.032938,0,0,1,0,2,-1,-1,4,6543.555,2.0,-1,-1,1.0,0.4495936745003294,0.4495936745003294,1198.0,0.7151155191839451,79.57652607829836,331253.00214132766,8931.828000000005,1335.5899999999997,1935.9830000000004,5660.255000000005,1219.309,7712.519000000005,13.651281686122925,1,0,1,39.0,39.0,39.0,1.0,0.0,0.0,0.0,1,0,0.0,0.0,1.0,0.0,0.0,0.0,1.0,1.0,1.0,0.0,1,1,1,1,0,0,0,14,2,2021,2,23,1,0,1,0,2,0,1,0.0,0,0,LEVE,0,1