CLASE SINIESTRO,CANTIDAD DE VEHICULOS DAÑADOS,DEPARTAMENTO,ZONA,TIPO DE VÍA,RED VIAL,COORDENADAS LATITUD,COORDENADAS  LONGITUD,CONDICIÓN CLIMÁTICA,ZONIFICACIÓN,CARACTERÍSTICAS DE VÍA,PERFIL LONGITUDINAL VÍA,SUPERFICIE DE CALZADA,¿EXISTE SEÑAL VERTICAL?,¿EXISTE SEÑAL HORIZONTAL?,CAUSA FACTOR PRINCIPAL,MTC_RVN_LONGITUD_KM,MTC_RVN_N_CARRILES_MEDIANA,MTC_RVN_SUPERFICIE_DOMINANTE,MTC_RVN_ESTADO_DOMINANTE,MTC_RVN_ES_CONCESIONADA,MTC_RVN_CONCESION_PRINCIPAL,MTC_RVN_CORREDOR_LOGISTICO,MTC_RVN_N_TRAMOS,IDH_2019,IDH_ESP_VIDA_2019,IDH_POBLACION_2019,MTC_DEP_RED_TOTAL_KM,MTC_DEP_NACIONAL_TOTAL_KM,MTC_DEP_DEPARTAMENTAL_TOTAL_KM,MTC_DEP_VECINAL_TOTAL_KM,MTC_DEP_PAV_TOTAL_KM,MTC_DEP_NO_PAV_TOTAL_KM,MTC_DEP_PCT_PAVIMENTADA,PER_N_CONDUCTORES,PER_N_CONDUCTORES_FUGADOS,PER_N_PEATONES,PER_EDAD_COND_PROM,PER_EDAD_COND_MIN,PER_EDAD_COND_MAX,PER_ANY_COND_MASCULINO,PER_ANY_LIC_PROBLEMA,PER_ANY_DOSAJE_POS,PER_ANY_DOSAJE_EVALUADO,VEH_TOTAL,VEH_N_FUGADOS,VEH_ANY_FUGADO,VEH_ANY_CARGA,VEH_ANY_PUBLICO,VEH_ANY_PARTICULAR,VEH_ANY_MOTO,VEH_ANY_AUTO,VEH_ANY_CAMION_BUS,VEH_ANY_SOAT_PROBLEMA,VEH_ANY_CITV_PROBLEMA,VEH_ANY_SEGURO_PROBLEMA,MTC_RVN_LONGITUD_KM_ERA_NULO,MTC_RVN_N_CARRILES_MEDIANA_ERA_NULO,MTC_RVN_ES_CONCESIONADA_ERA_NULO,MTC_RVN_N_TRAMOS_ERA_NULO,PER_EDAD_COND_PROM_ERA_NULO,PER_EDAD_COND_MIN_ERA_NULO,PER_EDAD_COND_MAX_ERA_NULO,HORA_NUM,FRANJA_HORARIA,ANIO,MES,DIA_MES,DIA_SEMANA,ES_FIN_SEMANA,ES_QUINCENA,REGION_NATURAL,NIVEL_SEÑALIZACION_ORD,ES_VIA_MULTICARRIL,ES_DEPTO_BAJO_PAVIMENTO,RATIO_CONDUCTORES_FUGADOS,ES_CURVA_Y_PENDIENTE,ES_VIA_NO_PAVIMENTADA,CATEGORIA_SEVERIDAD,CATEGORIA_SEVERIDAD_ENC,CLUSTER
6,1,0.0153744783659125,2,4,1,-12.050285363986184,-77.11806391190329,0,3,7,0,4,-1,-1,0,19.635,-1.0,5,1,0.0,0.340764331210191,0.1266198111135515,40.0,0.5563774842369664,77.00938809632027,27932.19700214133,51.58600000000001,44.68700000000001,6.899000000000001,0.0,49.838000000000015,1.748,96.61148373589734,1,0,0,32.0,32.0,32.0,1.0,0.0,0.0,0.0,1,0,0.0,0.0,0.0,1.0,1.0,0.0,0.0,0.0,1.0,0.0,0,0,0,0,0,0,0,17,2,2021,2,23,1,0,1,2,2,0,0,0.0,0,0,LEVE,0,0
1,1,0.0318471337579617,0,4,1,-9.251160715910917,-78.4393731434623,0,4,7,0,2,-1,-1,0,6543.555,3.0,5,2,1.0,0.1133318690972984,0.1133318690972984,1475.0,0.5575370467693914,78.64118956943892,4692.985010706639,10767.648,1885.0630000000003,1222.721,7659.864000000001,2100.343,8667.305000000002,19.506051832303577,1,1,1,37.0,33.0,40.0,0.0,0.0,0.0,0.0,1,1,1.0,0.0,0.0,0.0,0.0,0.0,0.0,0.0,0.0,1.0,0,0,0,0,1,1,1,20,3,2021,2,23,1,0,1,0,2,1,1,1.0,0,0,LEVE,0,1
1,0,0.2105205359103887,2,4,1,-12.057,-76.974,0,3,7,0,2,-1,-1,0,6543.555,3.0,5,2,1.0,0.1133318690972984,0.1133318690972984,1475.0,0.7347309224519117,80.70014842215761,229834.5310492505,7626.313,1683.4029999999998,1599.0829999999996,4343.827000000001,1814.875,5811.438000000001,23.7975414856432,1,1,1,37.0,33.0,40.0,0.0,0.0,0.0,0.0,1,1,1.0,0.0,0.0,0.0,0.0,0.0,0.0,0.0,0.0,1.0,0,0,0,0,1,1,1,21,3,2021,2,23,1,0,1,0,2,1,1,1.0,0,0,LEVE,0,0
3,2,0.0933450472216121,0,4,1,-7.838814,-79.152311,0,4,7,0,2,-1,-1,2,748.6850000000001,2.0,5,2,0.0,0.340764331210191,0.1266198111135515,215.0,0.5721567587688113,77.67102283812494,15563.077087794432,8931.828000000005,1335.5899999999997,1935.9830000000004,5660.255000000005,1219.309,7712.519000000005,13.651281686122925,2,0,0,33.0,22.0,44.0,1.0,1.0,0.0,0.0,2,0,0.0,1.0,0.0,1.0,0.0,1.0,1.0,1.0,1.0,1.0,0,0,0,0,0,0,0,5,0,2021,2,24,2,0,1,0,2,0,1,0.0,0,0,LEVE,0,1
7,0,0.0037338018888644,0,7,4,-17.203995,-70.895577,7,4,7,0,7,-1,-1,4,6543.555,2.0,-1,-1,1.0,0.4495936745003294,0.4495936745003294,1198.0,0.7019393796398946,77.75173796903684,64680.35760171306,2949.174,470.28500000000025,903.055,1575.834,866.4460000000004,2082.728,29.37927704503025,1,0,1,44.0,44.0,44.0,1.0,0.0,0.0,1.0,1,0,0.0,1.0,0.0,0.0,0.0,0.0,1.0,0.0,1.0,0.0,1,1,1,1,0,0,0,7,1,2021,2,24,2,0,1,0,2,0,1,0.0,0,1,LEVE,0,10
3,2,0.2105205359103887,2,2,4,-12.034806871808192,-77.02985840706565,0,3,1,0,2,-1,-1,0,6543.555,2.0,-1,-1,1.0,0.4495936745003294,0.4495936745003294,1198.0,0.7300036506368504,80.21724456394445,156759.78800856532,7626.313,1683.4029999999998,1599.0829999999996,4343.827000000001,1814.875,5811.438000000001,23.7975414856432,2,0,0,34.0,34.0,34.0,1.0,1.0,0.0,0.0,2,0,0.0,0.0,0.0,1.0,1.0,1.0,0.0,0.0,1.0,0.0,1,1,1,1,0,0,0,8,1,2021,2,24,2,0,1,0,2,0,1,0.0,0,0,LEVE,0,0
3,2,0.0821436415550186,0,4,0,-15.43385,-70.2663,0,4,7,0,2,1,1,2,6543.555,2.0,-1,-1,1.0,0.4495936745003294,0.4495936745003294,1198.0,0.4387767884413746,74.08026937973001,4885.396145610278,13642.312999999998,2020.7790000000005,2354.117,9267.416999999998,3314.0520000000006,10328.260999999997,24.29244952817019,2,0,0,29.0,23.0,35.0,1.0,1.0,0.0,1.0,2,0,0.0,1.0,0.0,1.0,0.0,1.0,1.0,0.0,0.0,0.0,1,1,1,1,0,0,0,12,2,2021,2,24,2,0,1,2,2,0,1,0.0,0,0,LEVE,0,4
3,2,0.0766527564243356,0,4,1,-17.122811,-71.887054,0,4,7,0,2,0,1,2,1926.94,2.0,5,2,1.0,0.340764331210191,0.1266198111135515,393.0,0.61639083938292,77.65150347430681,6725.137044967881,10322.272,1495.236,1749.739,7077.2970000000005,2886.595,7435.677000000001,27.964725207783708,2,0,0,33.5,31.0,36.0,1.0,1.0,0.0,0.0,2,0,0.0,1.0,0.0,1.0,1.0,0.0,1.0,1.0,0.0,0.0,0,0,0,0,0,0,0,19,3,2021,2,24,2,0,1,0,1,0,1,0.0,0,0,LEVE,0,4
3,2,0.0161432022842082,0,4,1,-17.979841,-70.282731,0,4,7,0,2,1,0,2,6639.975,2.0,5,2,1.0,0.340764331210191,0.074236766966835,1616.0,0.6966125262955101,76.67066141771582,74177.24411134903,2650.572,630.6729999999998,487.3610000000001,1532.5379999999998,1068.7019999999998,1581.87,40.31967439480987,2,0,0,37.0,35.0,39.0,1.0,0.0,0.0,0.0,2,0,0.0,1.0,0.0,1.0,0.0,1.0,1.0,0.0,1.0,0.0,0,0,0,0,0,0,0,19,3,2021,2,24,2,0,1,0,1,0,1,0.0,0,0,LEVE,0,15
0,0,0.0902701515484296,2,6,4,-12.514535130645434,-72.41194327228267,0,3,1,0,2,-1,-1,2,6543.555,2.0,-1,-1,1.0,0.4495936745003294,0.4495936745003294,1198.0,0.3224274496902619,73.65891617421137,17387.97858672377,17779.13499998999,2097.37099999,2863.123,12818.640999999989,2878.713,14900.421999989989,16.19152450331032,1,0,1,22.0,22.0,22.0,1.0,0.0,0.0,0.0,1,0,0.0,0.0,0.0,1.0,1.0,0.0,0.0,1.0,1.0,0.0,1,1,1,1,0,0,0,19,3,2021,2,24,2,0,1,2,2,0,1,0.0,0,0,LEVE,0,4
3,2,0.2105205359103887,2,4,1,-11.598373816167577,-77.25110706721921,0,4,7,0,2,1,0,0,6543.555,3.0,5,2,1.0,0.1133318690972984,0.1133318690972984,1475.0,0.6328991168419597,79.8522840328396,65701.61456102783,7626.313,1683.4029999999998,1599.0829999999996,4343.827000000001,1814.875,5811.438000000001,23.7975414856432,2,0,0,41.0,29.0,53.0,1.0,1.0,0.0,1.0,2,0,0.0,1.0,0.0,0.0,0.0,0.0,1.0,0.0,1.0,0.0,0,0,0,0,0,0,0,5,0,2021,2,25,3,0,1,0,1,1,1,0.0,0,0,LEVE,0,0
5,1,0.0933450472216121,0,4,1,-7.704619,-79.314822,0,4,7,0,2,-1,-1,2,6543.555,3.0,5,2,1.0,0.1133318690972984,0.1133318690972984,1475.0,0.5345074857798321,76.79673752589963,27037.03854389721,8931.828000000005,1335.5899999999997,1935.9830000000004,5660.255000000005,1219.309,7712.519000000005,13.651281686122925,2,1,0,26.0,26.0,26.0,1.0,1.0,0.0,0.0,2,1,1.0,0.0,0.0,1.0,1.0,0.0,0.0,0.0,0.0,0.0,0,0,0,0,0,0,0,7,1,2021,2,25,3,0,1,0,2,1,1,0.5,0,0,LEVE,0,1
6,1,0.0037338018888644,0,4,2,-16.664125,-70.734802,0,4,5,1,7,-1,-1,2,6543.555,2.0,-1,-1,1.0,0.4495936745003294,0.4495936745003294,1198.0,0.4939177690429497,75.26153346743874,3093.580299785868,2949.174,470.28500000000025,903.055,1575.834,866.4460000000004,2082.728,29.37927704503025,1,0,0,23.0,23.0,23.0,1.0,0.0,0.0,1.0,1,0,0.0,0.0,0.0,1.0,0.0,0.0,1.0,0.0,1.0,0.0,1,1,1,1,0,0,0,12,2,2021,2,25,3,0,1,0,2,0,1,0.0,1,1,GRAVE_MORTALIDAD,2,-1
3,2,0.0037338018888644,0,4,1,-17.20612,-71.386858,0,4,7,0,2,-1,-1,2,6639.975,2.0,5,2,1.0,0.340764331210191,0.074236766966835,1616.0,0.7019393796398946,77.75173796903684,64680.35760171306,2949.174,470.28500000000025,903.055,1575.834,866.4460000000004,2082.728,29.37927704503025,2,0,0,28.0,26.0,30.0,1.0,1.0,0.0,1.0,2,0,0.0,1.0,0.0,0.0,0.0,0.0,1.0,0.0,0.0,0.0,0,0,0,0,0,0,0,5,0,2021,2,26,4,0,1,0,2,0,1,0.0,0,0,LEVE,0,4
0,0,0.2105205359103887,2,2,4,-12.162491,-76.962732,0,3,7,0,2,-1,-1,2,6543.555,2.0,-1,-1,1.0,0.4495936745003294,0.4495936745003294,1198.0,0.7289998534947872,80.50926319493618,384728.5117773019,7626.313,1683.4029999999998,1599.0829999999996,4343.827000000001,1814.875,5811.438000000001,23.7975414856432,1,0,1,28.0,28.0,28.0,1.0,0.0,0.0,1.0,1,0,0.0,0.0,0.0,1.0,0.0,0.0,0.0,0.0,0.0,1.0,1,1,1,1,0,0,0,7,1,2021,2,26,4,0,1,0,2,0,1,0.0,0,0,LEVE,0,0
0,0,0.0420601801010322,2,4,1,-11.8616999,-75.41395513,0,4,1,1,2,1,1,0,196.88,2.0,5,2,1.0,0.0162530199868218,0.1266198111135515,35.0,0.5133198537844352,70.28651371450412,1410.132762312634,12264.545,1826.4639999999995,1105.5389999999998,9332.542,1588.5359999999996,10676.009,12.952261987705208,1,0,1,22.0,22.0,22.0,1.0,1.0,0.0,1.0,1,0,0.0,0.0,0.0,1.0,1.0,0.0,0.0,0.0,0.0,0.0,0,0,0,0,0,0,0,17,2,2021,2,26,4,0,1,2,2,0,1,0.0,0,0,LEVE,0,4
10,2,0.0475510652317153,2,4,1,-14.063037153649963,-75.74121214851782,0,3,7,0,2,-1,-1,2,6639.975,2.0,5,2,1.0,0.340764331210191,0.074236766966835,1616.0,0.6637216310803388,79.6446050662278,142450.24411134905,3721.461,698.1859999999996,744.866,2278.409,1102.9029999999996,2618.558,29.636290693359403,3,1,0,44.5,31.0,58.0,1.0,1.0,1.0,1.0,3,1,1.0,1.0,0.0,1.0,1.0,0.0,1.0,1.0,1.0,0.0,0,0,0,0,0,0,0,4,0,2021,2,27,5,1,1,0,2,0,1,0.3333333333333333,0,0,LEVE,0,7
6,1,0.0475510652317153,0,4,1,-13.733104,-75.923859,0,4,7,0,2,-1,-1,2,1679.5849999999998,2.0,5,1,1.0,0.340764331210191,0.0082363276960245,315.0,0.5476064687943295,72.89816640240538,5923.768736616702,3721.461,698.1859999999996,744.866,2278.409,1102.9029999999996,2618.558,29.636290693359403,1,0,0,32.0,32.0,32.0,1.0,0.0,0.0,0.0,1,0,0.0,0.0,0.0,1.0,0.0,1.0,0.0,0.0,0.0,0.0,0,0,0,0,0,0,0,7,1,2021,2,27,5,1,1,0,2,0,1,0.0,0,0,LEVE,0,7
6,2,0.0475510652317153,0,4,1,-14.1786410782402,-75.71557504710242,0,4,7,0,2,-1,-1,2,6639.975,2.0,5,2,1.0,0.340764331210191,0.074236766966835,1616.0,0.6261042306271147,80.48505954362174,31419.372591006424,3721.461,698.1859999999996,744.866,2278.409,1102.9029999999996,2618.558,29.636290693359403,2,0,0,25.0,21.0,29.0,1.0,0.0,0.0,0.0,2,0,0.0,1.0,0.0,1.0,0.0,1.0,1.0,0.0,1.0,0.0,0,0,0,0,0,0,0,7,1,2021,2,27,5,1,1,0,2,0,1,0.0,0,0,LEVE,0,7
3,2,0.0351416648363716,2,4,1,-5.9863394,-79.7392495,0,0,7,0,2,1,1,0,1305.18,2.0,5,2,1.0,0.0160333845815945,0.0464528882055787,163.0,0.4703091457296942,74.91176543888524,44335.321199143465,3459.691,515.0619999999999,689.7280000000001,2254.901,703.3549999999999,2756.336,20.329994788551925,2,0,0,46.5,32.0,61.0,1.0,1.0,0.0,0.0,2,0,0.0,0.0,1.0,0.0,1.0,1.0,0.0,0.0,0.0,0.0,0,0,0,0,0,0,0,9,1,2021,2,27,5,1,1,0,2,0,1,0.0,0,0,LEVE,0,1
0,0,0.2105205359103887,2,4,1,-12.032477409451634,-76.99107365892452,7,3,7,0,2,-1,-1,0,6543.555,3.0,5,2,1.0,0.1133318690972984,0.1133318690972984,1475.0,0.6970617810314195,81.40501156526744,203379.9271948608,7626.313,1683.4029999999998,1599.0829999999996,4343.827000000001,1814.875,5811.438000000001,23.7975414856432,1,0,1,30.0,30.0,30.0,1.0,0.0,0.0,0.0,1,0,0.0,0.0,1.0,0.0,0.0,0.0,1.0,0.0,0.0,0.0,0,0,0,0,0,0,0,12,2,2021,2,27,5,1,1,0,2,1,1,0.0,0,0,LEVE,0,0
7,1,0.0597408302218317,2,3,4,-7.273584,-78.159523,0,1,7,1,4,-1,-1,6,6543.555,2.0,-1,-1,1.0,0.4495936745003294,0.4495936745003294,1198.0,0.2248217662933267,71.86940730479807,5022.419700214133,15935.565011852366,1733.9250000199986,935.692,13265.948011832368,2000.1670000199988,13935.398011832369,12.551591352627522,1,0,0,63.0,63.0,63.0,1.0,0.0,0.0,0.0,1,0,0.0,0.0,0.0,0.0,0.0,1.0,0.0,0.0,1.0,0.0,1,1,1,1,0,0,0,15,2,2021,2,27,5,1,1,2,2,0,1,0.0,0,0,LEVE,0,1
3,0,0.0420601801010322,2,4,1,-11.8143497,-75.61393633,2,3,0,1,2,1,0,0,7586.903,2.0,5,2,1.0,0.340764331210191,0.067428069404788,1198.0,0.4545643050211295,68.73444804749025,1424.8051391862955,12264.545,1826.4639999999995,1105.5389999999998,9332.542,1588.5359999999996,10676.009,12.952261987705208,2,0,0,46.5,44.0,49.0,1.0,0.0,0.0,1.0,3,0,0.0,0.0,0.0,1.0,0.0,1.0,1.0,0.0,0.0,0.0,0,0,0,0,0,0,0,16,2,2021,2,27,5,1,1,2,1,0,1,0.0,1,0,LEVE,0,4
3,3,0.0821436415550186,0,4,1,-15.2779016,-70.2241947,0,4,7,0,2,1,1,2,1761.8050000000003,2.0,5,2,1.0,0.005820338238524,0.005820338238524,410.0,0.289549626938555,77.56938441814937,1447.8907922912204,13642.312999999998,2020.7790000000005,2354.117,9267.416999999998,3314.0520000000006,10328.260999999997,24.29244952817019,3,0,0,34.333333333333336,26.0,40.0,1.0,0.0,0.0,0.0,3,0,0.0,0.0,0.0,1.0,0.0,1.0,1.0,1.0,1.0,0.0,0,0,0,0,0,0,0,20,3,2021,2,27,5,1,1,2,2,0,1,0.0,0,0,GRAVE_LESIONADOS,1,4
6,1,0.2105205359103887,2,6,4,-11.889978,-77.02457,0,3,7,1,2,-1,-1,2,6543.555,2.0,-1,-1,1.0,0.4495936745003294,0.4495936745003294,1198.0,0.6498693508177541,78.84967382596041,356854.23554603854,7626.313,1683.4029999999998,1599.0829999999996,4343.827000000001,1814.875,5811.438000000001,23.7975414856432,1,0,0,46.0,46.0,46.0,1.0,0.0,1.0,1.0,1,0,0.0,0.0,1.0,0.0,1.0,0.0,0.0,1.0,1.0,1.0,1,1,1,1,0,0,0,22,3,2021,2,27,5,1,1,0,2,0,1,0.0,0,0,LEVE,0,0
3,2,0.0139468482319349,0,4,1,-4.053658966728172,-80.95568770884869,0,4,0,0,2,1,1,2,6543.555,3.0,5,2,1.0,0.1133318690972984,0.1133318690972984,1475.0,0.541317038400816,72.94324989979708,6440.817708333333,1009.101,138.47399999999996,287.471,583.156,276.972,732.129,27.447401201663663,2,0,0,24.0,21.0,27.0,1.0,0.0,0.0,1.0,2,0,0.0,1.0,1.0,0.0,1.0,0.0,1.0,0.0,1.0,0.0,0,0,0,0,0,0,0,23,3,2021,2,27,5,1,1,0,2,1,1,0.0,0,0,GRAVE_MORTALIDAD,2,13
6,1,0.0497474192839885,0,4,1,-4.916857978078274,-80.69707447355155,0,2,7,0,2,1,0,0,6543.555,3.0,5,2,1.0,0.1133318690972984,0.1133318690972984,1475.0,0.5657000696312142,79.93504063107561,181599.8115631692,8965.846000060003,1782.4120000599992,636.9959999999999,6546.438000000004,2214.505000059999,6751.341000000004,24.699342371541725,1,0,0,19.0,19.0,19.0,1.0,1.0,0.0,1.0,1,0,0.0,0.0,0.0,1.0,1.0,0.0,0.0,1.0,0.0,0.0,0,0,0,0,0,0,0,4,0,2021,2,28,6,1,1,0,1,1,1,0.0,0,0,LEVE,0,3
6,1,0.0933450472216121,0,4,0,-8.017236,-77.7588,0,4,7,0,1,-1,-1,2,6543.555,2.0,-1,-1,1.0,0.4495936745003294,0.4495936745003294,1198.0,0.2181430558312904,80.24076673963701,2798.4089935760176,8931.828000000005,1335.5899999999997,1935.9830000000004,5660.255000000005,1219.309,7712.519000000005,13.651281686122925,1,0,0,32.0,32.0,32.0,1.0,0.0,0.0,0.0,1,0,0.0,1.0,0.0,0.0,0.0,0.0,1.0,0.0,1.0,0.0,1,1,1,1,0,0,0,4,0,2021,2,28,6,1,1,0,2,0,1,0.0,0,1,GRAVE_MORTALIDAD,2,1
1,1,0.0933450472216121,0,4,1,-8.283801,-78.91814,0,4,7,0,2,-1,-1,2,6543.555,3.0,5,2,1.0,0.1133318690972984,0.1133318690972984,1475.0,0.5704872313485707,78.73040511828864,20630.58672376873,8931.828000000005,1335.5899999999997,1935.9830000000004,5660.255000000005,1219.309,7712.519000000005,13.651281686122925,1,1,1,37.0,33.0,40.0,0.0,0.0,0.0,0.0,1,1,1.0,1.0,0.0,0.0,0.0,0.0,1.0,0.0,0.0,0.0,0,0,0,0,1,1,1,5,0,2021,2,28,6,1,1,0,2,1,1,1.0,0,0,LEVE,0,1
5,2,0.0933450472216121,0,4,2,-8.54778,-78.678269,0,4,7,0,2,-1,-1,0,6543.555,2.0,-1,-1,1.0,0.4495936745003294,0.4495936745003294,1198.0,0.4971504606547645,77.79759708660042,44368.59100642397,8931.828000000005,1335.5899999999997,1935.9830000000004,5660.255000000005,1219.309,7712.519000000005,13.651281686122925,2,1,0,46.0,46.0,46.0,1.0,1.0,0.0,0.0,2,0,0.0,0.0,1.0,1.0,1.0,0.0,1.0,1.0,1.0,0.0,1,1,1,1,0,0,0,20,3,2021,2,28,6,1,1,0,2,0,1,0.5,0,0,LEVE,0,1
0,1,0.0933450472216121,2,3,4,-8.088921,-79.026501,0,0,7,0,2,-1,-1,2,6543.555,2.0,-1,-1,1.0,0.4495936745003294,0.4495936745003294,1198.0,0.5660037074268495,80.06506822193698,40839.32762312634,8931.828000000005,1335.5899999999997,1935.9830000000004,5660.255000000005,1219.309,7712.519000000005,13.651281686122925,1,0,1,36.0,36.0,36.0,1.0,0.0,0.0,0.0,1,0,0.0,1.0,0.0,0.0,0.0,0.0,1.0,0.0,1.0,0.0,1,1,1,1,0,0,0,21,3,2021,2,28,6,1,1,0,2,0,1,0.0,0,0,LEVE,0,1
0,1,0.0821436415550186,2,4,1,-15.466583,-70.138198,0,2,7,0,2,1,1,2,7586.903,2.0,5,2,1.0,0.340764331210191,0.067428069404788,1198.0,0.5225679967471315,73.87568641139362,65445.28409703769,13642.312999999998,2020.7790000000005,2354.117,9267.416999999998,3314.0520000000006,10328.260999999997,24.29244952817019,1,0,1,31.0,31.0,31.0,1.0,1.0,0.0,0.0,1,0,0.0,0.0,0.0,1.0,1.0,0.0,0.0,1.0,1.0,0.0,0,0,0,0,0,0,0,21,3,2021,2,28,6,1,1,2,2,0,1,0.0,0,0,GRAVE_MORTALIDAD,2,4
3,2,0.0933450472216121,0,4,1,-8.048596,-78.849761,0,4,7,0,2,-1,-1,2,610.6099999999999,2.0,5,2,1.0,0.0133977597188666,0.0065890621568196,100.0,0.5929579484728337,80.24150924632623,34739.39614561028,8931.828000000005,1335.5899999999997,1935.9830000000004,5660.255000000005,1219.309,7712.519000000005,13.651281686122925,2,0,0,22.5,20.0,25.0,1.0,0.0,0.0,0.0,2,0,0.0,0.0,0.0,1.0,1.0,1.0,0.0,1.0,0.0,1.0,0,0,0,0,0,0,0,21,3,2021,2,28,6,1,1,0,2,0,1,0.0,0,0,LEVE,0,1
6,1,0.0766527564243356,0,4,3,-16.387007,-71.457041,0,4,2,1,7,-1,-1,6,6543.555,2.0,-1,-1,1.0,0.4495936745003294,0.4495936745003294,1198.0,0.6695059447902582,78.31157187229299,56182.85653104924,10322.272,1495.236,1749.739,7077.2970000000005,2886.595,7435.677000000001,27.964725207783708,1,0,0,31.0,31.0,31.0,0.0,1.0,0.0,0.0,1,0,0.0,1.0,0.0,0.0,0.0,0.0,1.0,0.0,0.0,0.0,1,1,1,1,0,0,0,23,3,2021,2,28,6,1,1,0,2,0,1,0.0,0,1,GRAVE_MORTALIDAD,2,4
0,1,0.2105205359103887,2,4,1,-11.53777846548452,-77.2829764573073,0,4,7,0,2,-1,-1,4,6543.555,3.0,5,2,1.0,0.1133318690972984,0.1133318690972984,1475.0,0.6328991168419597,79.8522840328396,65701.61456102783,7626.313,1683.4029999999998,1599.0829999999996,4343.827000000001,1814.875,5811.438000000001,23.7975414856432,1,0,1,30.0,30.0,30.0,1.0,0.0,0.0,1.0,1,0,0.0,0.0,0.0,1.0,0.0,1.0,0.0,0.0,0.0,0.0,0,0,0,0,0,0,0,5,0,2021,3,1,0,0,0,0,2,1,1,0.0,0,0,LEVE,0,0
2,0,0.2105205359103887,2,2,4,-11.9969,-77.0544,0,0,7,0,2,-1,-1,0,6543.555,2.0,-1,-1,1.0,0.4495936745003294,0.4495936745003294,1198.0,0.6853375063928137,80.04346891299102,217176.83083511773,7626.313,1683.4029999999998,1599.0829999999996,4343.827000000001,1814.875,5811.438000000001,23.7975414856432,1,0,0,23.0,23.0,23.0,1.0,0.0,0.0,0.0,1,0,0.0,0.0,1.0,0.0,0.0,0.0,1.0,0.0,0.0,0.0,1,1,1,1,0,0,0,8,1,2021,3,1,0,0,0,0,2,0,1,0.0,0,0,LEVE,0,0
0,1,0.0821436415550186,0,4,0,-16.30911252,-69.06047903,0,4,7,0,2,-1,-1,2,6543.555,2.0,-1,-1,1.0,0.4495936745003294,0.4495936745003294,1198.0,0.4165447461855686,74.77127585660097,23516.528907922908,13642.312999999998,2020.7790000000005,2354.117,9267.416999999998,3314.0520000000006,10328.260999999997,24.29244952817019,1,0,1,41.0,41.0,41.0,1.0,0.0,0.0,0.0,1,0,0.0,0.0,0.0,1.0,0.0,0.0,1.0,1.0,1.0,0.0,1,1,1,1,0,0,0,8,1,2021,3,1,0,0,0,2,2,0,1,0.0,0,0,LEVE,0,4
6,1,0.0420601801010322,0,4,2,-11.16358188421908,-75.8564661443685,0,4,7,1,7,-1,-1,2,6543.555,2.0,-1,-1,1.0,0.4495936745003294,0.4495936745003294,1198.0,0.3806721892335712,78.77245225217325,4341.336188436831,12264.545,1826.4639999999995,1105.5389999999998,9332.542,1588.5359999999996,10676.009,12.952261987705208,1,0,0,43.0,43.0,43.0,1.0,0.0,1.0,1.0,1,0,0.0,0.0,0.0,0.0,0.0,0.0,0.0,0.0,0.0,0.0,1,1,1,1,0,0,0,15,2,2021,3,1,0,0,0,2,2,0,1,0.0,0,1,LEVE,0,4
3,2,0.0293213265978475,0,4,0,-6.21662,-75.99639,0,4,7,0,2,-1,-1,2,6543.555,2.0,-1,-1,1.0,0.4495936745003294,0.4495936745003294,1198.0,0.2721882361284359,70.64032371540475,5353.96573875803,5645.136,815.0759999999999,965.298,3864.762,1013.406,4631.73,17.95184385283189,2,0,0,21.0,19.0,23.0,1.0,1.0,0.0,0.0,2,0,0.0,0.0,0.0,1.0,1.0,0.0,0.0,0.0,1.0,0.0,1,1,1,1,0,0,0,19,3,2021,3,1,0,0,0,1,2,0,1,0.0,0,0,LEVE,0,-1
6,1,0.0193279156600043,0,4,1,-13.450225,-74.983666,5,4,7,1,2,-1,-1,2,1679.5849999999998,2.0,5,1,1.0,0.340764331210191,0.0082363276960245,315.0,0.2997946406100768,72.83003345209801,3327.8779443254816,8511.426,1445.3929999999996,2008.516,5057.516999999999,1879.579,6631.846999999998,22.08300935706896,1,0,0,50.0,50.0,50.0,1.0,0.0,0.0,0.0,1,0,0.0,1.0,0.0,0.0,0.0,0.0,1.0,0.0,0.0,0.0,0,0,0,0,0,0,0,2,0,2021,3,2,1,0,0,2,2,0,1,0.0,0,0,LEVE,0,4
6,1,0.0475510652317153,0,4,1,-13.630134,-76.152208,0,4,7,0,2,-1,-1,2,6639.975,2.0,5,2,1.0,0.340764331210191,0.074236766966835,1616.0,0.5723734005661165,76.14778354007997,24272.76659528908,3721.461,698.1859999999996,744.866,2278.409,1102.9029999999996,2618.558,29.636290693359403,1,0,0,46.0,46.0,46.0,1.0,0.0,0.0,0.0,1,0,0.0,0.0,0.0,1.0,0.0,0.0,1.0,0.0,0.0,0.0,0,0,0,0,0,0,0,5,0,2021,3,2,1,0,0,0,2,0,1,0.0,0,0,LEVE,0,7
3,2,0.0902701515484296,0,4,1,-13.652514,-71.305902,0,4,0,0,2,1,0,2,3263.58,2.0,5,2,1.0,0.0080166922907972,0.0080166922907972,566.0,0.2701433460922377,67.03086854576458,16118.58886509636,17779.13499998999,2097.37099999,2863.123,12818.640999999989,2878.713,14900.421999989989,16.19152450331032,2,1,0,39.0,39.0,39.0,1.0,0.0,0.0,0.0,2,0,0.0,0.0,0.0,1.0,0.0,1.0,1.0,0.0,0.0,0.0,0,0,0,0,0,0,0,7,1,2021,3,2,1,0,0,2,1,0,1,0.5,0,0,GRAVE_MORTALIDAD,2,4