CLASE SINIESTRO,CANTIDAD DE VEHICULOS DAÑADOS,DEPARTAMENTO,ZONA,TIPO DE VÍA,RED VIAL,COORDENADAS LATITUD,COORDENADAS  LONGITUD,CONDICIÓN CLIMÁTICA,ZONIFICACIÓN,CARACTERÍSTICAS DE VÍA,PERFIL LONGITUDINAL VÍA,SUPERFICIE DE CALZADA,¿EXISTE SEÑAL VERTICAL?,¿EXISTE SEÑAL HORIZONTAL?,CAUSA FACTOR PRINCIPAL,MTC_RVN_LONGITUD_KM,MTC_RVN_N_CARRILES_MEDIANA,MTC_RVN_SUPERFICIE_DOMINANTE,MTC_RVN_ESTADO_DOMINANTE,MTC_RVN_ES_CONCESIONADA,MTC_RVN_CONCESION_PRINCIPAL,MTC_RVN_CORREDOR_LOGISTICO,MTC_RVN_N_TRAMOS,IDH_2019,IDH_ESP_VIDA_2019,IDH_POBLACION_2019,MTC_DEP_RED_TOTAL_KM,MTC_DEP_NACIONAL_TOTAL_KM,MTC_DEP_DEPARTAMENTAL_TOTAL_KM,MTC_DEP_VECINAL_TOTAL_KM,MTC_DEP_PAV_TOTAL_KM,MTC_DEP_NO_PAV_TOTAL_KM,MTC_DEP_PCT_PAVIMENTADA,PER_N_CONDUCTORES,PER_N_CONDUCTORES_FUGADOS,PER_N_PEATONES,PER_EDAD_COND_PROM,PER_EDAD_COND_MIN,PER_EDAD_COND_MAX,PER_ANY_COND_MASCULINO,PER_ANY_LIC_PROBLEMA,PER_ANY_DOSAJE_POS,PER_ANY_DOSAJE_EVALUADO,VEH_TOTAL,VEH_N_FUGADOS,VEH_ANY_FUGADO,VEH_ANY_CARGA,VEH_ANY_PUBLICO,VEH_ANY_PARTICULAR,VEH_ANY_MOTO,VEH_ANY_AUTO,VEH_ANY_CAMION_BUS,VEH_ANY_SOAT_PROBLEMA,VEH_ANY_CITV_PROBLEMA,VEH_ANY_SEGURO_PROBLEMA,MTC_RVN_LONGITUD_KM_ERA_NULO,MTC_RVN_N_CARRILES_MEDIANA_ERA_NULO,MTC_RVN_ES_CONCESIONADA_ERA_NULO,MTC_RVN_N_TRAMOS_ERA_NULO,PER_EDAD_COND_PROM_ERA_NULO,PER_EDAD_COND_MIN_ERA_NULO,PER_EDAD_COND_MAX_ERA_NULO,HORA_NUM,FRANJA_HORARIA,ANIO,MES,DIA_MES,DIA_SEMANA,ES_FIN_SEMANA,ES_QUINCENA,REGION_NATURAL,NIVEL_SEÑALIZACION_ORD,ES_VIA_MULTICARRIL,ES_DEPTO_BAJO_PAVIMENTO,RATIO_CONDUCTORES_FUGADOS,ES_CURVA_Y_PENDIENTE,ES_VIA_NO_PAVIMENTADA,CATEGORIA_SEVERIDAD,CATEGORIA_SEVERIDAD_ENC,CLUSTER
10,1,0.0293213265978475,2,6,4,-6.924153,-76.329368,7,0,7,0,2,0,1,1,6543.555,2.0,-1,-1,1.0,0.4495936745003294,0.4495936745003294,1198.0,0.5348373114087734,74.72209379840524,8873.344753747322,5645.136,815.0759999999999,965.298,3864.762,1013.406,4631.73,17.95184385283189,1,0,0,49.0,49.0,49.0,1.0,1.0,0.0,1.0,1,0,0.0,0.0,0.0,1.0,1.0,0.0,0.0,1.0,1.0,1.0,1,1,1,1,0,0,0,11,1,2021,3,20,5,1,1,1,1,0,1,0.0,0,0,LEVE,0,17
0,1,0.0131781243136393,0,4,1,-10.058429,-76.222235,0,4,7,1,2,-1,-1,0,9936.932,2.0,5,2,1.0,0.340764331210191,0.1266198111135515,3830.0,0.4099761862104573,75.21754572690584,5708.92505353319,8209.057,1333.4779999999996,791.9770000000001,6083.602,1059.8589999999997,7149.198,12.910849565303296,1,0,1,39.0,39.0,39.0,1.0,0.0,0.0,0.0,1,0,0.0,0.0,0.0,0.0,0.0,0.0,1.0,1.0,1.0,1.0,0,0,0,0,0,0,0,13,2,2021,3,20,5,1,1,2,2,0,1,0.0,0,0,LEVE,0,4
3,1,0.2105205359103887,2,4,1,-12.0427,-76.98674,0,4,1,0,2,-1,-1,2,6543.555,3.0,5,2,1.0,0.1133318690972984,0.1133318690972984,1475.0,0.6970617810314195,81.40501156526744,203379.9271948608,7626.313,1683.4029999999998,1599.0829999999996,4343.827000000001,1814.875,5811.438000000001,23.7975414856432,2,0,0,43.0,43.0,43.0,1.0,0.0,0.0,0.0,2,0,0.0,0.0,0.0,1.0,1.0,0.0,1.0,0.0,1.0,0.0,0,0,0,0,0,0,0,14,2,2021,3,20,5,1,1,0,2,1,1,0.0,0,0,LEVE,0,0
3,2,0.0766527564243356,0,4,1,-16.0735194,-71.4758204,0,4,7,0,2,-1,-1,2,1504.4250000000002,2.0,5,2,1.0,0.0252580716011421,0.0230617175488688,241.0,0.6005060748875158,78.21704200773246,33335.45824411135,10322.272,1495.236,1749.739,7077.2970000000005,2886.595,7435.677000000001,27.964725207783708,2,0,0,41.0,40.0,42.0,1.0,0.0,0.0,0.0,2,0,0.0,1.0,0.0,1.0,0.0,1.0,1.0,0.0,0.0,0.0,0,0,0,0,0,0,0,16,2,2021,3,20,5,1,1,0,2,0,1,0.0,0,0,LEVE,0,4
3,2,0.0821436415550186,0,4,0,-15.05,-70.24757,5,4,0,0,7,-1,-1,2,6543.555,2.0,-1,-1,1.0,0.4495936745003294,0.4495936745003294,1198.0,0.192208961369019,68.76766266610497,4011.042826552462,13642.312999999998,2020.7790000000005,2354.117,9267.416999999998,3314.0520000000006,10328.260999999997,24.29244952817019,2,0,0,36.0,30.0,42.0,1.0,0.0,0.0,0.0,2,0,0.0,0.0,0.0,1.0,1.0,0.0,1.0,0.0,1.0,0.0,1,1,1,1,0,0,0,18,3,2021,3,20,5,1,1,2,2,0,1,0.0,0,1,LEVE,0,4
3,2,0.0351416648363716,0,4,1,-6.661266789375377,-79.9278410687739,0,4,7,0,2,1,1,2,6543.555,3.0,5,2,1.0,0.1133318690972984,0.1133318690972984,1475.0,0.5539280527450423,74.69452916859504,79617.09421841543,3459.691,515.0619999999999,689.7280000000001,2254.901,703.3549999999999,2756.336,20.329994788551925,2,0,0,39.5,34.0,45.0,1.0,0.0,0.0,1.0,2,0,0.0,0.0,0.0,1.0,0.0,1.0,0.0,0.0,1.0,0.0,0,0,0,0,0,0,0,19,3,2021,3,20,5,1,1,0,2,1,1,0.0,0,0,LEVE,0,1
2,1,0.0420601801010322,0,4,1,-11.205682145657612,-74.66242047948204,0,4,7,0,2,-1,-1,0,5768.608,2.0,3,-1,0.0,0.340764331210191,0.1266198111135515,365.0,0.3896449199426799,73.52944498752588,27485.456102783723,12264.545,1826.4639999999995,1105.5389999999998,9332.542,1588.5359999999996,10676.009,12.952261987705208,1,0,0,25.0,25.0,25.0,1.0,0.0,0.0,1.0,1,0,0.0,0.0,0.0,1.0,0.0,0.0,1.0,0.0,0.0,0.0,0,0,0,0,0,0,0,19,3,2021,3,20,5,1,1,2,2,0,1,0.0,0,0,LEVE,0,5
5,1,0.0821436415550186,0,4,2,-14.471582977069756,-70.63235122851832,5,4,7,0,7,-1,-1,2,6543.555,2.0,-1,-1,1.0,0.4495936745003294,0.4495936745003294,1198.0,0.3785159657563678,72.65745241856251,8943.509635974304,13642.312999999998,2020.7790000000005,2354.117,9267.416999999998,3314.0520000000006,10328.260999999997,24.29244952817019,2,1,0,22.0,22.0,22.0,1.0,1.0,0.0,0.0,2,1,1.0,0.0,0.0,1.0,1.0,0.0,0.0,0.0,1.0,0.0,1,1,1,1,0,0,0,20,3,2021,3,20,5,1,1,2,2,0,1,0.5,0,1,LEVE,0,30
3,2,0.0933450472216121,0,4,1,-7.336833,-79.495344,0,4,7,0,2,-1,-1,0,6543.555,3.0,5,2,1.0,0.1133318690972984,0.1133318690972984,1475.0,0.5351117900300902,83.23861437968503,12592.21841541756,8931.828000000005,1335.5899999999997,1935.9830000000004,5660.255000000005,1219.309,7712.519000000005,13.651281686122925,2,0,0,31.5,28.0,35.0,1.0,1.0,0.0,0.0,2,0,0.0,1.0,0.0,1.0,1.0,0.0,1.0,0.0,0.0,0.0,0,0,0,0,0,0,0,20,3,2021,3,20,5,1,1,0,2,1,1,0.0,0,0,LEVE,0,1
6,1,0.0597408302218317,2,4,1,-7.32351431,-78.17276079,0,0,0,1,2,1,1,2,9936.932,2.0,5,2,1.0,0.340764331210191,0.1266198111135515,3830.0,0.4160404978708171,68.76371319246165,21466.32119914347,15935.565011852366,1733.9250000199986,935.692,13265.948011832368,2000.1670000199988,13935.398011832369,12.551591352627522,1,0,0,19.0,19.0,19.0,1.0,1.0,0.0,0.0,1,0,0.0,0.0,0.0,1.0,1.0,0.0,0.0,0.0,0.0,0.0,0,0,0,0,0,0,0,23,3,2021,3,20,5,1,1,2,2,0,1,0.0,1,0,LEVE,0,1
3,2,0.0597408302218317,0,4,1,-7.222726156837997,-79.20615785520997,0,4,0,0,1,1,1,2,887.28,2.0,5,2,1.0,0.0133977597188666,0.0065890621568196,155.0,0.5563774842369664,73.07406660240972,7379.728051391864,15935.565011852366,1733.9250000199986,935.692,13265.948011832368,2000.1670000199988,13935.398011832369,12.551591352627522,2,0,0,33.5,28.0,39.0,1.0,0.0,0.0,0.0,2,0,0.0,1.0,0.0,1.0,0.0,1.0,1.0,0.0,0.0,0.0,0,0,0,0,0,0,0,10,1,2021,3,21,6,1,1,2,2,0,1,0.0,0,1,GRAVE_LESIONADOS,1,1
3,2,0.0420601801010322,0,4,1,-11.103631107497216,-74.69443274237562,0,4,7,1,2,-1,-1,0,5768.608,2.0,3,-1,0.0,0.340764331210191,0.1266198111135515,365.0,0.3896449199426799,73.52944498752588,27485.456102783723,12264.545,1826.4639999999995,1105.5389999999998,9332.542,1588.5359999999996,10676.009,12.952261987705208,2,0,0,30.5,26.0,35.0,1.0,1.0,0.0,1.0,2,0,0.0,0.0,0.0,1.0,1.0,0.0,1.0,0.0,0.0,0.0,0,0,0,0,0,0,0,11,1,2021,3,21,6,1,1,2,2,0,1,0.0,0,0,LEVE,0,5
6,0,0.2105205359103887,2,8,4,-11.999400281006354,-77.0437503319536,0,2,7,0,2,-1,-1,0,6543.555,2.0,-1,-1,1.0,0.4495936745003294,0.4495936745003294,1198.0,0.6853375063928137,80.04346891299102,217176.83083511773,7626.313,1683.4029999999998,1599.0829999999996,4343.827000000001,1814.875,5811.438000000001,23.7975414856432,1,0,1,59.0,59.0,59.0,1.0,1.0,0.0,0.0,1,0,0.0,0.0,0.0,1.0,0.0,1.0,0.0,0.0,1.0,0.0,1,1,1,1,0,0,0,12,2,2021,3,21,6,1,1,0,2,0,1,0.0,0,0,LEVE,0,0
5,2,0.0597408302218317,2,4,1,-5.696099,-78.806165,7,0,0,1,2,-1,-1,0,7758.33400008,2.0,5,2,1.0,0.340764331210191,0.0464528882055787,2133.0,0.5803239946829384,74.49544278598792,102362.46895074946,15935.565011852366,1733.9250000199986,935.692,13265.948011832368,2000.1670000199988,13935.398011832369,12.551591352627522,2,0,0,18.0,18.0,18.0,1.0,1.0,0.0,0.0,2,0,0.0,0.0,1.0,1.0,1.0,0.0,0.0,1.0,1.0,0.0,0,0,0,0,0,0,0,14,2,2021,3,21,6,1,1,2,2,0,1,0.0,1,0,LEVE,0,1
3,2,0.0293213265978475,0,4,0,-6.044007,-77.171703,0,3,0,0,2,-1,-1,2,6543.555,2.0,-1,-1,1.0,0.4495936745003294,0.4495936745003294,1198.0,0.5963332411867256,73.80959983510441,24031.167023554604,5645.136,815.0759999999999,965.298,3864.762,1013.406,4631.73,17.95184385283189,2,0,0,40.0,27.0,53.0,1.0,0.0,0.0,1.0,2,0,0.0,0.0,0.0,1.0,1.0,0.0,1.0,0.0,1.0,0.0,1,1,1,1,0,0,0,18,3,2021,3,21,6,1,1,1,2,0,1,0.0,0,0,LEVE,0,2
3,2,0.0318471337579617,0,4,1,-9.51666637187945,-77.98920716539112,0,4,7,0,2,-1,-1,0,729.0909999999999,1.0,5,2,0.0,0.340764331210191,0.0007687239182956,195.0,0.4604307906078795,79.99924510469356,8571.824411134903,10767.648,1885.0630000000003,1222.721,7659.864000000001,2100.343,8667.305000000002,19.506051832303577,2,0,0,38.5,20.0,57.0,1.0,1.0,0.0,1.0,2,0,0.0,1.0,1.0,0.0,1.0,0.0,1.0,0.0,0.0,0.0,0,0,0,0,0,0,0,19,3,2021,3,21,6,1,1,0,2,0,1,0.0,0,0,LEVE,0,-1
3,2,0.0821436415550186,2,4,1,-15.2710254,-69.895208,5,4,7,0,2,1,1,2,1762.84,2.0,-1,2,0.0,0.340764331210191,0.1266198111135515,485.0,0.3120136684565522,74.56643070176949,12390.518201284798,13642.312999999998,2020.7790000000005,2354.117,9267.416999999998,3314.0520000000006,10328.260999999997,24.29244952817019,2,0,0,41.0,36.0,46.0,1.0,1.0,0.0,0.0,2,0,0.0,0.0,0.0,1.0,1.0,0.0,1.0,0.0,1.0,0.0,0,0,0,0,0,0,0,19,3,2021,3,21,6,1,1,2,2,0,1,0.0,0,0,LEVE,0,4
0,1,0.2105205359103887,2,2,4,-12.00193,-77.087,0,2,7,0,2,-1,-1,2,6543.555,2.0,-1,-1,1.0,0.4495936745003294,0.4495936745003294,1198.0,0.7419979630670723,80.31822295927182,739416.2413542903,7626.313,1683.4029999999998,1599.0829999999996,4343.827000000001,1814.875,5811.438000000001,23.7975414856432,1,0,1,37.0,33.0,40.0,1.0,0.0,0.0,0.0,1,0,0.0,0.0,0.0,1.0,1.0,0.0,0.0,1.0,1.0,0.0,1,1,1,1,1,1,1,20,3,2021,3,21,6,1,1,0,2,0,1,0.0,0,0,LEVE,0,0
1,0,0.0766527564243356,2,4,1,-16.438828,-73.103706,0,3,7,0,2,1,1,4,6639.975,2.0,5,2,1.0,0.340764331210191,0.074236766966835,1616.0,0.6193008310774621,82.69408159482029,4520.503211991434,10322.272,1495.236,1749.739,7077.2970000000005,2886.595,7435.677000000001,27.964725207783708,0,0,1,37.0,33.0,40.0,1.0,0.0,0.0,0.0,1,1,1.0,0.0,0.0,0.0,0.0,0.0,0.0,0.0,0.0,0.0,0,0,0,0,1,1,1,21,3,2021,3,21,6,1,1,0,2,0,1,0.0,0,0,LEVE,0,26
3,2,0.0933450472216121,0,4,1,-7.255380444143223,-79.4904159816797,0,4,0,1,2,-1,-1,2,6543.555,3.0,5,2,1.0,0.1133318690972984,0.1133318690972984,1475.0,0.5650979329787121,81.32490571897102,43897.946466809415,8931.828000000005,1335.5899999999997,1935.9830000000004,5660.255000000005,1219.309,7712.519000000005,13.651281686122925,2,0,0,40.0,30.0,50.0,1.0,0.0,0.0,0.0,2,0,0.0,1.0,0.0,1.0,0.0,1.0,1.0,0.0,1.0,0.0,0,0,0,0,0,0,0,22,3,2021,3,21,6,1,1,0,2,1,1,0.0,1,0,LEVE,0,1
3,2,0.0597408302218317,0,4,1,-6.0517875,-79.1069385,0,4,7,0,2,-1,-1,0,9936.932,2.0,5,2,1.0,0.340764331210191,0.1266198111135515,3830.0,0.5089064260692896,75.49593859459377,6985.957173447538,15935.565011852366,1733.9250000199986,935.692,13265.948011832368,2000.1670000199988,13935.398011832369,12.551591352627522,2,0,0,41.5,36.0,47.0,1.0,0.0,0.0,1.0,2,0,0.0,1.0,0.0,0.0,0.0,0.0,1.0,0.0,0.0,0.0,0,0,0,0,0,0,0,0,0,2021,3,22,0,0,1,2,2,0,1,0.0,0,0,LEVE,0,1
6,1,0.0293213265978475,0,4,1,-6.134287719090137,-76.8424262397659,0,4,0,1,2,-1,-1,2,7758.33400008,2.0,5,2,1.0,0.340764331210191,0.0464528882055787,2133.0,0.3492524985551798,73.87945975179423,16120.93790149893,5645.136,815.0759999999999,965.298,3864.762,1013.406,4631.73,17.95184385283189,1,0,0,51.0,51.0,51.0,1.0,0.0,0.0,0.0,1,0,0.0,1.0,0.0,0.0,0.0,0.0,1.0,0.0,0.0,0.0,0,0,0,0,0,0,0,3,0,2021,3,22,0,0,1,1,2,0,1,0.0,1,0,LEVE,0,2
3,2,0.0766527564243356,2,6,4,-16.388872175538697,-71.57667851196345,0,3,1,1,2,0,1,2,6543.555,2.0,-1,-1,1.0,0.4495936745003294,0.4495936745003294,1198.0,0.6411767862503931,77.2408324916572,193412.3169164882,10322.272,1495.236,1749.739,7077.2970000000005,2886.595,7435.677000000001,27.964725207783708,2,0,0,26.0,20.0,32.0,1.0,0.0,0.0,1.0,2,0,0.0,0.0,1.0,1.0,0.0,0.0,1.0,1.0,0.0,0.0,1,1,1,1,0,0,0,7,1,2021,3,22,0,0,1,0,1,0,1,0.0,0,0,LEVE,0,4
3,2,0.0821436415550186,0,4,2,-15.92643147561958,-70.23046904105486,0,4,5,0,7,-1,-1,2,6543.555,2.0,-1,-1,1.0,0.4495936745003294,0.4495936745003294,1198.0,0.3241649171236626,67.83014337096792,1430.4004282655244,13642.312999999998,2020.7790000000005,2354.117,9267.416999999998,3314.0520000000006,10328.260999999997,24.29244952817019,2,0,0,36.5,29.0,44.0,1.0,0.0,0.0,0.0,2,0,0.0,1.0,0.0,1.0,1.0,0.0,1.0,0.0,1.0,0.0,1,1,1,1,0,0,0,9,1,2021,3,22,0,0,1,2,2,0,1,0.0,0,1,LEVE,0,4
0,0,0.0821436415550186,0,4,1,-13.9932258,-70.4806316,7,4,0,0,2,1,1,4,1761.8050000000003,2.0,5,2,1.0,0.005820338238524,0.005820338238524,410.0,0.4051932975167936,65.49749636446467,13134.7408993576,13642.312999999998,2020.7790000000005,2354.117,9267.416999999998,3314.0520000000006,10328.260999999997,24.29244952817019,1,0,1,55.0,55.0,55.0,1.0,0.0,0.0,0.0,1,0,0.0,1.0,0.0,0.0,0.0,0.0,1.0,0.0,0.0,0.0,0,0,0,0,0,0,0,9,1,2021,3,22,0,0,1,2,2,0,1,0.0,0,0,LEVE,0,4
3,2,0.0059301559411377,0,4,1,-5.724799032198174,-78.47560712182704,7,4,7,0,2,-1,-1,0,7758.33400008,2.0,5,2,1.0,0.340764331210191,0.0464528882055787,2133.0,0.5093941769436129,71.57902961898438,50553.44111349037,3903.732,1155.121,585.018,2163.5930000000003,943.591,2960.1410000000005,24.17151074920102,2,0,0,28.5,26.0,31.0,1.0,1.0,0.0,0.0,2,0,0.0,0.0,0.0,1.0,1.0,1.0,0.0,0.0,1.0,0.0,0,0,0,0,0,0,0,11,1,2021,3,22,0,0,1,1,2,0,1,0.0,0,0,GRAVE_MORTALIDAD,2,1
0,1,0.0821436415550186,0,4,1,-15.5497222,-70.1086111,5,4,7,0,2,1,1,2,7586.903,2.0,5,2,1.0,0.340764331210191,0.067428069404788,1198.0,0.3646929504779869,74.39003066237748,5552.2119914346895,13642.312999999998,2020.7790000000005,2354.117,9267.416999999998,3314.0520000000006,10328.260999999997,24.29244952817019,1,0,1,20.0,20.0,20.0,1.0,1.0,0.0,0.0,1,0,0.0,0.0,0.0,1.0,1.0,0.0,0.0,0.0,1.0,0.0,0,0,0,0,0,0,0,13,2,2021,3,22,0,0,1,2,2,0,1,0.0,0,0,LEVE,0,4
3,2,0.0420601801010322,0,4,1,-11.373984884323086,-74.49930280995058,0,4,0,1,2,-1,-1,2,1337.175,1.0,-1,1,0.0,0.340764331210191,0.1266198111135515,315.0,0.3570817332180048,73.74932476832508,66993.35796966725,12264.545,1826.4639999999995,1105.5389999999998,9332.542,1588.5359999999996,10676.009,12.952261987705208,2,0,0,29.5,25.0,34.0,1.0,0.0,0.0,1.0,2,0,0.0,0.0,0.0,1.0,1.0,0.0,1.0,1.0,0.0,0.0,0,0,0,0,0,0,0,14,2,2021,3,22,0,0,1,2,2,0,1,0.0,1,0,GRAVE_MORTALIDAD,2,5
0,1,0.0597408302218317,0,4,1,-5.55862433981325,-78.80684133885843,7,0,7,0,2,1,0,0,7758.33400008,2.0,5,2,1.0,0.340764331210191,0.0464528882055787,2133.0,0.4823525101155781,74.68609013731242,13071.734475374731,15935.565011852366,1733.9250000199986,935.692,13265.948011832368,2000.1670000199988,13935.398011832369,12.551591352627522,1,0,1,40.0,40.0,40.0,1.0,0.0,0.0,1.0,1,0,0.0,0.0,0.0,1.0,0.0,0.0,1.0,0.0,1.0,0.0,0,0,0,0,0,0,0,12,2,2021,3,23,1,0,1,2,1,0,1,0.0,0,0,LEVE,0,1
3,2,0.0351416648363716,0,4,1,-6.95708341461093,-79.69393886021302,0,4,7,0,2,1,0,0,6543.555,3.0,5,2,1.0,0.1133318690972984,0.1133318690972984,1475.0,0.5328313946151968,80.14557682903842,10221.605995717344,3459.691,515.0619999999999,689.7280000000001,2254.901,703.3549999999999,2756.336,20.329994788551925,2,0,0,56.5,46.0,67.0,1.0,0.0,0.0,0.0,2,0,0.0,1.0,1.0,0.0,0.0,0.0,1.0,0.0,0.0,0.0,0,0,0,0,0,0,0,17,2,2021,3,23,1,0,1,0,1,1,1,0.0,0,0,GRAVE_MORTALIDAD,2,1
0,1,0.0933450472216121,0,4,1,-7.346123,-79.511216,0,4,7,0,2,-1,-1,6,6543.555,3.0,5,2,1.0,0.1133318690972984,0.1133318690972984,1475.0,0.5351117900300902,83.23861437968503,12592.21841541756,8931.828000000005,1335.5899999999997,1935.9830000000004,5660.255000000005,1219.309,7712.519000000005,13.651281686122925,1,0,1,22.0,22.0,22.0,1.0,1.0,0.0,0.0,1,0,0.0,0.0,0.0,1.0,1.0,0.0,0.0,1.0,0.0,0.0,0,0,0,0,0,0,0,19,3,2021,3,23,1,0,1,0,2,1,1,0.0,0,0,LEVE,0,1
6,1,0.0821436415550186,0,4,1,-15.250495244586451,-70.31697922152009,5,4,7,0,2,0,1,6,7586.903,2.0,5,2,1.0,0.340764331210191,0.067428069404788,1198.0,0.3088966561821892,74.36531134621623,2320.8907922912204,13642.312999999998,2020.7790000000005,2354.117,9267.416999999998,3314.0520000000006,10328.260999999997,24.29244952817019,1,0,0,50.0,50.0,50.0,1.0,0.0,0.0,0.0,1,0,0.0,1.0,0.0,0.0,0.0,1.0,0.0,0.0,0.0,0.0,0,0,0,0,0,0,0,19,3,2021,3,23,1,0,1,2,1,0,1,0.0,0,0,LEVE,0,4
3,1,0.2105205359103887,0,2,4,-12.0607,-76.94719,0,2,7,0,2,-1,-1,2,6543.555,2.0,-1,-1,1.0,0.4495936745003294,0.4495936745003294,1198.0,0.8452166148253858,80.64766902313956,160839.29764453962,7626.313,1683.4029999999998,1599.0829999999996,4343.827000000001,1814.875,5811.438000000001,23.7975414856432,2,0,0,20.0,20.0,20.0,1.0,0.0,0.0,0.0,2,0,0.0,0.0,0.0,1.0,1.0,0.0,1.0,0.0,1.0,0.0,1,1,1,1,0,0,0,9,1,2021,3,24,2,0,1,0,2,0,1,0.0,0,0,LEVE,0,0
0,0,0.2105205359103887,2,2,4,-11.945180194293131,-76.71322899549537,7,3,7,1,2,-1,-1,0,6543.555,2.0,-1,-1,1.0,0.4495936745003294,0.4495936745003294,1198.0,0.6831952456039544,78.60873873772867,255143.7301927195,7626.313,1683.4029999999998,1599.0829999999996,4343.827000000001,1814.875,5811.438000000001,23.7975414856432,1,0,1,51.0,51.0,51.0,1.0,0.0,0.0,0.0,1,0,0.0,1.0,0.0,0.0,0.0,0.0,1.0,0.0,0.0,0.0,1,1,1,1,0,0,0,14,2,2021,3,24,2,0,1,0,2,0,1,0.0,0,0,LEVE,0,0
3,1,0.0420601801010322,0,4,1,-10.967878005677097,-74.7917760942454,0,4,1,1,2,-1,-1,0,5768.608,2.0,3,-1,0.0,0.340764331210191,0.1266198111135515,365.0,0.4504704361939795,78.21109613042135,61517.46466809421,12264.545,1826.4639999999995,1105.5389999999998,9332.542,1588.5359999999996,10676.009,12.952261987705208,2,0,0,39.0,18.0,60.0,1.0,1.0,0.0,0.0,2,0,0.0,1.0,0.0,0.0,0.0,0.0,1.0,0.0,1.0,0.0,0,0,0,0,0,0,0,15,2,2021,3,24,2,0,1,2,2,0,1,0.0,0,0,LEVE,0,5
6,1,0.0821436415550186,0,4,2,-14.41044906031268,-70.70375704495181,5,4,7,0,7,-1,-1,2,6543.555,2.0,-1,-1,1.0,0.4495936745003294,0.4495936745003294,1198.0,0.3785159657563678,72.65745241856251,8943.509635974304,13642.312999999998,2020.7790000000005,2354.117,9267.416999999998,3314.0520000000006,10328.260999999997,24.29244952817019,1,0,0,42.0,42.0,42.0,1.0,0.0,0.0,0.0,1,0,0.0,0.0,0.0,1.0,0.0,0.0,1.0,1.0,0.0,0.0,1,1,1,1,0,0,0,19,3,2021,3,24,2,0,1,2,2,0,1,0.0,0,1,GRAVE_LESIONADOS,1,30
6,1,0.0182297386338677,0,4,1,-14.104414840976938,-72.74611625204166,6,5,6,-1,6,-1,-1,0,2176.715,1.0,-1,1,0.0,0.340764331210191,0.1266198111135515,756.0,0.4082419425129512,62.16247406267834,4718.406852248394,8358.971,1282.451,1298.0969999999998,5778.423,1432.683,6926.288,17.139466089785454,1,0,0,45.0,45.0,45.0,1.0,1.0,0.0,0.0,1,0,0.0,0.0,0.0,1.0,0.0,1.0,0.0,0.0,0.0,0.0,0,0,0,0,0,0,0,5,0,2021,3,25,3,0,1,2,2,0,1,0.0,0,0,GRAVE_LESIONADOS,1,4
0,1,0.0766527564243356,2,3,4,-16.400793,-71.54054,0,3,7,0,0,0,1,2,6543.555,2.0,-1,-1,1.0,0.4495936745003294,0.4495936745003294,1198.0,0.7621671359922388,78.82549845032362,42333.23340471092,10322.272,1495.236,1749.739,7077.2970000000005,2886.595,7435.677000000001,27.964725207783708,1,0,1,32.0,32.0,32.0,1.0,1.0,0.0,1.0,1,0,0.0,0.0,0.0,1.0,1.0,0.0,0.0,0.0,0.0,0.0,1,1,1,1,0,0,0,18,3,2021,3,25,3,0,1,0,1,0,1,0.0,0,0,LEVE,0,4
3,2,0.0351416648363716,2,4,1,-6.1578438,-79.7023381,0,0,7,0,2,1,0,0,1305.18,2.0,5,2,1.0,0.0160333845815945,0.0464528882055787,163.0,0.4974674218418852,75.93907983080418,28734.96573875803,3459.691,515.0619999999999,689.7280000000001,2254.901,703.3549999999999,2756.336,20.329994788551925,2,0,0,37.0,22.0,52.0,1.0,0.0,0.0,0.0,2,0,0.0,1.0,0.0,1.0,1.0,0.0,1.0,1.0,1.0,0.0,0,0,0,0,0,0,0,18,3,2021,3,25,3,0,1,0,1,0,1,0.0,0,0,LEVE,0,1
3,2,0.0351416648363716,2,7,4,-6.7654206,-79.8528301,0,3,9,0,2,-1,-1,0,6543.555,2.0,-1,-1,1.0,0.4495936745003294,0.4495936745003294,1198.0,0.6336758582443321,79.57413791335281,284974.83725910063,3459.691,515.0619999999999,689.7280000000001,2254.901,703.3549999999999,2756.336,20.329994788551925,2,1,0,34.0,34.0,34.0,1.0,0.0,0.0,0.0,2,0,0.0,0.0,0.0,1.0,1.0,0.0,0.0,1.0,1.0,0.0,1,1,1,1,0,0,0,19,3,2021,3,25,3,0,1,0,2,0,1,0.5,0,0,LEVE,0,1
5,1,0.0933450472216121,0,4,1,-7.999311010082164,-78.68804637143906,0,4,7,0,2,-1,-1,0,610.6099999999999,2.0,5,2,1.0,0.0133977597188666,0.0065890621568196,100.0,0.2791284879085741,74.57203044034796,5611.197002141327,8931.828000000005,1335.5899999999997,1935.9830000000004,5660.255000000005,1219.309,7712.519000000005,13.651281686122925,2,2,0,37.0,33.0,40.0,0.0,0.0,0.0,0.0,2,1,1.0,0.0,0.0,1.0,0.0,0.0,1.0,0.0,1.0,0.0,0,0,0,0,1,1,1,20,3,2021,3,25,3,0,1,0,2,0,1,1.0,0,0,LEVE,0,1
6,1,0.0161432022842082,0,4,2,-17.311855,-70.31844,0,4,0,1,1,-1,-1,2,6543.555,2.0,-1,-1,1.0,0.4495936745003294,0.4495936745003294,1198.0,0.3985263662738902,71.01710780048441,716.051391862955,2650.572,630.6729999999998,487.3610000000001,1532.5379999999998,1068.7019999999998,1581.87,40.31967439480987,1,0,0,34.0,34.0,34.0,1.0,0.0,0.0,0.0,1,0,0.0,1.0,0.0,0.0,0.0,0.0,1.0,0.0,0.0,0.0,1,1,1,1,0,0,0,3,0,2021,3,26,4,0,1,0,2,0,1,0.0,1,1,LEVE,0,-1