CLASE SINIESTRO,CANTIDAD DE VEHICULOS DAÑADOS,DEPARTAMENTO,ZONA,TIPO DE VÍA,RED VIAL,COORDENADAS LATITUD,COORDENADAS  LONGITUD,CONDICIÓN CLIMÁTICA,ZONIFICACIÓN,CARACTERÍSTICAS DE VÍA,PERFIL LONGITUDINAL VÍA,SUPERFICIE DE CALZADA,¿EXISTE SEÑAL VERTICAL?,¿EXISTE SEÑAL HORIZONTAL?,CAUSA FACTOR PRINCIPAL,MTC_RVN_LONGITUD_KM,MTC_RVN_N_CARRILES_MEDIANA,MTC_RVN_SUPERFICIE_DOMINANTE,MTC_RVN_ESTADO_DOMINANTE,MTC_RVN_ES_CONCESIONADA,MTC_RVN_CONCESION_PRINCIPAL,MTC_RVN_CORREDOR_LOGISTICO,MTC_RVN_N_TRAMOS,IDH_2019,IDH_ESP_VIDA_2019,IDH_POBLACION_2019,MTC_DEP_RED_TOTAL_KM,MTC_DEP_NACIONAL_TOTAL_KM,MTC_DEP_DEPARTAMENTAL_TOTAL_KM,MTC_DEP_VECINAL_TOTAL_KM,MTC_DEP_PAV_TOTAL_KM,MTC_DEP_NO_PAV_TOTAL_KM,MTC_DEP_PCT_PAVIMENTADA,PER_N_CONDUCTORES,PER_N_CONDUCTORES_FUGADOS,PER_N_PEATONES,PER_EDAD_COND_PROM,PER_EDAD_COND_MIN,PER_EDAD_COND_MAX,PER_ANY_COND_MASCULINO,PER_ANY_LIC_PROBLEMA,PER_ANY_DOSAJE_POS,PER_ANY_DOSAJE_EVALUADO,VEH_TOTAL,VEH_N_FUGADOS,VEH_ANY_FUGADO,VEH_ANY_CARGA,VEH_ANY_PUBLICO,VEH_ANY_PARTICULAR,VEH_ANY_MOTO,VEH_ANY_AUTO,VEH_ANY_CAMION_BUS,VEH_ANY_SOAT_PROBLEMA,VEH_ANY_CITV_PROBLEMA,VEH_ANY_SEGURO_PROBLEMA,MTC_RVN_LONGITUD_KM_ERA_NULO,MTC_RVN_N_CARRILES_MEDIANA_ERA_NULO,MTC_RVN_ES_CONCESIONADA_ERA_NULO,MTC_RVN_N_TRAMOS_ERA_NULO,PER_EDAD_COND_PROM_ERA_NULO,PER_EDAD_COND_MIN_ERA_NULO,PER_EDAD_COND_MAX_ERA_NULO,HORA_NUM,FRANJA_HORARIA,ANIO,MES,DIA_MES,DIA_SEMANA,ES_FIN_SEMANA,ES_QUINCENA,REGION_NATURAL,NIVEL_SEÑALIZACION_ORD,ES_VIA_MULTICARRIL,ES_DEPTO_BAJO_PAVIMENTO,RATIO_CONDUCTORES_FUGADOS,ES_CURVA_Y_PENDIENTE,ES_VIA_NO_PAVIMENTADA,CATEGORIA_SEVERIDAD,CATEGORIA_SEVERIDAD_ENC,CLUSTER
6,0,0.2105205359103887,2,2,4,-11.953623,-77.051583,0,3,7,0,2,-1,-1,2,6543.555,2.0,-1,-1,1.0,0.4495936745003294,0.4495936745003294,1198.0,0.7218926988400113,80.0902077245261,530000.3426124197,7626.313,1683.4029999999998,1599.0829999999996,4343.827000000001,1814.875,5811.438000000001,23.7975414856432,1,0,1,37.0,37.0,37.0,1.0,0.0,0.0,1.0,1,0,0.0,0.0,0.0,1.0,0.0,1.0,0.0,0.0,0.0,0.0,1,1,1,1,0,0,0,3,0,2021,3,26,4,0,1,0,2,0,1,0.0,0,0,LEVE,0,0
3,2,0.0161432022842082,2,4,1,-17.986708,-70.210552,0,0,7,1,2,-1,-1,2,800.5849999999999,2.0,5,2,0.0,0.340764331210191,0.1266198111135515,395.0,0.6459537660139725,77.26780813336003,17645.51391862955,2650.572,630.6729999999998,487.3610000000001,1532.5379999999998,1068.7019999999998,1581.87,40.31967439480987,2,0,0,44.5,26.0,63.0,1.0,0.0,0.0,0.0,2,0,0.0,1.0,0.0,1.0,1.0,0.0,1.0,0.0,1.0,0.0,0,0,0,0,0,0,0,4,0,2021,3,26,4,0,1,0,2,0,1,0.0,0,0,LEVE,0,15
6,1,0.0497474192839885,0,4,1,-5.329315,-80.0771,0,4,0,0,2,-1,-1,0,1305.18,2.0,5,2,1.0,0.0160333845815945,0.0464528882055787,163.0,0.3893523155396837,73.6911779276771,12720.513918629553,8965.846000060003,1782.4120000599992,636.9959999999999,6546.438000000004,2214.505000059999,6751.341000000004,24.699342371541725,1,0,0,24.0,24.0,24.0,1.0,0.0,0.0,0.0,1,0,0.0,0.0,0.0,1.0,0.0,1.0,0.0,0.0,0.0,0.0,0,0,0,0,0,0,0,7,1,2021,3,26,4,0,1,0,2,0,1,0.0,0,0,LEVE,0,3
6,1,0.0766527564243356,2,3,4,-16.352045,-72.191188,0,3,0,0,2,-1,-1,2,6543.555,2.0,-1,-1,1.0,0.4495936745003294,0.4495936745003294,1198.0,0.6077843615696785,76.53072135400231,74658.55888650964,10322.272,1495.236,1749.739,7077.2970000000005,2886.595,7435.677000000001,27.964725207783708,1,0,0,28.0,28.0,28.0,1.0,0.0,0.0,0.0,1,0,0.0,0.0,0.0,1.0,1.0,0.0,0.0,1.0,0.0,0.0,1,1,1,1,0,0,0,15,2,2021,3,26,4,0,1,0,2,0,1,0.0,0,0,LEVE,0,4
5,1,0.0351416648363716,0,3,4,-6.704442,-79.903106,0,3,1,0,2,-1,-1,0,6543.555,2.0,-1,-1,1.0,0.4495936745003294,0.4495936745003294,1198.0,0.5539280527450423,74.69452916859504,79617.09421841543,3459.691,515.0619999999999,689.7280000000001,2254.901,703.3549999999999,2756.336,20.329994788551925,2,1,0,67.0,67.0,67.0,1.0,1.0,0.0,0.0,2,1,1.0,0.0,1.0,0.0,1.0,0.0,0.0,1.0,1.0,1.0,1,1,1,1,0,0,0,15,2,2021,3,26,4,0,1,0,2,0,1,0.5,0,0,LEVE,0,1
10,1,0.0597408302218317,0,4,1,-6.90688137,-79.13921384,0,4,0,1,7,-1,-1,6,574.472,1.0,5,1,1.0,0.340764331210191,0.1266198111135515,139.0,0.3297358179669249,74.92304363207737,3130.2912205567445,15935.565011852366,1733.9250000199986,935.692,13265.948011832368,2000.1670000199988,13935.398011832369,12.551591352627522,2,0,0,38.0,35.0,41.0,1.0,1.0,0.0,0.0,2,0,0.0,1.0,0.0,1.0,1.0,0.0,1.0,1.0,1.0,0.0,0,0,0,0,0,0,0,17,2,2021,3,26,4,0,1,2,2,0,1,0.0,1,1,LEVE,0,1
3,2,0.0766527564243356,0,4,1,-16.178638,-71.647253,0,4,0,1,2,-1,-1,2,1504.4250000000002,2.0,5,2,1.0,0.0252580716011421,0.0230617175488688,241.0,0.6005060748875158,78.21704200773246,33335.45824411135,10322.272,1495.236,1749.739,7077.2970000000005,2886.595,7435.677000000001,27.964725207783708,2,0,0,49.0,44.0,54.0,1.0,0.0,0.0,1.0,2,0,0.0,1.0,0.0,0.0,0.0,0.0,1.0,0.0,0.0,0.0,0,0,0,0,0,0,0,18,3,2021,3,26,4,0,1,0,2,0,1,0.0,1,0,GRAVE_LESIONADOS,1,4
3,1,0.0062596090489786,0,4,1,-12.0725992,-69.1198846,6,5,6,-1,6,-1,-1,0,3263.58,2.0,5,2,1.0,0.0080166922907972,0.0080166922907972,566.0,0.525748215792057,74.03823732580896,9162.706638115633,2090.391,399.431,340.021,1350.9389999999996,493.824,1596.5669999999996,23.62352306338862,2,0,0,25.0,20.0,30.0,1.0,1.0,0.0,0.0,2,0,0.0,1.0,0.0,1.0,1.0,0.0,1.0,1.0,1.0,0.0,0,0,0,0,0,0,0,19,3,2021,3,26,4,0,1,1,2,0,1,0.0,0,0,LEVE,0,47
5,1,0.0072479683725016,2,2,4,-3.785814198423744,-73.28995031986766,0,0,1,1,2,0,0,0,6543.555,2.0,-1,-1,1.0,0.4495936745003294,0.4495936745003294,1198.0,0.578134350962316,72.90307998335238,149460.57173447538,1095.5949999999998,128.87099999999998,320.74700000000007,645.9769999999999,274.214,821.381,25.02877431897737,2,1,0,19.0,19.0,19.0,1.0,1.0,0.0,1.0,2,1,1.0,0.0,0.0,1.0,1.0,0.0,0.0,1.0,1.0,0.0,1,1,1,1,0,0,0,20,3,2021,3,26,4,0,1,1,0,0,1,0.5,0,0,LEVE,0,23
6,1,0.0182297386338677,0,4,1,-13.947494514996482,-73.4382497707236,0,4,0,1,2,1,1,2,890.338,1.0,-1,2,0.0,0.340764331210191,0.1266198111135515,295.0,0.1601536752205666,75.4912158493729,2160.3811563169165,8358.971,1282.451,1298.0969999999998,5778.423,1432.683,6926.288,17.139466089785454,1,0,0,19.0,19.0,19.0,1.0,1.0,0.0,0.0,1,0,0.0,0.0,0.0,1.0,1.0,0.0,0.0,1.0,1.0,0.0,0,0,0,0,0,0,0,20,3,2021,3,26,4,0,1,2,2,0,1,0.0,1,0,LEVE,0,4
1,0,0.0161432022842082,2,3,4,-18.053095,-70.253597,0,3,7,0,2,-1,-1,5,6543.555,2.0,-1,-1,1.0,0.4495936745003294,0.4495936745003294,1198.0,0.5563774842369664,77.00938809632027,27932.19700214133,2650.572,630.6729999999998,487.3610000000001,1532.5379999999998,1068.7019999999998,1581.87,40.31967439480987,0,0,1,37.0,33.0,40.0,1.0,0.0,0.0,0.0,1,1,1.0,0.0,0.0,0.0,0.0,0.0,0.0,0.0,0.0,0.0,1,1,1,1,1,1,1,20,3,2021,3,26,4,0,1,0,2,0,1,0.0,0,0,LEVE,0,15
1,1,0.0933450472216121,2,3,4,-8.079445,-79.035751,0,0,1,0,2,-1,-1,0,6543.555,2.0,-1,-1,1.0,0.4495936745003294,0.4495936745003294,1198.0,0.5961574154611067,78.8610661942771,197397.5888650964,8931.828000000005,1335.5899999999997,1935.9830000000004,5660.255000000005,1219.309,7712.519000000005,13.651281686122925,1,1,1,37.0,33.0,40.0,0.0,0.0,0.0,0.0,1,1,1.0,0.0,0.0,0.0,0.0,0.0,0.0,0.0,0.0,0.0,1,1,1,1,1,1,1,21,3,2021,3,26,4,0,1,0,2,0,1,1.0,0,0,LEVE,0,1
3,2,0.2105205359103887,2,2,4,-12.193128,-76.935911,0,3,1,1,2,-1,-1,2,6543.555,2.0,-1,-1,1.0,0.4495936745003294,0.4495936745003294,1198.0,0.689811994580126,79.88015655965044,452660.364025696,7626.313,1683.4029999999998,1599.0829999999996,4343.827000000001,1814.875,5811.438000000001,23.7975414856432,2,0,0,33.0,28.0,38.0,1.0,0.0,0.0,1.0,2,0,0.0,0.0,1.0,1.0,1.0,0.0,1.0,0.0,1.0,0.0,1,1,1,1,0,0,0,22,3,2021,3,26,4,0,1,0,2,0,1,0.0,0,0,LEVE,0,0
3,2,0.0475510652317153,2,4,1,-13.693049,-76.021685,0,3,1,0,2,1,0,2,1679.5849999999998,2.0,5,1,1.0,0.340764331210191,0.0082363276960245,315.0,0.5368583996363854,74.61272186125923,14789.134903640255,3721.461,698.1859999999996,744.866,2278.409,1102.9029999999996,2618.558,29.636290693359403,2,0,0,44.0,39.0,49.0,1.0,0.0,0.0,1.0,2,0,0.0,0.0,1.0,1.0,0.0,1.0,1.0,0.0,0.0,0.0,0,0,0,0,0,0,0,2,0,2021,3,27,5,1,1,0,1,0,1,0.0,0,0,LEVE,0,7
6,1,0.0933450472216121,0,4,2,-8.032453,-78.502576,0,4,7,0,2,-1,-1,0,6543.555,2.0,-1,-1,1.0,0.4495936745003294,0.4495936745003294,1198.0,0.2726428708882756,71.9300278838022,9272.098501070664,8931.828000000005,1335.5899999999997,1935.9830000000004,5660.255000000005,1219.309,7712.519000000005,13.651281686122925,1,0,0,27.0,27.0,27.0,1.0,0.0,0.0,0.0,1,0,0.0,1.0,0.0,0.0,0.0,0.0,1.0,0.0,0.0,0.0,1,1,1,1,0,0,0,7,1,2021,3,27,5,1,1,0,2,0,1,0.0,0,0,LEVE,0,1
9,0,0.2105205359103887,0,4,1,-11.791667,-76.337556,0,4,7,0,2,-1,-1,0,875.67,2.0,5,2,1.0,0.0162530199868218,0.0124094003953437,156.0,0.5875492687605783,71.08096456381881,4714.991434689508,7626.313,1683.4029999999998,1599.0829999999996,4343.827000000001,1814.875,5811.438000000001,23.7975414856432,1,0,0,33.0,33.0,33.0,1.0,0.0,0.0,0.0,1,0,0.0,1.0,0.0,0.0,0.0,0.0,1.0,0.0,0.0,0.0,0,0,0,0,0,0,0,8,1,2021,3,27,5,1,1,0,2,0,1,0.0,0,0,LEVE,0,4
0,1,0.0351416648363716,2,2,4,-6.7039467,-79.9051717,0,0,7,0,2,-1,-1,0,6543.555,2.0,-1,-1,1.0,0.4495936745003294,0.4495936745003294,1198.0,0.5539280527450423,74.69452916859504,79617.09421841543,3459.691,515.0619999999999,689.7280000000001,2254.901,703.3549999999999,2756.336,20.329994788551925,1,0,1,35.0,35.0,35.0,1.0,0.0,0.0,1.0,1,0,0.0,0.0,0.0,0.0,0.0,0.0,1.0,0.0,0.0,0.0,1,1,1,1,0,0,0,13,2,2021,3,27,5,1,1,0,2,0,1,0.0,0,0,LEVE,0,1
3,2,0.2105205359103887,2,4,1,-12.244081782334527,-76.94098072336237,0,3,7,0,2,-1,-1,0,6639.975,2.0,5,2,1.0,0.340764331210191,0.074236766966835,1616.0,0.6990481232857558,80.14597904142546,459161.0728051392,7626.313,1683.4029999999998,1599.0829999999996,4343.827000000001,1814.875,5811.438000000001,23.7975414856432,2,0,0,45.0,40.0,50.0,1.0,0.0,0.0,0.0,2,0,0.0,1.0,0.0,1.0,0.0,1.0,1.0,0.0,1.0,0.0,0,0,0,0,0,0,0,17,2,2021,3,27,5,1,1,0,2,0,1,0.0,0,0,LEVE,0,0
3,1,0.0497474192839885,0,4,1,-4.8322721,-80.2882567,0,4,7,0,2,-1,-1,0,640.6200000000001,2.0,5,1,0.0,0.340764331210191,0.1266198111135515,72.0,0.459857589992435,80.72202071327797,125429.93361884369,8965.846000060003,1782.4120000599992,636.9959999999999,6546.438000000004,2214.505000059999,6751.341000000004,24.699342371541725,2,0,0,53.0,41.0,65.0,1.0,1.0,0.0,0.0,2,0,0.0,0.0,0.0,1.0,0.0,1.0,0.0,0.0,1.0,0.0,0,0,0,0,0,0,0,17,2,2021,3,27,5,1,1,0,2,0,1,0.0,0,0,LEVE,0,3
3,2,0.0766527564243356,2,2,4,-16.419134,-71.538835,0,0,1,0,2,0,1,2,6543.555,2.0,-1,-1,1.0,0.4495936745003294,0.4495936745003294,1198.0,0.7621671359922388,78.82549845032362,42333.23340471092,10322.272,1495.236,1749.739,7077.2970000000005,2886.595,7435.677000000001,27.964725207783708,2,0,0,30.0,27.0,33.0,1.0,0.0,1.0,1.0,2,0,0.0,0.0,0.0,1.0,1.0,1.0,0.0,0.0,0.0,0.0,1,1,1,1,0,0,0,20,3,2021,3,27,5,1,1,0,1,0,1,0.0,0,0,LEVE,0,4
1,1,0.0933450472216121,0,4,1,-7.887445,-79.126379,0,4,7,0,2,-1,-1,0,6543.555,3.0,5,2,1.0,0.1133318690972984,0.1133318690972984,1475.0,0.5721567587688113,77.67102283812494,15563.077087794432,8931.828000000005,1335.5899999999997,1935.9830000000004,5660.255000000005,1219.309,7712.519000000005,13.651281686122925,1,1,1,37.0,33.0,40.0,0.0,0.0,0.0,0.0,1,1,1.0,0.0,0.0,0.0,0.0,0.0,0.0,0.0,0.0,0.0,0,0,0,0,1,1,1,21,3,2021,3,27,5,1,1,0,2,1,1,1.0,0,0,LEVE,0,1
1,1,0.0475510652317153,2,2,4,-14.043545564976254,-75.74112707414302,0,3,7,1,2,-1,-1,0,6543.555,2.0,-1,-1,1.0,0.4495936745003294,0.4495936745003294,1198.0,0.6637216310803388,79.6446050662278,142450.24411134905,3721.461,698.1859999999996,744.866,2278.409,1102.9029999999996,2618.558,29.636290693359403,0,0,1,37.0,33.0,40.0,1.0,0.0,0.0,0.0,1,1,1.0,0.0,0.0,0.0,0.0,0.0,0.0,0.0,0.0,0.0,1,1,1,1,1,1,1,21,3,2021,3,27,5,1,1,0,2,0,1,0.0,0,0,LEVE,0,7
6,1,0.0153744783659125,2,2,4,-12.06490615771504,-77.11599952363943,0,0,7,0,4,-1,-1,2,6543.555,2.0,-1,-1,1.0,0.4495936745003294,0.4495936745003294,1198.0,0.5563774842369664,77.00938809632027,27932.19700214133,51.58600000000001,44.68700000000001,6.899000000000001,0.0,49.838000000000015,1.748,96.61148373589734,1,0,0,42.0,42.0,42.0,1.0,0.0,0.0,0.0,1,0,0.0,0.0,0.0,1.0,1.0,0.0,0.0,0.0,1.0,0.0,1,1,1,1,0,0,0,23,3,2021,3,27,5,1,1,2,2,0,0,0.0,0,0,LEVE,0,0
6,1,0.0933450472216121,0,2,4,-7.185060669048768,-79.51876737032491,0,4,7,0,2,-1,-1,0,6543.555,2.0,-1,-1,1.0,0.4495936745003294,0.4495936745003294,1198.0,0.5269858676904433,78.6949982483802,14505.91006423983,8931.828000000005,1335.5899999999997,1935.9830000000004,5660.255000000005,1219.309,7712.519000000005,13.651281686122925,1,0,0,18.0,18.0,18.0,0.0,1.0,0.0,0.0,1,0,0.0,0.0,0.0,1.0,1.0,0.0,0.0,1.0,0.0,0.0,1,1,1,1,0,0,0,1,0,2021,3,28,6,1,1,0,2,0,1,0.0,0,0,LEVE,0,1
6,1,0.0821436415550186,0,4,3,-14.062846700281092,-68.95309940779988,0,4,0,0,7,-1,-1,2,6543.555,2.0,-1,-1,1.0,0.4495936745003294,0.4495936745003294,1198.0,0.5563774842369664,77.00938809632027,27932.19700214133,13642.312999999998,2020.7790000000005,2354.117,9267.416999999998,3314.0520000000006,10328.260999999997,24.29244952817019,1,0,0,28.0,28.0,28.0,1.0,1.0,0.0,0.0,1,0,0.0,0.0,0.0,1.0,0.0,0.0,1.0,1.0,1.0,0.0,1,1,1,1,0,0,0,5,0,2021,3,28,6,1,1,2,2,0,1,0.0,0,1,LEVE,0,34
3,2,0.0351416648363716,2,4,1,-6.745034,-79.689578,0,3,0,0,2,1,0,0,919.085,2.0,5,1,0.0,0.340764331210191,0.0037338018888644,218.0,0.6225425995267787,81.2291645554815,28888.895074946468,3459.691,515.0619999999999,689.7280000000001,2254.901,703.3549999999999,2756.336,20.329994788551925,2,0,0,41.0,38.0,44.0,1.0,0.0,0.0,0.0,2,0,0.0,0.0,1.0,1.0,1.0,1.0,0.0,0.0,1.0,0.0,0,0,0,0,0,0,0,12,2,2021,3,28,6,1,1,0,1,0,1,0.0,0,0,LEVE,0,1
4,1,0.0475510652317153,2,7,4,-14.045839514156564,-75.74718142237191,0,3,7,0,7,-1,-1,0,6543.555,2.0,-1,-1,1.0,0.4495936745003294,0.4495936745003294,1198.0,0.6350781586942635,79.3721196581268,31104.417558886507,3721.461,698.1859999999996,744.866,2278.409,1102.9029999999996,2618.558,29.636290693359403,1,0,0,27.0,27.0,27.0,0.0,1.0,0.0,1.0,1,0,0.0,1.0,0.0,0.0,1.0,0.0,0.0,0.0,0.0,0.0,1,1,1,1,0,0,0,19,3,2021,3,28,6,1,1,0,2,0,1,0.0,0,1,LEVE,0,7
1,0,0.0821436415550186,0,4,1,-15.520849288682257,-70.17885623135186,5,4,7,0,2,1,1,2,1504.4250000000002,2.0,5,2,1.0,0.0252580716011421,0.0230617175488688,241.0,0.5759734352119,73.55929462493827,232834.39603082248,13642.312999999998,2020.7790000000005,2354.117,9267.416999999998,3314.0520000000006,10328.260999999997,24.29244952817019,1,1,1,37.0,33.0,40.0,0.0,0.0,0.0,0.0,1,1,1.0,0.0,0.0,0.0,0.0,0.0,0.0,0.0,0.0,0.0,0,0,0,0,1,1,1,20,3,2021,3,28,6,1,1,2,2,0,1,1.0,0,0,LEVE,0,4
5,1,0.0497474192839885,2,4,1,-5.181108,-80.57434,0,3,7,0,2,1,1,0,1305.18,2.0,5,2,1.0,0.0160333845815945,0.0464528882055787,163.0,0.6220812987247925,80.20155828147696,159840.92719486082,8965.846000060003,1782.4120000599992,636.9959999999999,6546.438000000004,2214.505000059999,6751.341000000004,24.699342371541725,2,1,0,23.0,23.0,23.0,1.0,0.0,0.0,0.0,2,1,1.0,0.0,0.0,1.0,1.0,0.0,0.0,0.0,1.0,0.0,0,0,0,0,0,0,0,23,3,2021,3,28,6,1,1,0,2,0,1,0.5,0,0,LEVE,0,3
6,1,0.0766527564243356,0,4,0,-16.373756450271028,-72.47942453975892,0,4,0,1,2,-1,-1,2,6543.555,2.0,-1,-1,1.0,0.4495936745003294,0.4495936745003294,1198.0,0.6445408585995467,81.26293480409497,6803.177730192719,10322.272,1495.236,1749.739,7077.2970000000005,2886.595,7435.677000000001,27.964725207783708,1,0,0,55.0,55.0,55.0,1.0,0.0,0.0,1.0,1,0,0.0,0.0,0.0,1.0,0.0,0.0,1.0,0.0,0.0,0.0,1,1,1,1,0,0,0,23,3,2021,3,28,6,1,1,0,2,0,1,0.0,1,0,LEVE,0,4
3,2,0.0131781243136393,2,4,1,-9.987041,-76.244492,0,0,7,0,2,-1,-1,2,9936.932,2.0,5,2,1.0,0.340764331210191,0.1266198111135515,3830.0,0.6216164930359083,73.83445245401661,39141.07922912206,8209.057,1333.4779999999996,791.9770000000001,6083.602,1059.8589999999997,7149.198,12.910849565303296,2,0,0,20.0,19.0,21.0,1.0,0.0,1.0,1.0,2,0,0.0,0.0,1.0,0.0,1.0,0.0,0.0,0.0,1.0,1.0,0,0,0,0,0,0,0,1,0,2021,3,29,0,0,1,2,2,0,1,0.0,0,0,LEVE,0,4
6,1,0.2105205359103887,0,4,1,-10.64844032844232,-77.85044760795031,0,4,7,0,2,-1,-1,0,6543.555,3.0,5,2,1.0,0.1133318690972984,0.1133318690972984,1475.0,0.6268687897946689,82.18096720561557,20521.346895074952,7626.313,1683.4029999999998,1599.0829999999996,4343.827000000001,1814.875,5811.438000000001,23.7975414856432,1,0,0,35.0,35.0,35.0,1.0,0.0,0.0,0.0,1,0,0.0,0.0,0.0,0.0,0.0,0.0,1.0,0.0,0.0,0.0,0,0,0,0,0,0,0,3,0,2021,3,29,0,0,1,0,2,1,1,0.0,0,0,LEVE,0,0
3,2,0.2105205359103887,2,2,4,-12.224975,-76.932972,0,1,1,1,2,-1,-1,2,6543.555,2.0,-1,-1,1.0,0.4495936745003294,0.4495936745003294,1198.0,0.6990481232857558,80.14597904142546,459161.0728051392,7626.313,1683.4029999999998,1599.0829999999996,4343.827000000001,1814.875,5811.438000000001,23.7975414856432,2,0,0,33.0,22.0,44.0,1.0,1.0,0.0,0.0,2,0,0.0,0.0,0.0,1.0,1.0,1.0,0.0,0.0,1.0,0.0,1,1,1,1,0,0,0,5,0,2021,3,29,0,0,1,0,2,0,1,0.0,0,0,LEVE,0,0
3,2,0.2105205359103887,2,2,4,-12.183982,-77.008011,0,3,1,0,2,-1,-1,2,6543.555,2.0,-1,-1,1.0,0.4495936745003294,0.4495936745003294,1198.0,0.7583553928164398,79.82595632107274,333655.3618843683,7626.313,1683.4029999999998,1599.0829999999996,4343.827000000001,1814.875,5811.438000000001,23.7975414856432,2,0,1,37.0,33.0,40.0,1.0,0.0,0.0,0.0,2,0,0.0,0.0,1.0,0.0,0.0,1.0,1.0,0.0,1.0,0.0,1,1,1,1,1,1,1,7,1,2021,3,29,0,0,1,0,2,0,1,0.0,0,0,LEVE,0,0
0,1,0.2105205359103887,2,2,4,-12.027828,-77.001119,0,3,1,0,2,-1,-1,2,6543.555,2.0,-1,-1,1.0,0.4495936745003294,0.4495936745003294,1198.0,0.701053025277506,79.62867561460851,1150285.0494171206,7626.313,1683.4029999999998,1599.0829999999996,4343.827000000001,1814.875,5811.438000000001,23.7975414856432,1,0,1,37.0,33.0,40.0,1.0,0.0,0.0,0.0,1,0,0.0,0.0,0.0,1.0,1.0,0.0,0.0,1.0,1.0,0.0,1,1,1,1,1,1,1,19,3,2021,3,29,0,0,1,0,2,0,1,0.0,0,0,LEVE,0,0
6,1,0.2105205359103887,2,6,4,-11.91039907384613,-77.02092664971087,0,3,1,1,7,-1,-1,0,6543.555,2.0,-1,-1,1.0,0.4495936745003294,0.4495936745003294,1198.0,0.7218926988400113,80.0902077245261,530000.3426124197,7626.313,1683.4029999999998,1599.0829999999996,4343.827000000001,1814.875,5811.438000000001,23.7975414856432,1,0,0,37.0,33.0,40.0,1.0,0.0,0.0,0.0,1,0,0.0,0.0,1.0,0.0,1.0,0.0,0.0,1.0,1.0,1.0,1,1,1,1,1,1,1,20,3,2021,3,29,0,0,1,0,2,0,1,0.0,0,1,LEVE,0,0
6,1,0.2105205359103887,2,4,1,-10.963269842130025,-77.64632993513834,0,4,7,0,2,-1,-1,0,6543.555,3.0,5,2,1.0,0.1133318690972984,0.1133318690972984,1475.0,0.6058977644686256,75.86009868534626,26242.524625267662,7626.313,1683.4029999999998,1599.0829999999996,4343.827000000001,1814.875,5811.438000000001,23.7975414856432,1,0,0,21.0,21.0,21.0,1.0,1.0,0.0,1.0,1,0,0.0,0.0,0.0,1.0,1.0,0.0,0.0,1.0,0.0,0.0,0,0,0,0,0,0,0,6,1,2021,3,30,1,0,1,0,2,1,1,0.0,0,0,LEVE,0,0
3,2,0.0821436415550186,0,4,1,-15.25751,-70.22343,0,4,7,0,2,-1,-1,2,1761.8050000000003,2.0,5,2,1.0,0.005820338238524,0.005820338238524,410.0,0.289549626938555,77.56938441814937,1447.8907922912204,13642.312999999998,2020.7790000000005,2354.117,9267.416999999998,3314.0520000000006,10328.260999999997,24.29244952817019,2,0,0,23.5,23.0,24.0,1.0,1.0,0.0,1.0,2,0,0.0,0.0,0.0,1.0,1.0,1.0,0.0,0.0,1.0,0.0,0,0,0,0,0,0,0,8,1,2021,3,30,1,0,1,2,2,0,1,0.0,0,0,LEVE,0,4
3,3,0.0475510652317153,0,4,1,-14.687108,-75.123428,0,4,7,1,2,1,0,0,6639.975,2.0,5,2,1.0,0.340764331210191,0.074236766966835,1616.0,0.5563774842369664,77.00938809632027,27932.19700214133,3721.461,698.1859999999996,744.866,2278.409,1102.9029999999996,2618.558,29.636290693359403,4,0,0,42.5,37.0,47.0,1.0,0.0,0.0,1.0,4,0,0.0,1.0,0.0,0.0,0.0,0.0,1.0,0.0,0.0,0.0,0,0,0,0,0,0,0,12,2,2021,3,30,1,0,1,0,1,0,1,0.0,0,0,GRAVE_MORTALIDAD,2,8
0,1,0.2105205359103887,0,4,1,-11.494018696999127,-77.30373700042851,7,4,7,0,2,-1,-1,4,6543.555,3.0,5,2,1.0,0.1133318690972984,0.1133318690972984,1475.0,0.6328991168419597,79.8522840328396,65701.61456102783,7626.313,1683.4029999999998,1599.0829999999996,4343.827000000001,1814.875,5811.438000000001,23.7975414856432,1,0,1,54.0,54.0,54.0,1.0,0.0,0.0,1.0,1,0,0.0,0.0,0.0,0.0,0.0,0.0,1.0,0.0,0.0,0.0,0,0,0,0,0,0,0,14,2,2021,3,30,1,0,1,0,2,1,1,0.0,0,0,LEVE,0,0
0,0,0.0821436415550186,0,4,1,-14.9186437,-70.5641597,0,4,7,0,2,0,1,4,7586.903,2.0,5,2,1.0,0.340764331210191,0.067428069404788,1198.0,0.5324613279457675,72.39987766754832,21194.194860813703,13642.312999999998,2020.7790000000005,2354.117,9267.416999999998,3314.0520000000006,10328.260999999997,24.29244952817019,1,0,2,47.0,47.0,47.0,1.0,0.0,0.0,1.0,1,0,0.0,0.0,0.0,1.0,0.0,0.0,1.0,0.0,0.0,0.0,0,0,0,0,0,0,0,15,2,2021,3,30,1,0,1,2,1,0,1,0.0,0,0,LEVE,0,4
3,3,0.0902701515484296,2,4,1,-13.565124,-71.837256,0,3,7,0,2,1,0,2,7586.903,2.0,5,2,1.0,0.340764331210191,0.067428069404788,1198.0,0.5196848738299176,77.87933372563211,6457.1220556745175,17779.13499998999,2097.37099999,2863.123,12818.640999999989,2878.713,14900.421999989989,16.19152450331032,3,0,0,29.666666666666668,24.0,35.0,1.0,0.0,0.0,0.0,3,0,0.0,1.0,1.0,1.0,1.0,0.0,1.0,0.0,1.0,0.0,0,0,0,0,0,0,0,19,3,2021,3,30,1,0,1,2,1,0,1,0.0,0,0,LEVE,0,4