CLASE SINIESTRO,CANTIDAD DE VEHICULOS DAÑADOS,DEPARTAMENTO,ZONA,TIPO DE VÍA,RED VIAL,COORDENADAS LATITUD,COORDENADAS  LONGITUD,CONDICIÓN CLIMÁTICA,ZONIFICACIÓN,CARACTERÍSTICAS DE VÍA,PERFIL LONGITUDINAL VÍA,SUPERFICIE DE CALZADA,¿EXISTE SEÑAL VERTICAL?,¿EXISTE SEÑAL HORIZONTAL?,CAUSA FACTOR PRINCIPAL,MTC_RVN_LONGITUD_KM,MTC_RVN_N_CARRILES_MEDIANA,MTC_RVN_SUPERFICIE_DOMINANTE,MTC_RVN_ESTADO_DOMINANTE,MTC_RVN_ES_CONCESIONADA,MTC_RVN_CONCESION_PRINCIPAL,MTC_RVN_CORREDOR_LOGISTICO,MTC_RVN_N_TRAMOS,IDH_2019,IDH_ESP_VIDA_2019,IDH_POBLACION_2019,MTC_DEP_RED_TOTAL_KM,MTC_DEP_NACIONAL_TOTAL_KM,MTC_DEP_DEPARTAMENTAL_TOTAL_KM,MTC_DEP_VECINAL_TOTAL_KM,MTC_DEP_PAV_TOTAL_KM,MTC_DEP_NO_PAV_TOTAL_KM,MTC_DEP_PCT_PAVIMENTADA,PER_N_CONDUCTORES,PER_N_CONDUCTORES_FUGADOS,PER_N_PEATONES,PER_EDAD_COND_PROM,PER_EDAD_COND_MIN,PER_EDAD_COND_MAX,PER_ANY_COND_MASCULINO,PER_ANY_LIC_PROBLEMA,PER_ANY_DOSAJE_POS,PER_ANY_DOSAJE_EVALUADO,VEH_TOTAL,VEH_N_FUGADOS,VEH_ANY_FUGADO,VEH_ANY_CARGA,VEH_ANY_PUBLICO,VEH_ANY_PARTICULAR,VEH_ANY_MOTO,VEH_ANY_AUTO,VEH_ANY_CAMION_BUS,VEH_ANY_SOAT_PROBLEMA,VEH_ANY_CITV_PROBLEMA,VEH_ANY_SEGURO_PROBLEMA,MTC_RVN_LONGITUD_KM_ERA_NULO,MTC_RVN_N_CARRILES_MEDIANA_ERA_NULO,MTC_RVN_ES_CONCESIONADA_ERA_NULO,MTC_RVN_N_TRAMOS_ERA_NULO,PER_EDAD_COND_PROM_ERA_NULO,PER_EDAD_COND_MIN_ERA_NULO,PER_EDAD_COND_MAX_ERA_NULO,HORA_NUM,FRANJA_HORARIA,ANIO,MES,DIA_MES,DIA_SEMANA,ES_FIN_SEMANA,ES_QUINCENA,REGION_NATURAL,NIVEL_SEÑALIZACION_ORD,ES_VIA_MULTICARRIL,ES_DEPTO_BAJO_PAVIMENTO,RATIO_CONDUCTORES_FUGADOS,ES_CURVA_Y_PENDIENTE,ES_VIA_NO_PAVIMENTADA,CATEGORIA_SEVERIDAD,CATEGORIA_SEVERIDAD_ENC,CLUSTER
3,2,0.0821436415550186,2,6,4,-15.488024833998816,-70.13208385244509,5,0,7,0,2,-1,-1,2,6543.555,2.0,-1,-1,1.0,0.4495936745003294,0.4495936745003294,1198.0,0.5759734352119,73.55929462493827,232834.39603082248,13642.312999999998,2020.7790000000005,2354.117,9267.416999999998,3314.0520000000006,10328.260999999997,24.29244952817019,2,0,0,45.0,28.0,62.0,1.0,1.0,0.0,0.0,2,0,0.0,0.0,0.0,1.0,1.0,1.0,0.0,0.0,1.0,0.0,1,1,1,1,0,0,0,23,3,2021,3,30,1,0,1,2,2,0,1,0.0,0,0,LEVE,0,4
3,2,0.0351416648363716,0,4,0,-6.63742782430162,-79.80798673523505,0,4,7,0,2,-1,-1,0,6543.555,2.0,-1,-1,1.0,0.4495936745003294,0.4495936745003294,1198.0,0.4830691057308139,70.96444951827758,13710.346895074948,3459.691,515.0619999999999,689.7280000000001,2254.901,703.3549999999999,2756.336,20.329994788551925,2,0,0,34.5,34.0,35.0,1.0,0.0,0.0,1.0,2,0,0.0,1.0,0.0,1.0,0.0,1.0,1.0,0.0,0.0,0.0,1,1,1,1,0,0,0,5,0,2021,3,31,2,0,1,0,2,0,1,0.0,0,0,GRAVE_MORTALIDAD,2,1
0,1,0.0293213265978475,2,6,4,-6.49013,-76.36175,0,0,1,0,2,1,1,2,6543.555,2.0,-1,-1,1.0,0.4495936745003294,0.4495936745003294,1198.0,0.6729354303196766,71.95034522710945,76010.20342612421,5645.136,815.0759999999999,965.298,3864.762,1013.406,4631.73,17.95184385283189,1,0,1,23.0,23.0,23.0,1.0,0.0,0.0,1.0,1,0,0.0,0.0,0.0,1.0,1.0,0.0,0.0,0.0,0.0,0.0,1,1,1,1,0,0,0,8,1,2021,3,31,2,0,1,1,2,0,1,0.0,0,0,LEVE,0,2
3,3,0.0213046343070502,0,4,1,-13.046056,-74.224796,2,4,0,0,2,-1,-1,2,7586.903,2.0,5,2,1.0,0.340764331210191,0.067428069404788,1198.0,0.5506252633070053,69.90928763641818,104520.79871520343,12678.733000000004,1805.074000000001,1774.0339999999994,9099.625000000004,2485.375000000001,10193.358000000002,19.602707936195205,3,0,0,30.33333333333333,21.0,47.0,1.0,1.0,0.0,1.0,3,0,0.0,1.0,0.0,1.0,1.0,1.0,1.0,0.0,1.0,0.0,0,0,0,0,0,0,0,10,1,2021,3,31,2,0,1,2,2,0,1,0.0,0,0,GRAVE_LESIONADOS,1,4
7,0,0.2105205359103887,2,4,0,-11.920510256918735,-76.87444854375725,0,2,7,0,2,-1,-1,0,6543.555,2.0,-1,-1,1.0,0.4495936745003294,0.4495936745003294,1198.0,0.3755896560439075,70.63305911269023,3382.7837259100643,7626.313,1683.4029999999998,1599.0829999999996,4343.827000000001,1814.875,5811.438000000001,23.7975414856432,1,0,1,68.0,68.0,68.0,1.0,0.0,0.0,0.0,1,0,0.0,0.0,0.0,1.0,0.0,0.0,1.0,0.0,0.0,0.0,1,1,1,1,0,0,0,15,2,2021,3,31,2,0,1,0,2,0,1,0.0,0,0,LEVE,0,0
0,1,0.0351416648363716,0,4,1,-6.6321239,-79.3980907,0,4,7,0,2,-1,-1,0,919.085,2.0,5,1,0.0,0.340764331210191,0.0037338018888644,218.0,0.5503029539517347,79.99127591066559,18003.3426124197,3459.691,515.0619999999999,689.7280000000001,2254.901,703.3549999999999,2756.336,20.329994788551925,1,0,1,39.0,39.0,39.0,1.0,0.0,0.0,0.0,1,0,0.0,0.0,0.0,1.0,0.0,1.0,0.0,0.0,0.0,0.0,0,0,0,0,0,0,0,15,2,2021,3,31,2,0,1,0,2,0,1,0.0,0,0,LEVE,0,1
0,0,0.2105205359103887,2,2,4,-12.096617,-77.055005,7,3,7,0,2,-1,-1,2,6543.555,2.0,-1,-1,1.0,0.4495936745003294,0.4495936745003294,1198.0,0.7888324174847985,80.35414029442592,53212.44111349037,7626.313,1683.4029999999998,1599.0829999999996,4343.827000000001,1814.875,5811.438000000001,23.7975414856432,1,0,1,53.0,53.0,53.0,1.0,0.0,0.0,0.0,1,0,0.0,0.0,1.0,0.0,0.0,0.0,1.0,0.0,0.0,0.0,1,1,1,1,0,0,0,15,2,2021,3,31,2,0,1,0,2,0,1,0.0,0,0,LEVE,0,0
6,1,0.0420601801010322,0,4,1,-11.948392,-75.325018,2,4,7,0,2,-1,-1,0,196.88,2.0,5,2,1.0,0.0162530199868218,0.1266198111135515,35.0,0.5094324469192663,69.80046164182401,1269.9314775160597,12264.545,1826.4639999999995,1105.5389999999998,9332.542,1588.5359999999996,10676.009,12.952261987705208,1,1,0,27.0,27.0,27.0,1.0,1.0,0.0,0.0,1,0,0.0,0.0,0.0,1.0,1.0,0.0,0.0,0.0,1.0,0.0,0,0,0,0,0,0,0,17,2,2021,3,31,2,0,1,2,2,0,1,1.0,0,0,GRAVE_LESIONADOS,1,4
0,1,0.0318471337579617,0,4,1,-9.269004270679783,-77.67599794945315,2,4,7,0,2,1,1,2,9936.932,2.0,5,2,1.0,0.340764331210191,0.1266198111135515,3830.0,0.4587978361428124,78.55357819250929,3284.7344753747325,10767.648,1885.0630000000003,1222.721,7659.864000000001,2100.343,8667.305000000002,19.506051832303577,1,0,1,17.0,17.0,17.0,1.0,1.0,0.0,1.0,1,0,0.0,0.0,0.0,1.0,1.0,0.0,0.0,1.0,1.0,0.0,0,0,0,0,0,0,0,21,3,2021,3,31,2,0,1,0,2,0,1,0.0,0,0,LEVE,0,20
3,2,0.0933450472216121,0,4,1,-7.715331,-79.310961,0,4,7,0,2,-1,-1,2,6543.555,3.0,5,2,1.0,0.1133318690972984,0.1133318690972984,1475.0,0.5345074857798321,76.79673752589963,27037.03854389721,8931.828000000005,1335.5899999999997,1935.9830000000004,5660.255000000005,1219.309,7712.519000000005,13.651281686122925,2,0,0,38.5,33.0,44.0,1.0,0.0,0.0,0.0,2,0,0.0,1.0,0.0,0.0,1.0,0.0,1.0,1.0,1.0,0.0,0,0,0,0,0,0,0,21,3,2021,3,31,2,0,1,0,2,1,1,0.0,0,0,LEVE,0,1
0,1,0.2105205359103887,2,2,4,-12.2617770804141,-76.8831283306641,0,3,7,0,2,-1,-1,4,6543.555,2.0,-1,-1,1.0,0.4495936745003294,0.4495936745003294,1198.0,0.6909236767275176,78.41626133969348,95908.53319057816,7626.313,1683.4029999999998,1599.0829999999996,4343.827000000001,1814.875,5811.438000000001,23.7975414856432,1,0,1,37.0,33.0,40.0,1.0,0.0,0.0,0.0,1,0,0.0,0.0,0.0,1.0,0.0,1.0,0.0,0.0,1.0,0.0,1,1,1,1,1,1,1,21,3,2021,3,31,2,0,1,0,2,0,1,0.0,0,0,LEVE,0,0
1,2,0.0933450472216121,0,4,1,-7.839252,-79.152646,0,4,7,0,2,-1,-1,0,6543.555,3.0,5,2,1.0,0.1133318690972984,0.1133318690972984,1475.0,0.5721567587688113,77.67102283812494,15563.077087794432,8931.828000000005,1335.5899999999997,1935.9830000000004,5660.255000000005,1219.309,7712.519000000005,13.651281686122925,1,1,1,37.0,33.0,40.0,0.0,0.0,0.0,0.0,1,1,1.0,0.0,0.0,0.0,0.0,0.0,0.0,0.0,0.0,1.0,0,0,0,0,1,1,1,3,0,2021,4,1,3,0,0,0,2,1,1,1.0,0,0,LEVE,0,1
3,1,0.0318471337579617,2,4,1,-9.15999212082273,-78.49698374553051,0,3,7,0,2,-1,-1,0,6543.555,3.0,5,2,1.0,0.1133318690972984,0.1133318690972984,1475.0,0.6459598096056908,78.63908715089502,175440.59743040687,10767.648,1885.0630000000003,1222.721,7659.864000000001,2100.343,8667.305000000002,19.506051832303577,2,0,0,47.0,43.0,51.0,1.0,0.0,0.0,0.0,2,0,0.0,1.0,0.0,0.0,0.0,0.0,1.0,0.0,0.0,0.0,0,0,0,0,0,0,0,4,0,2021,4,1,3,0,0,0,2,1,1,0.0,0,0,GRAVE_MORTALIDAD,2,1
3,2,0.0072479683725016,2,3,4,-3.727735,-73.247409,0,0,7,0,2,-1,-1,2,6543.555,2.0,-1,-1,1.0,0.4495936745003294,0.4495936745003294,1198.0,0.5706668125918415,75.09964516635742,86909.8886509636,1095.5949999999998,128.87099999999998,320.74700000000007,645.9769999999999,274.214,821.381,25.02877431897737,2,0,0,44.5,40.0,49.0,1.0,1.0,0.0,1.0,2,0,0.0,0.0,0.0,1.0,1.0,0.0,0.0,1.0,1.0,0.0,1,1,1,1,0,0,0,7,1,2021,4,1,3,0,0,1,2,0,1,0.0,0,0,LEVE,0,23
6,1,0.0420601801010322,0,4,2,-11.441708317287668,-75.53182458966285,0,4,7,1,2,-1,-1,0,6543.555,2.0,-1,-1,1.0,0.4495936745003294,0.4495936745003294,1198.0,0.2783009324476304,76.27831804549716,5155.263383297644,12264.545,1826.4639999999995,1105.5389999999998,9332.542,1588.5359999999996,10676.009,12.952261987705208,1,0,0,50.0,50.0,50.0,1.0,0.0,0.0,0.0,1,0,0.0,1.0,0.0,0.0,0.0,0.0,1.0,0.0,0.0,0.0,1,1,1,1,0,0,0,8,1,2021,4,1,3,0,0,2,2,0,1,0.0,0,0,LEVE,0,4
7,1,0.0213046343070502,2,4,1,-13.16257,-74.2396644,0,1,0,0,2,-1,-1,6,1679.5849999999998,2.0,5,1,1.0,0.340764331210191,0.0082363276960245,315.0,0.5506252633070053,69.90928763641818,104520.79871520343,12678.733000000004,1805.074000000001,1774.0339999999994,9099.625000000004,2485.375000000001,10193.358000000002,19.602707936195205,1,0,1,32.0,32.0,32.0,1.0,0.0,0.0,1.0,1,0,0.0,1.0,0.0,0.0,0.0,0.0,1.0,0.0,0.0,0.0,0,0,0,0,0,0,0,8,1,2021,4,1,3,0,0,2,2,0,1,0.0,0,0,LEVE,0,4
0,1,0.0821436415550186,0,4,0,-16.094171,-69.544627,0,4,7,0,2,-1,-1,4,6543.555,2.0,-1,-1,1.0,0.4495936745003294,0.4495936745003294,1198.0,0.2613641192883233,79.6090612964439,10083.702355460387,13642.312999999998,2020.7790000000005,2354.117,9267.416999999998,3314.0520000000006,10328.260999999997,24.29244952817019,1,0,1,21.0,21.0,21.0,1.0,1.0,0.0,0.0,1,0,0.0,0.0,0.0,1.0,1.0,0.0,0.0,1.0,1.0,0.0,1,1,1,1,0,0,0,9,1,2021,4,1,3,0,0,2,2,0,1,0.0,0,0,LEVE,0,4
6,1,0.0153744783659125,2,2,4,-11.91868873071722,-77.1287114439881,0,2,7,0,4,-1,-1,2,6543.555,2.0,-1,-1,1.0,0.4495936745003294,0.4495936745003294,1198.0,0.5563774842369664,77.00938809632027,27932.19700214133,51.58600000000001,44.68700000000001,6.899000000000001,0.0,49.838000000000015,1.748,96.61148373589734,1,0,0,32.0,32.0,32.0,1.0,0.0,0.0,0.0,1,0,0.0,0.0,0.0,1.0,0.0,1.0,0.0,0.0,0.0,0.0,1,1,1,1,0,0,0,21,3,2021,4,1,3,0,0,2,2,0,0,0.0,0,0,GRAVE_MORTALIDAD,2,0
6,1,0.0597408302218317,0,4,2,-6.69908934,-78.4326443,2,4,7,1,1,-1,-1,0,6543.555,2.0,-1,-1,1.0,0.4495936745003294,0.4495936745003294,1198.0,0.3484871558022944,76.33677469666252,76209.5845824411,15935.565011852366,1733.9250000199986,935.692,13265.948011832368,2000.1670000199988,13935.398011832369,12.551591352627522,1,0,0,45.0,45.0,45.0,1.0,1.0,0.0,0.0,1,0,0.0,1.0,0.0,0.0,0.0,0.0,1.0,0.0,0.0,0.0,1,1,1,1,0,0,0,22,3,2021,4,1,3,0,0,2,2,0,1,0.0,0,1,GRAVE_LESIONADOS,1,1
0,1,0.0351416648363716,2,2,4,-6.750371,-79.829915,7,3,1,0,4,-1,-1,2,6543.555,2.0,-1,-1,1.0,0.4495936745003294,0.4495936745003294,1198.0,0.5415697888341857,80.94178299597955,183060.58029978588,3459.691,515.0619999999999,689.7280000000001,2254.901,703.3549999999999,2756.336,20.329994788551925,1,0,1,42.0,42.0,42.0,1.0,1.0,0.0,1.0,1,0,0.0,0.0,0.0,1.0,1.0,0.0,0.0,0.0,1.0,0.0,1,1,1,1,0,0,0,7,1,2021,4,2,4,0,0,0,2,0,1,0.0,0,0,LEVE,0,1
0,1,0.0161432022842082,2,4,1,-18.029503,-70.264294,7,3,7,1,2,1,1,4,6639.975,2.0,5,2,1.0,0.340764331210191,0.074236766966835,1616.0,0.6966125262955101,76.67066141771582,74177.24411134903,2650.572,630.6729999999998,487.3610000000001,1532.5379999999998,1068.7019999999998,1581.87,40.31967439480987,1,0,1,34.0,34.0,34.0,1.0,0.0,0.0,0.0,1,0,0.0,0.0,0.0,0.0,0.0,1.0,0.0,0.0,0.0,0.0,0,0,0,0,0,0,0,13,2,2021,4,2,4,0,0,0,2,0,1,0.0,0,0,LEVE,0,15
6,1,0.0766527564243356,2,3,4,-16.419573506649474,-71.50312824858133,0,3,1,1,2,0,1,2,6543.555,2.0,-1,-1,1.0,0.4495936745003294,0.4495936745003294,1198.0,0.6497628344872909,78.50677470622946,126056.75374732334,10322.272,1495.236,1749.739,7077.2970000000005,2886.595,7435.677000000001,27.964725207783708,1,0,0,30.0,30.0,30.0,1.0,1.0,0.0,0.0,1,0,0.0,0.0,0.0,1.0,1.0,0.0,0.0,0.0,0.0,0.0,1,1,1,1,0,0,0,6,1,2021,4,3,5,1,0,0,1,0,1,0.0,0,0,LEVE,0,4
0,1,0.0131781243136393,2,2,4,-9.938782,-76.244047,0,0,7,0,2,-1,-1,2,6543.555,2.0,-1,-1,1.0,0.4495936745003294,0.4495936745003294,1198.0,0.6180444460983137,74.03039022888252,74635.5374732334,8209.057,1333.4779999999996,791.9770000000001,6083.602,1059.8589999999997,7149.198,12.910849565303296,1,1,1,26.0,26.0,26.0,1.0,0.0,1.0,1.0,1,0,0.0,0.0,0.0,1.0,0.0,1.0,0.0,1.0,1.0,0.0,1,1,1,1,0,0,0,7,1,2021,4,3,5,1,0,2,2,0,1,1.0,0,0,LEVE,0,4
0,1,0.2105205359103887,0,2,4,-12.015548,-77.052266,0,2,7,0,2,-1,-1,4,6543.555,2.0,-1,-1,1.0,0.4495936745003294,0.4495936745003294,1198.0,0.7419979630670723,80.31822295927182,739416.2413542903,7626.313,1683.4029999999998,1599.0829999999996,4343.827000000001,1814.875,5811.438000000001,23.7975414856432,1,0,1,47.0,47.0,47.0,1.0,1.0,0.0,0.0,1,0,0.0,0.0,0.0,1.0,0.0,1.0,0.0,1.0,0.0,0.0,1,1,1,1,0,0,0,10,1,2021,4,3,5,1,0,0,2,0,1,0.0,0,0,LEVE,0,0
6,1,0.0902701515484296,0,4,3,-13.93799,-71.619028188,0,4,0,1,7,-1,-1,6,6543.555,2.0,-1,-1,1.0,0.4495936745003294,0.4495936745003294,1198.0,0.2839733004600617,60.62202310654004,3215.259100642398,17779.13499998999,2097.37099999,2863.123,12818.640999999989,2878.713,14900.421999989989,16.19152450331032,1,0,0,29.0,29.0,29.0,1.0,1.0,0.0,0.0,1,0,0.0,1.0,0.0,0.0,1.0,0.0,0.0,1.0,0.0,0.0,1,1,1,1,0,0,0,13,2,2021,4,3,5,1,0,2,2,0,1,0.0,1,1,LEVE,0,4
0,1,0.0318471337579617,0,4,1,-9.12154631379743,-77.76274894606632,5,4,7,0,2,1,0,2,9936.932,2.0,5,2,1.0,0.340764331210191,0.1266198111135515,3830.0,0.4225175571417921,72.0073136099048,21231.4068522484,10767.648,1885.0630000000003,1222.721,7659.864000000001,2100.343,8667.305000000002,19.506051832303577,1,0,1,40.0,40.0,40.0,1.0,0.0,0.0,1.0,1,0,0.0,0.0,0.0,1.0,0.0,0.0,1.0,0.0,0.0,0.0,0,0,0,0,0,0,0,13,2,2021,4,3,5,1,0,0,1,0,1,0.0,0,0,LEVE,0,20
6,1,0.0475510652317153,2,4,1,-13.93082,-75.925659,0,3,7,0,2,-1,-1,2,6639.975,2.0,5,2,1.0,0.340764331210191,0.074236766966835,1616.0,0.6053164595604621,78.88848309050202,27932.19700214133,3721.461,698.1859999999996,744.866,2278.409,1102.9029999999996,2618.558,29.636290693359403,1,0,0,36.0,36.0,36.0,1.0,0.0,1.0,1.0,1,0,0.0,0.0,0.0,0.0,0.0,0.0,1.0,0.0,0.0,0.0,0,0,0,0,0,0,0,4,0,2021,4,4,6,1,0,0,2,0,1,0.0,0,0,GRAVE_LESIONADOS,1,7
0,1,0.0497474192839885,2,3,4,-4.909915205679431,-80.68494015346894,0,4,7,0,1,-1,-1,2,6543.555,2.0,-1,-1,1.0,0.4495936745003294,0.4495936745003294,1198.0,0.5657000696312142,79.93504063107561,181599.8115631692,8965.846000060003,1782.4120000599992,636.9959999999999,6546.438000000004,2214.505000059999,6751.341000000004,24.699342371541725,1,0,1,34.0,34.0,34.0,1.0,0.0,0.0,1.0,1,0,0.0,1.0,0.0,0.0,1.0,0.0,0.0,1.0,1.0,1.0,1,1,1,1,0,0,0,12,2,2021,4,4,6,1,0,0,2,0,1,0.0,0,1,LEVE,0,3
3,2,0.0420601801010322,2,6,4,-12.0738047,-75.210433317,0,0,1,0,2,-1,-1,0,6543.555,2.0,-1,-1,1.0,0.4495936745003294,0.4495936745003294,1198.0,0.6083413875375813,71.66982597817598,119236.36616702356,12264.545,1826.4639999999995,1105.5389999999998,9332.542,1588.5359999999996,10676.009,12.952261987705208,2,0,0,48.5,24.0,73.0,1.0,1.0,0.0,1.0,2,0,0.0,0.0,0.0,1.0,1.0,0.0,0.0,0.0,1.0,0.0,1,1,1,1,0,0,0,14,2,2021,4,4,6,1,0,2,2,0,1,0.0,0,0,LEVE,0,4
3,2,0.0933450472216121,0,4,1,-7.156068,-79.444243,0,4,7,0,2,-1,-1,2,6543.555,3.0,5,2,1.0,0.1133318690972984,0.1133318690972984,1475.0,0.5114727232493018,78.60606800160349,24701.19700214133,8931.828000000005,1335.5899999999997,1935.9830000000004,5660.255000000005,1219.309,7712.519000000005,13.651281686122925,2,0,0,52.0,52.0,52.0,1.0,0.0,0.0,0.0,2,0,0.0,1.0,0.0,1.0,1.0,0.0,1.0,1.0,1.0,0.0,0,0,0,0,0,0,0,17,2,2021,4,4,6,1,0,0,2,1,1,0.0,0,0,LEVE,0,1
6,1,0.0497474192839885,0,4,1,-5.008129,-79.713425,0,4,0,1,7,-1,-1,0,892.7650002999999,-1.0,-1,2,0.0,0.340764331210191,0.1266198111135515,790.0,0.1900070040755593,67.02551393447025,22544.957173447536,8965.846000060003,1782.4120000599992,636.9959999999999,6546.438000000004,2214.505000059999,6751.341000000004,24.699342371541725,1,0,0,63.0,63.0,63.0,1.0,0.0,0.0,0.0,1,0,0.0,0.0,0.0,0.0,0.0,0.0,0.0,0.0,0.0,0.0,0,0,0,0,0,0,0,17,2,2021,4,4,6,1,0,0,2,0,1,0.0,1,1,LEVE,0,3
3,2,0.0318471337579617,0,4,1,-9.44103432558107,-77.54961201855198,5,4,0,1,2,0,1,2,9936.932,2.0,5,2,1.0,0.340764331210191,0.1266198111135515,3830.0,0.4494840816302098,76.58174958748486,6289.884368308352,10767.648,1885.0630000000003,1222.721,7659.864000000001,2100.343,8667.305000000002,19.506051832303577,2,0,0,46.5,41.0,52.0,1.0,0.0,0.0,1.0,2,0,0.0,1.0,0.0,0.0,1.0,0.0,1.0,0.0,1.0,0.0,0,0,0,0,0,0,0,19,3,2021,4,4,6,1,0,0,1,0,1,0.0,1,0,LEVE,0,20
6,1,0.0182297386338677,0,4,3,-13.5634716,-73.4540211,2,4,0,1,7,-1,-1,5,6543.555,2.0,-1,-1,1.0,0.4495936745003294,0.4495936745003294,1198.0,0.4793125427546004,75.37161635090715,17232.488222698074,8358.971,1282.451,1298.0969999999998,5778.423,1432.683,6926.288,17.139466089785454,1,0,0,46.0,46.0,46.0,1.0,0.0,0.0,0.0,1,0,0.0,0.0,0.0,1.0,0.0,0.0,1.0,0.0,0.0,0.0,1,1,1,1,0,0,0,21,3,2021,4,4,6,1,0,2,2,0,1,0.0,1,1,LEVE,0,4
0,1,0.2105205359103887,2,4,1,-10.928013700836738,-77.65143687572593,0,1,7,0,2,1,0,4,6543.555,3.0,5,2,1.0,0.1133318690972984,0.1133318690972984,1475.0,0.6058977644686256,75.86009868534626,26242.524625267662,7626.313,1683.4029999999998,1599.0829999999996,4343.827000000001,1814.875,5811.438000000001,23.7975414856432,1,0,1,45.0,45.0,45.0,1.0,1.0,0.0,1.0,1,0,0.0,0.0,1.0,0.0,0.0,0.0,1.0,0.0,0.0,0.0,0,0,0,0,0,0,0,21,3,2021,4,4,6,1,0,0,1,1,1,0.0,0,0,LEVE,0,0
5,1,0.0902701515484296,2,4,1,-14.184078,-71.351995,0,4,7,0,2,-1,-1,0,7586.903,2.0,5,2,1.0,0.340764331210191,0.067428069404788,1198.0,0.4107458749971457,72.1547719826022,2466.282655246253,17779.13499998999,2097.37099999,2863.123,12818.640999999989,2878.713,14900.421999989989,16.19152450331032,2,1,0,63.0,63.0,63.0,1.0,1.0,0.0,0.0,2,1,1.0,0.0,0.0,1.0,0.0,0.0,0.0,0.0,1.0,0.0,0,0,0,0,0,0,0,22,3,2021,4,4,6,1,0,2,2,0,1,0.5,0,0,LEVE,0,4
3,2,0.0193279156600043,0,4,1,-13.44379,-74.964815,0,4,7,0,2,-1,-1,2,1679.5849999999998,2.0,5,1,1.0,0.340764331210191,0.0082363276960245,315.0,0.2997946406100768,72.83003345209801,3327.8779443254816,8511.426,1445.3929999999996,2008.516,5057.516999999999,1879.579,6631.846999999998,22.08300935706896,2,0,0,37.0,24.0,50.0,1.0,0.0,1.0,1.0,2,0,0.0,0.0,0.0,1.0,0.0,1.0,0.0,0.0,0.0,0.0,0,0,0,0,0,0,0,7,1,2021,4,5,0,0,0,2,2,0,1,0.0,0,0,GRAVE_LESIONADOS,1,4
0,0,0.0902701515484296,2,2,4,-13.53252,-71.929495,0,3,7,0,2,-1,-1,4,6543.555,2.0,-1,-1,1.0,0.4495936745003294,0.4495936745003294,1198.0,0.6806292796157144,77.51447806142957,131240.7944325482,17779.13499998999,2097.37099999,2863.123,12818.640999999989,2878.713,14900.421999989989,16.19152450331032,1,0,1,61.0,61.0,61.0,1.0,0.0,0.0,0.0,1,0,0.0,1.0,0.0,0.0,0.0,0.0,1.0,0.0,0.0,0.0,1,1,1,1,0,0,0,13,2,2021,4,5,0,0,0,2,2,0,1,0.0,0,0,LEVE,0,4
6,1,0.0318471337579617,0,4,2,-10.179600375182709,-77.47241302532659,7,4,0,0,1,-1,-1,2,6543.555,2.0,-1,-1,1.0,0.4495936745003294,0.4495936745003294,1198.0,0.3698277092299585,75.50696542030133,931.1113490364024,10767.648,1885.0630000000003,1222.721,7659.864000000001,2100.343,8667.305000000002,19.506051832303577,1,0,0,26.0,26.0,26.0,1.0,0.0,0.0,0.0,1,0,0.0,0.0,0.0,1.0,0.0,1.0,0.0,0.0,1.0,0.0,1,1,1,1,0,0,0,14,2,2021,4,5,0,0,0,0,2,0,1,0.0,0,1,GRAVE_MORTALIDAD,2,20
3,2,0.0597408302218317,2,6,4,-7.15509546,-78.51223546,0,1,7,0,4,1,1,2,6543.555,2.0,-1,-1,1.0,0.4495936745003294,0.4495936745003294,1198.0,0.6070175276741574,73.19224654097276,257380.9443254818,15935.565011852366,1733.9250000199986,935.692,13265.948011832368,2000.1670000199988,13935.398011832369,12.551591352627522,2,0,0,33.0,32.0,34.0,1.0,1.0,0.0,0.0,2,0,0.0,1.0,1.0,0.0,1.0,0.0,1.0,0.0,0.0,0.0,1,1,1,1,0,0,0,14,2,2021,4,5,0,0,0,2,2,0,1,0.0,0,0,LEVE,0,1
6,1,0.0821436415550186,0,4,0,-14.133438,-69.683171,5,4,0,1,7,-1,-1,2,6543.555,2.0,-1,-1,1.0,0.4495936745003294,0.4495936745003294,1198.0,0.4054636753271492,71.11425203779537,3926.3961456102784,13642.312999999998,2020.7790000000005,2354.117,9267.416999999998,3314.0520000000006,10328.260999999997,24.29244952817019,1,0,0,31.0,31.0,31.0,1.0,0.0,0.0,1.0,1,0,0.0,0.0,1.0,0.0,0.0,0.0,1.0,0.0,0.0,0.0,1,1,1,1,0,0,0,15,2,2021,4,5,0,0,0,2,2,0,1,0.0,1,1,GRAVE_MORTALIDAD,2,-1
3,2,0.0213046343070502,0,4,1,-13.2162044,-74.2269812,0,4,0,0,2,1,0,2,7586.903,2.0,5,2,1.0,0.340764331210191,0.067428069404788,1198.0,0.5305121431560528,73.7668210059112,27605.87794432548,12678.733000000004,1805.074000000001,1774.0339999999994,9099.625000000004,2485.375000000001,10193.358000000002,19.602707936195205,2,0,0,30.0,29.0,31.0,1.0,0.0,1.0,1.0,2,0,0.0,0.0,0.0,1.0,1.0,0.0,1.0,1.0,1.0,0.0,0,0,0,0,0,0,0,17,2,2021,4,5,0,0,0,2,1,0,1,0.0,0,0,LEVE,0,4