CLASE SINIESTRO,CANTIDAD DE VEHICULOS DAÑADOS,DEPARTAMENTO,ZONA,TIPO DE VÍA,RED VIAL,COORDENADAS LATITUD,COORDENADAS  LONGITUD,CONDICIÓN CLIMÁTICA,ZONIFICACIÓN,CARACTERÍSTICAS DE VÍA,PERFIL LONGITUDINAL VÍA,SUPERFICIE DE CALZADA,¿EXISTE SEÑAL VERTICAL?,¿EXISTE SEÑAL HORIZONTAL?,CAUSA FACTOR PRINCIPAL,MTC_RVN_LONGITUD_KM,MTC_RVN_N_CARRILES_MEDIANA,MTC_RVN_SUPERFICIE_DOMINANTE,MTC_RVN_ESTADO_DOMINANTE,MTC_RVN_ES_CONCESIONADA,MTC_RVN_CONCESION_PRINCIPAL,MTC_RVN_CORREDOR_LOGISTICO,MTC_RVN_N_TRAMOS,IDH_2019,IDH_ESP_VIDA_2019,IDH_POBLACION_2019,MTC_DEP_RED_TOTAL_KM,MTC_DEP_NACIONAL_TOTAL_KM,MTC_DEP_DEPARTAMENTAL_TOTAL_KM,MTC_DEP_VECINAL_TOTAL_KM,MTC_DEP_PAV_TOTAL_KM,MTC_DEP_NO_PAV_TOTAL_KM,MTC_DEP_PCT_PAVIMENTADA,PER_N_CONDUCTORES,PER_N_CONDUCTORES_FUGADOS,PER_N_PEATONES,PER_EDAD_COND_PROM,PER_EDAD_COND_MIN,PER_EDAD_COND_MAX,PER_ANY_COND_MASCULINO,PER_ANY_LIC_PROBLEMA,PER_ANY_DOSAJE_POS,PER_ANY_DOSAJE_EVALUADO,VEH_TOTAL,VEH_N_FUGADOS,VEH_ANY_FUGADO,VEH_ANY_CARGA,VEH_ANY_PUBLICO,VEH_ANY_PARTICULAR,VEH_ANY_MOTO,VEH_ANY_AUTO,VEH_ANY_CAMION_BUS,VEH_ANY_SOAT_PROBLEMA,VEH_ANY_CITV_PROBLEMA,VEH_ANY_SEGURO_PROBLEMA,MTC_RVN_LONGITUD_KM_ERA_NULO,MTC_RVN_N_CARRILES_MEDIANA_ERA_NULO,MTC_RVN_ES_CONCESIONADA_ERA_NULO,MTC_RVN_N_TRAMOS_ERA_NULO,PER_EDAD_COND_PROM_ERA_NULO,PER_EDAD_COND_MIN_ERA_NULO,PER_EDAD_COND_MAX_ERA_NULO,HORA_NUM,FRANJA_HORARIA,ANIO,MES,DIA_MES,DIA_SEMANA,ES_FIN_SEMANA,ES_QUINCENA,REGION_NATURAL,NIVEL_SEÑALIZACION_ORD,ES_VIA_MULTICARRIL,ES_DEPTO_BAJO_PAVIMENTO,RATIO_CONDUCTORES_FUGADOS,ES_CURVA_Y_PENDIENTE,ES_VIA_NO_PAVIMENTADA,CATEGORIA_SEVERIDAD,CATEGORIA_SEVERIDAD_ENC,CLUSTER
5,1,0.0420601801010322,0,4,1,-11.30223695862583,-74.54661386778807,0,4,0,0,2,-1,-1,0,5768.608,2.0,3,-1,0.0,0.340764331210191,0.1266198111135515,365.0,0.4285012061956566,75.41084938147766,59216.39149500083,12264.545,1826.4639999999995,1105.5389999999998,9332.542,1588.5359999999996,10676.009,12.952261987705208,2,0,0,47.0,44.0,50.0,1.0,0.0,0.0,0.0,2,0,0.0,0.0,0.0,1.0,1.0,0.0,1.0,0.0,0.0,0.0,0,0,0,0,0,0,0,18,3,2021,4,5,0,0,0,2,2,0,1,0.0,0,0,LEVE,0,5
6,1,0.0182297386338677,0,4,1,-14.065016610059931,-72.06663619986575,0,4,5,0,2,1,0,2,781.9099999999999,-1.0,2,1,0.0,0.340764331210191,0.1266198111135515,75.0,0.2890033757841554,71.08739551307794,5861.336188436831,8358.971,1282.451,1298.0969999999998,5778.423,1432.683,6926.288,17.139466089785454,1,0,0,43.0,43.0,43.0,1.0,0.0,0.0,0.0,1,0,0.0,1.0,0.0,0.0,0.0,0.0,1.0,0.0,0.0,0.0,0,0,0,0,0,0,0,20,3,2021,4,5,0,0,0,2,1,0,1,0.0,0,0,LEVE,0,4
6,1,0.0597408302218317,0,4,1,-7.165161,-78.83830201,2,4,0,1,2,1,1,2,372.674,2.0,5,2,1.0,0.0133977597188666,0.1266198111135515,66.0,0.2737187302851982,67.63966633396905,4122.6017130620985,15935.565011852366,1733.9250000199986,935.692,13265.948011832368,2000.1670000199988,13935.398011832369,12.551591352627522,1,0,0,22.0,22.0,22.0,1.0,1.0,0.0,1.0,1,0,0.0,0.0,0.0,1.0,0.0,1.0,0.0,0.0,1.0,0.0,0,0,0,0,0,0,0,1,0,2021,4,6,1,0,0,2,2,0,1,0.0,1,0,LEVE,0,1
3,1,0.0131781243136393,0,4,1,-9.529889,-75.965192,2,4,5,1,2,-1,-1,2,693.175,2.0,5,1,0.0,0.340764331210191,0.0037338018888644,249.0,0.3096549989431256,76.17431233061522,19256.764453961456,8209.057,1333.4779999999996,791.9770000000001,6083.602,1059.8589999999997,7149.198,12.910849565303296,2,0,0,34.5,33.0,36.0,1.0,0.0,0.0,1.0,2,0,0.0,1.0,0.0,1.0,0.0,1.0,1.0,0.0,1.0,0.0,0,0,0,0,0,0,0,5,0,2021,4,6,1,0,0,2,2,0,1,0.0,1,0,LEVE,0,4
3,0,0.2105205359103887,2,2,4,-12.054878,-77.004339,0,2,7,0,2,-1,-1,0,6543.555,2.0,-1,-1,1.0,0.4495936745003294,0.4495936745003294,1198.0,0.6970617810314195,81.40501156526744,203379.9271948608,7626.313,1683.4029999999998,1599.0829999999996,4343.827000000001,1814.875,5811.438000000001,23.7975414856432,3,0,0,46.0,46.0,46.0,1.0,0.0,0.0,0.0,3,0,0.0,0.0,1.0,1.0,1.0,0.0,1.0,0.0,0.0,0.0,1,1,1,1,0,0,0,10,1,2021,4,6,1,0,0,0,2,0,1,0.0,0,0,GRAVE_LESIONADOS,1,0
0,1,0.0821436415550186,0,4,0,-15.63747592480151,-70.3295756686597,0,4,0,0,2,-1,-1,6,6543.555,2.0,-1,-1,1.0,0.4495936745003294,0.4495936745003294,1198.0,0.3295055776475686,72.2087445727939,4240.3019271948615,13642.312999999998,2020.7790000000005,2354.117,9267.416999999998,3314.0520000000006,10328.260999999997,24.29244952817019,1,0,1,28.0,28.0,28.0,1.0,0.0,0.0,0.0,1,0,0.0,0.0,0.0,1.0,0.0,0.0,1.0,1.0,1.0,0.0,1,1,1,1,0,0,0,12,2,2021,4,6,1,0,0,2,2,0,1,0.0,0,0,LEVE,0,4
6,1,0.0597408302218317,0,4,1,-6.02857,-78.791621,0,4,0,1,2,-1,-1,0,687.412,-1.0,-1,1,0.0,0.340764331210191,0.1266198111135515,530.0,0.3934942813224024,75.42708969274362,3073.203426124197,15935.565011852366,1733.9250000199986,935.692,13265.948011832368,2000.1670000199988,13935.398011832369,12.551591352627522,1,0,0,55.0,55.0,55.0,1.0,0.0,0.0,0.0,1,0,0.0,0.0,1.0,0.0,1.0,0.0,0.0,0.0,1.0,0.0,0,0,0,0,0,0,0,12,2,2021,4,6,1,0,0,2,2,0,1,0.0,1,0,LEVE,0,1
6,1,0.0902701515484296,0,4,1,-13.474206,-72.15724,0,4,7,1,2,1,0,2,7586.903,2.0,5,2,1.0,0.340764331210191,0.067428069404788,1198.0,0.4461630003962475,73.21502670801013,18328.770877944324,17779.13499998999,2097.37099999,2863.123,12818.640999999989,2878.713,14900.421999989989,16.19152450331032,1,0,0,42.0,42.0,42.0,1.0,1.0,0.0,1.0,1,0,0.0,0.0,0.0,1.0,1.0,0.0,0.0,1.0,1.0,0.0,0,0,0,0,0,0,0,15,2,2021,4,6,1,0,0,2,1,0,1,0.0,0,0,LEVE,0,4
3,1,0.0318471337579617,2,4,1,-9.426303877037506,-78.36322055623961,0,3,7,0,2,-1,-1,0,6543.555,3.0,5,2,1.0,0.1133318690972984,0.1133318690972984,1475.0,0.5251751210310205,77.14627034141115,1908.370449678801,10767.648,1885.0630000000003,1222.721,7659.864000000001,2100.343,8667.305000000002,19.506051832303577,2,0,0,34.5,31.0,38.0,1.0,0.0,0.0,0.0,2,0,0.0,0.0,1.0,1.0,1.0,0.0,1.0,0.0,0.0,0.0,0,0,0,0,0,0,0,4,0,2021,4,7,2,0,0,0,2,1,1,0.0,0,0,LEVE,0,1
7,1,0.0766527564243356,0,4,1,-17.03281264289713,-71.69802188826868,0,4,2,0,2,1,1,2,6639.975,2.0,5,2,1.0,0.340764331210191,0.074236766966835,1616.0,0.6449493635682252,78.44719582624413,8054.678800856533,10322.272,1495.236,1749.739,7077.2970000000005,2886.595,7435.677000000001,27.964725207783708,1,0,1,22.0,22.0,22.0,1.0,0.0,0.0,1.0,1,0,0.0,1.0,0.0,0.0,0.0,0.0,1.0,0.0,0.0,0.0,0,0,0,0,0,0,0,10,1,2021,4,7,2,0,0,0,2,0,1,0.0,0,0,LEVE,0,4
0,1,0.2105205359103887,2,2,4,-12.041403,-77.020181,0,3,7,0,2,-1,-1,4,6543.555,2.0,-1,-1,1.0,0.4495936745003294,0.4495936745003294,1198.0,0.7300036506368504,80.21724456394445,156759.78800856532,7626.313,1683.4029999999998,1599.0829999999996,4343.827000000001,1814.875,5811.438000000001,23.7975414856432,1,0,1,30.0,30.0,30.0,1.0,0.0,0.0,0.0,1,0,0.0,0.0,1.0,0.0,0.0,0.0,1.0,0.0,0.0,0.0,1,1,1,1,0,0,0,17,2,2021,4,7,2,0,0,0,2,0,1,0.0,0,0,LEVE,0,0
1,0,0.2105205359103887,2,2,4,-12.05516205666465,-77.01369525044477,0,2,7,0,2,-1,-1,0,6543.555,2.0,-1,-1,1.0,0.4495936745003294,0.4495936745003294,1198.0,0.7646845961658533,80.23682119426338,250806.0877944326,7626.313,1683.4029999999998,1599.0829999999996,4343.827000000001,1814.875,5811.438000000001,23.7975414856432,1,1,1,37.0,33.0,40.0,0.0,0.0,0.0,0.0,1,1,1.0,0.0,0.0,0.0,0.0,0.0,0.0,0.0,0.0,0.0,1,1,1,1,1,1,1,18,3,2021,4,7,2,0,0,0,2,0,1,1.0,0,0,LEVE,0,0
0,1,0.2105205359103887,2,6,4,-12.053118221273774,-77.00628305305597,0,0,7,0,2,-1,-1,6,6543.555,2.0,-1,-1,1.0,0.4495936745003294,0.4495936745003294,1198.0,0.6970617810314195,81.40501156526744,203379.9271948608,7626.313,1683.4029999999998,1599.0829999999996,4343.827000000001,1814.875,5811.438000000001,23.7975414856432,1,0,1,37.0,33.0,40.0,1.0,0.0,0.0,0.0,1,0,0.0,0.0,0.0,1.0,0.0,0.0,1.0,0.0,0.0,0.0,1,1,1,1,1,1,1,18,3,2021,4,7,2,0,0,0,2,0,1,0.0,0,0,LEVE,0,0
0,1,0.2105205359103887,2,4,1,-11.83371,-77.113468,0,4,7,0,2,-1,-1,2,6543.555,3.0,5,2,1.0,0.1133318690972984,0.1133318690972984,1475.0,0.6632628912836565,79.15155564666024,383699.2119914347,7626.313,1683.4029999999998,1599.0829999999996,4343.827000000001,1814.875,5811.438000000001,23.7975414856432,1,0,1,37.0,33.0,40.0,1.0,0.0,0.0,0.0,1,0,0.0,1.0,0.0,0.0,0.0,0.0,1.0,0.0,0.0,0.0,0,0,0,0,1,1,1,21,3,2021,4,7,2,0,0,0,2,1,1,0.0,0,0,LEVE,0,0
6,0,0.0902701515484296,0,4,0,-14.317023,-71.736049,0,4,7,0,2,-1,-1,2,6543.555,2.0,-1,-1,1.0,0.4495936745003294,0.4495936745003294,1198.0,0.3019380525213365,67.820248318162,12588.336188436831,17779.13499998999,2097.37099999,2863.123,12818.640999999989,2878.713,14900.421999989989,16.19152450331032,1,0,0,20.0,20.0,20.0,1.0,0.0,0.0,0.0,1,0,0.0,1.0,0.0,0.0,0.0,0.0,1.0,0.0,0.0,0.0,1,1,1,1,0,0,0,1,0,2021,4,8,3,0,0,2,2,0,1,0.0,0,0,LEVE,0,4
6,1,0.0072479683725016,0,4,0,-4.091061573355892,-73.45173545621408,7,4,4,0,2,-1,-1,0,6543.555,2.0,-1,-1,1.0,0.4495936745003294,0.4495936745003294,1198.0,0.578134350962316,72.90307998335238,149460.57173447538,1095.5949999999998,128.87099999999998,320.74700000000007,645.9769999999999,274.214,821.381,25.02877431897737,1,0,0,29.0,29.0,29.0,1.0,1.0,0.0,1.0,1,0,0.0,0.0,0.0,1.0,1.0,0.0,0.0,1.0,1.0,0.0,1,1,1,1,0,0,0,4,0,2021,4,8,3,0,0,1,2,0,1,0.0,0,0,LEVE,0,23
6,1,0.0213046343070502,0,4,1,-14.6399303,-73.71511169,0,4,0,1,2,1,0,2,2238.6850000000004,2.0,5,2,1.0,0.0036239841862508,0.0036239841862508,115.0,0.4355926891324041,58.82502819131429,14980.72591006424,12678.733000000004,1805.074000000001,1774.0339999999994,9099.625000000004,2485.375000000001,10193.358000000002,19.602707936195205,1,0,0,36.0,36.0,36.0,1.0,0.0,0.0,1.0,1,0,0.0,0.0,1.0,0.0,0.0,0.0,1.0,0.0,0.0,0.0,0,0,0,0,0,0,0,6,1,2021,4,8,3,0,0,2,1,0,1,0.0,1,0,GRAVE_MORTALIDAD,2,-1
6,1,0.2105205359103887,0,4,1,-10.56150256814494,-77.75940758797587,7,4,7,0,7,-1,-1,2,616.825,2.0,5,1,0.0,0.340764331210191,0.0013178124313639,145.0,0.6268687897946689,82.18096720561557,20521.346895074952,7626.313,1683.4029999999998,1599.0829999999996,4343.827000000001,1814.875,5811.438000000001,23.7975414856432,1,0,0,19.0,19.0,19.0,1.0,1.0,0.0,0.0,1,0,0.0,0.0,0.0,1.0,1.0,0.0,0.0,1.0,1.0,0.0,0,0,0,0,0,0,0,9,1,2021,4,8,3,0,0,0,2,0,1,0.0,0,1,LEVE,0,0
6,1,0.0766527564243356,0,4,0,-16.485472868789834,-71.62227539440323,0,4,7,1,2,0,1,2,6543.555,2.0,-1,-1,1.0,0.4495936745003294,0.4495936745003294,1198.0,0.6689013265491138,80.68275010974979,14385.036402569593,10322.272,1495.236,1749.739,7077.2970000000005,2886.595,7435.677000000001,27.964725207783708,1,0,0,20.0,20.0,20.0,1.0,1.0,1.0,1.0,1,0,0.0,0.0,0.0,1.0,1.0,0.0,0.0,1.0,0.0,0.0,1,1,1,1,0,0,0,10,1,2021,4,8,3,0,0,0,1,0,1,0.0,0,0,LEVE,0,4
6,1,0.0420601801010322,0,4,0,-11.256094405732266,-75.90572115138157,5,4,0,1,1,-1,-1,0,6543.555,2.0,-1,-1,1.0,0.4495936745003294,0.4495936745003294,1198.0,0.3806721892335712,78.77245225217325,4341.336188436831,12264.545,1826.4639999999995,1105.5389999999998,9332.542,1588.5359999999996,10676.009,12.952261987705208,1,0,0,46.0,46.0,46.0,1.0,1.0,0.0,0.0,1,0,0.0,1.0,0.0,0.0,0.0,0.0,0.0,0.0,0.0,0.0,1,1,1,1,0,0,0,12,2,2021,4,8,3,0,0,2,2,0,1,0.0,1,1,LEVE,0,4
0,1,0.0293213265978475,2,4,1,-5.821697,-77.378454,0,4,7,0,2,-1,-1,4,7758.33400008,2.0,5,2,1.0,0.340764331210191,0.0464528882055787,2133.0,0.4789759027469384,73.43778249935497,47552.6295503212,5645.136,815.0759999999999,965.298,3864.762,1013.406,4631.73,17.95184385283189,1,0,1,25.0,25.0,25.0,1.0,0.0,0.0,0.0,1,0,0.0,0.0,0.0,1.0,1.0,0.0,0.0,0.0,1.0,0.0,0,0,0,0,0,0,0,14,2,2021,4,8,3,0,0,1,2,0,1,0.0,0,0,LEVE,0,2
3,2,0.0821436415550186,0,4,1,-16.16267320425616,-69.54302245792485,0,4,7,0,2,-1,-1,2,7586.903,2.0,5,2,1.0,0.340764331210191,0.067428069404788,1198.0,0.4138545322335047,72.42365757071663,19964.802997858675,13642.312999999998,2020.7790000000005,2354.117,9267.416999999998,3314.0520000000006,10328.260999999997,24.29244952817019,2,0,0,24.0,23.0,25.0,1.0,1.0,0.0,0.0,2,0,0.0,0.0,0.0,1.0,1.0,1.0,0.0,0.0,1.0,0.0,0,0,0,0,0,0,0,17,2,2021,4,8,3,0,0,2,2,0,1,0.0,0,0,GRAVE_MORTALIDAD,2,4
3,2,0.0902701515484296,0,4,1,-13.6114352,-71.2451296,5,4,0,1,2,-1,-1,2,3263.58,2.0,5,2,1.0,0.0080166922907972,0.0080166922907972,566.0,0.2701433460922377,67.03086854576458,16118.58886509636,17779.13499998999,2097.37099999,2863.123,12818.640999999989,2878.713,14900.421999989989,16.19152450331032,2,0,0,19.0,15.0,23.0,1.0,1.0,0.0,0.0,2,0,0.0,0.0,0.0,1.0,1.0,0.0,0.0,1.0,0.0,0.0,0,0,0,0,0,0,0,18,3,2021,4,8,3,0,0,2,2,0,1,0.0,1,0,LEVE,0,4
6,0,0.2105205359103887,2,4,1,-12.0208394,-77.0591224,0,0,7,0,2,-1,-1,0,6543.555,3.0,5,2,1.0,0.1133318690972984,0.1133318690972984,1475.0,0.7419979630670723,80.31822295927182,739416.2413542903,7626.313,1683.4029999999998,1599.0829999999996,4343.827000000001,1814.875,5811.438000000001,23.7975414856432,1,0,0,40.0,40.0,40.0,1.0,1.0,0.0,0.0,1,0,0.0,0.0,0.0,1.0,0.0,1.0,0.0,1.0,1.0,0.0,0,0,0,0,0,0,0,8,1,2021,4,9,4,0,0,0,2,1,1,0.0,0,0,LEVE,0,0
10,1,0.0821436415550186,0,4,3,-15.786983164153632,-70.08120213017172,0,4,0,1,7,-1,-1,6,6543.555,2.0,-1,-1,1.0,0.4495936745003294,0.4495936745003294,1198.0,0.3204026151964153,69.29426309416309,4850.546038543897,13642.312999999998,2020.7790000000005,2354.117,9267.416999999998,3314.0520000000006,10328.260999999997,24.29244952817019,1,0,0,69.0,69.0,69.0,1.0,0.0,0.0,0.0,1,0,0.0,0.0,0.0,1.0,0.0,0.0,0.0,0.0,0.0,0.0,1,1,1,1,0,0,0,9,1,2021,4,9,4,0,0,2,2,0,1,0.0,1,1,LEVE,0,4
3,2,0.0766527564243356,0,4,1,-16.019093,-71.2838097,2,4,0,0,2,-1,-1,2,1504.4250000000002,2.0,5,2,1.0,0.0252580716011421,0.0230617175488688,241.0,0.4685280505645348,81.83746865987648,1751.8736616702354,10322.272,1495.236,1749.739,7077.2970000000005,2886.595,7435.677000000001,27.964725207783708,2,0,0,35.0,32.0,38.0,1.0,0.0,0.0,0.0,2,0,0.0,0.0,0.0,1.0,0.0,1.0,1.0,0.0,0.0,0.0,0,0,0,0,0,0,0,14,2,2021,4,9,4,0,0,0,2,0,1,0.0,0,0,GRAVE_LESIONADOS,1,4
3,2,0.0597408302218317,2,4,1,-7.23580207,-78.70758406,0,0,0,1,2,1,1,2,887.28,2.0,5,2,1.0,0.0133977597188666,0.0065890621568196,155.0,0.3525993018381438,70.15046326003123,7217.852248394005,15935.565011852366,1733.9250000199986,935.692,13265.948011832368,2000.1670000199988,13935.398011832369,12.551591352627522,2,0,0,32.5,26.0,39.0,1.0,1.0,0.0,0.0,2,0,0.0,0.0,0.0,1.0,1.0,1.0,0.0,0.0,1.0,0.0,0,0,0,0,0,0,0,18,3,2021,4,9,4,0,0,2,2,0,1,0.0,1,0,LEVE,0,1
6,1,0.0131781243136393,0,4,1,-9.525074,-75.954437,0,4,7,0,2,-1,-1,2,693.175,2.0,5,1,0.0,0.340764331210191,0.0037338018888644,249.0,0.3096549989431256,76.17431233061522,19256.764453961456,8209.057,1333.4779999999996,791.9770000000001,6083.602,1059.8589999999997,7149.198,12.910849565303296,1,0,0,14.0,14.0,14.0,1.0,1.0,0.0,0.0,1,0,0.0,0.0,0.0,0.0,1.0,0.0,0.0,1.0,1.0,1.0,0,0,0,0,0,0,0,18,3,2021,4,9,4,0,0,2,2,0,1,0.0,0,0,LEVE,0,4
1,1,0.2105205359103887,2,2,4,-11.969483,-77.005295,0,2,7,0,2,-1,-1,4,6543.555,2.0,-1,-1,1.0,0.4495936745003294,0.4495936745003294,1198.0,0.701053025277506,79.62867561460851,1150285.0494171206,7626.313,1683.4029999999998,1599.0829999999996,4343.827000000001,1814.875,5811.438000000001,23.7975414856432,1,1,1,37.0,33.0,40.0,0.0,0.0,0.0,0.0,1,1,1.0,0.0,0.0,0.0,0.0,0.0,0.0,0.0,0.0,0.0,1,1,1,1,1,1,1,20,3,2021,4,9,4,0,0,0,2,0,1,1.0,0,0,LEVE,0,0
0,0,0.0293213265978475,2,4,1,-6.533466,-76.373776,7,0,2,0,2,0,1,0,7758.33400008,2.0,5,2,1.0,0.340764331210191,0.0464528882055787,2133.0,0.6729354303196766,71.95034522710945,76010.20342612421,5645.136,815.0759999999999,965.298,3864.762,1013.406,4631.73,17.95184385283189,1,1,1,37.0,33.0,40.0,0.0,0.0,0.0,0.0,1,1,1.0,0.0,0.0,0.0,0.0,0.0,0.0,0.0,0.0,1.0,0,0,0,0,1,1,1,20,3,2021,4,9,4,0,0,1,1,0,1,1.0,0,0,LEVE,0,2
3,2,0.0182297386338677,2,4,1,-13.664063,-73.406394,0,0,7,0,2,0,1,2,7586.903,2.0,5,2,1.0,0.340764331210191,0.067428069404788,1198.0,0.5127888132519094,75.56818459680073,48362.40899357601,8358.971,1282.451,1298.0969999999998,5778.423,1432.683,6926.288,17.139466089785454,2,0,0,31.0,21.0,41.0,1.0,0.0,0.0,1.0,2,0,0.0,1.0,0.0,1.0,0.0,1.0,1.0,0.0,0.0,0.0,0,0,0,0,0,0,0,21,3,2021,4,9,4,0,0,2,1,0,1,0.0,0,0,LEVE,0,4
6,1,0.0902701515484296,0,4,1,-14.124041695076892,-71.45938409956628,5,4,7,1,2,-1,-1,2,566.7160000000001,2.0,1,0,0.0,0.340764331210191,0.0057105205359103,137.0,0.2991005536829932,62.21917574632246,1773.610278372591,17779.13499998999,2097.37099999,2863.123,12818.640999999989,2878.713,14900.421999989989,16.19152450331032,1,0,0,39.0,39.0,39.0,1.0,0.0,0.0,0.0,1,0,0.0,0.0,0.0,1.0,0.0,1.0,0.0,0.0,0.0,0.0,0,0,0,0,0,0,0,4,0,2021,4,10,5,1,0,2,2,0,1,0.0,0,0,LEVE,0,4
0,1,0.2105205359103887,2,2,4,-11.936976,-77.057317,0,0,7,0,2,-1,-1,2,6543.555,2.0,-1,-1,1.0,0.4495936745003294,0.4495936745003294,1198.0,0.7218926988400113,80.0902077245261,530000.3426124197,7626.313,1683.4029999999998,1599.0829999999996,4343.827000000001,1814.875,5811.438000000001,23.7975414856432,1,0,1,26.0,26.0,26.0,1.0,1.0,0.0,0.0,1,0,0.0,0.0,0.0,1.0,1.0,0.0,0.0,0.0,1.0,0.0,1,1,1,1,0,0,0,8,1,2021,4,10,5,1,0,0,2,0,1,0.0,0,0,LEVE,0,0
6,1,0.0497474192839885,0,4,3,-5.327202,-80.709734,0,4,2,0,1,-1,-1,0,6543.555,2.0,-1,-1,1.0,0.4495936745003294,0.4495936745003294,1198.0,0.4148191461350484,77.82903686752694,38807.252676659526,8965.846000060003,1782.4120000599992,636.9959999999999,6546.438000000004,2214.505000059999,6751.341000000004,24.699342371541725,1,0,0,30.0,30.0,30.0,1.0,0.0,0.0,0.0,1,0,0.0,0.0,0.0,1.0,0.0,1.0,0.0,0.0,0.0,0.0,1,1,1,1,0,0,0,8,1,2021,4,10,5,1,0,0,2,0,1,0.0,0,1,LEVE,0,3
0,1,0.0351416648363716,1,4,1,-6.779284,-79.8729521,2,3,7,0,2,-1,-1,0,6543.555,3.0,5,2,1.0,0.1133318690972984,0.1133318690972984,1475.0,0.582874900209372,79.91553229957624,50544.90364025696,3459.691,515.0619999999999,689.7280000000001,2254.901,703.3549999999999,2756.336,20.329994788551925,1,0,1,54.0,54.0,54.0,1.0,0.0,0.0,1.0,1,0,0.0,0.0,1.0,0.0,0.0,0.0,1.0,0.0,0.0,0.0,0,0,0,0,0,0,0,9,1,2021,4,10,5,1,0,0,2,1,1,0.0,0,0,LEVE,0,1
0,0,0.0821436415550186,2,6,4,-15.32126358,-69.34099316,0,3,7,0,4,-1,-1,4,6543.555,2.0,-1,-1,1.0,0.4495936745003294,0.4495936745003294,1198.0,0.1378993509884547,74.32834783624571,2985.0706638115626,13642.312999999998,2020.7790000000005,2354.117,9267.416999999998,3314.0520000000006,10328.260999999997,24.29244952817019,1,0,1,66.0,66.0,66.0,1.0,0.0,0.0,0.0,1,0,0.0,0.0,0.0,1.0,0.0,0.0,1.0,0.0,0.0,0.0,1,1,1,1,0,0,0,10,1,2021,4,10,5,1,0,2,2,0,1,0.0,0,0,LEVE,0,-1
1,0,0.0182297386338677,0,4,1,-13.770326,-73.35418,5,4,7,0,7,-1,-1,0,890.338,1.0,-1,2,0.0,0.340764331210191,0.1266198111135515,295.0,0.5563774842369664,77.00938809632027,27932.19700214133,8358.971,1282.451,1298.0969999999998,5778.423,1432.683,6926.288,17.139466089785454,0,0,1,37.0,33.0,40.0,1.0,0.0,0.0,0.0,1,1,1.0,0.0,0.0,0.0,0.0,0.0,0.0,0.0,0.0,0.0,0,0,0,0,1,1,1,14,2,2021,4,10,5,1,0,2,2,0,1,0.0,0,1,LEVE,0,4
6,1,0.2105205359103887,2,2,4,-12.046567,-77.045112,7,2,7,0,2,-1,-1,6,6543.555,2.0,-1,-1,1.0,0.4495936745003294,0.4495936745003294,1198.0,0.7646845961658533,80.23682119426338,250806.0877944326,7626.313,1683.4029999999998,1599.0829999999996,4343.827000000001,1814.875,5811.438000000001,23.7975414856432,4,0,2,41.333333333333336,22.0,77.0,1.0,0.0,0.0,0.0,4,0,0.0,0.0,0.0,1.0,1.0,1.0,1.0,0.0,1.0,1.0,1,1,1,1,0,0,0,14,2,2021,4,10,5,1,0,0,2,0,1,0.0,0,0,GRAVE_LESIONADOS,1,0
0,1,0.0131781243136393,0,4,1,-9.888402,-76.207281,0,0,7,1,2,-1,-1,4,693.175,2.0,5,1,0.0,0.340764331210191,0.0037338018888644,249.0,0.6180444460983137,74.03039022888252,74635.5374732334,8209.057,1333.4779999999996,791.9770000000001,6083.602,1059.8589999999997,7149.198,12.910849565303296,1,0,1,52.0,52.0,52.0,1.0,0.0,0.0,1.0,1,0,0.0,0.0,1.0,0.0,0.0,0.0,1.0,0.0,1.0,0.0,0,0,0,0,0,0,0,15,2,2021,4,10,5,1,0,2,2,0,1,0.0,0,0,LEVE,0,4
1,0,0.0161432022842082,2,2,4,-17.994464,-70.251829,7,0,7,1,2,-1,-1,4,6543.555,2.0,-1,-1,1.0,0.4495936745003294,0.4495936745003294,1198.0,0.6032564872134053,77.72075801274941,34456.60813704497,2650.572,630.6729999999998,487.3610000000001,1532.5379999999998,1068.7019999999998,1581.87,40.31967439480987,0,0,1,37.0,33.0,40.0,1.0,0.0,0.0,0.0,1,1,1.0,0.0,0.0,0.0,0.0,0.0,0.0,0.0,0.0,0.0,1,1,1,1,1,1,1,15,2,2021,4,10,5,1,0,0,2,0,1,0.0,0,0,LEVE,0,15
3,0,0.0420601801010322,2,4,1,-11.814453,-75.614052,2,4,0,1,2,1,0,0,7586.903,2.0,5,2,1.0,0.340764331210191,0.067428069404788,1198.0,0.4545643050211295,68.73444804749025,1424.8051391862955,12264.545,1826.4639999999995,1105.5389999999998,9332.542,1588.5359999999996,10676.009,12.952261987705208,2,0,0,35.0,34.0,36.0,1.0,0.0,0.0,1.0,2,0,0.0,1.0,0.0,1.0,0.0,1.0,1.0,0.0,0.0,0.0,0,0,0,0,0,0,0,16,2,2021,4,10,5,1,0,2,1,0,1,0.0,1,0,LEVE,0,4
0,1,0.0902701515484296,0,4,0,-13.60298,-71.956285,0,4,7,1,2,1,1,2,6543.555,2.0,-1,-1,1.0,0.4495936745003294,0.4495936745003294,1198.0,0.6348954939297919,77.6245715059073,94654.62312633834,17779.13499998999,2097.37099999,2863.123,12818.640999999989,2878.713,14900.421999989989,16.19152450331032,1,0,1,29.0,29.0,29.0,1.0,0.0,0.0,1.0,1,0,0.0,0.0,0.0,1.0,0.0,0.0,1.0,0.0,0.0,0.0,1,1,1,1,0,0,0,18,3,2021,4,10,5,1,0,2,2,0,1,0.0,0,0,LEVE,0,4