CLASE SINIESTRO,CANTIDAD DE VEHICULOS DAÑADOS,DEPARTAMENTO,ZONA,TIPO DE VÍA,RED VIAL,COORDENADAS LATITUD,COORDENADAS  LONGITUD,CONDICIÓN CLIMÁTICA,ZONIFICACIÓN,CARACTERÍSTICAS DE VÍA,PERFIL LONGITUDINAL VÍA,SUPERFICIE DE CALZADA,¿EXISTE SEÑAL VERTICAL?,¿EXISTE SEÑAL HORIZONTAL?,CAUSA FACTOR PRINCIPAL,MTC_RVN_LONGITUD_KM,MTC_RVN_N_CARRILES_MEDIANA,MTC_RVN_SUPERFICIE_DOMINANTE,MTC_RVN_ESTADO_DOMINANTE,MTC_RVN_ES_CONCESIONADA,MTC_RVN_CONCESION_PRINCIPAL,MTC_RVN_CORREDOR_LOGISTICO,MTC_RVN_N_TRAMOS,IDH_2019,IDH_ESP_VIDA_2019,IDH_POBLACION_2019,MTC_DEP_RED_TOTAL_KM,MTC_DEP_NACIONAL_TOTAL_KM,MTC_DEP_DEPARTAMENTAL_TOTAL_KM,MTC_DEP_VECINAL_TOTAL_KM,MTC_DEP_PAV_TOTAL_KM,MTC_DEP_NO_PAV_TOTAL_KM,MTC_DEP_PCT_PAVIMENTADA,PER_N_CONDUCTORES,PER_N_CONDUCTORES_FUGADOS,PER_N_PEATONES,PER_EDAD_COND_PROM,PER_EDAD_COND_MIN,PER_EDAD_COND_MAX,PER_ANY_COND_MASCULINO,PER_ANY_LIC_PROBLEMA,PER_ANY_DOSAJE_POS,PER_ANY_DOSAJE_EVALUADO,VEH_TOTAL,VEH_N_FUGADOS,VEH_ANY_FUGADO,VEH_ANY_CARGA,VEH_ANY_PUBLICO,VEH_ANY_PARTICULAR,VEH_ANY_MOTO,VEH_ANY_AUTO,VEH_ANY_CAMION_BUS,VEH_ANY_SOAT_PROBLEMA,VEH_ANY_CITV_PROBLEMA,VEH_ANY_SEGURO_PROBLEMA,MTC_RVN_LONGITUD_KM_ERA_NULO,MTC_RVN_N_CARRILES_MEDIANA_ERA_NULO,MTC_RVN_ES_CONCESIONADA_ERA_NULO,MTC_RVN_N_TRAMOS_ERA_NULO,PER_EDAD_COND_PROM_ERA_NULO,PER_EDAD_COND_MIN_ERA_NULO,PER_EDAD_COND_MAX_ERA_NULO,HORA_NUM,FRANJA_HORARIA,ANIO,MES,DIA_MES,DIA_SEMANA,ES_FIN_SEMANA,ES_QUINCENA,REGION_NATURAL,NIVEL_SEÑALIZACION_ORD,ES_VIA_MULTICARRIL,ES_DEPTO_BAJO_PAVIMENTO,RATIO_CONDUCTORES_FUGADOS,ES_CURVA_Y_PENDIENTE,ES_VIA_NO_PAVIMENTADA,CATEGORIA_SEVERIDAD,CATEGORIA_SEVERIDAD_ENC,CLUSTER
0,1,0.0153744783659125,2,4,1,-11.994407401910234,-77.12599190223546,0,0,7,0,4,-1,-1,0,139.23,-1.0,5,2,0.0,0.340764331210191,0.1266198111135515,69.0,0.5563774842369664,77.00938809632027,27932.19700214133,51.58600000000001,44.68700000000001,6.899000000000001,0.0,49.838000000000015,1.748,96.61148373589734,1,0,1,58.0,58.0,58.0,1.0,0.0,0.0,0.0,1,0,0.0,1.0,0.0,0.0,0.0,0.0,1.0,0.0,0.0,0.0,0,0,0,0,0,0,0,16,2,2021,4,29,3,0,1,2,2,0,0,0.0,0,0,LEVE,0,0
0,0,0.2105205359103887,2,4,1,-10.989429946855031,-77.63791485551336,0,4,7,0,2,1,0,2,6543.555,3.0,5,2,1.0,0.1133318690972984,0.1133318690972984,1475.0,0.6058977644686256,75.86009868534626,26242.524625267662,7626.313,1683.4029999999998,1599.0829999999996,4343.827000000001,1814.875,5811.438000000001,23.7975414856432,1,0,1,42.0,42.0,42.0,1.0,0.0,0.0,0.0,1,0,0.0,0.0,0.0,1.0,0.0,0.0,1.0,0.0,0.0,0.0,0,0,0,0,0,0,0,18,3,2021,4,29,3,0,1,0,1,1,1,0.0,0,0,LEVE,0,0
4,1,0.0139468482319349,0,4,1,-3.603042926354615,-80.49703530897278,0,4,7,0,2,1,1,2,6543.555,3.0,5,2,1.0,0.1133318690972984,0.1133318690972984,1475.0,0.5691277377037675,76.83860361118322,23971.755888650965,1009.101,138.47399999999996,287.471,583.156,276.972,732.129,27.447401201663663,1,1,0,37.0,33.0,40.0,0.0,0.0,0.0,0.0,1,0,0.0,0.0,0.0,0.0,0.0,1.0,0.0,0.0,0.0,0.0,0,0,0,0,1,1,1,23,3,2021,4,29,3,0,1,0,2,1,1,1.0,0,0,LEVE,0,13
3,1,0.0821436415550186,0,4,1,-15.3979771,-70.0630439,5,4,7,0,2,-1,-1,6,1762.84,2.0,-1,2,0.0,0.340764331210191,0.1266198111135515,485.0,0.2399049659709538,73.66748174046536,4818.295503211992,13642.312999999998,2020.7790000000005,2354.117,9267.416999999998,3314.0520000000006,10328.260999999997,24.29244952817019,2,1,0,24.0,24.0,24.0,1.0,0.0,0.0,0.0,2,1,1.0,1.0,0.0,1.0,1.0,0.0,1.0,0.0,1.0,0.0,0,0,0,0,0,0,0,3,0,2021,4,30,4,0,1,2,2,0,1,0.5,0,0,LEVE,0,4
1,0,0.0139468482319349,0,4,1,-3.553035560485589,-80.42390441286221,0,4,4,0,2,1,1,2,6543.555,3.0,5,2,1.0,0.1133318690972984,0.1133318690972984,1475.0,0.6025111043634478,77.63758231637303,109744.95931477516,1009.101,138.47399999999996,287.471,583.156,276.972,732.129,27.447401201663663,0,0,1,37.0,33.0,40.0,1.0,0.0,0.0,0.0,1,1,1.0,0.0,0.0,0.0,0.0,0.0,0.0,0.0,0.0,0.0,0,0,0,0,1,1,1,6,1,2021,4,30,4,0,1,0,2,1,1,0.0,0,0,LEVE,0,13
3,2,0.0933450472216121,0,4,1,-8.15108,-79.034121,0,4,7,0,2,-1,-1,2,6543.555,3.0,5,2,1.0,0.1133318690972984,0.1133318690972984,1475.0,0.7531641124604342,80.00312647864715,66889.78372591006,8931.828000000005,1335.5899999999997,1935.9830000000004,5660.255000000005,1219.309,7712.519000000005,13.651281686122925,2,0,0,37.0,32.0,42.0,1.0,0.0,0.0,0.0,2,0,0.0,1.0,1.0,0.0,0.0,1.0,1.0,1.0,1.0,0.0,0,0,0,0,0,0,0,19,3,2021,4,30,4,0,1,0,2,1,1,0.0,0,0,LEVE,0,1
0,1,0.2105205359103887,0,4,1,-10.738742225081932,-77.74812410503186,0,4,7,0,2,-1,-1,4,6543.555,3.0,5,2,1.0,0.1133318690972984,0.1133318690972984,1475.0,0.6351794046894105,80.8024412070713,74926.62740899358,7626.313,1683.4029999999998,1599.0829999999996,4343.827000000001,1814.875,5811.438000000001,23.7975414856432,1,0,1,53.0,53.0,53.0,1.0,1.0,0.0,1.0,1,0,0.0,1.0,0.0,0.0,0.0,0.0,1.0,0.0,0.0,0.0,0,0,0,0,0,0,0,0,0,2021,5,1,5,1,0,0,2,1,1,0.0,0,0,LEVE,0,0
1,1,0.0933450472216121,0,4,3,-8.025953,-79.047857,0,2,0,0,1,-1,-1,0,6543.555,2.0,-1,-1,1.0,0.4495936745003294,0.4495936745003294,1198.0,0.583006771156836,78.2441938961209,76607.295503212,8931.828000000005,1335.5899999999997,1935.9830000000004,5660.255000000005,1219.309,7712.519000000005,13.651281686122925,1,1,1,37.0,33.0,40.0,0.0,0.0,0.0,0.0,1,1,1.0,0.0,0.0,0.0,0.0,0.0,0.0,0.0,0.0,1.0,1,1,1,1,1,1,1,4,0,2021,5,1,5,1,0,0,2,0,1,1.0,0,1,LEVE,0,1
5,0,0.2105205359103887,2,2,4,-11.930175,-76.69002,0,3,7,0,2,-1,-1,0,6543.555,2.0,-1,-1,1.0,0.4495936745003294,0.4495936745003294,1198.0,0.6831952456039544,78.60873873772867,255143.7301927195,7626.313,1683.4029999999998,1599.0829999999996,4343.827000000001,1814.875,5811.438000000001,23.7975414856432,2,1,0,27.0,27.0,27.0,1.0,1.0,0.0,0.0,2,1,1.0,0.0,0.0,1.0,1.0,0.0,0.0,1.0,1.0,0.0,1,1,1,1,0,0,0,5,0,2021,5,1,5,1,0,0,2,0,1,0.5,0,0,LEVE,0,0
3,1,0.0420601801010322,2,4,1,-12.023939,-75.271322,7,3,1,0,2,1,0,0,196.88,2.0,5,2,1.0,0.0162530199868218,0.1266198111135515,35.0,0.5285636336071157,73.42501182291251,13113.002141327624,12264.545,1826.4639999999995,1105.5389999999998,9332.542,1588.5359999999996,10676.009,12.952261987705208,2,0,0,53.0,47.0,59.0,1.0,1.0,0.0,1.0,2,0,0.0,0.0,0.0,1.0,0.0,0.0,1.0,0.0,1.0,0.0,0,0,0,0,0,0,0,11,1,2021,5,1,5,1,0,2,1,0,1,0.0,0,0,LEVE,0,4
0,1,0.0318471337579617,2,2,4,-9.124688512201416,-78.52870251604854,0,0,7,0,2,-1,-1,2,6543.555,2.0,-1,-1,1.0,0.4495936745003294,0.4495936745003294,1198.0,0.6459598096056908,78.63908715089502,175440.59743040687,10767.648,1885.0630000000003,1222.721,7659.864000000001,2100.343,8667.305000000002,19.506051832303577,1,0,1,15.0,15.0,15.0,1.0,1.0,0.0,1.0,1,0,0.0,0.0,0.0,1.0,1.0,0.0,0.0,0.0,0.0,0.0,1,1,1,1,0,0,0,15,2,2021,5,1,5,1,0,0,2,0,1,0.0,0,0,LEVE,0,1
0,0,0.2105205359103887,2,2,4,-11.962209,-77.054503,0,2,7,0,2,-1,-1,0,6543.555,2.0,-1,-1,1.0,0.4495936745003294,0.4495936745003294,1198.0,0.7218926988400113,80.0902077245261,530000.3426124197,7626.313,1683.4029999999998,1599.0829999999996,4343.827000000001,1814.875,5811.438000000001,23.7975414856432,1,0,1,23.0,23.0,23.0,1.0,0.0,0.0,0.0,1,0,0.0,0.0,0.0,1.0,1.0,0.0,0.0,0.0,1.0,0.0,1,1,1,1,0,0,0,15,2,2021,5,1,5,1,0,0,2,0,1,0.0,0,0,LEVE,0,0
0,1,0.0902701515484296,0,4,1,-13.374216,-71.917709,0,4,7,0,2,-1,-1,6,3447.8009999999995,1.0,5,1,0.0,0.340764331210191,0.0101032286404568,1109.0,0.3373243871105438,75.90412141914639,5497.58886509636,17779.13499998999,2097.37099999,2863.123,12818.640999999989,2878.713,14900.421999989989,16.19152450331032,1,0,2,62.0,62.0,62.0,1.0,0.0,0.0,0.0,1,0,0.0,0.0,0.0,1.0,0.0,0.0,1.0,0.0,1.0,0.0,0,0,0,0,0,0,0,16,2,2021,5,1,5,1,0,2,2,0,1,0.0,0,0,LEVE,0,4
6,1,0.0597408302218317,0,4,1,-6.56770394,-78.64263126,0,4,0,1,2,1,1,0,9936.932,2.0,5,2,1.0,0.340764331210191,0.1266198111135515,3830.0,0.4700875779194959,72.66081436888122,46090.54817987152,15935.565011852366,1733.9250000199986,935.692,13265.948011832368,2000.1670000199988,13935.398011832369,12.551591352627522,1,0,0,17.0,17.0,17.0,0.0,1.0,0.0,0.0,1,0,0.0,0.0,0.0,1.0,1.0,0.0,0.0,1.0,1.0,0.0,0,0,0,0,0,0,0,16,2,2021,5,1,5,1,0,2,2,0,1,0.0,1,0,LEVE,0,1
0,1,0.0293213265978475,0,4,3,-6.225567,-77.134417,0,4,0,1,2,-1,-1,2,6543.555,2.0,-1,-1,1.0,0.4495936745003294,0.4495936745003294,1198.0,0.4209273482033048,73.3551698063197,31717.576017130617,5645.136,815.0759999999999,965.298,3864.762,1013.406,4631.73,17.95184385283189,2,0,1,39.5,27.0,52.0,1.0,1.0,1.0,1.0,2,0,0.0,1.0,0.0,1.0,1.0,0.0,1.0,0.0,1.0,0.0,1,1,1,1,0,0,0,16,2,2021,5,1,5,1,0,1,2,0,1,0.0,1,0,LEVE,0,2
0,1,0.0821436415550186,0,4,1,-15.5354642,-70.1146895,5,4,7,0,2,1,1,4,7586.903,2.0,5,2,1.0,0.340764331210191,0.067428069404788,1198.0,0.5759734352119,73.55929462493827,232834.39603082248,13642.312999999998,2020.7790000000005,2354.117,9267.416999999998,3314.0520000000006,10328.260999999997,24.29244952817019,1,0,1,57.0,57.0,57.0,1.0,0.0,0.0,1.0,1,0,0.0,0.0,0.0,1.0,0.0,0.0,1.0,1.0,1.0,0.0,0,0,0,0,0,0,0,18,3,2021,5,1,5,1,0,2,2,0,1,0.0,0,0,LEVE,0,4
3,2,0.0475510652317153,2,4,1,-13.679986618506526,-76.14755565186188,0,0,1,0,2,-1,-1,0,1679.5849999999998,2.0,5,1,1.0,0.340764331210191,0.0082363276960245,315.0,0.5723734005661165,76.14778354007997,24272.76659528908,3721.461,698.1859999999996,744.866,2278.409,1102.9029999999996,2618.558,29.636290693359403,2,1,0,17.0,17.0,17.0,1.0,1.0,0.0,0.0,2,0,0.0,0.0,0.0,1.0,1.0,1.0,0.0,1.0,1.0,0.0,0,0,0,0,0,0,0,20,3,2021,5,1,5,1,0,0,2,0,1,0.5,0,0,LEVE,0,7
3,2,0.0420601801010322,0,4,1,-11.05411900879454,-75.32400898727913,0,4,7,0,2,-1,-1,0,600.0300000000001,2.0,5,2,0.0,0.340764331210191,0.0032945310784098,178.0,0.587430624814192,75.05837214886559,24595.453961456104,12264.545,1826.4639999999995,1105.5389999999998,9332.542,1588.5359999999996,10676.009,12.952261987705208,2,0,0,26.5,18.0,35.0,1.0,1.0,0.0,1.0,2,0,0.0,1.0,0.0,1.0,1.0,0.0,1.0,0.0,1.0,0.0,0,0,0,0,0,0,0,3,0,2021,5,2,6,1,0,2,2,0,1,0.0,0,0,LEVE,0,4
3,1,0.2105205359103887,2,2,4,-12.053072448541595,-77.01305632819688,7,2,7,0,2,-1,-1,2,6543.555,2.0,-1,-1,1.0,0.4495936745003294,0.4495936745003294,1198.0,0.7646845961658533,80.23682119426338,250806.0877944326,7626.313,1683.4029999999998,1599.0829999999996,4343.827000000001,1814.875,5811.438000000001,23.7975414856432,2,0,0,37.0,26.0,48.0,1.0,1.0,0.0,0.0,2,0,0.0,0.0,0.0,1.0,1.0,1.0,0.0,0.0,1.0,0.0,1,1,1,1,0,0,0,9,1,2021,5,2,6,1,0,0,2,0,1,0.0,0,0,LEVE,0,0
6,1,0.0821436415550186,0,4,1,-14.119034,-69.050906,0,4,3,1,7,-1,-1,2,1762.84,2.0,-1,2,0.0,0.340764331210191,0.1266198111135515,485.0,0.5563774842369664,77.00938809632027,27932.19700214133,13642.312999999998,2020.7790000000005,2354.117,9267.416999999998,3314.0520000000006,10328.260999999997,24.29244952817019,1,0,0,29.0,29.0,29.0,1.0,1.0,0.0,1.0,1,0,0.0,0.0,0.0,1.0,0.0,0.0,1.0,1.0,1.0,0.0,0,0,0,0,0,0,0,16,2,2021,5,2,6,1,0,2,2,0,1,0.0,0,1,GRAVE_MORTALIDAD,2,34
6,1,0.0182297386338677,0,4,1,-13.977506644269104,-72.38680757070567,0,4,7,0,3,-1,-1,2,428.67,-1.0,2,1,0.0,0.340764331210191,0.1266198111135515,52.0,0.2901560454891014,71.32208688690824,7519.826552462528,8358.971,1282.451,1298.0969999999998,5778.423,1432.683,6926.288,17.139466089785454,1,0,0,27.0,27.0,27.0,1.0,1.0,0.0,0.0,1,0,0.0,0.0,0.0,1.0,1.0,0.0,0.0,1.0,0.0,0.0,0,0,0,0,0,0,0,2,0,2021,5,3,0,0,0,2,2,0,1,0.0,0,1,LEVE,0,4
0,1,0.2105205359103887,2,4,1,-12.033464037862172,-76.99048730611834,7,2,7,0,2,-1,-1,4,6543.555,3.0,5,2,1.0,0.1133318690972984,0.1133318690972984,1475.0,0.6970617810314195,81.40501156526744,203379.9271948608,7626.313,1683.4029999999998,1599.0829999999996,4343.827000000001,1814.875,5811.438000000001,23.7975414856432,1,0,1,38.0,38.0,38.0,1.0,0.0,0.0,0.0,1,0,0.0,0.0,0.0,1.0,0.0,1.0,0.0,0.0,1.0,0.0,0,0,0,0,0,0,0,6,1,2021,5,3,0,0,0,0,2,1,1,0.0,0,0,LEVE,0,0
6,1,0.0821436415550186,0,4,0,-15.4328266547477,-70.22161597565652,0,4,7,1,2,-1,-1,6,6543.555,2.0,-1,-1,1.0,0.4495936745003294,0.4495936745003294,1198.0,0.5759734352119,73.55929462493827,232834.39603082248,13642.312999999998,2020.7790000000005,2354.117,9267.416999999998,3314.0520000000006,10328.260999999997,24.29244952817019,1,0,0,46.0,46.0,46.0,1.0,0.0,1.0,1.0,1,0,0.0,0.0,0.0,1.0,1.0,0.0,0.0,1.0,1.0,0.0,1,1,1,1,0,0,0,7,1,2021,5,3,0,0,0,2,2,0,1,0.0,0,0,LEVE,0,4
0,1,0.0420601801010322,2,2,4,-11.957304,-75.26739,0,4,7,0,4,-1,-1,2,6543.555,2.0,-1,-1,1.0,0.4495936745003294,0.4495936745003294,1198.0,0.5461790591051493,72.19386023762785,11141.967880085656,12264.545,1826.4639999999995,1105.5389999999998,9332.542,1588.5359999999996,10676.009,12.952261987705208,1,0,1,25.0,25.0,25.0,1.0,0.0,0.0,1.0,1,0,0.0,0.0,0.0,1.0,0.0,1.0,0.0,0.0,1.0,0.0,1,1,1,1,0,0,0,8,1,2021,5,3,0,0,0,2,2,0,1,0.0,0,0,LEVE,0,4
0,1,0.2105205359103887,2,2,4,-11.905596557455068,-77.04212480216349,0,2,7,0,2,-1,-1,4,6543.555,2.0,-1,-1,1.0,0.4495936745003294,0.4495936745003294,1198.0,0.7218926988400113,80.0902077245261,530000.3426124197,7626.313,1683.4029999999998,1599.0829999999996,4343.827000000001,1814.875,5811.438000000001,23.7975414856432,1,0,1,53.0,53.0,53.0,1.0,1.0,0.0,0.0,1,0,0.0,0.0,0.0,1.0,0.0,0.0,1.0,0.0,0.0,0.0,1,1,1,1,0,0,0,15,2,2021,5,3,0,0,0,0,2,0,1,0.0,0,0,LEVE,0,0
6,1,0.0131781243136393,0,4,2,-9.830753,-76.153403,0,4,0,1,1,-1,-1,3,6543.555,2.0,-1,-1,1.0,0.4495936745003294,0.4495936745003294,1198.0,0.1985758242270937,77.55714392657784,24762.20985010707,8209.057,1333.4779999999996,791.9770000000001,6083.602,1059.8589999999997,7149.198,12.910849565303296,1,0,0,46.0,46.0,46.0,1.0,0.0,0.0,0.0,1,0,0.0,1.0,0.0,0.0,0.0,0.0,1.0,0.0,1.0,0.0,1,1,1,1,0,0,0,16,2,2021,5,3,0,0,0,2,2,0,1,0.0,1,1,GRAVE_LESIONADOS,1,4
3,2,0.0821436415550186,0,4,1,-16.54100210832694,-69.05834507787692,0,4,7,0,2,-1,-1,2,7586.903,2.0,5,2,1.0,0.340764331210191,0.067428069404788,1198.0,0.4241160460464029,74.28732425011668,28095.749464668093,13642.312999999998,2020.7790000000005,2354.117,9267.416999999998,3314.0520000000006,10328.260999999997,24.29244952817019,2,0,0,45.0,34.0,56.0,1.0,1.0,0.0,0.0,2,0,0.0,0.0,0.0,1.0,1.0,0.0,0.0,1.0,1.0,1.0,0,0,0,0,0,0,0,18,3,2021,5,3,0,0,0,2,2,0,1,0.0,0,0,LEVE,0,4
3,2,0.0497474192839885,2,4,1,-5.221969,-80.654578,0,4,0,0,2,1,1,0,6543.555,3.0,5,2,1.0,0.1133318690972984,0.1133318690972984,1475.0,0.5034350778485951,78.14388603810477,76220.84796573877,8965.846000060003,1782.4120000599992,636.9959999999999,6546.438000000004,2214.505000059999,6751.341000000004,24.699342371541725,2,0,0,41.0,28.0,54.0,1.0,1.0,1.0,1.0,2,0,0.0,0.0,1.0,1.0,1.0,1.0,0.0,0.0,0.0,0.0,0,0,0,0,0,0,0,20,3,2021,5,3,0,0,0,0,2,1,1,0.0,0,0,LEVE,0,3
6,1,0.0902701515484296,0,4,0,-13.323248,-71.587061,0,4,0,1,7,-1,-1,2,6543.555,2.0,-1,-1,1.0,0.4495936745003294,0.4495936745003294,1198.0,0.2466226927938573,59.50771953912937,12676.173447537472,17779.13499998999,2097.37099999,2863.123,12818.640999999989,2878.713,14900.421999989989,16.19152450331032,1,0,0,19.0,19.0,19.0,1.0,1.0,0.0,0.0,1,0,0.0,0.0,0.0,0.0,0.0,0.0,1.0,0.0,1.0,0.0,1,1,1,1,0,0,0,23,3,2021,5,3,0,0,0,2,2,0,1,0.0,1,1,GRAVE_MORTALIDAD,2,4
4,1,0.0131781243136393,0,4,1,-10.258065,-76.147926,0,4,0,0,2,-1,-1,2,9936.932,2.0,5,2,1.0,0.340764331210191,0.1266198111135515,3830.0,0.2701280162338842,73.64856031271022,9851.79443254818,8209.057,1333.4779999999996,791.9770000000001,6083.602,1059.8589999999997,7149.198,12.910849565303296,1,0,0,47.0,47.0,47.0,1.0,0.0,0.0,0.0,1,0,0.0,0.0,0.0,1.0,0.0,1.0,0.0,0.0,1.0,0.0,0,0,0,0,0,0,0,6,1,2021,5,4,1,0,0,2,2,0,1,0.0,0,0,LEVE,0,4
3,2,0.0475510652317153,2,4,1,-14.008209193958823,-75.76604954345218,0,0,1,0,2,-1,-1,2,6639.975,2.0,5,2,1.0,0.340764331210191,0.074236766966835,1616.0,0.6350781586942635,79.3721196581268,31104.417558886507,3721.461,698.1859999999996,744.866,2278.409,1102.9029999999996,2618.558,29.636290693359403,2,0,0,40.5,40.0,41.0,1.0,0.0,0.0,1.0,2,0,0.0,0.0,1.0,1.0,1.0,0.0,1.0,0.0,1.0,0.0,0,0,0,0,0,0,0,6,1,2021,5,4,1,0,0,0,2,0,1,0.0,0,0,LEVE,0,7
5,1,0.0497474192839885,0,4,0,-4.905415927210847,-80.70526061283559,0,2,7,0,2,-1,-1,0,6543.555,2.0,-1,-1,1.0,0.4495936745003294,0.4495936745003294,1198.0,0.5657000696312142,79.93504063107561,181599.8115631692,8965.846000060003,1782.4120000599992,636.9959999999999,6546.438000000004,2214.505000059999,6751.341000000004,24.699342371541725,2,1,0,39.0,39.0,39.0,1.0,1.0,0.0,0.0,2,1,1.0,0.0,0.0,1.0,1.0,1.0,0.0,0.0,1.0,0.0,1,1,1,1,0,0,0,16,2,2021,5,4,1,0,0,0,2,0,1,0.5,0,0,LEVE,0,3
0,1,0.0902701515484296,0,4,1,-14.1841,-71.35309818,0,4,7,0,2,1,1,2,7586.903,2.0,5,2,1.0,0.340764331210191,0.067428069404788,1198.0,0.4107458749971457,72.1547719826022,2466.282655246253,17779.13499998999,2097.37099999,2863.123,12818.640999999989,2878.713,14900.421999989989,16.19152450331032,1,0,1,52.0,52.0,52.0,1.0,0.0,0.0,0.0,1,0,0.0,0.0,1.0,0.0,0.0,0.0,1.0,0.0,0.0,0.0,0,0,0,0,0,0,0,20,3,2021,5,4,1,0,0,2,2,0,1,0.0,0,0,LEVE,0,4
0,0,0.0497474192839885,0,4,1,-5.255503,-80.616913,0,4,7,0,2,1,0,0,6543.555,3.0,5,2,1.0,0.1133318690972984,0.1133318690972984,1475.0,0.5034350778485951,78.14388603810477,76220.84796573877,8965.846000060003,1782.4120000599992,636.9959999999999,6546.438000000004,2214.505000059999,6751.341000000004,24.699342371541725,1,1,1,37.0,33.0,40.0,0.0,0.0,0.0,0.0,1,1,1.0,0.0,0.0,0.0,0.0,0.0,1.0,0.0,1.0,0.0,0,0,0,0,1,1,1,0,0,2021,5,5,2,0,0,0,1,1,1,1.0,0,0,LEVE,0,3
6,1,0.0420601801010322,0,4,1,-11.33568,-74.52846,6,5,6,-1,6,-1,-1,0,1337.175,1.0,-1,1,0.0,0.340764331210191,0.1266198111135515,315.0,0.3570817332180048,73.74932476832508,66993.35796966725,12264.545,1826.4639999999995,1105.5389999999998,9332.542,1588.5359999999996,10676.009,12.952261987705208,1,0,0,72.0,72.0,72.0,1.0,0.0,0.0,0.0,1,0,0.0,0.0,0.0,1.0,0.0,0.0,1.0,1.0,0.0,1.0,0,0,0,0,0,0,0,5,0,2021,5,5,2,0,0,2,2,0,1,0.0,0,0,LEVE,0,5
0,1,0.0318471337579617,2,2,4,-9.663039536688188,-77.467772744454,0,3,7,1,4,-1,-1,2,6543.555,2.0,-1,-1,1.0,0.4495936745003294,0.4495936745003294,1198.0,0.3221880038524312,74.4958654901739,1871.4304068522488,10767.648,1885.0630000000003,1222.721,7659.864000000001,2100.343,8667.305000000002,19.506051832303577,1,0,1,38.0,38.0,38.0,1.0,0.0,0.0,1.0,1,0,0.0,0.0,0.0,1.0,1.0,0.0,0.0,1.0,0.0,0.0,1,1,1,1,0,0,0,7,1,2021,5,5,2,0,0,0,2,0,1,0.0,0,0,LEVE,0,20
6,1,0.0182297386338677,0,4,2,-13.6516219,-73.0590121,0,4,0,1,7,-1,-1,2,6543.555,2.0,-1,-1,1.0,0.4495936745003294,0.4495936745003294,1198.0,0.3578205954835702,70.81186921086326,5992.246252676659,8358.971,1282.451,1298.0969999999998,5778.423,1432.683,6926.288,17.139466089785454,1,0,0,20.0,20.0,20.0,1.0,1.0,0.0,0.0,1,0,0.0,0.0,0.0,1.0,0.0,1.0,0.0,0.0,0.0,0.0,1,1,1,1,0,0,0,12,2,2021,5,5,2,0,0,2,2,0,1,0.0,1,1,LEVE,0,4
3,2,0.0475510652317153,2,4,1,-13.678722126115671,-76.13532408819252,0,0,7,0,2,-1,-1,0,1679.5849999999998,2.0,5,1,1.0,0.340764331210191,0.0082363276960245,315.0,0.5723734005661165,76.14778354007997,24272.76659528908,3721.461,698.1859999999996,744.866,2278.409,1102.9029999999996,2618.558,29.636290693359403,2,0,0,62.5,42.0,83.0,1.0,0.0,0.0,0.0,2,0,0.0,1.0,0.0,1.0,0.0,0.0,1.0,0.0,1.0,0.0,0,0,0,0,0,0,0,13,2,2021,5,5,2,0,0,0,2,0,1,0.0,0,0,LEVE,0,7
6,1,0.0902701515484296,0,4,1,-13.133249,-72.316248,4,4,0,1,2,1,1,6,3447.8009999999995,1.0,5,1,0.0,0.340764331210191,0.0101032286404568,1109.0,0.4706944943299555,76.79406176595778,3282.6252676659524,17779.13499998999,2097.37099999,2863.123,12818.640999999989,2878.713,14900.421999989989,16.19152450331032,1,0,0,35.0,35.0,35.0,1.0,1.0,0.0,0.0,1,0,0.0,0.0,0.0,1.0,0.0,1.0,0.0,0.0,0.0,0.0,0,0,0,0,0,0,0,14,2,2021,5,5,2,0,0,2,2,0,1,0.0,1,0,GRAVE_MORTALIDAD,2,4
6,1,0.0902701515484296,0,4,1,-13.457944,-72.4116,0,4,0,1,2,-1,-1,6,7586.903,2.0,5,2,1.0,0.340764331210191,0.067428069404788,1198.0,0.3401816617977222,71.10991456121904,8685.158458244112,17779.13499998999,2097.37099999,2863.123,12818.640999999989,2878.713,14900.421999989989,16.19152450331032,1,0,0,34.0,34.0,34.0,1.0,0.0,0.0,0.0,1,0,0.0,1.0,0.0,0.0,0.0,0.0,1.0,0.0,0.0,0.0,0,0,0,0,0,0,0,17,2,2021,5,5,2,0,0,2,2,0,1,0.0,1,0,LEVE,0,4
3,2,0.2105205359103887,0,4,1,-10.7369133660656,-77.74969622049346,0,4,7,0,2,-1,-1,2,6543.555,3.0,5,2,1.0,0.1133318690972984,0.1133318690972984,1475.0,0.6351794046894105,80.8024412070713,74926.62740899358,7626.313,1683.4029999999998,1599.0829999999996,4343.827000000001,1814.875,5811.438000000001,23.7975414856432,2,0,0,38.5,35.0,42.0,1.0,1.0,0.0,0.0,2,0,0.0,0.0,0.0,1.0,0.0,1.0,1.0,0.0,0.0,0.0,0,0,0,0,0,0,0,19,3,2021,5,5,2,0,0,0,2,1,1,0.0,0,0,LEVE,0,0
6,1,0.0351416648363716,2,4,1,-6.8512811,-79.8269899,0,0,7,0,2,1,0,0,6543.555,3.0,5,2,1.0,0.1133318690972984,0.1133318690972984,1475.0,0.4741120956135246,82.20413595948395,32071.66595289079,3459.691,515.0619999999999,689.7280000000001,2254.901,703.3549999999999,2756.336,20.329994788551925,1,0,0,24.0,24.0,24.0,1.0,0.0,0.0,0.0,1,0,0.0,0.0,0.0,1.0,1.0,0.0,0.0,0.0,1.0,0.0,0,0,0,0,0,0,0,20,3,2021,5,5,2,0,0,0,1,1,1,0.0,0,0,LEVE,0,1