CLASE SINIESTRO,CANTIDAD DE VEHICULOS DAÑADOS,DEPARTAMENTO,ZONA,TIPO DE VÍA,RED VIAL,COORDENADAS LATITUD,COORDENADAS  LONGITUD,CONDICIÓN CLIMÁTICA,ZONIFICACIÓN,CARACTERÍSTICAS DE VÍA,PERFIL LONGITUDINAL VÍA,SUPERFICIE DE CALZADA,¿EXISTE SEÑAL VERTICAL?,¿EXISTE SEÑAL HORIZONTAL?,CAUSA FACTOR PRINCIPAL,MTC_RVN_LONGITUD_KM,MTC_RVN_N_CARRILES_MEDIANA,MTC_RVN_SUPERFICIE_DOMINANTE,MTC_RVN_ESTADO_DOMINANTE,MTC_RVN_ES_CONCESIONADA,MTC_RVN_CONCESION_PRINCIPAL,MTC_RVN_CORREDOR_LOGISTICO,MTC_RVN_N_TRAMOS,IDH_2019,IDH_ESP_VIDA_2019,IDH_POBLACION_2019,MTC_DEP_RED_TOTAL_KM,MTC_DEP_NACIONAL_TOTAL_KM,MTC_DEP_DEPARTAMENTAL_TOTAL_KM,MTC_DEP_VECINAL_TOTAL_KM,MTC_DEP_PAV_TOTAL_KM,MTC_DEP_NO_PAV_TOTAL_KM,MTC_DEP_PCT_PAVIMENTADA,PER_N_CONDUCTORES,PER_N_CONDUCTORES_FUGADOS,PER_N_PEATONES,PER_EDAD_COND_PROM,PER_EDAD_COND_MIN,PER_EDAD_COND_MAX,PER_ANY_COND_MASCULINO,PER_ANY_LIC_PROBLEMA,PER_ANY_DOSAJE_POS,PER_ANY_DOSAJE_EVALUADO,VEH_TOTAL,VEH_N_FUGADOS,VEH_ANY_FUGADO,VEH_ANY_CARGA,VEH_ANY_PUBLICO,VEH_ANY_PARTICULAR,VEH_ANY_MOTO,VEH_ANY_AUTO,VEH_ANY_CAMION_BUS,VEH_ANY_SOAT_PROBLEMA,VEH_ANY_CITV_PROBLEMA,VEH_ANY_SEGURO_PROBLEMA,MTC_RVN_LONGITUD_KM_ERA_NULO,MTC_RVN_N_CARRILES_MEDIANA_ERA_NULO,MTC_RVN_ES_CONCESIONADA_ERA_NULO,MTC_RVN_N_TRAMOS_ERA_NULO,PER_EDAD_COND_PROM_ERA_NULO,PER_EDAD_COND_MIN_ERA_NULO,PER_EDAD_COND_MAX_ERA_NULO,HORA_NUM,FRANJA_HORARIA,ANIO,MES,DIA_MES,DIA_SEMANA,ES_FIN_SEMANA,ES_QUINCENA,REGION_NATURAL,NIVEL_SEÑALIZACION_ORD,ES_VIA_MULTICARRIL,ES_DEPTO_BAJO_PAVIMENTO,RATIO_CONDUCTORES_FUGADOS,ES_CURVA_Y_PENDIENTE,ES_VIA_NO_PAVIMENTADA,CATEGORIA_SEVERIDAD,CATEGORIA_SEVERIDAD_ENC,CLUSTER
0,1,0.2105205359103887,2,2,4,-12.044108,-77.046872,0,2,7,0,2,-1,-1,4,6543.555,2.0,-1,-1,1.0,0.4495936745003294,0.4495936745003294,1198.0,0.7646845961658533,80.23682119426338,250806.0877944326,7626.313,1683.4029999999998,1599.0829999999996,4343.827000000001,1814.875,5811.438000000001,23.7975414856432,1,0,1,37.0,33.0,40.0,1.0,0.0,0.0,0.0,1,0,0.0,0.0,0.0,1.0,0.0,0.0,1.0,1.0,1.0,0.0,1,1,1,1,1,1,1,21,3,2021,5,5,2,0,0,0,2,0,1,0.0,0,0,LEVE,0,0
0,0,0.2105205359103887,2,4,1,-11.9919966,-76.8256921,0,2,7,0,4,-1,-1,0,875.67,2.0,5,2,1.0,0.0162530199868218,0.0124094003953437,156.0,0.7410537419693288,80.72873693175681,43755.852248394,7626.313,1683.4029999999998,1599.0829999999996,4343.827000000001,1814.875,5811.438000000001,23.7975414856432,1,0,1,24.0,24.0,24.0,1.0,0.0,0.0,0.0,1,0,0.0,0.0,0.0,1.0,0.0,1.0,0.0,0.0,1.0,0.0,0,0,0,0,0,0,0,13,2,2021,5,6,3,0,0,0,2,0,1,0.0,0,0,LEVE,0,0
3,2,0.0933450472216121,0,4,1,-8.412773,-78.798247,0,4,7,0,2,-1,-1,2,6543.555,3.0,5,2,1.0,0.1133318690972984,0.1133318690972984,1475.0,0.5051395598219868,77.13285387085847,67612.41755888652,8931.828000000005,1335.5899999999997,1935.9830000000004,5660.255000000005,1219.309,7712.519000000005,13.651281686122925,2,0,0,43.5,38.0,49.0,1.0,1.0,0.0,0.0,2,0,0.0,1.0,0.0,0.0,0.0,0.0,1.0,0.0,1.0,0.0,0,0,0,0,0,0,0,2,0,2021,5,7,4,0,0,0,2,1,1,0.0,0,0,GRAVE_MORTALIDAD,2,1
0,1,0.0475510652317153,2,4,1,-14.8729674,-74.9904761,0,3,7,0,2,-1,-1,0,6639.975,2.0,5,2,1.0,0.340764331210191,0.074236766966835,1616.0,0.5563774842369664,77.00938809632027,27932.19700214133,3721.461,698.1859999999996,744.866,2278.409,1102.9029999999996,2618.558,29.636290693359403,1,0,1,18.0,18.0,18.0,1.0,1.0,0.0,1.0,1,0,0.0,0.0,0.0,1.0,1.0,0.0,0.0,1.0,1.0,0.0,0,0,0,0,0,0,0,4,0,2021,5,7,4,0,0,0,2,0,1,0.0,0,0,LEVE,0,8
0,1,0.0821436415550186,0,4,1,-15.281613,-69.9257604,0,4,7,0,2,1,1,4,1762.84,2.0,-1,2,0.0,0.340764331210191,0.1266198111135515,485.0,0.3120136684565522,74.56643070176949,12390.518201284798,13642.312999999998,2020.7790000000005,2354.117,9267.416999999998,3314.0520000000006,10328.260999999997,24.29244952817019,1,0,1,26.0,26.0,26.0,1.0,0.0,0.0,0.0,1,0,0.0,0.0,0.0,1.0,0.0,0.0,1.0,0.0,1.0,0.0,0,0,0,0,0,0,0,9,1,2021,5,7,4,0,0,2,2,0,1,0.0,0,0,LEVE,0,4
6,1,0.0037338018888644,0,4,0,-17.210263,-70.921352,7,4,7,1,2,1,0,2,6543.555,2.0,-1,-1,1.0,0.4495936745003294,0.4495936745003294,1198.0,0.7019393796398946,77.75173796903684,64680.35760171306,2949.174,470.28500000000025,903.055,1575.834,866.4460000000004,2082.728,29.37927704503025,1,0,0,31.0,31.0,31.0,1.0,1.0,0.0,0.0,1,0,0.0,0.0,0.0,1.0,1.0,0.0,0.0,0.0,0.0,0.0,1,1,1,1,0,0,0,10,1,2021,5,7,4,0,0,0,1,0,1,0.0,0,0,LEVE,0,10
6,1,0.0497474192839885,1,4,1,-4.68356635520392,-81.09414331545014,0,4,7,0,2,-1,-1,0,6543.555,3.0,5,2,1.0,0.1133318690972984,0.1133318690972984,1475.0,0.5876647399116196,78.30047449326607,10993.18629550321,8965.846000060003,1782.4120000599992,636.9959999999999,6546.438000000004,2214.505000059999,6751.341000000004,24.699342371541725,1,0,0,25.0,25.0,25.0,1.0,0.0,0.0,0.0,1,0,0.0,0.0,0.0,1.0,0.0,1.0,0.0,0.0,0.0,0.0,0,0,0,0,0,0,0,15,2,2021,5,7,4,0,0,0,2,1,1,0.0,0,0,LEVE,0,3
6,1,0.0933450472216121,0,4,1,-8.141737,-78.197709,0,4,7,0,2,-1,-1,2,9936.932,2.0,5,2,1.0,0.340764331210191,0.1266198111135515,3830.0,0.3206757529914507,75.21333323806027,18794.94860813704,8931.828000000005,1335.5899999999997,1935.9830000000004,5660.255000000005,1219.309,7712.519000000005,13.651281686122925,1,0,0,25.0,25.0,25.0,1.0,0.0,0.0,0.0,1,0,0.0,0.0,0.0,1.0,0.0,1.0,0.0,0.0,1.0,0.0,0,0,0,0,0,0,0,15,2,2021,5,7,4,0,0,0,2,0,1,0.0,0,0,LEVE,0,1
3,1,0.0766527564243356,0,4,1,-15.841667921338228,-71.10177723625667,0,4,7,0,2,0,1,2,1504.4250000000002,2.0,5,2,1.0,0.0252580716011421,0.0230617175488688,241.0,0.4498224071382834,81.63336343193146,1358.612419700214,10322.272,1495.236,1749.739,7077.2970000000005,2886.595,7435.677000000001,27.964725207783708,2,0,0,26.0,22.0,30.0,1.0,0.0,0.0,1.0,2,0,0.0,0.0,0.0,1.0,1.0,0.0,1.0,0.0,1.0,0.0,0,0,0,0,0,0,0,19,3,2021,5,7,4,0,0,0,1,0,1,0.0,0,0,LEVE,0,4
6,1,0.0318471337579617,0,4,1,-9.077566096117572,-77.78314446226604,0,4,0,1,2,1,1,2,9936.932,2.0,5,2,1.0,0.340764331210191,0.1266198111135515,3830.0,0.49842722626264,79.23197418574183,25526.81584582441,10767.648,1885.0630000000003,1222.721,7659.864000000001,2100.343,8667.305000000002,19.506051832303577,1,0,0,26.0,26.0,26.0,1.0,1.0,0.0,0.0,1,0,0.0,0.0,0.0,1.0,1.0,0.0,0.0,0.0,0.0,0.0,0,0,0,0,0,0,0,20,3,2021,5,7,4,0,0,0,2,0,1,0.0,1,0,GRAVE_MORTALIDAD,2,20
3,2,0.0420601801010322,0,4,1,-10.932901566892642,-74.86769527334864,0,4,7,0,2,-1,-1,0,5768.608,2.0,3,-1,0.0,0.340764331210191,0.1266198111135515,365.0,0.4504704361939795,78.21109613042135,61517.46466809421,12264.545,1826.4639999999995,1105.5389999999998,9332.542,1588.5359999999996,10676.009,12.952261987705208,2,0,0,20.0,18.0,22.0,1.0,1.0,0.0,0.0,2,0,0.0,0.0,0.0,1.0,1.0,0.0,0.0,0.0,1.0,0.0,0,0,0,0,0,0,0,3,0,2021,5,8,5,1,0,2,2,0,1,0.0,0,0,LEVE,0,5
3,2,0.0182297386338677,0,4,1,-13.541964783452272,-72.80367104108937,0,4,0,1,2,1,1,2,7586.903,2.0,5,2,1.0,0.340764331210191,0.067428069404788,1198.0,0.377913005157653,70.27445875446921,16627.231263383295,8358.971,1282.451,1298.0969999999998,5778.423,1432.683,6926.288,17.139466089785454,2,0,0,46.5,45.0,48.0,1.0,1.0,0.0,1.0,2,0,0.0,1.0,0.0,1.0,0.0,1.0,1.0,0.0,0.0,0.0,0,0,0,0,0,0,0,4,0,2021,5,8,5,1,0,2,2,0,1,0.0,1,0,LEVE,0,4
0,0,0.0213046343070502,2,4,1,-13.203862,-74.217087,0,4,0,1,2,-1,-1,2,7586.903,2.0,5,2,1.0,0.340764331210191,0.067428069404788,1198.0,0.5434028420964154,74.57852402616055,55908.47323340471,12678.733000000004,1805.074000000001,1774.0339999999994,9099.625000000004,2485.375000000001,10193.358000000002,19.602707936195205,2,0,1,46.0,39.0,53.0,1.0,0.0,0.0,1.0,2,0,0.0,0.0,0.0,1.0,0.0,1.0,0.0,0.0,1.0,0.0,0,0,0,0,0,0,0,5,0,2021,5,8,5,1,0,2,2,0,1,0.0,1,0,LEVE,0,4
3,2,0.0821436415550186,0,4,1,-16.260407,-69.296237,0,4,7,0,2,-1,-1,0,7586.903,2.0,5,2,1.0,0.340764331210191,0.067428069404788,1198.0,0.3165090894545869,72.969641049674,13778.516059957172,13642.312999999998,2020.7790000000005,2354.117,9267.416999999998,3314.0520000000006,10328.260999999997,24.29244952817019,2,0,0,43.0,26.0,60.0,1.0,0.0,0.0,0.0,2,0,0.0,0.0,1.0,1.0,1.0,0.0,1.0,0.0,1.0,0.0,0,0,0,0,0,0,0,7,1,2021,5,8,5,1,0,2,2,0,1,0.0,0,0,LEVE,0,4
3,2,0.0293213265978475,2,4,1,-6.0414216,-77.1308047,0,3,7,0,2,-1,-1,2,7758.33400008,2.0,5,2,1.0,0.340764331210191,0.0464528882055787,2133.0,0.5147882301210585,74.70882653725891,4267.862955032119,5645.136,815.0759999999999,965.298,3864.762,1013.406,4631.73,17.95184385283189,2,0,0,43.5,42.0,45.0,1.0,1.0,0.0,1.0,2,0,0.0,0.0,1.0,1.0,1.0,0.0,1.0,0.0,1.0,0.0,0,0,0,0,0,0,0,17,2,2021,5,8,5,1,0,1,2,0,1,0.0,0,0,LEVE,0,2
3,2,0.0933450472216121,0,4,1,-8.954141,-78.629623,0,4,7,0,2,-1,-1,2,6543.555,3.0,5,2,1.0,0.1133318690972984,0.1133318690972984,1475.0,0.4867987483268106,77.5825534369154,9838.736616702356,8931.828000000005,1335.5899999999997,1935.9830000000004,5660.255000000005,1219.309,7712.519000000005,13.651281686122925,2,0,0,39.5,28.0,51.0,1.0,0.0,0.0,1.0,2,0,0.0,1.0,0.0,0.0,0.0,0.0,1.0,0.0,1.0,0.0,0,0,0,0,0,0,0,19,3,2021,5,8,5,1,0,0,2,1,1,0.0,0,0,LEVE,0,1
0,1,0.2105205359103887,2,2,4,-11.491536,-77.211604,6,5,6,-1,6,-1,-1,0,6543.555,2.0,-1,-1,1.0,0.4495936745003294,0.4495936745003294,1198.0,0.6447048661877788,79.92873744030881,104439.11563169166,7626.313,1683.4029999999998,1599.0829999999996,4343.827000000001,1814.875,5811.438000000001,23.7975414856432,1,0,1,24.0,24.0,24.0,1.0,0.0,0.0,1.0,1,0,0.0,0.0,1.0,0.0,1.0,0.0,0.0,0.0,0.0,0.0,1,1,1,1,0,0,0,19,3,2021,5,8,5,1,0,0,2,0,1,0.0,0,0,LEVE,0,0
3,2,0.0933450472216121,0,4,1,-8.415622,-78.789251,0,4,7,0,2,-1,-1,2,6543.555,3.0,5,2,1.0,0.1133318690972984,0.1133318690972984,1475.0,0.5051395598219868,77.13285387085847,67612.41755888652,8931.828000000005,1335.5899999999997,1935.9830000000004,5660.255000000005,1219.309,7712.519000000005,13.651281686122925,2,0,0,45.0,33.0,57.0,1.0,1.0,0.0,0.0,2,0,0.0,1.0,0.0,1.0,0.0,1.0,1.0,0.0,1.0,0.0,0,0,0,0,0,0,0,19,3,2021,5,8,5,1,0,0,2,1,1,0.0,0,0,GRAVE_MORTALIDAD,2,1
6,1,0.0182297386338677,0,4,1,-13.540684,-72.690852,0,4,0,0,2,-1,-1,2,7586.903,2.0,5,2,1.0,0.340764331210191,0.067428069404788,1198.0,0.377913005157653,70.27445875446921,16627.231263383295,8358.971,1282.451,1298.0969999999998,5778.423,1432.683,6926.288,17.139466089785454,1,0,0,34.0,34.0,34.0,1.0,1.0,1.0,1.0,1,0,0.0,0.0,0.0,1.0,1.0,0.0,0.0,1.0,1.0,0.0,0,0,0,0,0,0,0,20,3,2021,5,8,5,1,0,2,2,0,1,0.0,0,0,LEVE,0,4
0,1,0.2105205359103887,2,4,1,-12.17513,-76.97776,0,2,7,0,2,-1,-1,4,6639.975,2.0,5,2,1.0,0.340764331210191,0.074236766966835,1616.0,0.7289998534947872,80.50926319493618,384728.5117773019,7626.313,1683.4029999999998,1599.0829999999996,4343.827000000001,1814.875,5811.438000000001,23.7975414856432,1,0,1,34.0,34.0,34.0,1.0,0.0,0.0,0.0,1,0,0.0,0.0,0.0,1.0,0.0,1.0,0.0,1.0,0.0,0.0,0,0,0,0,0,0,0,2,0,2021,5,9,6,1,0,0,2,0,1,0.0,0,0,LEVE,0,0
4,1,0.0497474192839885,1,2,4,-5.092568522791758,-81.10497948374011,0,0,1,0,4,-1,-1,0,6543.555,2.0,-1,-1,1.0,0.4495936745003294,0.4495936745003294,1198.0,0.5697476996509985,79.43113978237243,99196.84582441112,8965.846000060003,1782.4120000599992,636.9959999999999,6546.438000000004,2214.505000059999,6751.341000000004,24.699342371541725,1,0,0,23.0,23.0,23.0,1.0,1.0,0.0,0.0,1,0,0.0,0.0,0.0,1.0,1.0,0.0,0.0,1.0,1.0,0.0,1,1,1,1,0,0,0,4,0,2021,5,9,6,1,0,0,2,0,1,0.0,0,0,LEVE,0,3
6,1,0.0182297386338677,0,4,1,-13.6899950332972,-72.3357962695401,0,4,7,0,2,-1,-1,2,2176.715,1.0,-1,1,0.0,0.340764331210191,0.1266198111135515,756.0,0.3568650330495143,70.19875269067077,3544.1563169164883,8358.971,1282.451,1298.0969999999998,5778.423,1432.683,6926.288,17.139466089785454,1,0,0,73.0,73.0,73.0,1.0,1.0,0.0,0.0,1,0,0.0,0.0,0.0,1.0,0.0,1.0,0.0,0.0,0.0,0.0,0,0,0,0,0,0,0,5,0,2021,5,9,6,1,0,2,2,0,1,0.0,0,0,GRAVE_MORTALIDAD,2,4
6,1,0.2105205359103887,0,4,2,-10.683096746105509,-77.5875042875954,0,4,7,0,7,-1,-1,2,6543.555,2.0,-1,-1,1.0,0.4495936745003294,0.4495936745003294,1198.0,0.6351794046894105,80.8024412070713,74926.62740899358,7626.313,1683.4029999999998,1599.0829999999996,4343.827000000001,1814.875,5811.438000000001,23.7975414856432,1,0,0,45.0,45.0,45.0,1.0,1.0,0.0,0.0,1,0,0.0,0.0,0.0,1.0,1.0,0.0,0.0,1.0,1.0,0.0,1,1,1,1,0,0,0,8,1,2021,5,9,6,1,0,0,2,0,1,0.0,0,1,LEVE,0,0
3,2,0.0139468482319349,0,4,0,-3.597169772707001,-80.20990498828526,0,4,7,0,2,1,0,2,6543.555,2.0,-1,-1,1.0,0.4495936745003294,0.4495936745003294,1198.0,0.506393213976091,71.09604779417722,5253.152034261242,1009.101,138.47399999999996,287.471,583.156,276.972,732.129,27.447401201663663,2,0,0,17.5,17.0,18.0,1.0,1.0,0.0,1.0,2,0,0.0,0.0,1.0,1.0,1.0,0.0,0.0,1.0,1.0,0.0,1,1,1,1,0,0,0,18,3,2021,5,9,6,1,0,0,1,0,1,0.0,0,0,LEVE,0,13
3,2,0.0293213265978475,2,4,1,-6.045477,-77.015953,0,3,0,1,2,-1,-1,2,7758.33400008,2.0,5,2,1.0,0.340764331210191,0.0464528882055787,2133.0,0.5294800468051228,72.46713251445857,86435.21199143468,5645.136,815.0759999999999,965.298,3864.762,1013.406,4631.73,17.95184385283189,2,0,0,34.5,27.0,42.0,1.0,1.0,1.0,1.0,2,0,0.0,0.0,1.0,0.0,0.0,1.0,0.0,0.0,0.0,0.0,0,0,0,0,0,0,0,21,3,2021,5,9,6,1,0,1,2,0,1,0.0,1,0,LEVE,0,2
5,2,0.0902701515484296,2,3,4,-14.448563,-72.084076,0,3,7,0,2,-1,-1,2,6543.555,2.0,-1,-1,1.0,0.4495936745003294,0.4495936745003294,1198.0,0.339323744940919,67.8567694463257,24527.03426124197,17779.13499998999,2097.37099999,2863.123,12818.640999999989,2878.713,14900.421999989989,16.19152450331032,2,1,0,29.0,29.0,29.0,1.0,1.0,0.0,0.0,2,1,1.0,0.0,0.0,1.0,1.0,1.0,0.0,1.0,0.0,0.0,1,1,1,1,0,0,0,22,3,2021,5,9,6,1,0,2,2,0,1,0.5,0,0,LEVE,0,4
6,1,0.0821436415550186,0,4,0,-16.620514622644144,-69.40568275124429,0,4,7,0,2,-1,-1,5,6543.555,2.0,-1,-1,1.0,0.4495936745003294,0.4495936745003294,1198.0,0.2671908646315166,73.48292793161005,20223.04710920771,13642.312999999998,2020.7790000000005,2354.117,9267.416999999998,3314.0520000000006,10328.260999999997,24.29244952817019,1,0,0,37.0,37.0,37.0,0.0,0.0,0.0,0.0,1,0,0.0,0.0,0.0,1.0,0.0,1.0,0.0,0.0,0.0,0.0,1,1,1,1,0,0,0,1,0,2021,5,10,0,0,0,2,2,0,1,0.0,0,0,LEVE,0,4
6,1,0.0351416648363716,0,4,1,-6.974972,-79.672524,5,4,7,0,2,-1,-1,0,6543.555,3.0,5,2,1.0,0.1133318690972984,0.1133318690972984,1475.0,0.5328313946151968,80.14557682903842,10221.605995717344,3459.691,515.0619999999999,689.7280000000001,2254.901,703.3549999999999,2756.336,20.329994788551925,1,0,0,60.0,60.0,60.0,1.0,1.0,0.0,0.0,1,0,0.0,0.0,1.0,0.0,0.0,0.0,1.0,0.0,0.0,0.0,0,0,0,0,0,0,0,6,1,2021,5,10,0,0,0,0,2,1,1,0.0,0,0,GRAVE_MORTALIDAD,2,1
6,1,0.0351416648363716,0,4,1,-6.525155041984445,-80.04043742758363,0,4,2,0,2,1,0,0,6543.555,3.0,5,2,1.0,0.1133318690972984,0.1133318690972984,1475.0,0.3879800350664534,75.68222437543551,48902.40256959316,3459.691,515.0619999999999,689.7280000000001,2254.901,703.3549999999999,2756.336,20.329994788551925,1,0,0,40.0,40.0,40.0,1.0,0.0,0.0,0.0,1,0,0.0,0.0,0.0,1.0,1.0,0.0,0.0,1.0,1.0,0.0,0,0,0,0,0,0,0,7,1,2021,5,10,0,0,0,0,1,1,1,0.0,0,0,LEVE,0,1
0,0,0.0182297386338677,2,2,4,-13.4404845,-73.5999776,7,0,7,0,7,-1,-1,2,6543.555,2.0,-1,-1,1.0,0.4495936745003294,0.4495936745003294,1198.0,0.2939673751652363,69.20475586600952,2007.0,8358.971,1282.451,1298.0969999999998,5778.423,1432.683,6926.288,17.139466089785454,1,0,1,30.0,30.0,30.0,1.0,1.0,0.0,1.0,1,0,0.0,1.0,0.0,0.0,0.0,0.0,1.0,0.0,0.0,0.0,1,1,1,1,0,0,0,13,2,2021,5,10,0,0,0,2,2,0,1,0.0,0,1,LEVE,0,4
3,2,0.0821436415550186,0,4,1,-14.5411033,-70.2900262,0,4,7,0,2,-1,-1,2,1761.8050000000003,2.0,5,2,1.0,0.005820338238524,0.005820338238524,410.0,0.3123807527193555,68.51007197218408,8566.627408993576,13642.312999999998,2020.7790000000005,2354.117,9267.416999999998,3314.0520000000006,10328.260999999997,24.29244952817019,2,0,0,50.0,44.0,56.0,1.0,1.0,0.0,0.0,2,0,0.0,0.0,0.0,1.0,1.0,0.0,1.0,0.0,1.0,0.0,0,0,0,0,0,0,0,18,3,2021,5,10,0,0,0,2,2,0,1,0.0,0,0,LEVE,0,4
3,3,0.0475510652317153,0,4,1,-14.218953,-75.707239,0,4,7,0,2,-1,-1,0,6639.975,2.0,5,2,1.0,0.340764331210191,0.074236766966835,1616.0,0.6261042306271147,80.48505954362174,31419.372591006424,3721.461,698.1859999999996,744.866,2278.409,1102.9029999999996,2618.558,29.636290693359403,3,0,0,34.333333333333336,24.0,50.0,1.0,1.0,0.0,1.0,3,0,0.0,1.0,0.0,1.0,1.0,1.0,1.0,0.0,1.0,0.0,0,0,0,0,0,0,0,21,3,2021,5,10,0,0,0,0,2,0,1,0.0,0,0,LEVE,0,7
3,2,0.0497474192839885,0,4,1,-5.276932,-80.613759,0,4,7,0,2,0,1,0,6543.555,3.0,5,2,1.0,0.1133318690972984,0.1133318690972984,1475.0,0.5034350778485951,78.14388603810477,76220.84796573877,8965.846000060003,1782.4120000599992,636.9959999999999,6546.438000000004,2214.505000059999,6751.341000000004,24.699342371541725,2,0,0,36.0,26.0,46.0,1.0,0.0,1.0,1.0,2,0,0.0,0.0,1.0,1.0,1.0,0.0,1.0,1.0,0.0,0.0,0,0,0,0,0,0,0,21,3,2021,5,10,0,0,0,0,1,1,1,0.0,0,0,LEVE,0,3
1,0,0.2105205359103887,2,4,1,-11.965534,-77.067883,0,2,7,0,4,-1,-1,0,6543.555,3.0,5,2,1.0,0.1133318690972984,0.1133318690972984,1475.0,0.758462599563312,80.5192231989937,363987.54389721627,7626.313,1683.4029999999998,1599.0829999999996,4343.827000000001,1814.875,5811.438000000001,23.7975414856432,1,1,1,37.0,33.0,40.0,0.0,0.0,0.0,0.0,1,1,1.0,0.0,0.0,0.0,0.0,0.0,0.0,0.0,0.0,0.0,0,0,0,0,1,1,1,22,3,2021,5,10,0,0,0,0,2,1,1,1.0,0,0,LEVE,0,0
3,2,0.0497474192839885,1,4,3,-4.235331377255618,-81.12563250127883,0,2,7,0,2,-1,-1,0,6543.555,2.0,-1,-1,1.0,0.4495936745003294,0.4495936745003294,1198.0,0.5751392337522091,77.97866676358052,7348.017130620985,8965.846000060003,1782.4120000599992,636.9959999999999,6546.438000000004,2214.505000059999,6751.341000000004,24.699342371541725,2,0,0,37.0,35.0,39.0,1.0,1.0,0.0,0.0,2,0,0.0,1.0,0.0,0.0,0.0,0.0,1.0,0.0,1.0,0.0,1,1,1,1,0,0,0,23,3,2021,5,10,0,0,0,0,2,0,1,0.0,0,0,LEVE,0,13
0,1,0.0821436415550186,0,4,1,-15.298358082645134,-70.00006019210296,0,4,7,0,2,-1,-1,6,1762.84,2.0,-1,2,0.0,0.340764331210191,0.1266198111135515,485.0,0.3120136684565522,74.56643070176949,12390.518201284798,13642.312999999998,2020.7790000000005,2354.117,9267.416999999998,3314.0520000000006,10328.260999999997,24.29244952817019,1,0,1,23.0,23.0,23.0,1.0,1.0,0.0,0.0,1,0,0.0,0.0,0.0,1.0,1.0,0.0,0.0,1.0,1.0,0.0,0,0,0,0,0,0,0,13,2,2021,5,11,1,0,0,2,2,0,1,0.0,0,0,GRAVE_MORTALIDAD,2,4
6,1,0.0351416648363716,0,4,0,-6.5567402,-79.7682136,0,4,7,0,2,-1,-1,0,6543.555,2.0,-1,-1,1.0,0.4495936745003294,0.4495936745003294,1198.0,0.4223480801354451,69.21333797191475,22806.316916488224,3459.691,515.0619999999999,689.7280000000001,2254.901,703.3549999999999,2756.336,20.329994788551925,1,0,0,13.0,13.0,13.0,1.0,1.0,0.0,0.0,1,0,0.0,0.0,0.0,1.0,1.0,0.0,0.0,1.0,1.0,0.0,1,1,1,1,0,0,0,15,2,2021,5,11,1,0,0,0,2,0,1,0.0,0,0,LEVE,0,1
3,2,0.0475510652317153,0,4,1,-14.490291747835574,-75.30455818676043,0,4,7,0,2,-1,-1,0,6639.975,2.0,5,2,1.0,0.340764331210191,0.074236766966835,1616.0,0.5696116876324925,79.88318888188034,771.1927194860813,3721.461,698.1859999999996,744.866,2278.409,1102.9029999999996,2618.558,29.636290693359403,2,0,0,30.5,29.0,32.0,1.0,1.0,0.0,1.0,2,0,0.0,1.0,0.0,1.0,0.0,1.0,0.0,0.0,1.0,0.0,0,0,0,0,0,0,0,17,2,2021,5,11,1,0,0,0,2,0,1,0.0,0,0,LEVE,0,8
0,1,0.0161432022842082,0,4,1,-18.158335,-70.462288,0,0,7,0,2,1,1,2,1926.94,2.0,5,2,1.0,0.340764331210191,0.1266198111135515,393.0,0.5551799999072031,75.37994385062687,6114.0,2650.572,630.6729999999998,487.3610000000001,1532.5379999999998,1068.7019999999998,1581.87,40.31967439480987,1,0,2,21.0,21.0,21.0,1.0,0.0,0.0,0.0,1,0,0.0,0.0,0.0,1.0,0.0,0.0,1.0,0.0,0.0,0.0,0,0,0,0,0,0,0,21,3,2021,5,12,2,0,0,0,2,0,1,0.0,0,0,LEVE,0,15
6,1,0.0766527564243356,0,4,1,-16.302635,-73.396271,0,4,0,1,2,0,1,0,6639.975,2.0,5,2,1.0,0.340764331210191,0.074236766966835,1616.0,0.5820043139033948,81.06660338389479,4870.783725910065,10322.272,1495.236,1749.739,7077.2970000000005,2886.595,7435.677000000001,27.964725207783708,1,0,0,30.0,30.0,30.0,1.0,1.0,0.0,0.0,1,0,0.0,0.0,0.0,1.0,0.0,1.0,0.0,0.0,1.0,0.0,0,0,0,0,0,0,0,4,0,2021,5,13,3,0,0,0,1,0,1,0.0,1,0,LEVE,0,-1
0,1,0.0161432022842082,2,2,4,-17.987599,-70.244088,0,3,1,1,2,1,1,2,6543.555,2.0,-1,-1,1.0,0.4495936745003294,0.4495936745003294,1198.0,0.6032564872134053,77.72075801274941,34456.60813704497,2650.572,630.6729999999998,487.3610000000001,1532.5379999999998,1068.7019999999998,1581.87,40.31967439480987,1,0,1,34.0,34.0,34.0,1.0,1.0,0.0,0.0,1,0,0.0,0.0,0.0,1.0,0.0,1.0,0.0,0.0,0.0,0.0,1,1,1,1,0,0,0,7,1,2021,5,13,3,0,0,0,2,0,1,0.0,0,0,LEVE,0,15
3,2,0.0351416648363716,2,4,1,-6.785434,-79.869206,0,4,7,0,2,1,0,0,6543.555,3.0,5,2,1.0,0.1133318690972984,0.1133318690972984,1475.0,0.6336758582443321,79.57413791335281,284974.83725910063,3459.691,515.0619999999999,689.7280000000001,2254.901,703.3549999999999,2756.336,20.329994788551925,2,0,0,40.0,34.0,46.0,1.0,0.0,0.0,0.0,2,0,0.0,0.0,0.0,1.0,0.0,1.0,0.0,0.0,1.0,0.0,0,0,0,0,0,0,0,8,1,2021,5,13,3,0,0,0,1,1,1,0.0,0,0,LEVE,0,1
6,1,0.0497474192839885,0,4,2,-4.547547,-80.206153,0,4,5,0,7,-1,-1,0,6543.555,2.0,-1,-1,1.0,0.4495936745003294,0.4495936745003294,1198.0,0.3708025850862105,70.09572248353376,11598.841541755888,8965.846000060003,1782.4120000599992,636.9959999999999,6546.438000000004,2214.505000059999,6751.341000000004,24.699342371541725,1,0,0,37.0,33.0,40.0,0.0,0.0,0.0,0.0,1,0,0.0,0.0,0.0,1.0,1.0,0.0,0.0,1.0,1.0,0.0,1,1,1,1,1,1,1,11,1,2021,5,13,3,0,0,0,2,0,1,0.0,0,1,LEVE,0,3