CLASE SINIESTRO,CANTIDAD DE VEHICULOS DAÑADOS,DEPARTAMENTO,ZONA,TIPO DE VÍA,RED VIAL,COORDENADAS LATITUD,COORDENADAS  LONGITUD,CONDICIÓN CLIMÁTICA,ZONIFICACIÓN,CARACTERÍSTICAS DE VÍA,PERFIL LONGITUDINAL VÍA,SUPERFICIE DE CALZADA,¿EXISTE SEÑAL VERTICAL?,¿EXISTE SEÑAL HORIZONTAL?,CAUSA FACTOR PRINCIPAL,MTC_RVN_LONGITUD_KM,MTC_RVN_N_CARRILES_MEDIANA,MTC_RVN_SUPERFICIE_DOMINANTE,MTC_RVN_ESTADO_DOMINANTE,MTC_RVN_ES_CONCESIONADA,MTC_RVN_CONCESION_PRINCIPAL,MTC_RVN_CORREDOR_LOGISTICO,MTC_RVN_N_TRAMOS,IDH_2019,IDH_ESP_VIDA_2019,IDH_POBLACION_2019,MTC_DEP_RED_TOTAL_KM,MTC_DEP_NACIONAL_TOTAL_KM,MTC_DEP_DEPARTAMENTAL_TOTAL_KM,MTC_DEP_VECINAL_TOTAL_KM,MTC_DEP_PAV_TOTAL_KM,MTC_DEP_NO_PAV_TOTAL_KM,MTC_DEP_PCT_PAVIMENTADA,PER_N_CONDUCTORES,PER_N_CONDUCTORES_FUGADOS,PER_N_PEATONES,PER_EDAD_COND_PROM,PER_EDAD_COND_MIN,PER_EDAD_COND_MAX,PER_ANY_COND_MASCULINO,PER_ANY_LIC_PROBLEMA,PER_ANY_DOSAJE_POS,PER_ANY_DOSAJE_EVALUADO,VEH_TOTAL,VEH_N_FUGADOS,VEH_ANY_FUGADO,VEH_ANY_CARGA,VEH_ANY_PUBLICO,VEH_ANY_PARTICULAR,VEH_ANY_MOTO,VEH_ANY_AUTO,VEH_ANY_CAMION_BUS,VEH_ANY_SOAT_PROBLEMA,VEH_ANY_CITV_PROBLEMA,VEH_ANY_SEGURO_PROBLEMA,MTC_RVN_LONGITUD_KM_ERA_NULO,MTC_RVN_N_CARRILES_MEDIANA_ERA_NULO,MTC_RVN_ES_CONCESIONADA_ERA_NULO,MTC_RVN_N_TRAMOS_ERA_NULO,PER_EDAD_COND_PROM_ERA_NULO,PER_EDAD_COND_MIN_ERA_NULO,PER_EDAD_COND_MAX_ERA_NULO,HORA_NUM,FRANJA_HORARIA,ANIO,MES,DIA_MES,DIA_SEMANA,ES_FIN_SEMANA,ES_QUINCENA,REGION_NATURAL,NIVEL_SEÑALIZACION_ORD,ES_VIA_MULTICARRIL,ES_DEPTO_BAJO_PAVIMENTO,RATIO_CONDUCTORES_FUGADOS,ES_CURVA_Y_PENDIENTE,ES_VIA_NO_PAVIMENTADA,CATEGORIA_SEVERIDAD,CATEGORIA_SEVERIDAD_ENC,CLUSTER
3,1,0.0821436415550186,0,4,0,-16.287404033734546,-69.22546263693665,0,4,7,0,2,-1,-1,2,6543.555,2.0,-1,-1,1.0,0.4495936745003294,0.4495936745003294,1198.0,0.3165090894545869,72.969641049674,13778.516059957172,13642.312999999998,2020.7790000000005,2354.117,9267.416999999998,3314.0520000000006,10328.260999999997,24.29244952817019,2,0,0,49.0,32.0,66.0,1.0,1.0,0.0,0.0,2,0,0.0,1.0,0.0,0.0,1.0,0.0,1.0,0.0,1.0,0.0,1,1,1,1,0,0,0,15,2,2021,5,13,3,0,0,2,2,0,1,0.0,0,0,LEVE,0,4
3,2,0.0821436415550186,0,4,2,-15.419878082612398,-70.0500696320667,0,4,7,0,2,-1,-1,6,6543.555,2.0,-1,-1,1.0,0.4495936745003294,0.4495936745003294,1198.0,0.2399049659709538,73.66748174046536,4818.295503211992,13642.312999999998,2020.7790000000005,2354.117,9267.416999999998,3314.0520000000006,10328.260999999997,24.29244952817019,2,0,0,48.0,39.0,57.0,1.0,1.0,0.0,0.0,2,0,0.0,0.0,0.0,1.0,1.0,1.0,0.0,0.0,1.0,0.0,1,1,1,1,0,0,0,19,3,2021,5,13,3,0,0,2,2,0,1,0.0,0,0,LEVE,0,4
3,2,0.0131781243136393,0,4,1,-8.963253,-76.095438,0,4,7,0,2,-1,-1,2,7758.33400008,2.0,5,2,1.0,0.340764331210191,0.0464528882055787,2133.0,0.4488980782274319,72.32233236849576,32955.28479657388,8209.057,1333.4779999999996,791.9770000000001,6083.602,1059.8589999999997,7149.198,12.910849565303296,2,0,0,67.0,62.0,72.0,1.0,0.0,0.0,1.0,2,0,0.0,0.0,0.0,1.0,1.0,1.0,0.0,0.0,1.0,0.0,0,0,0,0,0,0,0,19,3,2021,5,13,3,0,0,2,2,0,1,0.0,0,0,GRAVE_LESIONADOS,1,4
0,1,0.0821436415550186,0,4,1,-15.43497260605749,-70.14088673661455,6,5,6,-1,6,-1,-1,0,7586.903,2.0,5,2,1.0,0.340764331210191,0.067428069404788,1198.0,0.5225679967471315,73.87568641139362,65445.28409703769,13642.312999999998,2020.7790000000005,2354.117,9267.416999999998,3314.0520000000006,10328.260999999997,24.29244952817019,1,0,1,24.0,24.0,24.0,1.0,0.0,0.0,1.0,1,0,0.0,0.0,0.0,1.0,0.0,0.0,1.0,1.0,1.0,0.0,0,0,0,0,0,0,0,19,3,2021,5,13,3,0,0,2,2,0,1,0.0,0,0,LEVE,0,4
6,1,0.0933450472216121,0,4,1,-8.304154,-77.270799,0,4,7,0,2,-1,-1,0,1688.589,1.0,-1,1,0.0,0.340764331210191,0.1266198111135515,287.0,0.3197513128881681,72.75839607187493,13901.271948608137,8931.828000000005,1335.5899999999997,1935.9830000000004,5660.255000000005,1219.309,7712.519000000005,13.651281686122925,1,0,0,37.0,33.0,40.0,0.0,0.0,0.0,0.0,1,0,0.0,0.0,0.0,1.0,0.0,1.0,0.0,0.0,1.0,0.0,0,0,0,0,1,1,1,10,1,2021,5,14,4,0,0,0,2,0,1,0.0,0,0,LEVE,0,22
3,3,0.0597408302218317,0,4,1,-5.836237,-78.756643,7,4,0,0,2,1,0,0,7758.33400008,2.0,5,2,1.0,0.340764331210191,0.0464528882055787,2133.0,0.5803239946829384,74.49544278598792,102362.46895074946,15935.565011852366,1733.9250000199986,935.692,13265.948011832368,2000.1670000199988,13935.398011832369,12.551591352627522,3,0,0,27.666666666666668,23.0,37.0,1.0,1.0,0.0,1.0,3,0,0.0,1.0,0.0,1.0,0.0,1.0,1.0,0.0,0.0,0.0,0,0,0,0,0,0,0,15,2,2021,5,14,4,0,0,2,1,0,1,0.0,0,0,LEVE,0,1
10,3,0.0131781243136393,0,4,1,-9.695459,-76.086889,2,4,0,0,2,-1,-1,2,693.175,2.0,5,1,0.0,0.340764331210191,0.0037338018888644,249.0,0.3096549989431256,76.17431233061522,19256.764453961456,8209.057,1333.4779999999996,791.9770000000001,6083.602,1059.8589999999997,7149.198,12.910849565303296,3,0,0,38.333333333333336,24.0,54.0,1.0,0.0,0.0,1.0,3,0,0.0,0.0,0.0,1.0,1.0,0.0,1.0,0.0,1.0,0.0,0,0,0,0,0,0,0,16,2,2021,5,14,4,0,0,2,2,0,1,0.0,0,0,LEVE,0,4
0,1,0.2105205359103887,2,2,4,-12.042317376940453,-76.97828863347918,0,2,7,0,2,-1,-1,2,6543.555,2.0,-1,-1,1.0,0.4495936745003294,0.4495936745003294,1198.0,0.7347309224519117,80.70014842215761,229834.5310492505,7626.313,1683.4029999999998,1599.0829999999996,4343.827000000001,1814.875,5811.438000000001,23.7975414856432,1,0,1,58.0,58.0,58.0,1.0,1.0,0.0,0.0,1,0,0.0,0.0,0.0,1.0,0.0,1.0,0.0,1.0,1.0,0.0,1,1,1,1,0,0,0,17,2,2021,5,14,4,0,0,0,2,0,1,0.0,0,0,LEVE,0,0
0,1,0.0475510652317153,2,3,4,-13.7084423,-76.2046293,0,0,1,0,2,-1,-1,4,6543.555,2.0,-1,-1,1.0,0.4495936745003294,0.4495936745003294,1198.0,0.5876128251369682,76.40783657687089,58924.95503211991,3721.461,698.1859999999996,744.866,2278.409,1102.9029999999996,2618.558,29.636290693359403,1,0,1,41.0,41.0,41.0,1.0,1.0,0.0,1.0,1,0,0.0,0.0,0.0,0.0,1.0,0.0,0.0,1.0,1.0,0.0,1,1,1,1,0,0,0,19,3,2021,5,14,4,0,0,0,2,0,1,0.0,0,0,LEVE,0,7
4,1,0.0597408302218317,2,6,4,-7.15010397,-78.51644851,0,0,7,1,4,-1,-1,2,6543.555,2.0,-1,-1,1.0,0.4495936745003294,0.4495936745003294,1198.0,0.6070175276741574,73.19224654097276,257380.9443254818,15935.565011852366,1733.9250000199986,935.692,13265.948011832368,2000.1670000199988,13935.398011832369,12.551591352627522,1,0,0,22.0,22.0,22.0,1.0,0.0,0.0,0.0,1,0,0.0,0.0,0.0,1.0,1.0,0.0,0.0,0.0,1.0,0.0,1,1,1,1,0,0,0,21,3,2021,5,14,4,0,0,2,2,0,1,0.0,0,0,LEVE,0,1
3,2,0.0351416648363716,2,2,4,-6.762234,-79.829662,7,3,7,0,2,-1,-1,0,6543.555,2.0,-1,-1,1.0,0.4495936745003294,0.4495936745003294,1198.0,0.5415697888341857,80.94178299597955,183060.58029978588,3459.691,515.0619999999999,689.7280000000001,2254.901,703.3549999999999,2756.336,20.329994788551925,2,0,0,66.5,65.0,68.0,1.0,0.0,0.0,1.0,2,0,0.0,1.0,0.0,1.0,1.0,0.0,1.0,0.0,1.0,0.0,1,1,1,1,0,0,0,11,1,2021,5,15,5,1,1,0,2,0,1,0.0,0,0,LEVE,0,1
6,1,0.0902701515484296,0,4,3,-14.499621,-71.329169,0,4,0,0,7,-1,-1,6,6543.555,2.0,-1,-1,1.0,0.4495936745003294,0.4495936745003294,1198.0,0.2860092739262279,59.94781725321823,5060.0256959314775,17779.13499998999,2097.37099999,2863.123,12818.640999999989,2878.713,14900.421999989989,16.19152450331032,1,0,0,34.0,34.0,34.0,1.0,0.0,0.0,0.0,1,0,0.0,1.0,0.0,0.0,0.0,0.0,1.0,0.0,0.0,0.0,1,1,1,1,0,0,0,12,2,2021,5,15,5,1,1,2,2,0,1,0.0,0,1,LEVE,0,4
3,2,0.0902701515484296,0,4,1,-12.804034,-72.683129,0,4,7,0,2,-1,-1,6,3447.8009999999995,1.0,5,1,0.0,0.340764331210191,0.0101032286404568,1109.0,0.5803892132127203,77.20158157453214,30810.06638115632,17779.13499998999,2097.37099999,2863.123,12818.640999999989,2878.713,14900.421999989989,16.19152450331032,2,0,0,56.0,35.0,77.0,1.0,1.0,0.0,0.0,2,0,0.0,0.0,1.0,1.0,1.0,0.0,0.0,0.0,0.0,0.0,0,0,0,0,0,0,0,15,2,2021,5,15,5,1,1,2,2,0,1,0.0,0,0,LEVE,0,4
10,1,0.0902701515484296,0,4,1,-14.748404,-71.484805,0,4,0,1,7,-1,-1,0,7586.903,2.0,5,2,1.0,0.340764331210191,0.067428069404788,1198.0,0.2895499003381874,68.53788948078248,14410.650963597433,17779.13499998999,2097.37099999,2863.123,12818.640999999989,2878.713,14900.421999989989,16.19152450331032,1,0,0,23.0,23.0,23.0,1.0,1.0,0.0,0.0,1,0,0.0,0.0,0.0,1.0,1.0,0.0,0.0,0.0,0.0,0.0,0,0,0,0,0,0,0,18,3,2021,5,15,5,1,1,2,2,0,1,0.0,1,1,LEVE,0,4
3,2,0.0318471337579617,0,4,1,-9.300778609747743,-77.62263159386384,5,4,0,1,2,1,1,2,9936.932,2.0,5,2,1.0,0.340764331210191,0.1266198111135515,3830.0,0.4669807362285736,79.26733649833263,2516.817987152034,10767.648,1885.0630000000003,1222.721,7659.864000000001,2100.343,8667.305000000002,19.506051832303577,2,0,0,31.5,26.0,37.0,1.0,1.0,0.0,1.0,2,0,0.0,1.0,0.0,0.0,0.0,1.0,1.0,0.0,0.0,0.0,0,0,0,0,0,0,0,19,3,2021,5,15,5,1,1,0,2,0,1,0.0,1,0,GRAVE_MORTALIDAD,2,20
1,1,0.0902701515484296,0,4,1,-12.964499,-71.4214,5,4,7,0,7,1,0,2,7586.903,2.0,5,2,1.0,0.340764331210191,0.067428069404788,1198.0,0.3612121566150602,62.7406214315804,5308.728051391863,17779.13499998999,2097.37099999,2863.123,12818.640999999989,2878.713,14900.421999989989,16.19152450331032,1,1,1,37.0,33.0,40.0,0.0,0.0,0.0,0.0,1,1,1.0,0.0,0.0,0.0,0.0,0.0,0.0,0.0,0.0,0.0,0,0,0,0,1,1,1,19,3,2021,5,15,5,1,1,2,1,0,1,1.0,0,1,LEVE,0,4
3,2,0.0933450472216121,0,4,1,-7.178046,-79.437756,0,4,2,0,2,-1,-1,2,6543.555,3.0,5,2,1.0,0.1133318690972984,0.1133318690972984,1475.0,0.5114727232493018,78.60606800160349,24701.19700214133,8931.828000000005,1335.5899999999997,1935.9830000000004,5660.255000000005,1219.309,7712.519000000005,13.651281686122925,2,0,0,32.5,27.0,38.0,1.0,1.0,1.0,1.0,2,0,0.0,0.0,1.0,0.0,1.0,0.0,1.0,0.0,0.0,1.0,0,0,0,0,0,0,0,21,3,2021,5,15,5,1,1,0,2,1,1,0.0,0,0,LEVE,0,1
6,1,0.0293213265978475,0,4,0,-5.9460881604485,-77.2427443729863,6,5,6,-1,6,-1,-1,0,6543.555,2.0,-1,-1,1.0,0.4495936745003294,0.4495936745003294,1198.0,0.4797278789109669,73.57625129312893,3398.1798715203427,5645.136,815.0759999999999,965.298,3864.762,1013.406,4631.73,17.95184385283189,1,0,0,20.0,20.0,20.0,1.0,1.0,0.0,0.0,1,0,0.0,0.0,0.0,1.0,1.0,0.0,0.0,0.0,1.0,0.0,1,1,1,1,0,0,0,4,0,2021,5,16,6,1,1,1,2,0,1,0.0,0,0,LEVE,0,2
10,1,0.0766527564243356,0,4,1,-16.077201,-71.512188,0,4,0,0,2,1,1,0,1504.4250000000002,2.0,5,2,1.0,0.0252580716011421,0.0230617175488688,241.0,0.6005060748875158,78.21704200773246,33335.45824411135,10322.272,1495.236,1749.739,7077.2970000000005,2886.595,7435.677000000001,27.964725207783708,1,0,0,33.0,33.0,33.0,1.0,0.0,0.0,0.0,1,0,0.0,1.0,0.0,0.0,0.0,0.0,1.0,0.0,0.0,0.0,0,0,0,0,0,0,0,6,1,2021,5,16,6,1,1,0,2,0,1,0.0,0,0,LEVE,0,4
3,2,0.0902701515484296,2,4,1,-13.567006,-71.833,7,3,7,0,2,1,1,2,7586.903,2.0,5,2,1.0,0.340764331210191,0.067428069404788,1198.0,0.5196848738299176,77.87933372563211,6457.1220556745175,17779.13499998999,2097.37099999,2863.123,12818.640999999989,2878.713,14900.421999989989,16.19152450331032,2,0,0,28.0,25.0,31.0,1.0,1.0,0.0,0.0,2,0,0.0,0.0,0.0,1.0,0.0,1.0,0.0,0.0,1.0,0.0,0,0,0,0,0,0,0,17,2,2021,5,16,6,1,1,2,2,0,1,0.0,0,0,GRAVE_MORTALIDAD,2,4
3,1,0.006479244454206,2,4,1,-10.869821905685251,-76.11155199290695,6,5,6,-1,6,-1,-1,0,9936.932,2.0,5,2,1.0,0.340764331210191,0.1266198111135515,3830.0,0.3809805024475937,74.2650289070001,3505.5546038543894,3677.119863,564.5869999999999,910.845,2201.687863000001,590.8779999999998,3086.2418630000006,16.06904376290656,3,0,0,34.666666666666664,20.0,43.0,1.0,1.0,1.0,1.0,3,1,1.0,0.0,1.0,1.0,1.0,0.0,1.0,0.0,1.0,0.0,0,0,0,0,0,0,0,18,3,2021,5,16,6,1,1,2,2,0,1,0.0,0,0,LEVE,0,4
5,1,0.0351416648363716,0,4,1,-6.213567,-79.701722,0,4,7,0,2,-1,-1,0,1305.18,2.0,5,2,1.0,0.0160333845815945,0.0464528882055787,163.0,0.4974674218418852,75.93907983080418,28734.96573875803,3459.691,515.0619999999999,689.7280000000001,2254.901,703.3549999999999,2756.336,20.329994788551925,2,1,0,58.0,58.0,58.0,1.0,1.0,0.0,0.0,2,1,1.0,1.0,0.0,0.0,1.0,0.0,0.0,0.0,1.0,1.0,0,0,0,0,0,0,0,19,3,2021,5,16,6,1,1,0,2,0,1,0.5,0,0,LEVE,0,1
1,0,0.0351416648363716,0,4,1,-6.2216688,-79.7073985,0,4,7,0,2,-1,-1,0,1305.18,2.0,5,2,1.0,0.0160333845815945,0.0464528882055787,163.0,0.4974674218418852,75.93907983080418,28734.96573875803,3459.691,515.0619999999999,689.7280000000001,2254.901,703.3549999999999,2756.336,20.329994788551925,1,1,1,37.0,33.0,40.0,0.0,0.0,0.0,0.0,1,1,1.0,0.0,0.0,0.0,0.0,0.0,0.0,0.0,0.0,1.0,0,0,0,0,1,1,1,21,3,2021,5,16,6,1,1,0,2,0,1,1.0,0,0,LEVE,0,1
6,1,0.0933450472216121,0,4,2,-7.985028,-78.67921,0,4,7,0,3,-1,-1,6,6543.555,2.0,-1,-1,1.0,0.4495936745003294,0.4495936745003294,1198.0,0.3809823047796905,74.4473973089921,26695.141327623125,8931.828000000005,1335.5899999999997,1935.9830000000004,5660.255000000005,1219.309,7712.519000000005,13.651281686122925,1,0,0,32.0,32.0,32.0,1.0,0.0,0.0,0.0,1,0,0.0,1.0,0.0,0.0,0.0,0.0,1.0,0.0,0.0,0.0,1,1,1,1,0,0,0,0,0,2021,5,17,0,0,1,0,2,0,1,0.0,0,1,GRAVE_MORTALIDAD,2,1
3,2,0.0293213265978475,0,4,1,-7.08700928856264,-76.6352227872794,7,4,7,0,2,1,0,2,7758.33400008,2.0,5,2,1.0,0.340764331210191,0.0464528882055787,2133.0,0.5109244470140767,79.0743465376581,646.3297644539614,5645.136,815.0759999999999,965.298,3864.762,1013.406,4631.73,17.95184385283189,2,0,0,40.0,26.0,54.0,1.0,0.0,0.0,1.0,2,0,0.0,0.0,0.0,1.0,1.0,1.0,0.0,0.0,0.0,0.0,0,0,0,0,0,0,0,9,1,2021,5,17,0,0,1,1,1,0,1,0.0,0,0,LEVE,0,12
0,1,0.0153744783659125,2,4,1,-11.904060014292073,-77.1284922344765,0,0,7,0,2,-1,-1,4,139.23,-1.0,5,2,0.0,0.340764331210191,0.1266198111135515,69.0,0.5563774842369664,77.00938809632027,27932.19700214133,51.58600000000001,44.68700000000001,6.899000000000001,0.0,49.838000000000015,1.748,96.61148373589734,1,0,1,59.0,59.0,59.0,1.0,0.0,0.0,0.0,1,0,0.0,1.0,0.0,0.0,0.0,0.0,1.0,0.0,1.0,0.0,0,0,0,0,0,0,0,16,2,2021,5,17,0,0,1,2,2,0,0,0.0,0,0,LEVE,0,0
3,2,0.0161432022842082,0,4,1,-17.700525,-70.102507,0,4,0,1,2,0,1,2,1139.285,1.0,-1,1,0.0,0.340764331210191,0.1266198111135515,176.0,0.34159615449674,80.4755871041024,534.374732334047,2650.572,630.6729999999998,487.3610000000001,1532.5379999999998,1068.7019999999998,1581.87,40.31967439480987,2,0,0,46.0,32.0,60.0,1.0,0.0,0.0,0.0,2,0,0.0,1.0,0.0,1.0,0.0,1.0,1.0,0.0,0.0,0.0,0,0,0,0,0,0,0,16,2,2021,5,17,0,0,1,0,1,0,1,0.0,1,0,LEVE,0,9
0,1,0.0821436415550186,0,4,3,-14.802268376997617,-70.34450097558799,0,4,7,0,2,-1,-1,6,6543.555,2.0,-1,-1,1.0,0.4495936745003294,0.4495936745003294,1198.0,0.2623754846886306,66.47865021821245,15453.085653104928,13642.312999999998,2020.7790000000005,2354.117,9267.416999999998,3314.0520000000006,10328.260999999997,24.29244952817019,1,0,1,27.0,27.0,27.0,1.0,0.0,0.0,0.0,1,0,0.0,0.0,0.0,1.0,0.0,0.0,1.0,0.0,0.0,0.0,1,1,1,1,0,0,0,19,3,2021,5,17,0,0,1,2,2,0,1,0.0,0,0,LEVE,0,4
1,1,0.0821436415550186,0,4,1,-15.735935,-70.056914,0,4,0,0,2,-1,-1,2,7586.903,2.0,5,2,1.0,0.340764331210191,0.067428069404788,1198.0,0.3204026151964153,69.29426309416309,4850.546038543897,13642.312999999998,2020.7790000000005,2354.117,9267.416999999998,3314.0520000000006,10328.260999999997,24.29244952817019,1,1,1,37.0,33.0,40.0,0.0,0.0,0.0,0.0,1,1,1.0,0.0,0.0,0.0,0.0,0.0,0.0,0.0,0.0,0.0,0,0,0,0,1,1,1,0,0,2021,5,18,1,0,1,2,2,0,1,1.0,0,0,LEVE,0,4
3,1,0.2105205359103887,2,4,1,-12.007770915494971,-76.85896757387667,0,2,7,0,2,-1,-1,2,875.67,2.0,5,2,1.0,0.0162530199868218,0.0124094003953437,156.0,0.6868549636939637,79.62363164345142,684921.8484148846,7626.313,1683.4029999999998,1599.0829999999996,4343.827000000001,1814.875,5811.438000000001,23.7975414856432,2,0,0,34.0,34.0,34.0,1.0,0.0,0.0,0.0,2,0,0.0,0.0,0.0,1.0,0.0,0.0,1.0,0.0,1.0,0.0,0,0,0,0,0,0,0,12,2,2021,5,18,1,0,1,0,2,0,1,0.0,0,0,LEVE,0,0
3,1,0.0420601801010322,0,4,1,-11.390965899569627,-75.68829563662541,0,4,5,1,2,-1,-1,0,600.0300000000001,2.0,5,2,0.0,0.340764331210191,0.0032945310784098,178.0,0.5493260347632952,73.03034893900043,43269.004282655245,12264.545,1826.4639999999995,1105.5389999999998,9332.542,1588.5359999999996,10676.009,12.952261987705208,2,0,0,22.0,21.0,23.0,1.0,1.0,1.0,1.0,2,0,0.0,1.0,0.0,1.0,1.0,1.0,0.0,0.0,0.0,0.0,0,0,0,0,0,0,0,15,2,2021,5,18,1,0,1,2,2,0,1,0.0,1,0,LEVE,0,4
6,1,0.0059301559411377,0,4,1,-5.598773694574039,-78.55107903073039,7,4,7,0,2,-1,-1,0,1432.285,1.0,-1,1,0.0,0.340764331210191,0.0010981770261366,277.0,0.5840630337731323,73.02563696239686,26946.78823529412,3903.732,1155.121,585.018,2163.5930000000003,943.591,2960.1410000000005,24.17151074920102,1,0,0,54.0,54.0,54.0,1.0,1.0,0.0,0.0,1,0,0.0,0.0,0.0,1.0,1.0,0.0,0.0,1.0,1.0,0.0,0,0,0,0,0,0,0,19,3,2021,5,18,1,0,1,1,2,0,1,0.0,0,0,LEVE,0,1
10,1,0.0766527564243356,2,2,4,-16.425553,-71.53839,0,0,0,0,2,-1,-1,2,6543.555,2.0,-1,-1,1.0,0.4495936745003294,0.4495936745003294,1198.0,0.7453744058790387,79.4589730074046,76620.6295503212,10322.272,1495.236,1749.739,7077.2970000000005,2886.595,7435.677000000001,27.964725207783708,1,0,0,28.0,28.0,28.0,1.0,1.0,0.0,0.0,2,1,1.0,0.0,0.0,1.0,1.0,0.0,1.0,0.0,0.0,0.0,1,1,1,1,0,0,0,20,3,2021,5,18,1,0,1,0,2,0,1,0.0,0,0,LEVE,0,4
3,1,0.0062596090489786,0,4,1,-12.6138,-69.243869,6,5,6,-1,6,-1,-1,0,3263.58,2.0,5,2,1.0,0.0080166922907972,0.0080166922907972,566.0,0.6331639735785386,72.20641129524063,88506.68094218415,2090.391,399.431,340.021,1350.9389999999996,493.824,1596.5669999999996,23.62352306338862,2,0,0,32.5,25.0,40.0,1.0,0.0,0.0,0.0,2,0,0.0,1.0,0.0,1.0,1.0,0.0,1.0,0.0,0.0,0.0,0,0,0,0,0,0,0,21,3,2021,5,18,1,0,1,1,2,0,1,0.0,0,0,LEVE,0,21
3,1,0.0821436415550186,0,4,0,-14.767174420860924,-70.93875286479684,6,5,6,-1,6,-1,-1,0,6543.555,2.0,-1,-1,1.0,0.4495936745003294,0.4495936745003294,1198.0,0.3219333013834005,71.74174290277293,7815.167023554604,13642.312999999998,2020.7790000000005,2354.117,9267.416999999998,3314.0520000000006,10328.260999999997,24.29244952817019,2,0,0,37.0,32.0,42.0,1.0,0.0,0.0,0.0,2,0,0.0,0.0,0.0,1.0,0.0,1.0,1.0,1.0,1.0,0.0,1,1,1,1,0,0,0,22,3,2021,5,18,1,0,1,2,2,0,1,0.0,0,0,GRAVE_LESIONADOS,1,-1
6,1,0.0213046343070502,0,4,1,-13.26641253167358,-74.30822444180802,0,4,0,0,2,1,0,2,1679.5849999999998,2.0,5,1,1.0,0.340764331210191,0.0082363276960245,315.0,0.1859776092837948,69.85250115366037,15617.884368308352,12678.733000000004,1805.074000000001,1774.0339999999994,9099.625000000004,2485.375000000001,10193.358000000002,19.602707936195205,1,0,0,22.0,22.0,22.0,1.0,0.0,0.0,1.0,1,0,0.0,1.0,0.0,0.0,0.0,0.0,1.0,0.0,0.0,0.0,0,0,0,0,0,0,0,5,0,2021,5,19,2,0,1,2,1,0,1,0.0,0,0,LEVE,0,4
3,2,0.0497474192839885,0,4,1,-5.136257,-80.331393,0,4,2,1,2,0,1,2,1305.18,2.0,5,2,1.0,0.0160333845815945,0.0464528882055787,163.0,0.4653748048968089,74.19666709322776,75914.02997858672,8965.846000060003,1782.4120000599992,636.9959999999999,6546.438000000004,2214.505000059999,6751.341000000004,24.699342371541725,2,0,0,41.0,40.0,42.0,1.0,1.0,0.0,1.0,2,0,0.0,1.0,0.0,1.0,0.0,1.0,1.0,0.0,1.0,0.0,0,0,0,0,0,0,0,7,1,2021,5,19,2,0,1,0,1,0,1,0.0,0,0,GRAVE_MORTALIDAD,2,3
6,1,0.0902701515484296,0,4,1,-13.123531,-72.333281,4,4,0,1,2,1,1,6,3447.8009999999995,1.0,5,1,0.0,0.340764331210191,0.0101032286404568,1109.0,0.4706944943299555,76.79406176595778,3282.6252676659524,17779.13499998999,2097.37099999,2863.123,12818.640999999989,2878.713,14900.421999989989,16.19152450331032,1,0,0,31.0,31.0,31.0,1.0,0.0,0.0,0.0,1,0,0.0,1.0,0.0,0.0,0.0,0.0,1.0,0.0,0.0,0.0,0,0,0,0,0,0,0,23,3,2021,5,19,2,0,1,2,2,0,1,0.0,1,0,GRAVE_MORTALIDAD,2,4
6,1,0.0062596090489786,2,6,4,-12.589681,-69.208873,6,5,6,-1,6,-1,-1,0,6543.555,2.0,-1,-1,1.0,0.4495936745003294,0.4495936745003294,1198.0,0.6331639735785386,72.20641129524063,88506.68094218415,2090.391,399.431,340.021,1350.9389999999996,493.824,1596.5669999999996,23.62352306338862,1,0,0,44.0,44.0,44.0,1.0,0.0,0.0,0.0,1,0,0.0,0.0,0.0,1.0,1.0,0.0,0.0,1.0,0.0,0.0,1,1,1,1,0,0,0,0,0,2021,5,20,3,0,1,1,2,0,1,0.0,0,0,LEVE,0,21
6,1,0.0131781243136393,0,4,1,-9.358401,-75.979258,0,4,0,0,2,-1,-1,0,693.175,2.0,5,1,0.0,0.340764331210191,0.0037338018888644,249.0,0.3514165953877426,72.32913425621899,9590.61670235546,8209.057,1333.4779999999996,791.9770000000001,6083.602,1059.8589999999997,7149.198,12.910849565303296,1,0,0,32.0,32.0,32.0,1.0,1.0,0.0,0.0,1,0,0.0,0.0,0.0,1.0,1.0,0.0,0.0,1.0,1.0,0.0,0,0,0,0,0,0,0,5,0,2021,5,20,3,0,1,2,2,0,1,0.0,0,0,LEVE,0,4
10,1,0.2105205359103887,2,2,4,-12.078943,-76.930904,0,2,7,0,2,-1,-1,2,6543.555,2.0,-1,-1,1.0,0.4495936745003294,0.4495936745003294,1198.0,0.8452166148253858,80.64766902313956,160839.29764453962,7626.313,1683.4029999999998,1599.0829999999996,4343.827000000001,1814.875,5811.438000000001,23.7975414856432,1,0,0,37.0,33.0,40.0,1.0,1.0,0.0,0.0,1,0,0.0,0.0,0.0,1.0,1.0,0.0,0.0,0.0,0.0,0.0,1,1,1,1,1,1,1,7,1,2021,5,20,3,0,1,0,2,0,1,0.0,0,0,LEVE,0,0