CLASE SINIESTRO,CANTIDAD DE VEHICULOS DAÑADOS,DEPARTAMENTO,ZONA,TIPO DE VÍA,RED VIAL,COORDENADAS LATITUD,COORDENADAS  LONGITUD,CONDICIÓN CLIMÁTICA,ZONIFICACIÓN,CARACTERÍSTICAS DE VÍA,PERFIL LONGITUDINAL VÍA,SUPERFICIE DE CALZADA,¿EXISTE SEÑAL VERTICAL?,¿EXISTE SEÑAL HORIZONTAL?,CAUSA FACTOR PRINCIPAL,MTC_RVN_LONGITUD_KM,MTC_RVN_N_CARRILES_MEDIANA,MTC_RVN_SUPERFICIE_DOMINANTE,MTC_RVN_ESTADO_DOMINANTE,MTC_RVN_ES_CONCESIONADA,MTC_RVN_CONCESION_PRINCIPAL,MTC_RVN_CORREDOR_LOGISTICO,MTC_RVN_N_TRAMOS,IDH_2019,IDH_ESP_VIDA_2019,IDH_POBLACION_2019,MTC_DEP_RED_TOTAL_KM,MTC_DEP_NACIONAL_TOTAL_KM,MTC_DEP_DEPARTAMENTAL_TOTAL_KM,MTC_DEP_VECINAL_TOTAL_KM,MTC_DEP_PAV_TOTAL_KM,MTC_DEP_NO_PAV_TOTAL_KM,MTC_DEP_PCT_PAVIMENTADA,PER_N_CONDUCTORES,PER_N_CONDUCTORES_FUGADOS,PER_N_PEATONES,PER_EDAD_COND_PROM,PER_EDAD_COND_MIN,PER_EDAD_COND_MAX,PER_ANY_COND_MASCULINO,PER_ANY_LIC_PROBLEMA,PER_ANY_DOSAJE_POS,PER_ANY_DOSAJE_EVALUADO,VEH_TOTAL,VEH_N_FUGADOS,VEH_ANY_FUGADO,VEH_ANY_CARGA,VEH_ANY_PUBLICO,VEH_ANY_PARTICULAR,VEH_ANY_MOTO,VEH_ANY_AUTO,VEH_ANY_CAMION_BUS,VEH_ANY_SOAT_PROBLEMA,VEH_ANY_CITV_PROBLEMA,VEH_ANY_SEGURO_PROBLEMA,MTC_RVN_LONGITUD_KM_ERA_NULO,MTC_RVN_N_CARRILES_MEDIANA_ERA_NULO,MTC_RVN_ES_CONCESIONADA_ERA_NULO,MTC_RVN_N_TRAMOS_ERA_NULO,PER_EDAD_COND_PROM_ERA_NULO,PER_EDAD_COND_MIN_ERA_NULO,PER_EDAD_COND_MAX_ERA_NULO,HORA_NUM,FRANJA_HORARIA,ANIO,MES,DIA_MES,DIA_SEMANA,ES_FIN_SEMANA,ES_QUINCENA,REGION_NATURAL,NIVEL_SEÑALIZACION_ORD,ES_VIA_MULTICARRIL,ES_DEPTO_BAJO_PAVIMENTO,RATIO_CONDUCTORES_FUGADOS,ES_CURVA_Y_PENDIENTE,ES_VIA_NO_PAVIMENTADA,CATEGORIA_SEVERIDAD,CATEGORIA_SEVERIDAD_ENC,CLUSTER
3,1,0.0821436415550186,0,4,0,-15.275186152956692,-70.08506475857814,0,4,7,0,2,-1,-1,2,6543.555,2.0,-1,-1,1.0,0.4495936745003294,0.4495936745003294,1198.0,0.2324501385472216,70.00261704144198,2932.3790149892934,13642.312999999998,2020.7790000000005,2354.117,9267.416999999998,3314.0520000000006,10328.260999999997,24.29244952817019,2,1,0,74.0,74.0,74.0,1.0,0.0,0.0,0.0,2,1,1.0,0.0,1.0,1.0,0.0,0.0,0.0,1.0,1.0,0.0,1,1,1,1,0,0,0,9,1,2021,6,9,2,0,0,2,2,0,1,0.5,0,0,LEVE,0,4
3,1,0.2105205359103887,2,4,1,-12.031138,-77.002644,0,2,7,0,4,-1,-1,2,6543.555,3.0,5,2,1.0,0.1133318690972984,0.1133318690972984,1475.0,0.6970617810314195,81.40501156526744,203379.9271948608,7626.313,1683.4029999999998,1599.0829999999996,4343.827000000001,1814.875,5811.438000000001,23.7975414856432,2,0,0,43.0,43.0,43.0,1.0,0.0,0.0,0.0,2,0,0.0,0.0,0.0,1.0,0.0,0.0,1.0,0.0,1.0,0.0,0,0,0,0,0,0,0,10,1,2021,6,9,2,0,0,0,2,1,1,0.0,0,0,LEVE,0,0
3,2,0.0933450472216121,0,4,1,-7.804772,-79.193644,0,4,7,0,2,-1,-1,0,6543.555,3.0,5,2,1.0,0.1133318690972984,0.1133318690972984,1475.0,0.6137552402736777,77.488039372676,8413.593147751606,8931.828000000005,1335.5899999999997,1935.9830000000004,5660.255000000005,1219.309,7712.519000000005,13.651281686122925,2,0,0,56.0,42.0,70.0,1.0,0.0,0.0,0.0,2,0,0.0,1.0,1.0,0.0,1.0,0.0,1.0,0.0,1.0,0.0,0,0,0,0,0,0,0,11,1,2021,6,9,2,0,0,0,2,1,1,0.0,0,0,LEVE,0,1
0,0,0.0193279156600043,0,4,2,-13.064099888998037,-74.50655755409814,0,4,2,1,7,-1,-1,0,6543.555,2.0,-1,-1,1.0,0.4495936745003294,0.4495936745003294,1198.0,0.2922647045334091,72.81327396061133,3862.5032119914345,8511.426,1445.3929999999996,2008.516,5057.516999999999,1879.579,6631.846999999998,22.08300935706896,1,0,1,30.0,30.0,30.0,1.0,0.0,0.0,0.0,1,0,0.0,0.0,0.0,0.0,0.0,0.0,0.0,1.0,1.0,0.0,1,1,1,1,0,0,0,11,1,2021,6,9,2,0,0,2,2,0,1,0.0,0,1,LEVE,0,4
6,1,0.0902701515484296,0,4,1,-14.113702,-71.458108,0,4,7,0,2,-1,-1,0,566.7160000000001,2.0,1,0,0.0,0.340764331210191,0.0057105205359103,137.0,0.2991005536829932,62.21917574632246,1773.610278372591,17779.13499998999,2097.37099999,2863.123,12818.640999999989,2878.713,14900.421999989989,16.19152450331032,1,0,0,39.0,39.0,39.0,1.0,1.0,0.0,0.0,1,0,0.0,0.0,0.0,1.0,0.0,1.0,0.0,0.0,0.0,0.0,0,0,0,0,0,0,0,15,2,2021,6,9,2,0,0,2,2,0,1,0.0,0,0,LEVE,0,4
6,1,0.0497474192839885,2,2,4,-5.164,-80.64736333,0,4,0,0,2,1,1,0,6543.555,2.0,-1,-1,1.0,0.4495936745003294,0.4495936745003294,1198.0,0.6582040223794163,78.74105515718446,178905.3426124197,8965.846000060003,1782.4120000599992,636.9959999999999,6546.438000000004,2214.505000059999,6751.341000000004,24.699342371541725,1,0,0,19.0,19.0,19.0,1.0,1.0,1.0,1.0,1,0,0.0,0.0,0.0,1.0,1.0,0.0,0.0,1.0,1.0,0.0,1,1,1,1,0,0,0,18,3,2021,6,9,2,0,0,0,2,0,1,0.0,0,0,LEVE,0,3
0,1,0.2105205359103887,2,2,4,-12.071682,-77.050911,0,2,7,0,2,-1,-1,4,6543.555,2.0,-1,-1,1.0,0.4495936745003294,0.4495936745003294,1198.0,0.5563774842369664,77.00938809632027,27932.19700214133,7626.313,1683.4029999999998,1599.0829999999996,4343.827000000001,1814.875,5811.438000000001,23.7975414856432,1,0,1,36.0,36.0,36.0,1.0,0.0,0.0,0.0,1,0,0.0,0.0,0.0,1.0,0.0,0.0,1.0,0.0,0.0,0.0,1,1,1,1,0,0,0,18,3,2021,6,9,2,0,0,0,2,0,1,0.0,0,0,LEVE,0,0
6,1,0.0318471337579617,0,4,0,-9.482074351528494,-77.1422084865017,0,4,0,1,2,-1,-1,2,6543.555,2.0,-1,-1,1.0,0.4495936745003294,0.4495936745003294,1198.0,0.5466010705537504,75.4454210513517,16661.132762312634,10767.648,1885.0630000000003,1222.721,7659.864000000001,2100.343,8667.305000000002,19.506051832303577,1,0,0,21.0,21.0,21.0,1.0,1.0,1.0,1.0,1,0,0.0,0.0,0.0,1.0,1.0,0.0,0.0,1.0,1.0,0.0,1,1,1,1,0,0,0,18,3,2021,6,9,2,0,0,0,2,0,1,0.0,1,0,LEVE,0,1
0,1,0.0766527564243356,0,4,1,-16.4164454,-72.0415901,0,4,7,0,2,1,1,0,6639.975,2.0,5,2,1.0,0.340764331210191,0.074236766966835,1616.0,0.6084493916639881,75.90495029382188,6382.811563169165,10322.272,1495.236,1749.739,7077.2970000000005,2886.595,7435.677000000001,27.964725207783708,1,0,1,23.0,23.0,23.0,1.0,0.0,0.0,0.0,1,0,0.0,0.0,0.0,1.0,0.0,1.0,0.0,0.0,0.0,0.0,0,0,0,0,0,0,0,19,3,2021,6,9,2,0,0,0,2,0,1,0.0,0,0,LEVE,0,4
6,1,0.0821436415550186,0,4,0,-14.590233773503876,-70.64968048017467,0,4,0,1,1,-1,-1,2,6543.555,2.0,-1,-1,1.0,0.4495936745003294,0.4495936745003294,1198.0,0.3785159657563678,72.65745241856251,8943.509635974304,13642.312999999998,2020.7790000000005,2354.117,9267.416999999998,3314.0520000000006,10328.260999999997,24.29244952817019,1,0,0,51.0,51.0,51.0,1.0,1.0,0.0,0.0,1,0,0.0,1.0,0.0,0.0,0.0,0.0,1.0,1.0,1.0,0.0,1,1,1,1,0,0,0,7,1,2021,6,10,3,0,0,2,2,0,1,0.0,1,1,GRAVE_MORTALIDAD,2,30
3,2,0.0182297386338677,0,4,1,-14.034292517777958,-73.22030496516825,0,4,3,1,2,1,1,2,311.82,2.0,5,2,0.0,0.340764331210191,0.1266198111135515,74.0,0.3212977703507136,68.11120294643938,865.5139186295503,8358.971,1282.451,1298.0969999999998,5778.423,1432.683,6926.288,17.139466089785454,2,0,0,37.0,36.0,38.0,1.0,0.0,0.0,0.0,2,0,0.0,0.0,0.0,1.0,0.0,1.0,0.0,0.0,0.0,0.0,0,0,0,0,0,0,0,11,1,2021,6,10,3,0,0,2,2,0,1,0.0,0,0,LEVE,0,4
6,2,0.0131781243136393,0,4,1,-9.711524,-76.094453,0,4,5,1,2,-1,-1,2,693.175,2.0,5,1,0.0,0.340764331210191,0.0037338018888644,249.0,0.3096549989431256,76.17431233061522,19256.764453961456,8209.057,1333.4779999999996,791.9770000000001,6083.602,1059.8589999999997,7149.198,12.910849565303296,2,0,0,37.0,31.0,43.0,1.0,0.0,0.0,1.0,2,0,0.0,1.0,0.0,1.0,1.0,0.0,1.0,0.0,1.0,0.0,0,0,0,0,0,0,0,17,2,2021,6,10,3,0,0,2,2,0,1,0.0,1,0,LEVE,0,4
6,1,0.0821436415550186,2,6,4,-15.499152,-70.125657,0,1,1,0,4,-1,-1,2,6543.555,2.0,-1,-1,1.0,0.4495936745003294,0.4495936745003294,1198.0,0.5759734352119,73.55929462493827,232834.39603082248,13642.312999999998,2020.7790000000005,2354.117,9267.416999999998,3314.0520000000006,10328.260999999997,24.29244952817019,1,0,0,28.0,28.0,28.0,1.0,1.0,1.0,1.0,1,0,0.0,0.0,0.0,1.0,1.0,0.0,0.0,0.0,1.0,0.0,1,1,1,1,0,0,0,0,0,2021,6,11,4,0,0,2,2,0,1,0.0,0,0,LEVE,0,4
3,2,0.0318471337579617,0,4,1,-10.037025290858397,-78.16308242805525,0,4,7,0,2,-1,-1,0,6543.555,3.0,5,2,1.0,0.1133318690972984,0.1133318690972984,1475.0,0.594329796273136,79.51274210494626,25729.80728051392,10767.648,1885.0630000000003,1222.721,7659.864000000001,2100.343,8667.305000000002,19.506051832303577,2,0,0,33.0,23.0,43.0,1.0,0.0,0.0,1.0,2,0,0.0,1.0,0.0,1.0,0.0,0.0,1.0,0.0,0.0,0.0,0,0,0,0,0,0,0,4,0,2021,6,11,4,0,0,0,2,1,1,0.0,0,0,LEVE,0,35
3,3,0.0597408302218317,0,4,1,-6.002936,-79.168209,5,4,7,0,2,-1,-1,0,9936.932,2.0,5,2,1.0,0.340764331210191,0.1266198111135515,3830.0,0.3266895658234561,78.92954187259888,9305.942184154175,15935.565011852366,1733.9250000199986,935.692,13265.948011832368,2000.1670000199988,13935.398011832369,12.551591352627522,3,0,0,42.0,30.0,62.0,1.0,1.0,0.0,1.0,3,0,0.0,1.0,0.0,1.0,0.0,1.0,1.0,0.0,0.0,0.0,0,0,0,0,0,0,0,6,1,2021,6,11,4,0,0,2,2,0,1,0.0,0,0,GRAVE_LESIONADOS,1,1
3,1,0.2105205359103887,2,2,4,-12.128939251337965,-76.98157574472145,0,2,7,0,4,-1,-1,2,6543.555,2.0,-1,-1,1.0,0.4495936745003294,0.4495936745003294,1198.0,0.8017574897902351,80.48487267736287,359776.608137045,7626.313,1683.4029999999998,1599.0829999999996,4343.827000000001,1814.875,5811.438000000001,23.7975414856432,3,0,0,50.5,34.0,67.0,1.0,0.0,0.0,0.0,3,0,0.0,0.0,0.0,1.0,0.0,1.0,1.0,0.0,1.0,0.0,1,1,1,1,0,0,0,9,1,2021,6,11,4,0,0,0,2,0,1,0.0,0,0,LEVE,0,0
6,1,0.0213046343070502,0,4,2,-12.51799,-73.89203,0,4,0,1,7,-1,-1,2,6543.555,2.0,-1,-1,1.0,0.4495936745003294,0.4495936745003294,1198.0,0.3866581259783184,77.00938809632027,12290.808931369287,12678.733000000004,1805.074000000001,1774.0339999999994,9099.625000000004,2485.375000000001,10193.358000000002,19.602707936195205,1,0,0,56.0,56.0,56.0,1.0,1.0,0.0,1.0,1,0,0.0,0.0,0.0,1.0,0.0,0.0,1.0,0.0,0.0,0.0,1,1,1,1,0,0,0,9,1,2021,6,11,4,0,0,2,2,0,1,0.0,1,1,GRAVE_MORTALIDAD,2,27
3,1,0.0766527564243356,0,4,1,-17.126998,-71.88132,0,4,7,0,2,0,1,0,1926.94,2.0,5,2,1.0,0.340764331210191,0.1266198111135515,393.0,0.61639083938292,77.65150347430681,6725.137044967881,10322.272,1495.236,1749.739,7077.2970000000005,2886.595,7435.677000000001,27.964725207783708,2,0,0,45.5,45.0,46.0,1.0,0.0,0.0,0.0,2,0,0.0,1.0,0.0,1.0,1.0,0.0,1.0,1.0,0.0,0.0,0,0,0,0,0,0,0,15,2,2021,6,11,4,0,0,0,1,0,1,0.0,0,0,LEVE,0,4
3,2,0.0821436415550186,0,4,1,-15.44113627531588,-70.14031827403376,0,4,7,0,2,1,0,2,7586.903,2.0,5,2,1.0,0.340764331210191,0.067428069404788,1198.0,0.5225679967471315,73.87568641139362,65445.28409703769,13642.312999999998,2020.7790000000005,2354.117,9267.416999999998,3314.0520000000006,10328.260999999997,24.29244952817019,2,0,0,38.5,33.0,44.0,1.0,1.0,1.0,1.0,2,0,0.0,0.0,0.0,1.0,1.0,1.0,0.0,0.0,1.0,0.0,0,0,0,0,0,0,0,20,3,2021,6,11,4,0,0,2,1,0,1,0.0,0,0,LEVE,0,4
4,1,0.0821436415550186,2,2,4,-15.4854,-70.15334,0,0,1,0,1,-1,-1,2,6543.555,2.0,-1,-1,1.0,0.4495936745003294,0.4495936745003294,1198.0,0.5759734352119,73.55929462493827,232834.39603082248,13642.312999999998,2020.7790000000005,2354.117,9267.416999999998,3314.0520000000006,10328.260999999997,24.29244952817019,1,0,0,27.0,27.0,27.0,1.0,1.0,0.0,0.0,1,0,0.0,0.0,0.0,1.0,1.0,0.0,0.0,1.0,1.0,0.0,1,1,1,1,0,0,0,0,0,2021,6,12,5,1,0,2,2,0,1,0.0,0,1,LEVE,0,4
3,2,0.0597408302218317,0,4,1,-5.9653776,-78.84773207,0,4,0,1,2,1,1,2,167.59499999999997,2.0,5,2,1.0,0.0160333845815945,0.0464528882055787,40.0,0.3934942813224024,75.42708969274362,3073.203426124197,15935.565011852366,1733.9250000199986,935.692,13265.948011832368,2000.1670000199988,13935.398011832369,12.551591352627522,2,0,0,35.0,25.0,45.0,1.0,0.0,0.0,0.0,2,0,0.0,1.0,0.0,1.0,1.0,0.0,1.0,1.0,1.0,0.0,0,0,0,0,0,0,0,4,0,2021,6,12,5,1,0,2,2,0,1,0.0,1,0,GRAVE_MORTALIDAD,2,1
3,2,0.0933450472216121,0,4,1,-8.063745,-78.859234,0,4,1,0,1,-1,-1,2,610.6099999999999,2.0,5,2,1.0,0.0133977597188666,0.0065890621568196,100.0,0.5929579484728337,80.24150924632623,34739.39614561028,8931.828000000005,1335.5899999999997,1935.9830000000004,5660.255000000005,1219.309,7712.519000000005,13.651281686122925,2,0,0,36.0,23.0,49.0,1.0,0.0,0.0,0.0,2,0,0.0,1.0,0.0,1.0,1.0,0.0,1.0,0.0,0.0,0.0,0,0,0,0,0,0,0,7,1,2021,6,12,5,1,0,0,2,0,1,0.0,0,1,LEVE,0,1
6,1,0.0318471337579617,0,4,1,-8.281153351406177,-77.9918369232945,0,4,0,1,7,-1,-1,0,9936.932,2.0,5,2,1.0,0.340764331210191,0.1266198111135515,3830.0,0.355183333973533,67.09775811520099,2114.053533190578,10767.648,1885.0630000000003,1222.721,7659.864000000001,2100.343,8667.305000000002,19.506051832303577,1,0,0,50.0,50.0,50.0,1.0,1.0,0.0,0.0,1,0,0.0,0.0,0.0,1.0,0.0,0.0,1.0,0.0,0.0,0.0,0,0,0,0,0,0,0,16,2,2021,6,12,5,1,0,0,2,0,1,0.0,1,1,GRAVE_MORTALIDAD,2,1
6,1,0.0597408302218317,2,4,2,-6.68773646,-78.52404445,5,2,0,1,7,-1,-1,0,6543.555,2.0,-1,-1,1.0,0.4495936745003294,0.4495936745003294,1198.0,0.3484871558022944,76.33677469666252,76209.5845824411,15935.565011852366,1733.9250000199986,935.692,13265.948011832368,2000.1670000199988,13935.398011832369,12.551591352627522,1,0,0,9.0,9.0,9.0,1.0,0.0,0.0,0.0,1,0,0.0,0.0,0.0,1.0,0.0,0.0,0.0,0.0,0.0,0.0,1,1,1,1,0,0,0,16,2,2021,6,12,5,1,0,2,2,0,1,0.0,1,1,LEVE,0,1
5,1,0.0475510652317153,2,2,4,-14.0346663,-75.7031269,0,3,1,0,2,-1,-1,0,6543.555,2.0,-1,-1,1.0,0.4495936745003294,0.4495936745003294,1198.0,0.6334452857707165,80.80911649970582,38005.36402569593,3721.461,698.1859999999996,744.866,2278.409,1102.9029999999996,2618.558,29.636290693359403,2,1,0,51.0,51.0,51.0,1.0,1.0,0.0,0.0,2,1,1.0,0.0,0.0,1.0,1.0,0.0,0.0,1.0,1.0,0.0,1,1,1,1,0,0,0,17,2,2021,6,12,5,1,0,0,2,0,1,0.5,0,0,LEVE,0,7
0,1,0.0766527564243356,2,4,1,-16.3153818,-71.6065318,0,3,7,1,2,0,1,0,1504.4250000000002,2.0,5,2,1.0,0.0252580716011421,0.0230617175488688,241.0,0.6411767862503931,77.2408324916572,193412.3169164882,10322.272,1495.236,1749.739,7077.2970000000005,2886.595,7435.677000000001,27.964725207783708,1,0,1,30.0,30.0,30.0,1.0,0.0,0.0,1.0,1,0,0.0,0.0,0.0,1.0,0.0,1.0,0.0,0.0,0.0,0.0,0,0,0,0,0,0,0,18,3,2021,6,12,5,1,0,0,1,0,1,0.0,0,0,LEVE,0,4
3,2,0.0351416648363716,2,4,1,-6.692028,-79.903736,0,2,7,0,2,-1,-1,0,6543.555,3.0,5,2,1.0,0.1133318690972984,0.1133318690972984,1475.0,0.5539280527450423,74.69452916859504,79617.09421841543,3459.691,515.0619999999999,689.7280000000001,2254.901,703.3549999999999,2756.336,20.329994788551925,2,0,0,28.5,23.0,34.0,1.0,1.0,0.0,1.0,2,0,0.0,1.0,0.0,1.0,1.0,0.0,1.0,0.0,1.0,0.0,0,0,0,0,0,0,0,22,3,2021,6,12,5,1,0,0,2,1,1,0.0,0,0,LEVE,0,1
0,0,0.0351416648363716,2,4,1,-6.4893174,-79.8574452,0,2,7,0,2,-1,-1,0,1305.18,2.0,5,2,1.0,0.0160333845815945,0.0464528882055787,163.0,0.4726698879842176,75.8092086621182,22675.216274089933,3459.691,515.0619999999999,689.7280000000001,2254.901,703.3549999999999,2756.336,20.329994788551925,2,0,1,44.0,42.0,46.0,1.0,0.0,0.0,1.0,2,0,0.0,1.0,1.0,0.0,0.0,0.0,1.0,0.0,1.0,0.0,0,0,0,0,0,0,0,22,3,2021,6,12,5,1,0,0,2,0,1,0.0,0,0,LEVE,0,1
0,1,0.0497474192839885,2,2,4,-5.182669,-80.631149,0,0,7,0,2,1,1,0,6543.555,2.0,-1,-1,1.0,0.4495936745003294,0.4495936745003294,1198.0,0.6582040223794163,78.74105515718446,178905.3426124197,8965.846000060003,1782.4120000599992,636.9959999999999,6546.438000000004,2214.505000059999,6751.341000000004,24.699342371541725,1,0,1,29.0,29.0,29.0,1.0,1.0,0.0,1.0,1,0,0.0,0.0,0.0,1.0,1.0,0.0,0.0,0.0,0.0,0.0,1,1,1,1,0,0,0,23,3,2021,6,12,5,1,0,0,2,0,1,0.0,0,0,LEVE,0,3
6,1,0.0497474192839885,0,4,1,-5.046088,-80.70223,0,4,7,0,2,-1,-1,0,6543.555,3.0,5,2,1.0,0.1133318690972984,0.1133318690972984,1475.0,0.6582040223794163,78.74105515718446,178905.3426124197,8965.846000060003,1782.4120000599992,636.9959999999999,6546.438000000004,2214.505000059999,6751.341000000004,24.699342371541725,1,0,0,26.0,26.0,26.0,1.0,1.0,0.0,0.0,1,0,0.0,0.0,0.0,1.0,1.0,0.0,0.0,1.0,0.0,0.0,0,0,0,0,0,0,0,3,0,2021,6,13,6,1,0,0,2,1,1,0.0,0,0,LEVE,0,3
1,1,0.0933450472216121,0,4,1,-8.089253,-79.09689,0,4,7,0,2,-1,-1,0,6543.555,3.0,5,2,1.0,0.1133318690972984,0.1133318690972984,1475.0,0.583006771156836,78.2441938961209,76607.295503212,8931.828000000005,1335.5899999999997,1935.9830000000004,5660.255000000005,1219.309,7712.519000000005,13.651281686122925,1,1,1,37.0,33.0,40.0,0.0,0.0,0.0,0.0,1,1,1.0,0.0,0.0,0.0,0.0,0.0,0.0,0.0,0.0,0.0,0,0,0,0,1,1,1,11,1,2021,6,13,6,1,0,0,2,1,1,1.0,0,0,LEVE,0,1
3,2,0.0293213265978475,2,4,1,-5.919407,-77.318197,0,0,7,0,2,-1,-1,2,7758.33400008,2.0,5,2,1.0,0.340764331210191,0.0464528882055787,2133.0,0.4789759027469384,73.43778249935497,47552.6295503212,5645.136,815.0759999999999,965.298,3864.762,1013.406,4631.73,17.95184385283189,2,0,0,31.5,25.0,38.0,1.0,1.0,0.0,0.0,2,0,0.0,0.0,1.0,1.0,1.0,0.0,0.0,0.0,1.0,0.0,0,0,0,0,0,0,0,16,2,2021,6,13,6,1,0,1,2,0,1,0.0,0,0,LEVE,0,2
6,1,0.0821436415550186,0,4,2,-15.470276780585063,-70.25011717576817,0,4,7,1,7,-1,-1,2,6543.555,2.0,-1,-1,1.0,0.4495936745003294,0.4495936745003294,1198.0,0.5759734352119,73.55929462493827,232834.39603082248,13642.312999999998,2020.7790000000005,2354.117,9267.416999999998,3314.0520000000006,10328.260999999997,24.29244952817019,1,0,0,45.0,45.0,45.0,1.0,1.0,1.0,1.0,1,0,0.0,0.0,0.0,1.0,1.0,0.0,0.0,1.0,1.0,0.0,1,1,1,1,0,0,0,18,3,2021,6,13,6,1,0,2,2,0,1,0.0,0,1,LEVE,0,4
5,2,0.2105205359103887,2,4,1,-11.600641488817583,-77.2478833363662,0,4,7,0,2,1,0,2,6543.555,3.0,5,2,1.0,0.1133318690972984,0.1133318690972984,1475.0,0.6328991168419597,79.8522840328396,65701.61456102783,7626.313,1683.4029999999998,1599.0829999999996,4343.827000000001,1814.875,5811.438000000001,23.7975414856432,3,1,0,26.5,23.0,30.0,1.0,1.0,0.0,1.0,3,1,1.0,0.0,0.0,1.0,1.0,1.0,0.0,0.0,0.0,1.0,0,0,0,0,0,0,0,18,3,2021,6,13,6,1,0,0,1,1,1,0.3333333333333333,0,0,LEVE,0,0
3,2,0.2105205359103887,0,4,1,-10.696839077604036,-77.7831887438248,0,4,7,0,2,-1,-1,2,6543.555,3.0,5,2,1.0,0.1133318690972984,0.1133318690972984,1475.0,0.6089995249782627,83.27989923505345,19807.916488222698,7626.313,1683.4029999999998,1599.0829999999996,4343.827000000001,1814.875,5811.438000000001,23.7975414856432,2,0,0,45.0,30.0,60.0,1.0,1.0,0.0,0.0,2,0,0.0,1.0,0.0,0.0,1.0,0.0,1.0,0.0,1.0,0.0,0,0,0,0,0,0,0,18,3,2021,6,13,6,1,0,0,2,1,1,0.0,0,0,LEVE,0,0
5,1,0.0597408302218317,0,4,1,-5.676544528004914,-78.77824641056534,5,4,7,0,2,-1,-1,0,7758.33400008,2.0,5,2,1.0,0.340764331210191,0.0464528882055787,2133.0,0.5803239946829384,74.49544278598792,102362.46895074946,15935.565011852366,1733.9250000199986,935.692,13265.948011832368,2000.1670000199988,13935.398011832369,12.551591352627522,2,1,0,70.0,70.0,70.0,1.0,1.0,0.0,0.0,2,1,1.0,0.0,0.0,1.0,1.0,0.0,0.0,0.0,1.0,1.0,0,0,0,0,0,0,0,19,3,2021,6,13,6,1,0,2,2,0,1,0.5,0,0,LEVE,0,1
5,2,0.0351416648363716,0,4,0,-6.480815578994556,-79.66632859822731,0,4,7,0,2,-1,-1,0,6543.555,2.0,-1,-1,1.0,0.4495936745003294,0.4495936745003294,1198.0,0.4223480801354451,69.21333797191475,22806.316916488224,3459.691,515.0619999999999,689.7280000000001,2254.901,703.3549999999999,2756.336,20.329994788551925,2,1,0,43.0,43.0,43.0,1.0,0.0,0.0,0.0,2,0,0.0,0.0,0.0,1.0,1.0,1.0,0.0,1.0,1.0,0.0,1,1,1,1,0,0,0,21,3,2021,6,13,6,1,0,0,2,0,1,0.5,0,0,LEVE,0,1
6,1,0.0193279156600043,0,4,2,-12.218205,-74.972588,0,4,5,1,1,-1,-1,0,6543.555,2.0,-1,-1,1.0,0.4495936745003294,0.4495936745003294,1198.0,0.2778374067164198,76.3467601260823,5514.537473233406,8511.426,1445.3929999999996,2008.516,5057.516999999999,1879.579,6631.846999999998,22.08300935706896,1,0,0,21.0,21.0,21.0,1.0,1.0,0.0,0.0,1,0,0.0,0.0,0.0,1.0,0.0,0.0,0.0,0.0,1.0,0.0,1,1,1,1,0,0,0,1,0,2021,6,14,0,0,0,2,2,0,1,0.0,1,1,GRAVE_MORTALIDAD,2,4
1,0,0.0821436415550186,0,4,1,-15.540820543812828,-70.21040975838613,0,4,7,0,2,-1,-1,2,1504.4250000000002,2.0,5,2,1.0,0.0252580716011421,0.0230617175488688,241.0,0.5759734352119,73.55929462493827,232834.39603082248,13642.312999999998,2020.7790000000005,2354.117,9267.416999999998,3314.0520000000006,10328.260999999997,24.29244952817019,1,1,1,37.0,33.0,40.0,0.0,0.0,0.0,0.0,1,1,1.0,1.0,0.0,0.0,0.0,0.0,1.0,1.0,1.0,0.0,0,0,0,0,1,1,1,5,0,2021,6,14,0,0,0,2,2,0,1,1.0,0,0,LEVE,0,4
3,1,0.0766527564243356,0,4,1,-16.436571,-71.995343,6,5,6,-1,6,-1,-1,0,6639.975,2.0,5,2,1.0,0.340764331210191,0.074236766966835,1616.0,0.6455852322566902,78.58826324858522,2628.282655246253,10322.272,1495.236,1749.739,7077.2970000000005,2886.595,7435.677000000001,27.964725207783708,2,0,0,44.0,36.0,52.0,1.0,1.0,0.0,0.0,2,0,0.0,0.0,1.0,1.0,0.0,0.0,1.0,0.0,0.0,0.0,0,0,0,0,0,0,0,13,2,2021,6,14,0,0,0,0,2,0,1,0.0,0,0,LEVE,0,4
0,1,0.0293213265978475,2,4,0,-6.014192,-77.166105,0,3,7,0,4,-1,-1,2,6543.555,2.0,-1,-1,1.0,0.4495936745003294,0.4495936745003294,1198.0,0.4373955627788819,76.3317023344811,1935.1820128479656,5645.136,815.0759999999999,965.298,3864.762,1013.406,4631.73,17.95184385283189,1,0,1,30.0,30.0,30.0,1.0,1.0,0.0,0.0,1,0,0.0,0.0,0.0,1.0,1.0,0.0,0.0,1.0,1.0,1.0,1,1,1,1,0,0,0,14,2,2021,6,14,0,0,0,1,2,0,1,0.0,0,0,LEVE,0,2
0,1,0.2105205359103887,0,7,4,-11.230432,-77.377681,0,4,7,0,7,-1,-1,2,6543.555,2.0,-1,-1,1.0,0.4495936745003294,0.4495936745003294,1198.0,0.625259356790912,76.00710856837651,24684.304068522484,7626.313,1683.4029999999998,1599.0829999999996,4343.827000000001,1814.875,5811.438000000001,23.7975414856432,1,0,1,52.0,52.0,52.0,1.0,1.0,0.0,1.0,1,0,0.0,0.0,0.0,1.0,1.0,0.0,0.0,1.0,1.0,0.0,1,1,1,1,0,0,0,17,2,2021,6,14,0,0,0,0,2,0,1,0.0,0,1,LEVE,0,0