CLASE SINIESTRO,CANTIDAD DE VEHICULOS DAÑADOS,DEPARTAMENTO,ZONA,TIPO DE VÍA,RED VIAL,COORDENADAS LATITUD,COORDENADAS  LONGITUD,CONDICIÓN CLIMÁTICA,ZONIFICACIÓN,CARACTERÍSTICAS DE VÍA,PERFIL LONGITUDINAL VÍA,SUPERFICIE DE CALZADA,¿EXISTE SEÑAL VERTICAL?,¿EXISTE SEÑAL HORIZONTAL?,CAUSA FACTOR PRINCIPAL,MTC_RVN_LONGITUD_KM,MTC_RVN_N_CARRILES_MEDIANA,MTC_RVN_SUPERFICIE_DOMINANTE,MTC_RVN_ESTADO_DOMINANTE,MTC_RVN_ES_CONCESIONADA,MTC_RVN_CONCESION_PRINCIPAL,MTC_RVN_CORREDOR_LOGISTICO,MTC_RVN_N_TRAMOS,IDH_2019,IDH_ESP_VIDA_2019,IDH_POBLACION_2019,MTC_DEP_RED_TOTAL_KM,MTC_DEP_NACIONAL_TOTAL_KM,MTC_DEP_DEPARTAMENTAL_TOTAL_KM,MTC_DEP_VECINAL_TOTAL_KM,MTC_DEP_PAV_TOTAL_KM,MTC_DEP_NO_PAV_TOTAL_KM,MTC_DEP_PCT_PAVIMENTADA,PER_N_CONDUCTORES,PER_N_CONDUCTORES_FUGADOS,PER_N_PEATONES,PER_EDAD_COND_PROM,PER_EDAD_COND_MIN,PER_EDAD_COND_MAX,PER_ANY_COND_MASCULINO,PER_ANY_LIC_PROBLEMA,PER_ANY_DOSAJE_POS,PER_ANY_DOSAJE_EVALUADO,VEH_TOTAL,VEH_N_FUGADOS,VEH_ANY_FUGADO,VEH_ANY_CARGA,VEH_ANY_PUBLICO,VEH_ANY_PARTICULAR,VEH_ANY_MOTO,VEH_ANY_AUTO,VEH_ANY_CAMION_BUS,VEH_ANY_SOAT_PROBLEMA,VEH_ANY_CITV_PROBLEMA,VEH_ANY_SEGURO_PROBLEMA,MTC_RVN_LONGITUD_KM_ERA_NULO,MTC_RVN_N_CARRILES_MEDIANA_ERA_NULO,MTC_RVN_ES_CONCESIONADA_ERA_NULO,MTC_RVN_N_TRAMOS_ERA_NULO,PER_EDAD_COND_PROM_ERA_NULO,PER_EDAD_COND_MIN_ERA_NULO,PER_EDAD_COND_MAX_ERA_NULO,HORA_NUM,FRANJA_HORARIA,ANIO,MES,DIA_MES,DIA_SEMANA,ES_FIN_SEMANA,ES_QUINCENA,REGION_NATURAL,NIVEL_SEÑALIZACION_ORD,ES_VIA_MULTICARRIL,ES_DEPTO_BAJO_PAVIMENTO,RATIO_CONDUCTORES_FUGADOS,ES_CURVA_Y_PENDIENTE,ES_VIA_NO_PAVIMENTADA,CATEGORIA_SEVERIDAD,CATEGORIA_SEVERIDAD_ENC,CLUSTER
1,0,0.0597408302218317,0,4,1,-7.0983,-78.559943,0,4,7,1,2,1,1,0,9936.932,2.0,5,2,1.0,0.340764331210191,0.1266198111135515,3830.0,0.6070175276741574,73.19224654097276,257380.9443254818,15935.565011852366,1733.9250000199986,935.692,13265.948011832368,2000.1670000199988,13935.398011832369,12.551591352627522,1,1,1,37.0,33.0,40.0,0.0,0.0,0.0,0.0,1,1,1.0,0.0,0.0,0.0,0.0,0.0,0.0,0.0,0.0,1.0,0,0,0,0,1,1,1,20,3,2021,6,14,0,0,0,2,2,0,1,1.0,0,0,LEVE,0,1
3,2,0.0497474192839885,0,4,2,-4.679770326056327,-80.0868020487453,0,4,0,1,7,-1,-1,0,6543.555,2.0,-1,-1,1.0,0.4495936745003294,0.4495936745003294,1198.0,0.4460358515525411,78.78138598624281,25138.147751606,8965.846000060003,1782.4120000599992,636.9959999999999,6546.438000000004,2214.505000059999,6751.341000000004,24.699342371541725,2,0,0,29.0,29.0,29.0,1.0,0.0,0.0,1.0,2,0,0.0,0.0,0.0,1.0,1.0,0.0,1.0,1.0,1.0,0.0,1,1,1,1,0,0,0,6,1,2021,6,15,1,0,1,0,2,0,1,0.0,1,1,LEVE,0,3
0,1,0.2105205359103887,2,2,4,-12.169581,-76.928672,0,2,7,0,2,-1,-1,2,6543.555,2.0,-1,-1,1.0,0.4495936745003294,0.4495936745003294,1198.0,0.689811994580126,79.88015655965044,452660.364025696,7626.313,1683.4029999999998,1599.0829999999996,4343.827000000001,1814.875,5811.438000000001,23.7975414856432,1,0,1,60.0,60.0,60.0,1.0,1.0,0.0,0.0,1,0,0.0,0.0,1.0,0.0,0.0,0.0,1.0,0.0,0.0,0.0,1,1,1,1,0,0,0,12,2,2021,6,15,1,0,1,0,2,0,1,0.0,0,0,LEVE,0,0
6,1,0.0161432022842082,0,4,1,-17.825808,-70.021437,0,4,0,1,2,1,0,2,800.5849999999999,2.0,5,2,0.0,0.340764331210191,0.1266198111135515,395.0,0.5335430708458155,76.02230116703623,1745.796573875803,2650.572,630.6729999999998,487.3610000000001,1532.5379999999998,1068.7019999999998,1581.87,40.31967439480987,1,0,0,31.0,31.0,31.0,1.0,1.0,0.0,0.0,1,0,0.0,0.0,0.0,1.0,0.0,1.0,0.0,0.0,0.0,0.0,0,0,0,0,0,0,0,15,2,2021,6,15,1,0,1,0,1,0,1,0.0,1,0,LEVE,0,9
3,2,0.0766527564243356,0,4,1,-16.666453065904008,-72.57973363860539,0,4,5,1,2,1,1,2,1926.94,2.0,5,2,1.0,0.340764331210191,0.1266198111135515,393.0,0.5506134487544145,84.11518135609504,628.7494646680942,10322.272,1495.236,1749.739,7077.2970000000005,2886.595,7435.677000000001,27.964725207783708,2,0,0,40.5,25.0,56.0,1.0,0.0,0.0,1.0,2,0,0.0,1.0,0.0,1.0,0.0,1.0,1.0,0.0,0.0,0.0,0,0,0,0,0,0,0,18,3,2021,6,15,1,0,1,0,2,0,1,0.0,1,0,LEVE,0,4
6,1,0.0902701515484296,0,4,2,-13.462478,-72.248585,0,4,7,0,2,-1,-1,6,6543.555,2.0,-1,-1,1.0,0.4495936745003294,0.4495936745003294,1198.0,0.429914756045985,74.25916870636927,3225.312633832976,17779.13499998999,2097.37099999,2863.123,12818.640999999989,2878.713,14900.421999989989,16.19152450331032,1,0,0,28.0,28.0,28.0,1.0,1.0,0.0,0.0,1,0,0.0,0.0,0.0,1.0,0.0,1.0,0.0,0.0,0.0,0.0,1,1,1,1,0,0,0,0,0,2021,6,16,2,0,1,2,2,0,1,0.0,0,0,LEVE,0,4
6,1,0.0193279156600043,0,4,1,-12.514322,-74.969003,0,4,0,0,2,1,1,0,1482.81,1.0,-1,1,0.0,0.340764331210191,0.0020865363496595,270.0,0.2801642166208027,68.87893983955698,6425.578158458245,8511.426,1445.3929999999996,2008.516,5057.516999999999,1879.579,6631.846999999998,22.08300935706896,1,0,0,40.0,40.0,40.0,1.0,0.0,0.0,0.0,1,0,0.0,0.0,0.0,1.0,0.0,1.0,0.0,0.0,0.0,0.0,0,0,0,0,0,0,0,3,0,2021,6,16,2,0,1,2,2,0,1,0.0,0,0,GRAVE_MORTALIDAD,2,4
1,1,0.0902701515484296,2,2,4,-14.892449,-71.206354,0,3,7,0,2,-1,-1,4,6543.555,2.0,-1,-1,1.0,0.4495936745003294,0.4495936745003294,1198.0,0.3947357298822749,66.64682076332791,5092.139186295502,17779.13499998999,2097.37099999,2863.123,12818.640999999989,2878.713,14900.421999989989,16.19152450331032,1,1,1,37.0,33.0,40.0,1.0,0.0,0.0,0.0,1,1,1.0,0.0,0.0,0.0,0.0,0.0,0.0,0.0,0.0,0.0,1,1,1,1,1,1,1,5,0,2021,6,16,2,0,1,2,2,0,1,1.0,0,0,LEVE,0,4
0,1,0.2105205359103887,2,4,1,-11.734287793443714,-76.260489446376,5,2,7,0,4,-1,-1,4,875.67,2.0,5,2,1.0,0.0162530199868218,0.0124094003953437,156.0,0.748110396131153,71.69031523892282,6121.71948608137,7626.313,1683.4029999999998,1599.0829999999996,4343.827000000001,1814.875,5811.438000000001,23.7975414856432,1,0,1,45.0,45.0,45.0,1.0,0.0,0.0,0.0,1,0,0.0,0.0,1.0,0.0,0.0,0.0,1.0,0.0,0.0,0.0,0,0,0,0,0,0,0,6,1,2021,6,16,2,0,1,0,2,0,1,0.0,0,0,LEVE,0,4
6,0,0.2105205359103887,2,2,4,-12.031643,-77.075594,0,2,7,0,2,-1,-1,0,6543.555,2.0,-1,-1,1.0,0.4495936745003294,0.4495936745003294,1198.0,0.7419979630670723,80.31822295927182,739416.2413542903,7626.313,1683.4029999999998,1599.0829999999996,4343.827000000001,1814.875,5811.438000000001,23.7975414856432,3,0,0,43.0,39.0,47.0,1.0,1.0,0.0,0.0,3,0,0.0,0.0,0.0,1.0,1.0,1.0,1.0,1.0,1.0,0.0,1,1,1,1,0,0,0,8,1,2021,6,16,2,0,1,0,2,0,1,0.0,0,0,LEVE,0,0
3,2,0.0351416648363716,0,4,1,-6.024251,-79.683434,0,4,7,0,2,1,0,0,1305.18,2.0,5,2,1.0,0.0160333845815945,0.0464528882055787,163.0,0.4974674218418852,75.93907983080418,28734.96573875803,3459.691,515.0619999999999,689.7280000000001,2254.901,703.3549999999999,2756.336,20.329994788551925,2,0,0,45.5,45.0,46.0,1.0,1.0,0.0,1.0,2,0,0.0,0.0,0.0,1.0,1.0,1.0,0.0,0.0,1.0,0.0,0,0,0,0,0,0,0,8,1,2021,6,16,2,0,1,0,1,0,1,0.0,0,0,LEVE,0,1
3,2,0.0766527564243356,0,4,1,-16.64149615479502,-72.62531820964662,0,4,0,1,2,1,1,2,6639.975,2.0,5,2,1.0,0.340764331210191,0.074236766966835,1616.0,0.6438160463426852,84.71218617950387,16526.967880085653,10322.272,1495.236,1749.739,7077.2970000000005,2886.595,7435.677000000001,27.964725207783708,2,0,0,50.0,37.0,63.0,1.0,1.0,0.0,1.0,2,0,0.0,0.0,1.0,1.0,0.0,1.0,1.0,0.0,0.0,0.0,0,0,0,0,0,0,0,9,1,2021,6,16,2,0,1,0,2,0,1,0.0,1,0,LEVE,0,4
0,1,0.0766527564243356,2,7,4,-16.4336445,-71.6064368,0,4,7,0,7,-1,-1,0,6543.555,2.0,-1,-1,1.0,0.4495936745003294,0.4495936745003294,1198.0,0.6361781248622183,79.02998716357858,14391.67880085653,10322.272,1495.236,1749.739,7077.2970000000005,2886.595,7435.677000000001,27.964725207783708,1,0,1,40.0,40.0,40.0,0.0,0.0,0.0,1.0,1,0,0.0,0.0,0.0,1.0,0.0,0.0,1.0,0.0,0.0,0.0,1,1,1,1,0,0,0,14,2,2021,6,16,2,0,1,0,2,0,1,0.0,0,1,LEVE,0,4
10,1,0.0420601801010322,2,4,2,-12.034909,-75.20063,7,3,7,0,7,-1,-1,2,6543.555,2.0,-1,-1,1.0,0.4495936745003294,0.4495936745003294,1198.0,0.6349620447591086,73.34739425042062,167365.50535331905,12264.545,1826.4639999999995,1105.5389999999998,9332.542,1588.5359999999996,10676.009,12.952261987705208,1,0,0,52.0,52.0,52.0,1.0,1.0,1.0,1.0,1,0,0.0,0.0,0.0,1.0,1.0,0.0,0.0,0.0,1.0,0.0,1,1,1,1,0,0,0,20,3,2021,6,16,2,0,1,2,2,0,1,0.0,0,1,LEVE,0,4
0,1,0.0497474192839885,0,4,2,-4.866312452609063,-80.61768646737686,5,4,7,0,1,-1,-1,2,6543.555,2.0,-1,-1,1.0,0.4495936745003294,0.4495936745003294,1198.0,0.5657000696312142,79.93504063107561,181599.8115631692,8965.846000060003,1782.4120000599992,636.9959999999999,6546.438000000004,2214.505000059999,6751.341000000004,24.699342371541725,1,0,1,29.0,29.0,29.0,1.0,1.0,0.0,1.0,1,0,0.0,0.0,0.0,1.0,1.0,0.0,0.0,1.0,1.0,0.0,1,1,1,1,0,0,0,5,0,2021,6,17,3,0,1,0,2,0,1,0.0,0,1,LEVE,0,3
6,0,0.0351416648363716,0,4,1,-6.862141175009053,-79.30387614648784,0,4,7,0,2,1,1,0,574.472,1.0,5,1,1.0,0.340764331210191,0.1266198111135515,139.0,0.5049427160403157,79.3508741938355,8234.751605995718,3459.691,515.0619999999999,689.7280000000001,2254.901,703.3549999999999,2756.336,20.329994788551925,1,0,0,18.0,18.0,18.0,1.0,1.0,0.0,0.0,1,1,1.0,0.0,0.0,0.0,0.0,0.0,0.0,0.0,0.0,1.0,0,0,0,0,0,0,0,5,0,2021,6,17,3,0,1,0,2,0,1,0.0,0,0,LEVE,0,1
10,1,0.0821436415550186,0,4,1,-15.652198101772528,-70.35858040240547,0,4,0,0,2,0,1,2,1504.4250000000002,2.0,5,2,1.0,0.0252580716011421,0.0230617175488688,241.0,0.4387767884413746,74.08026937973001,4885.396145610278,13642.312999999998,2020.7790000000005,2354.117,9267.416999999998,3314.0520000000006,10328.260999999997,24.29244952817019,1,0,0,30.0,30.0,30.0,1.0,0.0,0.0,1.0,1,0,0.0,0.0,0.0,1.0,0.0,0.0,1.0,0.0,1.0,0.0,0,0,0,0,0,0,0,8,1,2021,6,17,3,0,1,2,1,0,1,0.0,0,0,GRAVE_MORTALIDAD,2,4
3,2,0.0497474192839885,2,4,1,-5.172982,-80.681983,0,0,7,0,2,0,1,0,6543.555,3.0,5,2,1.0,0.1133318690972984,0.1133318690972984,1475.0,0.5997462042553465,78.40793944726823,183875.0,8965.846000060003,1782.4120000599992,636.9959999999999,6546.438000000004,2214.505000059999,6751.341000000004,24.699342371541725,2,0,0,37.5,22.0,53.0,1.0,1.0,0.0,1.0,2,0,0.0,0.0,1.0,1.0,1.0,0.0,1.0,1.0,0.0,0.0,0,0,0,0,0,0,0,15,2,2021,6,17,3,0,1,0,1,1,1,0.0,0,0,LEVE,0,3
6,1,0.0213046343070502,0,4,1,-14.839697,-74.730312,4,4,5,1,2,1,1,5,2238.6850000000004,2.0,5,2,1.0,0.0036239841862508,0.0036239841862508,115.0,0.361236442711079,63.70465890565146,1012.1241970021412,12678.733000000004,1805.074000000001,1774.0339999999994,9099.625000000004,2485.375000000001,10193.358000000002,19.602707936195205,1,0,0,55.0,55.0,55.0,1.0,1.0,0.0,0.0,1,0,0.0,0.0,1.0,0.0,0.0,0.0,1.0,0.0,0.0,0.0,0,0,0,0,0,0,0,3,0,2021,6,18,4,0,1,2,2,0,1,0.0,1,0,GRAVE_MORTALIDAD,2,-1
0,1,0.0420601801010322,0,4,1,-11.768112,-75.708467,0,4,7,0,2,1,0,4,7586.903,2.0,5,2,1.0,0.340764331210191,0.067428069404788,1198.0,0.4251232225344442,67.96139219838267,1564.1734475374733,12264.545,1826.4639999999995,1105.5389999999998,9332.542,1588.5359999999996,10676.009,12.952261987705208,1,0,1,26.0,26.0,26.0,1.0,0.0,0.0,1.0,1,0,0.0,0.0,0.0,1.0,0.0,1.0,0.0,0.0,0.0,0.0,0,0,0,0,0,0,0,12,2,2021,6,18,4,0,1,2,1,0,1,0.0,0,0,LEVE,0,4
0,1,0.0351416648363716,2,3,4,-5.991799,-79.747818,7,3,7,0,4,-1,-1,0,6543.555,2.0,-1,-1,1.0,0.4495936745003294,0.4495936745003294,1198.0,0.4703091457296942,74.91176543888524,44335.321199143465,3459.691,515.0619999999999,689.7280000000001,2254.901,703.3549999999999,2756.336,20.329994788551925,1,0,1,31.0,31.0,31.0,1.0,0.0,0.0,1.0,1,0,0.0,0.0,0.0,0.0,0.0,0.0,1.0,0.0,0.0,0.0,1,1,1,1,0,0,0,16,2,2021,6,18,4,0,1,0,2,0,1,0.0,0,0,LEVE,0,1
10,2,0.0293213265978475,0,4,0,-6.61632,-76.69797,7,4,7,0,2,0,1,2,6543.555,2.0,-1,-1,1.0,0.4495936745003294,0.4495936745003294,1198.0,0.3680165888748353,74.33284923126352,11517.601713062098,5645.136,815.0759999999999,965.298,3864.762,1013.406,4631.73,17.95184385283189,2,0,0,59.5,45.0,74.0,1.0,0.0,0.0,1.0,2,0,0.0,0.0,0.0,0.0,1.0,0.0,1.0,0.0,0.0,0.0,1,1,1,1,0,0,0,18,3,2021,6,18,4,0,1,1,1,0,1,0.0,0,0,LEVE,0,2
3,2,0.0933450472216121,0,4,1,-7.992123,-79.075046,0,4,7,0,2,-1,-1,0,6543.555,3.0,5,2,1.0,0.1133318690972984,0.1133318690972984,1475.0,0.583006771156836,78.2441938961209,76607.295503212,8931.828000000005,1335.5899999999997,1935.9830000000004,5660.255000000005,1219.309,7712.519000000005,13.651281686122925,2,0,0,36.5,19.0,54.0,1.0,1.0,0.0,0.0,2,0,0.0,0.0,1.0,1.0,0.0,0.0,1.0,0.0,0.0,0.0,0,0,0,0,0,0,0,19,3,2021,6,18,4,0,1,0,2,1,1,0.0,0,0,LEVE,0,1
0,1,0.0766527564243356,0,4,1,-16.43124767221205,-72.30939473733457,0,4,0,0,2,0,1,0,6639.975,2.0,5,2,1.0,0.340764331210191,0.074236766966835,1616.0,0.6077843615696785,76.53072135400231,74658.55888650964,10322.272,1495.236,1749.739,7077.2970000000005,2886.595,7435.677000000001,27.964725207783708,1,0,1,42.0,42.0,42.0,1.0,1.0,0.0,0.0,1,0,0.0,0.0,0.0,1.0,0.0,1.0,0.0,0.0,0.0,0.0,0,0,0,0,0,0,0,19,3,2021,6,18,4,0,1,0,1,0,1,0.0,0,0,LEVE,0,4
6,1,0.0497474192839885,0,4,3,-5.219235,-80.666598,0,4,7,0,2,1,0,2,6543.555,2.0,-1,-1,1.0,0.4495936745003294,0.4495936745003294,1198.0,0.5034350778485951,78.14388603810477,76220.84796573877,8965.846000060003,1782.4120000599992,636.9959999999999,6546.438000000004,2214.505000059999,6751.341000000004,24.699342371541725,1,0,0,34.0,34.0,34.0,1.0,1.0,1.0,1.0,1,0,0.0,0.0,0.0,1.0,1.0,0.0,0.0,1.0,0.0,0.0,1,1,1,1,0,0,0,22,3,2021,6,18,4,0,1,0,1,0,1,0.0,0,0,LEVE,0,3
0,1,0.2105205359103887,0,4,1,-11.578115,-77.262181,0,4,7,0,2,1,0,4,6543.555,3.0,5,2,1.0,0.1133318690972984,0.1133318690972984,1475.0,0.6328991168419597,79.8522840328396,65701.61456102783,7626.313,1683.4029999999998,1599.0829999999996,4343.827000000001,1814.875,5811.438000000001,23.7975414856432,1,0,1,40.0,40.0,40.0,1.0,0.0,0.0,1.0,1,0,0.0,0.0,1.0,0.0,0.0,0.0,1.0,0.0,0.0,0.0,0,0,0,0,0,0,0,2,0,2021,6,19,5,1,1,0,1,1,1,0.0,0,0,LEVE,0,0
6,1,0.0182297386338677,0,4,1,-14.471905018115224,-73.23739505374836,0,4,0,1,2,-1,-1,6,2238.6850000000004,2.0,5,2,1.0,0.0036239841862508,0.0036239841862508,115.0,0.3664074671664916,64.98461839600242,4508.062098501071,8358.971,1282.451,1298.0969999999998,5778.423,1432.683,6926.288,17.139466089785454,1,0,0,36.0,36.0,36.0,1.0,0.0,0.0,0.0,1,0,0.0,0.0,0.0,1.0,1.0,0.0,0.0,1.0,0.0,0.0,0,0,0,0,0,0,0,6,1,2021,6,19,5,1,1,2,2,0,1,0.0,1,0,LEVE,0,6
6,1,0.0597408302218317,0,4,1,-7.36073167,-78.130325,0,4,0,1,2,1,1,5,9936.932,2.0,5,2,1.0,0.340764331210191,0.1266198111135515,3830.0,0.3417904861011918,68.7622191785171,1240.0428265524629,15935.565011852366,1733.9250000199986,935.692,13265.948011832368,2000.1670000199988,13935.398011832369,12.551591352627522,1,0,0,30.0,30.0,30.0,1.0,1.0,0.0,0.0,1,0,0.0,1.0,0.0,0.0,0.0,0.0,1.0,0.0,1.0,0.0,0,0,0,0,0,0,0,8,1,2021,6,19,5,1,1,2,2,0,1,0.0,1,0,GRAVE_MORTALIDAD,2,1
6,1,0.0213046343070502,0,4,2,-13.218993,-74.044114,7,4,0,1,1,-1,-1,6,6543.555,2.0,-1,-1,1.0,0.4495936745003294,0.4495936745003294,1198.0,0.2511977866304733,68.52299906881817,9734.820128479656,12678.733000000004,1805.074000000001,1774.0339999999994,9099.625000000004,2485.375000000001,10193.358000000002,19.602707936195205,1,0,0,29.0,29.0,29.0,1.0,1.0,0.0,1.0,1,0,0.0,0.0,0.0,1.0,0.0,0.0,0.0,1.0,1.0,0.0,1,1,1,1,0,0,0,10,1,2021,6,19,5,1,1,2,2,0,1,0.0,1,1,GRAVE_MORTALIDAD,2,4
0,1,0.0037338018888644,2,3,4,-17.657897,-71.337566,0,3,7,1,2,-1,-1,0,6543.555,2.0,-1,-1,1.0,0.4495936745003294,0.4495936745003294,1198.0,0.6831569654189188,78.20298093881752,68663.72805139187,2949.174,470.28500000000025,903.055,1575.834,866.4460000000004,2082.728,29.37927704503025,1,0,1,33.0,33.0,33.0,1.0,0.0,0.0,0.0,1,0,0.0,0.0,1.0,0.0,0.0,0.0,1.0,0.0,0.0,0.0,1,1,1,1,0,0,0,10,1,2021,6,19,5,1,1,0,2,0,1,0.0,0,0,LEVE,0,36
3,1,0.2105205359103887,2,2,4,-12.144939880924204,-77.0218308315467,0,2,7,0,2,-1,-1,2,6543.555,2.0,-1,-1,1.0,0.4495936745003294,0.4495936745003294,1198.0,0.8207642838213052,80.14976904502905,27481.5653104925,7626.313,1683.4029999999998,1599.0829999999996,4343.827000000001,1814.875,5811.438000000001,23.7975414856432,2,0,0,46.5,24.0,69.0,1.0,1.0,0.0,0.0,2,0,0.0,0.0,0.0,1.0,1.0,0.0,1.0,0.0,1.0,0.0,1,1,1,1,0,0,0,12,2,2021,6,19,5,1,1,0,2,0,1,0.0,0,0,LEVE,0,0
3,2,0.0902701515484296,2,4,1,-13.6636006387845,-71.3408141570007,0,3,0,0,2,1,1,2,3263.58,2.0,5,2,1.0,0.0080166922907972,0.0080166922907972,566.0,0.2701433460922377,67.03086854576458,16118.58886509636,17779.13499998999,2097.37099999,2863.123,12818.640999999989,2878.713,14900.421999989989,16.19152450331032,2,0,0,35.0,23.0,47.0,1.0,1.0,0.0,0.0,2,0,0.0,0.0,0.0,1.0,1.0,1.0,0.0,0.0,0.0,0.0,0,0,0,0,0,0,0,14,2,2021,6,19,5,1,1,2,2,0,1,0.0,0,0,GRAVE_MORTALIDAD,2,4
0,1,0.0497474192839885,2,2,4,-5.168928,-80.647644,0,4,7,0,2,1,1,2,6543.555,2.0,-1,-1,1.0,0.4495936745003294,0.4495936745003294,1198.0,0.6582040223794163,78.74105515718446,178905.3426124197,8965.846000060003,1782.4120000599992,636.9959999999999,6546.438000000004,2214.505000059999,6751.341000000004,24.699342371541725,1,0,1,35.0,35.0,35.0,1.0,1.0,1.0,1.0,1,0,0.0,0.0,0.0,1.0,1.0,0.0,0.0,0.0,0.0,0.0,1,1,1,1,0,0,0,19,3,2021,6,19,5,1,1,0,2,0,1,0.0,0,0,LEVE,0,3
6,1,0.0318471337579617,0,4,1,-9.090929980876298,-77.33650086310438,7,4,0,0,1,-1,-1,2,1134.015,-1.0,2,0,0.0,0.340764331210191,0.1266198111135515,173.0,0.3352882109430746,74.75361760123883,11488.145610278372,10767.648,1885.0630000000003,1222.721,7659.864000000001,2100.343,8667.305000000002,19.506051832303577,1,0,0,32.0,32.0,32.0,1.0,0.0,0.0,0.0,1,0,0.0,0.0,0.0,1.0,0.0,1.0,0.0,0.0,0.0,0.0,0,0,0,0,0,0,0,22,3,2021,6,19,5,1,1,0,2,0,1,0.0,0,1,LEVE,0,1
1,1,0.0153744783659125,2,4,1,-11.994543831713845,-77.1258039981221,0,0,7,0,2,-1,-1,4,139.23,-1.0,5,2,0.0,0.340764331210191,0.1266198111135515,69.0,0.5563774842369664,77.00938809632027,27932.19700214133,51.58600000000001,44.68700000000001,6.899000000000001,0.0,49.838000000000015,1.748,96.61148373589734,1,1,1,37.0,33.0,40.0,0.0,0.0,0.0,0.0,1,1,1.0,0.0,0.0,0.0,0.0,0.0,0.0,0.0,0.0,1.0,0,0,0,0,1,1,1,23,3,2021,6,19,5,1,1,2,2,0,0,1.0,0,0,LEVE,0,0
0,2,0.0193279156600043,0,4,1,-13.454586,-75.019227,0,4,7,0,2,1,1,0,1679.5849999999998,2.0,5,1,1.0,0.340764331210191,0.0082363276960245,315.0,0.2997946406100768,72.83003345209801,3327.8779443254816,8511.426,1445.3929999999996,2008.516,5057.516999999999,1879.579,6631.846999999998,22.08300935706896,2,0,1,32.0,32.0,32.0,1.0,0.0,0.0,0.0,2,0,0.0,0.0,1.0,0.0,0.0,0.0,1.0,0.0,0.0,0.0,0,0,0,0,0,0,0,2,0,2021,6,20,6,1,1,2,2,0,1,0.0,0,0,LEVE,0,4
6,1,0.0766527564243356,0,4,2,-16.472612701793096,-72.55490712914008,0,4,0,1,1,-1,-1,2,6543.555,2.0,-1,-1,1.0,0.4495936745003294,0.4495936745003294,1198.0,0.6445408585995467,81.26293480409497,6803.177730192719,10322.272,1495.236,1749.739,7077.2970000000005,2886.595,7435.677000000001,27.964725207783708,1,0,0,26.0,26.0,26.0,1.0,0.0,0.0,0.0,1,0,0.0,0.0,0.0,1.0,0.0,1.0,0.0,0.0,0.0,0.0,1,1,1,1,0,0,0,10,1,2021,6,20,6,1,1,0,2,0,1,0.0,1,1,LEVE,0,4
3,1,0.0318471337579617,0,4,1,-9.27756941674308,-78.41736935898118,0,4,7,0,2,-1,-1,0,6543.555,3.0,5,2,1.0,0.1133318690972984,0.1133318690972984,1475.0,0.5575370467693914,78.64118956943892,4692.985010706639,10767.648,1885.0630000000003,1222.721,7659.864000000001,2100.343,8667.305000000002,19.506051832303577,2,0,0,42.5,37.0,48.0,1.0,0.0,1.0,1.0,2,0,0.0,0.0,0.0,1.0,1.0,0.0,1.0,0.0,1.0,0.0,0,0,0,0,0,0,0,11,1,2021,6,20,6,1,1,0,2,1,1,0.0,0,0,LEVE,0,1
3,2,0.0821436415550186,0,4,0,-15.522839,-70.078009,7,4,7,0,2,-1,-1,2,6543.555,2.0,-1,-1,1.0,0.4495936745003294,0.4495936745003294,1198.0,0.3646929504779869,74.39003066237748,5552.2119914346895,13642.312999999998,2020.7790000000005,2354.117,9267.416999999998,3314.0520000000006,10328.260999999997,24.29244952817019,2,0,0,56.0,38.0,74.0,1.0,1.0,0.0,1.0,2,0,0.0,0.0,0.0,1.0,0.0,1.0,0.0,0.0,1.0,0.0,1,1,1,1,0,0,0,13,2,2021,6,20,6,1,1,2,2,0,1,0.0,0,0,LEVE,0,4
6,1,0.0766527564243356,1,4,2,-16.347506,-72.282885,0,4,2,0,2,0,1,0,6543.555,2.0,-1,-1,1.0,0.4495936745003294,0.4495936745003294,1198.0,0.6077843615696785,76.53072135400231,74658.55888650964,10322.272,1495.236,1749.739,7077.2970000000005,2886.595,7435.677000000001,27.964725207783708,1,0,0,30.0,30.0,30.0,1.0,1.0,0.0,0.0,1,0,0.0,0.0,0.0,1.0,1.0,0.0,0.0,1.0,0.0,0.0,1,1,1,1,0,0,0,15,2,2021,6,20,6,1,1,0,1,0,1,0.0,0,0,LEVE,0,4
3,1,0.0293213265978475,2,6,4,-6.4795,-76.38282,0,0,7,1,2,1,1,2,6543.555,2.0,-1,-1,1.0,0.4495936745003294,0.4495936745003294,1198.0,0.657413538429829,72.9282426214375,31687.78158458244,5645.136,815.0759999999999,965.298,3864.762,1013.406,4631.73,17.95184385283189,2,0,0,32.0,31.0,33.0,1.0,0.0,0.0,0.0,2,0,0.0,0.0,1.0,0.0,1.0,0.0,0.0,0.0,1.0,0.0,1,1,1,1,0,0,0,16,2,2021,6,20,6,1,1,1,2,0,1,0.0,0,0,LEVE,0,2
0,1,0.0420601801010322,2,4,1,-11.903968,-75.333544,7,4,7,0,2,-1,-1,4,7586.903,2.0,5,2,1.0,0.340764331210191,0.067428069404788,1198.0,0.5590037134540016,69.16521918655411,14877.426124197002,12264.545,1826.4639999999995,1105.5389999999998,9332.542,1588.5359999999996,10676.009,12.952261987705208,1,0,1,26.0,26.0,26.0,1.0,0.0,0.0,1.0,1,0,0.0,0.0,0.0,1.0,0.0,1.0,0.0,0.0,1.0,0.0,0,0,0,0,0,0,0,18,3,2021,6,20,6,1,1,2,2,0,1,0.0,0,0,LEVE,0,4