CLASE SINIESTRO,CANTIDAD DE VEHICULOS DAÑADOS,DEPARTAMENTO,ZONA,TIPO DE VÍA,RED VIAL,COORDENADAS LATITUD,COORDENADAS  LONGITUD,CONDICIÓN CLIMÁTICA,ZONIFICACIÓN,CARACTERÍSTICAS DE VÍA,PERFIL LONGITUDINAL VÍA,SUPERFICIE DE CALZADA,¿EXISTE SEÑAL VERTICAL?,¿EXISTE SEÑAL HORIZONTAL?,CAUSA FACTOR PRINCIPAL,MTC_RVN_LONGITUD_KM,MTC_RVN_N_CARRILES_MEDIANA,MTC_RVN_SUPERFICIE_DOMINANTE,MTC_RVN_ESTADO_DOMINANTE,MTC_RVN_ES_CONCESIONADA,MTC_RVN_CONCESION_PRINCIPAL,MTC_RVN_CORREDOR_LOGISTICO,MTC_RVN_N_TRAMOS,IDH_2019,IDH_ESP_VIDA_2019,IDH_POBLACION_2019,MTC_DEP_RED_TOTAL_KM,MTC_DEP_NACIONAL_TOTAL_KM,MTC_DEP_DEPARTAMENTAL_TOTAL_KM,MTC_DEP_VECINAL_TOTAL_KM,MTC_DEP_PAV_TOTAL_KM,MTC_DEP_NO_PAV_TOTAL_KM,MTC_DEP_PCT_PAVIMENTADA,PER_N_CONDUCTORES,PER_N_CONDUCTORES_FUGADOS,PER_N_PEATONES,PER_EDAD_COND_PROM,PER_EDAD_COND_MIN,PER_EDAD_COND_MAX,PER_ANY_COND_MASCULINO,PER_ANY_LIC_PROBLEMA,PER_ANY_DOSAJE_POS,PER_ANY_DOSAJE_EVALUADO,VEH_TOTAL,VEH_N_FUGADOS,VEH_ANY_FUGADO,VEH_ANY_CARGA,VEH_ANY_PUBLICO,VEH_ANY_PARTICULAR,VEH_ANY_MOTO,VEH_ANY_AUTO,VEH_ANY_CAMION_BUS,VEH_ANY_SOAT_PROBLEMA,VEH_ANY_CITV_PROBLEMA,VEH_ANY_SEGURO_PROBLEMA,MTC_RVN_LONGITUD_KM_ERA_NULO,MTC_RVN_N_CARRILES_MEDIANA_ERA_NULO,MTC_RVN_ES_CONCESIONADA_ERA_NULO,MTC_RVN_N_TRAMOS_ERA_NULO,PER_EDAD_COND_PROM_ERA_NULO,PER_EDAD_COND_MIN_ERA_NULO,PER_EDAD_COND_MAX_ERA_NULO,HORA_NUM,FRANJA_HORARIA,ANIO,MES,DIA_MES,DIA_SEMANA,ES_FIN_SEMANA,ES_QUINCENA,REGION_NATURAL,NIVEL_SEÑALIZACION_ORD,ES_VIA_MULTICARRIL,ES_DEPTO_BAJO_PAVIMENTO,RATIO_CONDUCTORES_FUGADOS,ES_CURVA_Y_PENDIENTE,ES_VIA_NO_PAVIMENTADA,CATEGORIA_SEVERIDAD,CATEGORIA_SEVERIDAD_ENC,CLUSTER
1,1,0.0420601801010322,2,4,1,-11.6927491,-75.5640005,0,0,7,0,2,-1,-1,4,311.82,2.0,5,2,0.0,0.340764331210191,0.1266198111135515,74.0,0.4846609581848212,71.70970037684953,5696.379014989293,12264.545,1826.4639999999995,1105.5389999999998,9332.542,1588.5359999999996,10676.009,12.952261987705208,1,1,1,37.0,33.0,40.0,0.0,0.0,0.0,0.0,1,1,1.0,0.0,0.0,0.0,0.0,0.0,0.0,0.0,0.0,0.0,0,0,0,0,1,1,1,18,3,2021,6,20,6,1,1,2,2,0,1,1.0,0,0,LEVE,0,4
3,2,0.0351416648363716,0,4,1,-6.4166449,-79.8325378,0,4,7,0,2,-1,-1,0,1305.18,2.0,5,2,1.0,0.0160333845815945,0.0464528882055787,163.0,0.5059173540051534,75.20849370321716,18529.839400428264,3459.691,515.0619999999999,689.7280000000001,2254.901,703.3549999999999,2756.336,20.329994788551925,2,0,0,37.0,34.0,40.0,1.0,0.0,0.0,0.0,2,0,0.0,0.0,1.0,0.0,1.0,1.0,0.0,0.0,1.0,0.0,0,0,0,0,0,0,0,19,3,2021,6,20,6,1,1,0,2,0,1,0.0,0,0,LEVE,0,1
1,1,0.0933450472216121,0,4,1,-8.042738,-79.084645,0,4,7,0,2,-1,-1,0,6543.555,3.0,5,2,1.0,0.1133318690972984,0.1133318690972984,1475.0,0.583006771156836,78.2441938961209,76607.295503212,8931.828000000005,1335.5899999999997,1935.9830000000004,5660.255000000005,1219.309,7712.519000000005,13.651281686122925,1,1,1,37.0,33.0,40.0,0.0,0.0,0.0,0.0,1,1,1.0,0.0,0.0,0.0,0.0,0.0,0.0,0.0,0.0,0.0,0,0,0,0,1,1,1,20,3,2021,6,20,6,1,1,0,2,1,1,1.0,0,0,LEVE,0,1
3,2,0.0597408302218317,2,4,2,-5.665668,-78.680329,0,3,1,0,4,-1,-1,0,6543.555,2.0,-1,-1,1.0,0.4495936745003294,0.4495936745003294,1198.0,0.4823525101155781,74.68609013731242,13071.734475374731,15935.565011852366,1733.9250000199986,935.692,13265.948011832368,2000.1670000199988,13935.398011832369,12.551591352627522,2,0,0,43.0,30.0,56.0,1.0,1.0,0.0,1.0,2,0,0.0,0.0,0.0,1.0,1.0,0.0,0.0,0.0,1.0,0.0,1,1,1,1,0,0,0,23,3,2021,6,20,6,1,1,2,2,0,1,0.0,0,0,LEVE,0,1
3,1,0.0497474192839885,0,4,2,-4.984016797586359,-80.61351827767209,0,4,7,0,7,-1,-1,0,6543.555,2.0,-1,-1,1.0,0.4495936745003294,0.4495936745003294,1198.0,0.459857589992435,80.72202071327797,125429.93361884369,8965.846000060003,1782.4120000599992,636.9959999999999,6546.438000000004,2214.505000059999,6751.341000000004,24.699342371541725,2,0,0,30.0,18.0,42.0,1.0,1.0,0.0,1.0,2,0,0.0,0.0,0.0,1.0,1.0,0.0,1.0,0.0,1.0,0.0,1,1,1,1,0,0,0,5,0,2021,6,21,0,0,1,0,2,0,1,0.0,0,1,LEVE,0,3
1,0,0.2105205359103887,2,4,1,-12.25263,-76.92798,0,2,7,0,2,-1,-1,0,6639.975,2.0,5,2,1.0,0.340764331210191,0.074236766966835,1616.0,0.6909236767275176,78.41626133969348,95908.53319057816,7626.313,1683.4029999999998,1599.0829999999996,4343.827000000001,1814.875,5811.438000000001,23.7975414856432,1,1,1,37.0,33.0,40.0,0.0,0.0,0.0,0.0,1,1,1.0,0.0,0.0,0.0,0.0,0.0,0.0,0.0,0.0,0.0,0,0,0,0,1,1,1,5,0,2021,6,21,0,0,1,0,2,0,1,1.0,0,0,LEVE,0,0
3,2,0.0902701515484296,0,4,1,-13.489164,-72.240726,0,4,7,0,2,-1,-1,2,7586.903,2.0,5,2,1.0,0.340764331210191,0.067428069404788,1198.0,0.429914756045985,74.25916870636927,3225.312633832976,17779.13499998999,2097.37099999,2863.123,12818.640999999989,2878.713,14900.421999989989,16.19152450331032,2,0,0,30.0,20.0,40.0,1.0,1.0,0.0,0.0,2,0,0.0,0.0,0.0,1.0,1.0,1.0,0.0,0.0,0.0,0.0,0,0,0,0,0,0,0,6,1,2021,6,21,0,0,1,2,2,0,1,0.0,0,0,LEVE,0,4
3,2,0.0351416648363716,0,4,1,-6.813826,-79.829436,7,4,7,0,2,-1,-1,0,6543.555,3.0,5,2,1.0,0.1133318690972984,0.1133318690972984,1475.0,0.5698121065713132,80.7750211042815,96903.36830835116,3459.691,515.0619999999999,689.7280000000001,2254.901,703.3549999999999,2756.336,20.329994788551925,2,0,0,40.0,25.0,55.0,1.0,1.0,0.0,1.0,2,0,0.0,1.0,1.0,0.0,1.0,0.0,1.0,1.0,1.0,0.0,0,0,0,0,0,0,0,8,1,2021,6,21,0,0,1,0,2,1,1,0.0,0,0,LEVE,0,1
6,1,0.0318471337579617,0,4,1,-9.559358645745403,-77.70584727008071,0,4,0,1,2,1,1,2,729.0909999999999,1.0,5,2,0.0,0.340764331210191,0.0007687239182956,195.0,0.3226718311164431,76.12153120385717,3229.2633832976444,10767.648,1885.0630000000003,1222.721,7659.864000000001,2100.343,8667.305000000002,19.506051832303577,1,0,0,25.0,25.0,25.0,1.0,0.0,1.0,1.0,1,0,0.0,0.0,0.0,1.0,0.0,1.0,0.0,0.0,1.0,0.0,0,0,0,0,0,0,0,11,1,2021,6,21,0,0,1,0,2,0,1,0.0,1,0,LEVE,0,20
0,1,0.2105205359103887,2,2,4,-12.014492,-76.819179,0,3,7,0,2,-1,-1,2,6543.555,2.0,-1,-1,1.0,0.4495936745003294,0.4495936745003294,1198.0,0.6868549636939637,79.62363164345142,684921.8484148846,7626.313,1683.4029999999998,1599.0829999999996,4343.827000000001,1814.875,5811.438000000001,23.7975414856432,1,0,1,37.0,33.0,40.0,1.0,0.0,0.0,0.0,1,0,0.0,0.0,1.0,0.0,0.0,0.0,1.0,0.0,0.0,0.0,1,1,1,1,1,1,1,12,2,2021,6,21,0,0,1,0,2,0,1,0.0,0,0,LEVE,0,0
3,2,0.0597408302218317,0,4,2,-7.09682997,-78.822862,7,4,0,1,2,1,1,2,6543.555,2.0,-1,-1,1.0,0.4495936745003294,0.4495936745003294,1198.0,0.3334181514351879,65.70103407075928,11921.895074946468,15935.565011852366,1733.9250000199986,935.692,13265.948011832368,2000.1670000199988,13935.398011832369,12.551591352627522,2,0,0,30.0,15.0,45.0,1.0,1.0,0.0,0.0,2,0,0.0,1.0,1.0,0.0,1.0,0.0,1.0,0.0,1.0,0.0,1,1,1,1,0,0,0,13,2,2021,6,21,0,0,1,2,2,0,1,0.0,1,0,LEVE,0,1
3,0,0.2105205359103887,0,2,4,-12.24393,-76.92189,0,0,7,0,2,-1,-1,0,6543.555,2.0,-1,-1,1.0,0.4495936745003294,0.4495936745003294,1198.0,0.6990481232857558,80.14597904142546,459161.0728051392,7626.313,1683.4029999999998,1599.0829999999996,4343.827000000001,1814.875,5811.438000000001,23.7975414856432,2,0,0,52.5,39.0,66.0,1.0,0.0,0.0,0.0,2,0,0.0,0.0,1.0,1.0,1.0,0.0,1.0,0.0,1.0,0.0,1,1,1,1,0,0,0,13,2,2021,6,21,0,0,1,0,2,0,1,0.0,0,0,LEVE,0,0
0,1,0.0475510652317153,2,4,1,-14.294216,-75.678891,0,0,7,0,2,1,1,2,6639.975,2.0,5,2,1.0,0.340764331210191,0.074236766966835,1616.0,0.6261042306271147,80.48505954362174,31419.372591006424,3721.461,698.1859999999996,744.866,2278.409,1102.9029999999996,2618.558,29.636290693359403,1,0,1,40.0,40.0,40.0,1.0,0.0,0.0,1.0,1,0,0.0,0.0,0.0,1.0,0.0,1.0,0.0,0.0,1.0,0.0,0,0,0,0,0,0,0,19,3,2021,6,21,0,0,1,0,2,0,1,0.0,0,0,LEVE,0,7
3,1,0.2105205359103887,2,4,1,-11.921471,-76.676499,0,0,7,0,4,-1,-1,2,875.67,2.0,5,2,1.0,0.0162530199868218,0.0124094003953437,156.0,0.6831952456039544,78.60873873772867,255143.7301927195,7626.313,1683.4029999999998,1599.0829999999996,4343.827000000001,1814.875,5811.438000000001,23.7975414856432,2,0,0,40.5,27.0,54.0,1.0,1.0,0.0,0.0,2,0,0.0,0.0,0.0,1.0,1.0,1.0,0.0,0.0,1.0,0.0,0,0,0,0,0,0,0,22,3,2021,6,21,0,0,1,0,2,0,1,0.0,0,0,LEVE,0,0
1,0,0.2105205359103887,2,4,1,-11.988199,-77.0645344,0,3,7,0,2,-1,-1,0,6543.555,3.0,5,2,1.0,0.1133318690972984,0.1133318690972984,1475.0,0.6853375063928137,80.04346891299102,217176.83083511773,7626.313,1683.4029999999998,1599.0829999999996,4343.827000000001,1814.875,5811.438000000001,23.7975414856432,1,1,1,37.0,33.0,40.0,0.0,0.0,0.0,0.0,1,0,0.0,0.0,0.0,1.0,0.0,0.0,1.0,0.0,0.0,0.0,0,0,0,0,1,1,1,2,0,2021,6,22,1,0,1,0,2,1,1,1.0,0,0,LEVE,0,0
3,2,0.0475510652317153,0,4,1,-13.960023,-75.784643,0,2,7,0,2,-1,-1,2,6639.975,2.0,5,2,1.0,0.340764331210191,0.074236766966835,1616.0,0.6053164595604621,78.88848309050202,27932.19700214133,3721.461,698.1859999999996,744.866,2278.409,1102.9029999999996,2618.558,29.636290693359403,2,0,0,40.5,27.0,54.0,1.0,1.0,0.0,1.0,2,0,0.0,0.0,0.0,1.0,1.0,0.0,1.0,0.0,0.0,0.0,0,0,0,0,0,0,0,6,1,2021,6,22,1,0,1,0,2,0,1,0.0,0,0,GRAVE_LESIONADOS,1,7
3,2,0.0351416648363716,0,4,1,-6.379078,-79.8114,5,4,7,0,2,-1,-1,0,1305.18,2.0,5,2,1.0,0.0160333845815945,0.0464528882055787,163.0,0.5059173540051534,75.20849370321716,18529.839400428264,3459.691,515.0619999999999,689.7280000000001,2254.901,703.3549999999999,2756.336,20.329994788551925,2,0,0,55.0,51.0,59.0,1.0,0.0,0.0,1.0,2,0,0.0,1.0,0.0,1.0,0.0,1.0,1.0,0.0,0.0,0.0,0,0,0,0,0,0,0,8,1,2021,6,22,1,0,1,0,2,0,1,0.0,0,0,LEVE,0,1
6,1,0.0821436415550186,0,4,1,-15.0972742,-70.3563098,0,4,7,0,2,-1,-1,6,7586.903,2.0,5,2,1.0,0.340764331210191,0.067428069404788,1198.0,0.3321861957084406,76.3620732097923,4882.685224839401,13642.312999999998,2020.7790000000005,2354.117,9267.416999999998,3314.0520000000006,10328.260999999997,24.29244952817019,1,0,0,16.0,16.0,16.0,1.0,1.0,0.0,0.0,1,0,0.0,0.0,0.0,1.0,0.0,1.0,0.0,0.0,1.0,0.0,0,0,0,0,0,0,0,10,1,2021,6,22,1,0,1,2,2,0,1,0.0,0,0,LEVE,0,4
6,1,0.0497474192839885,0,4,1,-4.576617439173308,-80.18218691777935,0,4,7,1,2,-1,-1,0,640.6200000000001,2.0,5,1,0.0,0.340764331210191,0.1266198111135515,72.0,0.3708025850862105,70.09572248353376,11598.841541755888,8965.846000060003,1782.4120000599992,636.9959999999999,6546.438000000004,2214.505000059999,6751.341000000004,24.699342371541725,1,0,0,25.0,25.0,25.0,1.0,1.0,0.0,1.0,1,0,0.0,0.0,0.0,1.0,1.0,0.0,0.0,1.0,1.0,0.0,0,0,0,0,0,0,0,12,2,2021,6,22,1,0,1,0,2,0,1,0.0,0,0,LEVE,0,3
3,0,0.2105205359103887,2,2,4,-11.99179,-77.07511,0,0,7,0,2,-1,-1,0,6543.555,2.0,-1,-1,1.0,0.4495936745003294,0.4495936745003294,1198.0,0.758462599563312,80.5192231989937,363987.54389721627,7626.313,1683.4029999999998,1599.0829999999996,4343.827000000001,1814.875,5811.438000000001,23.7975414856432,2,0,0,37.0,33.0,40.0,1.0,1.0,0.0,0.0,2,0,0.0,0.0,0.0,1.0,1.0,0.0,1.0,0.0,1.0,0.0,1,1,1,1,1,1,1,13,2,2021,6,22,1,0,1,0,2,0,1,0.0,0,0,LEVE,0,0
3,2,0.0821436415550186,0,4,1,-13.433582290622404,-70.32961247842753,2,4,7,0,2,1,0,2,1761.8050000000003,2.0,5,2,1.0,0.005820338238524,0.005820338238524,410.0,0.4605485155443012,64.71302946644445,5357.764453961457,13642.312999999998,2020.7790000000005,2354.117,9267.416999999998,3314.0520000000006,10328.260999999997,24.29244952817019,2,0,0,48.5,41.0,56.0,1.0,0.0,0.0,0.0,2,0,0.0,0.0,0.0,1.0,1.0,0.0,1.0,0.0,1.0,0.0,0,0,0,0,0,0,0,15,2,2021,6,22,1,0,1,2,1,0,1,0.0,0,0,LEVE,0,-1
3,0,0.0821436415550186,0,4,0,-15.7820572,-70.22156406,0,4,7,0,2,-1,-1,2,6543.555,2.0,-1,-1,1.0,0.4495936745003294,0.4495936745003294,1198.0,0.3411957944963065,67.8375829238065,2703.9250535331907,13642.312999999998,2020.7790000000005,2354.117,9267.416999999998,3314.0520000000006,10328.260999999997,24.29244952817019,2,0,0,31.0,22.0,40.0,1.0,0.0,0.0,0.0,2,0,0.0,0.0,1.0,1.0,0.0,1.0,1.0,0.0,0.0,0.0,1,1,1,1,0,0,0,18,3,2021,6,22,1,0,1,2,2,0,1,0.0,0,0,LEVE,0,4
0,0,0.2105205359103887,2,2,4,-12.25702,-76.88783,0,0,7,0,2,-1,-1,0,6543.555,2.0,-1,-1,1.0,0.4495936745003294,0.4495936745003294,1198.0,0.6909236767275176,78.41626133969348,95908.53319057816,7626.313,1683.4029999999998,1599.0829999999996,4343.827000000001,1814.875,5811.438000000001,23.7975414856432,1,0,1,27.0,27.0,27.0,1.0,0.0,0.0,0.0,1,0,0.0,0.0,0.0,1.0,0.0,1.0,0.0,0.0,1.0,0.0,1,1,1,1,0,0,0,21,3,2021,6,22,1,0,1,0,2,0,1,0.0,0,0,LEVE,0,0
3,2,0.0213046343070502,0,4,1,-13.40222,-73.904601,0,4,2,0,2,1,1,2,7586.903,2.0,5,2,1.0,0.340764331210191,0.067428069404788,1198.0,0.2301276524254768,69.17262093358879,5819.244111349037,12678.733000000004,1805.074000000001,1774.0339999999994,9099.625000000004,2485.375000000001,10193.358000000002,19.602707936195205,2,0,0,37.0,30.0,44.0,1.0,0.0,0.0,1.0,2,0,0.0,1.0,1.0,0.0,0.0,0.0,1.0,0.0,1.0,0.0,0,0,0,0,0,0,0,23,3,2021,6,22,1,0,1,2,2,0,1,0.0,0,0,GRAVE_LESIONADOS,1,4
6,0,0.2105205359103887,2,2,4,-11.986489,-77.072359,0,2,7,0,2,-1,-1,0,6543.555,2.0,-1,-1,1.0,0.4495936745003294,0.4495936745003294,1198.0,0.758462599563312,80.5192231989937,363987.54389721627,7626.313,1683.4029999999998,1599.0829999999996,4343.827000000001,1814.875,5811.438000000001,23.7975414856432,1,0,0,37.0,33.0,40.0,0.0,0.0,0.0,0.0,1,0,0.0,0.0,0.0,1.0,1.0,0.0,0.0,0.0,1.0,0.0,1,1,1,1,1,1,1,0,0,2021,6,23,2,0,1,0,2,0,1,0.0,0,0,LEVE,0,0
3,3,0.0139468482319349,0,4,1,-3.5857820643741536,-80.47399562260193,0,4,7,0,2,-1,-1,6,6543.555,3.0,5,2,1.0,0.1133318690972984,0.1133318690972984,1475.0,0.5691277377037675,76.83860361118322,23971.755888650965,1009.101,138.47399999999996,287.471,583.156,276.972,732.129,27.447401201663663,2,0,0,70.0,69.0,71.0,1.0,1.0,0.0,1.0,4,0,0.0,1.0,0.0,1.0,1.0,0.0,1.0,1.0,1.0,0.0,0,0,0,0,0,0,0,7,1,2021,6,23,2,0,1,0,2,1,1,0.0,0,0,LEVE,0,13
1,1,0.2105205359103887,2,2,4,-12.0251552,-76.9204075,0,0,7,0,2,-1,-1,2,6543.555,2.0,-1,-1,1.0,0.4495936745003294,0.4495936745003294,1198.0,0.6868549636939637,79.62363164345142,684921.8484148846,7626.313,1683.4029999999998,1599.0829999999996,4343.827000000001,1814.875,5811.438000000001,23.7975414856432,1,1,1,41.0,41.0,41.0,1.0,1.0,0.0,0.0,1,1,1.0,0.0,0.0,0.0,0.0,0.0,0.0,0.0,0.0,0.0,1,1,1,1,0,0,0,14,2,2021,6,23,2,0,1,0,2,0,1,1.0,0,0,LEVE,0,0
1,0,0.2105205359103887,2,2,4,-12.060343,-77.0083172,0,0,7,0,4,-1,-1,0,6543.555,2.0,-1,-1,1.0,0.4495936745003294,0.4495936745003294,1198.0,0.7646845961658533,80.23682119426338,250806.0877944326,7626.313,1683.4029999999998,1599.0829999999996,4343.827000000001,1814.875,5811.438000000001,23.7975414856432,1,1,1,37.0,33.0,40.0,0.0,0.0,0.0,0.0,1,1,1.0,0.0,0.0,0.0,0.0,0.0,0.0,0.0,0.0,0.0,1,1,1,1,1,1,1,15,2,2021,6,23,2,0,1,0,2,0,1,1.0,0,0,LEVE,0,0
3,2,0.0351416648363716,1,4,1,-6.6813219,-79.9039121,0,2,9,0,2,1,0,0,6543.555,3.0,5,2,1.0,0.1133318690972984,0.1133318690972984,1475.0,0.5539280527450423,74.69452916859504,79617.09421841543,3459.691,515.0619999999999,689.7280000000001,2254.901,703.3549999999999,2756.336,20.329994788551925,2,0,0,34.5,26.0,43.0,1.0,0.0,0.0,1.0,2,0,0.0,0.0,0.0,1.0,1.0,0.0,1.0,0.0,1.0,0.0,0,0,0,0,0,0,0,17,2,2021,6,23,2,0,1,0,1,1,1,0.0,0,0,LEVE,0,1
6,1,0.0318471337579617,0,4,2,-9.968398244619364,-77.52915705967843,0,4,0,1,7,-1,-1,2,6543.555,2.0,-1,-1,1.0,0.4495936745003294,0.4495936745003294,1198.0,0.4208169632304392,68.5037886972693,521.5053533190579,10767.648,1885.0630000000003,1222.721,7659.864000000001,2100.343,8667.305000000002,19.506051832303577,1,0,0,53.0,53.0,53.0,1.0,0.0,0.0,0.0,1,0,0.0,0.0,0.0,1.0,0.0,0.0,1.0,1.0,0.0,0.0,1,1,1,1,0,0,0,18,3,2021,6,23,2,0,1,0,2,0,1,0.0,1,1,LEVE,0,20
0,2,0.0420601801010322,2,4,1,-11.82927446,-75.44316147,0,4,2,0,2,-1,-1,2,196.88,2.0,5,2,1.0,0.0162530199868218,0.1266198111135515,35.0,0.5103724369507868,73.88155792233682,943.338329764454,12264.545,1826.4639999999995,1105.5389999999998,9332.542,1588.5359999999996,10676.009,12.952261987705208,1,0,1,35.0,35.0,35.0,1.0,0.0,0.0,0.0,1,0,0.0,0.0,0.0,1.0,0.0,0.0,1.0,0.0,1.0,0.0,0,0,0,0,0,0,0,18,3,2021,6,23,2,0,1,2,2,0,1,0.0,0,0,LEVE,0,4
0,1,0.0902701515484296,0,4,0,-12.909693556407934,-71.40412218989076,0,3,7,0,7,-1,-1,2,6543.555,2.0,-1,-1,1.0,0.4495936745003294,0.4495936745003294,1198.0,0.3612121566150602,62.7406214315804,5308.728051391863,17779.13499998999,2097.37099999,2863.123,12818.640999999989,2878.713,14900.421999989989,16.19152450331032,1,0,1,25.0,25.0,25.0,1.0,1.0,0.0,0.0,1,0,0.0,1.0,0.0,0.0,0.0,0.0,1.0,1.0,0.0,0.0,1,1,1,1,0,0,0,18,3,2021,6,23,2,0,1,2,2,0,1,0.0,0,1,LEVE,0,4
3,1,0.0072479683725016,0,4,0,-3.899723047888033,-73.35048787087666,0,4,7,0,2,-1,-1,0,6543.555,2.0,-1,-1,1.0,0.4495936745003294,0.4495936745003294,1198.0,0.578134350962316,72.90307998335238,149460.57173447538,1095.5949999999998,128.87099999999998,320.74700000000007,645.9769999999999,274.214,821.381,25.02877431897737,2,0,0,33.0,0.0,66.0,1.0,0.0,0.0,1.0,2,0,0.0,1.0,0.0,0.0,1.0,0.0,0.0,1.0,1.0,0.0,1,1,1,1,0,0,0,19,3,2021,6,23,2,0,1,1,2,0,1,0.0,0,0,LEVE,0,23
1,0,0.0131781243136393,0,4,1,-9.431958843446022,-75.96656942106995,0,4,7,0,2,-1,-1,2,693.175,2.0,5,1,0.0,0.340764331210191,0.0037338018888644,249.0,0.3514165953877426,72.32913425621899,9590.61670235546,8209.057,1333.4779999999996,791.9770000000001,6083.602,1059.8589999999997,7149.198,12.910849565303296,0,0,1,37.0,33.0,40.0,1.0,0.0,0.0,0.0,1,1,1.0,0.0,0.0,0.0,0.0,0.0,0.0,0.0,0.0,0.0,0,0,0,0,1,1,1,23,3,2021,6,23,2,0,1,2,2,0,1,0.0,0,0,LEVE,0,4
3,2,0.0131781243136393,0,4,1,-9.18857425256514,-75.9226630949866,0,4,7,0,2,1,0,2,7758.33400008,2.0,5,2,1.0,0.340764331210191,0.0464528882055787,2133.0,0.3543291339954574,74.37119505444772,7529.884368308351,8209.057,1333.4779999999996,791.9770000000001,6083.602,1059.8589999999997,7149.198,12.910849565303296,2,0,0,34.5,18.0,51.0,1.0,1.0,0.0,1.0,2,0,0.0,0.0,0.0,1.0,1.0,0.0,0.0,0.0,0.0,0.0,0,0,0,0,0,0,0,7,1,2021,6,24,3,0,1,2,1,0,1,0.0,0,0,LEVE,0,4
3,2,0.0933450472216121,0,4,1,-7.678769635511184,-79.32439874352757,0,4,7,0,2,-1,-1,2,6543.555,3.0,5,2,1.0,0.1133318690972984,0.1133318690972984,1475.0,0.5345074857798321,76.79673752589963,27037.03854389721,8931.828000000005,1335.5899999999997,1935.9830000000004,5660.255000000005,1219.309,7712.519000000005,13.651281686122925,2,0,0,37.5,27.0,48.0,1.0,1.0,0.0,0.0,2,0,0.0,0.0,0.0,1.0,1.0,1.0,0.0,0.0,1.0,0.0,0,0,0,0,0,0,0,9,1,2021,6,24,3,0,1,0,2,1,1,0.0,0,0,LEVE,0,1
3,2,0.0933450472216121,2,4,1,-8.14565,-79.012371,0,2,7,0,2,-1,-1,2,6543.555,3.0,5,2,1.0,0.1133318690972984,0.1133318690972984,1475.0,0.618325375347301,78.45577068094175,37258.80942184154,8931.828000000005,1335.5899999999997,1935.9830000000004,5660.255000000005,1219.309,7712.519000000005,13.651281686122925,2,0,0,41.0,39.0,43.0,1.0,1.0,0.0,1.0,2,0,0.0,1.0,1.0,0.0,0.0,0.0,1.0,0.0,1.0,0.0,0,0,0,0,0,0,0,13,2,2021,6,24,3,0,1,0,2,1,1,0.0,0,0,GRAVE_MORTALIDAD,2,1
6,1,0.0131781243136393,2,4,1,-9.980643,-76.244816,0,4,7,0,2,-1,-1,2,9936.932,2.0,5,2,1.0,0.340764331210191,0.1266198111135515,3830.0,0.6216164930359083,73.83445245401661,39141.07922912206,8209.057,1333.4779999999996,791.9770000000001,6083.602,1059.8589999999997,7149.198,12.910849565303296,2,0,0,26.0,17.0,35.0,1.0,1.0,0.0,1.0,2,0,0.0,1.0,0.0,1.0,1.0,0.0,1.0,0.0,1.0,1.0,0,0,0,0,0,0,0,13,2,2021,6,24,3,0,1,2,2,0,1,0.0,0,0,LEVE,0,4
0,0,0.0821436415550186,0,4,1,-14.674477,-70.366127,0,4,7,0,2,-1,-1,4,1761.8050000000003,2.0,5,2,1.0,0.005820338238524,0.005820338238524,410.0,0.2623754846886306,66.47865021821245,15453.085653104928,13642.312999999998,2020.7790000000005,2354.117,9267.416999999998,3314.0520000000006,10328.260999999997,24.29244952817019,1,0,1,36.0,36.0,36.0,1.0,0.0,0.0,0.0,1,0,0.0,0.0,0.0,1.0,0.0,0.0,1.0,1.0,1.0,0.0,0,0,0,0,0,0,0,17,2,2021,6,24,3,0,1,2,2,0,1,0.0,0,0,LEVE,0,4
3,0,0.2105205359103887,2,3,4,-12.037300048041462,-76.93201594492336,5,0,7,0,2,-1,-1,0,6543.555,2.0,-1,-1,1.0,0.4495936745003294,0.4495936745003294,1198.0,0.6868549636939637,79.62363164345142,684921.8484148846,7626.313,1683.4029999999998,1599.0829999999996,4343.827000000001,1814.875,5811.438000000001,23.7975414856432,2,0,0,26.5,21.0,32.0,1.0,0.0,0.0,0.0,2,0,0.0,0.0,0.0,1.0,1.0,0.0,1.0,1.0,1.0,0.0,1,1,1,1,0,0,0,18,3,2021,6,24,3,0,1,0,2,0,1,0.0,0,0,LEVE,0,0
3,2,0.0475510652317153,2,4,1,-14.056365,-75.708581,0,0,7,0,2,-1,-1,0,583.2950000000001,1.0,-1,1,0.0,0.340764331210191,0.1266198111135515,248.0,0.616344289610642,80.7965682315964,54312.19271948608,3721.461,698.1859999999996,744.866,2278.409,1102.9029999999996,2618.558,29.636290693359403,2,0,0,27.0,27.0,27.0,1.0,1.0,0.0,0.0,2,0,0.0,1.0,0.0,1.0,1.0,0.0,1.0,0.0,1.0,0.0,0,0,0,0,0,0,0,19,3,2021,6,24,3,0,1,0,2,0,1,0.0,0,0,LEVE,0,7