CLASE SINIESTRO,CANTIDAD DE VEHICULOS DAÑADOS,DEPARTAMENTO,ZONA,TIPO DE VÍA,RED VIAL,COORDENADAS LATITUD,COORDENADAS  LONGITUD,CONDICIÓN CLIMÁTICA,ZONIFICACIÓN,CARACTERÍSTICAS DE VÍA,PERFIL LONGITUDINAL VÍA,SUPERFICIE DE CALZADA,¿EXISTE SEÑAL VERTICAL?,¿EXISTE SEÑAL HORIZONTAL?,CAUSA FACTOR PRINCIPAL,MTC_RVN_LONGITUD_KM,MTC_RVN_N_CARRILES_MEDIANA,MTC_RVN_SUPERFICIE_DOMINANTE,MTC_RVN_ESTADO_DOMINANTE,MTC_RVN_ES_CONCESIONADA,MTC_RVN_CONCESION_PRINCIPAL,MTC_RVN_CORREDOR_LOGISTICO,MTC_RVN_N_TRAMOS,IDH_2019,IDH_ESP_VIDA_2019,IDH_POBLACION_2019,MTC_DEP_RED_TOTAL_KM,MTC_DEP_NACIONAL_TOTAL_KM,MTC_DEP_DEPARTAMENTAL_TOTAL_KM,MTC_DEP_VECINAL_TOTAL_KM,MTC_DEP_PAV_TOTAL_KM,MTC_DEP_NO_PAV_TOTAL_KM,MTC_DEP_PCT_PAVIMENTADA,PER_N_CONDUCTORES,PER_N_CONDUCTORES_FUGADOS,PER_N_PEATONES,PER_EDAD_COND_PROM,PER_EDAD_COND_MIN,PER_EDAD_COND_MAX,PER_ANY_COND_MASCULINO,PER_ANY_LIC_PROBLEMA,PER_ANY_DOSAJE_POS,PER_ANY_DOSAJE_EVALUADO,VEH_TOTAL,VEH_N_FUGADOS,VEH_ANY_FUGADO,VEH_ANY_CARGA,VEH_ANY_PUBLICO,VEH_ANY_PARTICULAR,VEH_ANY_MOTO,VEH_ANY_AUTO,VEH_ANY_CAMION_BUS,VEH_ANY_SOAT_PROBLEMA,VEH_ANY_CITV_PROBLEMA,VEH_ANY_SEGURO_PROBLEMA,MTC_RVN_LONGITUD_KM_ERA_NULO,MTC_RVN_N_CARRILES_MEDIANA_ERA_NULO,MTC_RVN_ES_CONCESIONADA_ERA_NULO,MTC_RVN_N_TRAMOS_ERA_NULO,PER_EDAD_COND_PROM_ERA_NULO,PER_EDAD_COND_MIN_ERA_NULO,PER_EDAD_COND_MAX_ERA_NULO,HORA_NUM,FRANJA_HORARIA,ANIO,MES,DIA_MES,DIA_SEMANA,ES_FIN_SEMANA,ES_QUINCENA,REGION_NATURAL,NIVEL_SEÑALIZACION_ORD,ES_VIA_MULTICARRIL,ES_DEPTO_BAJO_PAVIMENTO,RATIO_CONDUCTORES_FUGADOS,ES_CURVA_Y_PENDIENTE,ES_VIA_NO_PAVIMENTADA,CATEGORIA_SEVERIDAD,CATEGORIA_SEVERIDAD_ENC,CLUSTER
3,2,0.2105205359103887,0,4,0,-10.730304082998613,-77.77765093308459,0,4,0,0,2,-1,-1,0,6543.555,2.0,-1,-1,1.0,0.4495936745003294,0.4495936745003294,1198.0,0.6351794046894105,80.8024412070713,74926.62740899358,7626.313,1683.4029999999998,1599.0829999999996,4343.827000000001,1814.875,5811.438000000001,23.7975414856432,2,0,0,33.0,25.0,41.0,1.0,1.0,0.0,0.0,2,0,0.0,1.0,0.0,0.0,1.0,0.0,1.0,0.0,0.0,0.0,1,1,1,1,0,0,0,15,2,2021,7,18,6,1,1,0,2,0,1,0.0,0,0,LEVE,0,0
6,1,0.0933450472216121,0,4,0,-8.152446,-78.172287,0,4,7,0,1,-1,-1,2,6543.555,2.0,-1,-1,1.0,0.4495936745003294,0.4495936745003294,1198.0,0.3206757529914507,75.21333323806027,18794.94860813704,8931.828000000005,1335.5899999999997,1935.9830000000004,5660.255000000005,1219.309,7712.519000000005,13.651281686122925,1,0,0,19.0,19.0,19.0,1.0,0.0,0.0,0.0,1,0,0.0,0.0,0.0,1.0,0.0,1.0,0.0,0.0,1.0,0.0,1,1,1,1,0,0,0,17,2,2021,7,18,6,1,1,0,2,0,1,0.0,0,1,LEVE,0,1
1,1,0.0318471337579617,0,4,0,-9.994870343345976,-77.87472804855625,0,4,0,1,2,-1,-1,0,6543.555,2.0,-1,-1,1.0,0.4495936745003294,0.4495936745003294,1198.0,0.594329796273136,79.51274210494626,25729.80728051392,10767.648,1885.0630000000003,1222.721,7659.864000000001,2100.343,8667.305000000002,19.506051832303577,1,1,1,37.0,33.0,40.0,0.0,0.0,0.0,0.0,1,1,1.0,0.0,0.0,0.0,0.0,0.0,0.0,0.0,0.0,1.0,1,1,1,1,1,1,1,18,3,2021,7,18,6,1,1,0,2,0,1,1.0,1,0,LEVE,0,-1
6,1,0.0597408302218317,0,4,3,-6.609316,-78.772981,0,4,0,1,2,-1,-1,6,6543.555,2.0,-1,-1,1.0,0.4495936745003294,0.4495936745003294,1198.0,0.2536389127171833,69.22493950552092,1251.8415417558886,15935.565011852366,1733.9250000199986,935.692,13265.948011832368,2000.1670000199988,13935.398011832369,12.551591352627522,1,0,0,16.0,16.0,16.0,1.0,1.0,0.0,0.0,1,0,0.0,0.0,0.0,1.0,1.0,0.0,0.0,1.0,0.0,0.0,1,1,1,1,0,0,0,19,3,2021,7,18,6,1,1,2,2,0,1,0.0,1,0,LEVE,0,1
3,0,0.2105205359103887,2,2,4,-11.749137125445165,-76.96752013826908,0,3,7,0,2,-1,-1,2,6543.555,2.0,-1,-1,1.0,0.4495936745003294,0.4495936745003294,1198.0,0.6498693508177541,78.84967382596041,356854.23554603854,7626.313,1683.4029999999998,1599.0829999999996,4343.827000000001,1814.875,5811.438000000001,23.7975414856432,2,0,0,48.0,24.0,72.0,1.0,1.0,0.0,1.0,2,0,0.0,0.0,0.0,1.0,1.0,1.0,0.0,0.0,0.0,0.0,1,1,1,1,0,0,0,19,3,2021,7,18,6,1,1,0,2,0,1,0.0,0,0,LEVE,0,0
5,1,0.2105205359103887,0,4,1,-10.92706561404527,-77.6518670560507,6,5,6,-1,6,-1,-1,0,6543.555,3.0,5,2,1.0,0.1133318690972984,0.1133318690972984,1475.0,0.6058977644686256,75.86009868534626,26242.524625267662,7626.313,1683.4029999999998,1599.0829999999996,4343.827000000001,1814.875,5811.438000000001,23.7975414856432,1,0,0,20.0,20.0,20.0,1.0,1.0,0.0,0.0,1,0,0.0,0.0,0.0,1.0,1.0,0.0,0.0,0.0,0.0,0.0,0,0,0,0,0,0,0,19,3,2021,7,18,6,1,1,0,2,1,1,0.0,0,0,LEVE,0,0
1,0,0.0766527564243356,2,4,1,-16.3122898,-71.6097602,0,0,7,1,2,0,1,0,1504.4250000000002,2.0,5,2,1.0,0.0252580716011421,0.0230617175488688,241.0,0.6411767862503931,77.2408324916572,193412.3169164882,10322.272,1495.236,1749.739,7077.2970000000005,2886.595,7435.677000000001,27.964725207783708,0,0,1,37.0,33.0,40.0,1.0,0.0,0.0,0.0,1,1,1.0,0.0,0.0,0.0,0.0,0.0,0.0,0.0,0.0,0.0,0,0,0,0,1,1,1,23,3,2021,7,18,6,1,1,0,1,0,1,0.0,0,0,LEVE,0,4
6,1,0.0597408302218317,2,4,1,-7.16536638,-78.4903542,0,1,7,0,2,-1,-1,2,2760.8550000000005,1.0,-1,1,0.0,0.340764331210191,0.1266198111135515,1208.0,0.6070175276741574,73.19224654097276,257380.9443254818,15935.565011852366,1733.9250000199986,935.692,13265.948011832368,2000.1670000199988,13935.398011832369,12.551591352627522,1,0,0,37.0,33.0,40.0,0.0,0.0,0.0,0.0,1,0,0.0,0.0,0.0,1.0,1.0,0.0,0.0,0.0,0.0,0.0,0,0,0,0,1,1,1,4,0,2021,7,19,0,0,1,2,2,0,1,0.0,0,0,LEVE,0,1
1,1,0.0131781243136393,0,4,1,-10.076634,-76.218674,0,4,7,0,2,-1,-1,0,9936.932,2.0,5,2,1.0,0.340764331210191,0.1266198111135515,3830.0,0.4099761862104573,75.21754572690584,5708.92505353319,8209.057,1333.4779999999996,791.9770000000001,6083.602,1059.8589999999997,7149.198,12.910849565303296,1,1,1,37.0,33.0,40.0,0.0,0.0,0.0,0.0,1,1,1.0,0.0,0.0,0.0,0.0,0.0,0.0,0.0,0.0,1.0,0,0,0,0,1,1,1,8,1,2021,7,19,0,0,1,2,2,0,1,1.0,0,0,LEVE,0,4
3,3,0.0933450472216121,0,4,1,-7.414561,-79.549833,0,4,7,0,2,-1,-1,2,6543.555,3.0,5,2,1.0,0.1133318690972984,0.1133318690972984,1475.0,0.5968586479601472,81.56479096531379,27553.95503211992,8931.828000000005,1335.5899999999997,1935.9830000000004,5660.255000000005,1219.309,7712.519000000005,13.651281686122925,3,0,0,41.66666666666666,35.0,54.0,1.0,1.0,0.0,0.0,3,0,0.0,0.0,0.0,1.0,1.0,1.0,1.0,0.0,0.0,0.0,0,0,0,0,0,0,0,8,1,2021,7,19,0,0,1,0,2,1,1,0.0,0,0,LEVE,0,1
2,1,0.0153744783659125,2,4,1,-11.944257565480138,-77.13135089364027,0,2,7,0,2,1,1,2,139.23,-1.0,5,2,0.0,0.340764331210191,0.1266198111135515,69.0,0.5563774842369664,77.00938809632027,27932.19700214133,51.58600000000001,44.68700000000001,6.899000000000001,0.0,49.838000000000015,1.748,96.61148373589734,1,0,0,37.0,37.0,37.0,1.0,0.0,0.0,0.0,1,0,0.0,0.0,1.0,0.0,0.0,0.0,1.0,0.0,0.0,0.0,0,0,0,0,0,0,0,11,1,2021,7,19,0,0,1,2,2,0,0,0.0,0,0,LEVE,0,0
3,2,0.0318471337579617,0,4,1,-8.65878291287488,-78.26001658413668,0,4,0,1,2,-1,-1,0,339.39500000000004,2.0,5,1,0.0,0.340764331210191,0.0003294531078409,100.0,0.6138280897610826,78.84695742989106,196830.83083511773,10767.648,1885.0630000000003,1222.721,7659.864000000001,2100.343,8667.305000000002,19.506051832303577,2,0,0,32.0,24.0,40.0,1.0,1.0,0.0,1.0,2,0,0.0,0.0,0.0,1.0,1.0,1.0,0.0,0.0,0.0,0.0,0,0,0,0,0,0,0,16,2,2021,7,19,0,0,1,0,2,0,1,0.0,1,0,LEVE,0,-1
0,1,0.0037338018888644,2,4,1,-17.674146,-71.362063,0,0,7,1,2,1,0,2,1926.94,2.0,5,2,1.0,0.340764331210191,0.1266198111135515,393.0,0.6831569654189188,78.20298093881752,68663.72805139187,2949.174,470.28500000000025,903.055,1575.834,866.4460000000004,2082.728,29.37927704503025,1,0,1,34.0,34.0,34.0,1.0,1.0,0.0,0.0,1,0,0.0,0.0,0.0,1.0,0.0,1.0,0.0,0.0,0.0,0.0,0,0,0,0,0,0,0,19,3,2021,7,19,0,0,1,0,1,0,1,0.0,0,0,LEVE,0,36
6,1,0.0131781243136393,0,4,0,-9.925061,-76.36229,0,4,0,1,1,-1,-1,2,6543.555,2.0,-1,-1,1.0,0.4495936745003294,0.4495936745003294,1198.0,0.5563774842369664,77.00938809632027,27932.19700214133,8209.057,1333.4779999999996,791.9770000000001,6083.602,1059.8589999999997,7149.198,12.910849565303296,1,0,0,34.0,34.0,34.0,1.0,0.0,0.0,1.0,1,0,0.0,1.0,0.0,0.0,0.0,0.0,1.0,0.0,1.0,0.0,1,1,1,1,0,0,0,23,3,2021,7,19,0,0,1,2,2,0,1,0.0,1,1,LEVE,0,4
0,0,0.2105205359103887,2,2,4,-11.98885388113522,-77.05678408991467,0,3,1,0,2,-1,-1,6,6543.555,2.0,-1,-1,1.0,0.4495936745003294,0.4495936745003294,1198.0,0.6853375063928137,80.04346891299102,217176.83083511773,7626.313,1683.4029999999998,1599.0829999999996,4343.827000000001,1814.875,5811.438000000001,23.7975414856432,1,0,1,53.0,53.0,53.0,1.0,1.0,0.0,0.0,1,0,0.0,0.0,0.0,1.0,0.0,0.0,1.0,0.0,0.0,0.0,1,1,1,1,0,0,0,10,1,2021,7,21,2,0,1,0,2,0,1,0.0,0,0,LEVE,0,0
3,0,0.2105205359103887,2,4,1,-11.996599900441687,-77.1126382063782,0,3,7,0,2,-1,-1,2,50.53,2.0,5,1,1.0,0.340764331210191,0.1266198111135515,128.0,0.7419979630670723,80.31822295927182,739416.2413542903,7626.313,1683.4029999999998,1599.0829999999996,4343.827000000001,1814.875,5811.438000000001,23.7975414856432,2,0,2,35.5,33.0,38.0,1.0,1.0,0.0,1.0,2,0,0.0,0.0,1.0,1.0,0.0,1.0,1.0,0.0,0.0,0.0,0,0,0,0,0,0,0,13,2,2021,7,21,2,0,1,0,2,0,1,0.0,0,0,GRAVE_MORTALIDAD,2,0
3,2,0.0766527564243356,2,4,2,-16.3632625,-72.1897345,0,3,1,1,2,-1,-1,0,6543.555,2.0,-1,-1,1.0,0.4495936745003294,0.4495936745003294,1198.0,0.6077843615696785,76.53072135400231,74658.55888650964,10322.272,1495.236,1749.739,7077.2970000000005,2886.595,7435.677000000001,27.964725207783708,2,0,0,28.5,21.0,36.0,1.0,1.0,0.0,0.0,2,0,0.0,1.0,0.0,1.0,1.0,0.0,1.0,0.0,1.0,0.0,1,1,1,1,0,0,0,13,2,2021,7,21,2,0,1,0,2,0,1,0.0,0,0,LEVE,0,4
0,1,0.0153744783659125,2,4,1,-12.044608902861452,-77.12655512713319,0,2,7,0,2,1,1,4,139.23,-1.0,5,2,0.0,0.340764331210191,0.1266198111135515,69.0,0.5563774842369664,77.00938809632027,27932.19700214133,51.58600000000001,44.68700000000001,6.899000000000001,0.0,49.838000000000015,1.748,96.61148373589734,1,0,1,36.0,36.0,36.0,1.0,0.0,0.0,0.0,1,0,0.0,0.0,0.0,1.0,0.0,1.0,0.0,0.0,0.0,0.0,0,0,0,0,0,0,0,4,0,2021,7,22,3,0,1,2,2,0,0,0.0,0,0,LEVE,0,0
6,1,0.0902701515484296,0,4,1,-13.60481,-71.05254,0,4,7,0,2,1,1,2,3263.58,2.0,5,2,1.0,0.0080166922907972,0.0080166922907972,566.0,0.2049706052549527,63.12869858831351,4199.537473233405,17779.13499998999,2097.37099999,2863.123,12818.640999999989,2878.713,14900.421999989989,16.19152450331032,1,0,0,26.0,26.0,26.0,1.0,1.0,0.0,0.0,1,0,0.0,0.0,0.0,1.0,1.0,0.0,0.0,0.0,0.0,0.0,0,0,0,0,0,0,0,5,0,2021,7,22,3,0,1,2,2,0,1,0.0,0,0,LEVE,0,4
3,2,0.0497474192839885,0,4,1,-5.5149555,-80.8180217,0,4,7,0,2,1,1,0,453.9549999999999,2.0,5,1,0.0,0.340764331210191,0.1266198111135515,133.0,0.4860724693701166,72.15814961491549,48691.10064239828,8965.846000060003,1782.4120000599992,636.9959999999999,6546.438000000004,2214.505000059999,6751.341000000004,24.699342371541725,2,0,0,43.5,33.0,54.0,1.0,1.0,1.0,1.0,2,0,0.0,1.0,0.0,1.0,1.0,0.0,1.0,1.0,0.0,0.0,0,0,0,0,0,0,0,5,0,2021,7,22,3,0,1,0,2,0,1,0.0,0,0,LEVE,0,3
0,0,0.2105205359103887,2,2,4,-12.033012461127711,-76.93837525187416,0,3,1,0,2,-1,-1,2,6543.555,2.0,-1,-1,1.0,0.4495936745003294,0.4495936745003294,1198.0,0.6868549636939637,79.62363164345142,684921.8484148846,7626.313,1683.4029999999998,1599.0829999999996,4343.827000000001,1814.875,5811.438000000001,23.7975414856432,1,0,1,31.0,31.0,31.0,1.0,0.0,0.0,1.0,1,0,0.0,0.0,0.0,1.0,0.0,1.0,0.0,0.0,0.0,0.0,1,1,1,1,0,0,0,15,2,2021,7,22,3,0,1,0,2,0,1,0.0,0,0,LEVE,0,0
6,1,0.006479244454206,0,4,2,-10.44022427507388,-76.1960974389186,6,5,6,-1,6,-1,-1,0,6543.555,2.0,-1,-1,1.0,0.4495936745003294,0.4495936745003294,1198.0,0.4981285444456174,73.76548557317464,7859.077087794432,3677.119863,564.5869999999999,910.845,2201.687863000001,590.8779999999998,3086.2418630000006,16.06904376290656,1,0,0,24.0,24.0,24.0,1.0,0.0,0.0,0.0,1,0,0.0,0.0,0.0,1.0,1.0,0.0,0.0,1.0,0.0,0.0,1,1,1,1,0,0,0,18,3,2021,7,22,3,0,1,2,2,0,1,0.0,0,0,LEVE,0,4
3,2,0.2105205359103887,0,4,1,-10.679559589668054,-77.7163400820985,5,4,7,0,2,-1,-1,0,1031.172,-1.0,-1,2,0.0,0.340764331210191,0.1266198111135515,405.0,0.6089995249782627,83.27989923505345,19807.916488222698,7626.313,1683.4029999999998,1599.0829999999996,4343.827000000001,1814.875,5811.438000000001,23.7975414856432,2,0,0,42.0,35.0,49.0,1.0,0.0,0.0,1.0,2,0,0.0,1.0,0.0,1.0,0.0,1.0,1.0,0.0,0.0,0.0,0,0,0,0,0,0,0,21,3,2021,7,22,3,0,1,0,2,0,1,0.0,0,0,LEVE,0,0
6,1,0.0766527564243356,0,4,1,-16.65850694762996,-72.62754665518834,0,4,2,1,2,-1,-1,0,6639.975,2.0,5,2,1.0,0.340764331210191,0.074236766966835,1616.0,0.6438160463426852,84.71218617950387,16526.967880085653,10322.272,1495.236,1749.739,7077.2970000000005,2886.595,7435.677000000001,27.964725207783708,1,0,0,40.0,40.0,40.0,1.0,0.0,0.0,0.0,1,0,0.0,0.0,1.0,0.0,0.0,0.0,1.0,0.0,0.0,0.0,0,0,0,0,0,0,0,23,3,2021,7,22,3,0,1,0,2,0,1,0.0,0,0,LEVE,0,4
6,1,0.0045025258071601,2,6,4,-8.37840439214574,-74.5382397939836,0,0,7,0,4,0,1,2,6543.555,2.0,-1,-1,1.0,0.4495936745003294,0.4495936745003294,1198.0,0.5634769861561197,73.0016356967691,126065.34475374733,2689.139,392.697,1311.5319999999997,984.91,261.598,2427.541,9.727946379863592,1,0,0,22.0,22.0,22.0,1.0,0.0,0.0,0.0,1,0,0.0,0.0,0.0,1.0,1.0,0.0,0.0,0.0,0.0,0.0,1,1,1,1,0,0,0,5,0,2021,7,23,4,0,1,1,1,0,1,0.0,0,0,LEVE,0,18
0,1,0.0933450472216121,0,4,1,-7.17782,-79.437801,0,0,7,0,2,-1,-1,2,6543.555,3.0,5,2,1.0,0.1133318690972984,0.1133318690972984,1475.0,0.5114727232493018,78.60606800160349,24701.19700214133,8931.828000000005,1335.5899999999997,1935.9830000000004,5660.255000000005,1219.309,7712.519000000005,13.651281686122925,1,0,1,23.0,23.0,23.0,1.0,1.0,0.0,0.0,1,0,0.0,0.0,0.0,1.0,1.0,0.0,0.0,1.0,0.0,0.0,0,0,0,0,0,0,0,4,0,2021,7,24,5,1,1,0,2,1,1,0.0,0,0,LEVE,0,1
6,0,0.2105205359103887,2,4,1,-12.161923483339992,-76.98217035419115,0,3,7,0,2,-1,-1,2,6639.975,2.0,5,2,1.0,0.340764331210191,0.074236766966835,1616.0,0.7289998534947872,80.50926319493618,384728.5117773019,7626.313,1683.4029999999998,1599.0829999999996,4343.827000000001,1814.875,5811.438000000001,23.7975414856432,1,0,1,27.0,27.0,27.0,1.0,1.0,0.0,1.0,1,0,0.0,0.0,0.0,0.0,0.0,0.0,1.0,0.0,0.0,0.0,0,0,0,0,0,0,0,7,1,2021,7,24,5,1,1,0,2,0,1,0.0,0,0,LEVE,0,0
6,1,0.0933450472216121,0,4,1,-7.879601,-78.115746,0,4,7,0,2,-1,-1,2,9936.932,2.0,5,2,1.0,0.340764331210191,0.1266198111135515,3830.0,0.3986882084754764,72.97869269132666,69564.29978586723,8931.828000000005,1335.5899999999997,1935.9830000000004,5660.255000000005,1219.309,7712.519000000005,13.651281686122925,1,0,0,71.0,71.0,71.0,1.0,0.0,0.0,0.0,1,0,0.0,0.0,0.0,1.0,0.0,1.0,0.0,0.0,1.0,0.0,0,0,0,0,0,0,0,11,1,2021,7,24,5,1,1,0,2,0,1,0.0,0,0,GRAVE_MORTALIDAD,2,1
3,0,0.2105205359103887,2,4,1,-11.7697199377438,-76.9776987730433,0,4,7,0,2,-1,-1,2,1084.715,2.0,5,1,0.0,0.340764331210191,0.0016472655392049,1025.0,0.6498693508177541,78.84967382596041,356854.23554603854,7626.313,1683.4029999999998,1599.0829999999996,4343.827000000001,1814.875,5811.438000000001,23.7975414856432,2,0,0,42.0,35.0,49.0,1.0,0.0,0.0,1.0,2,0,0.0,0.0,0.0,1.0,1.0,0.0,1.0,0.0,1.0,0.0,0,0,0,0,0,0,0,16,2,2021,7,24,5,1,1,0,2,0,1,0.0,0,0,LEVE,0,0
3,2,0.0766527564243356,0,4,1,-16.4900947,-71.8785765,0,4,0,1,2,0,1,0,6639.975,2.0,5,2,1.0,0.340764331210191,0.074236766966835,1616.0,0.6105481451420971,78.10653088113892,35025.678800856535,10322.272,1495.236,1749.739,7077.2970000000005,2886.595,7435.677000000001,27.964725207783708,2,1,0,22.0,22.0,22.0,1.0,1.0,0.0,0.0,2,1,1.0,0.0,0.0,1.0,1.0,0.0,0.0,0.0,0.0,0.0,0,0,0,0,0,0,0,16,2,2021,7,24,5,1,1,0,1,0,1,0.5,1,0,LEVE,0,4
1,0,0.0821436415550186,0,4,0,-16.25049676544932,-69.0628844972651,0,4,7,0,2,0,1,0,6543.555,2.0,-1,-1,1.0,0.4495936745003294,0.4495936745003294,1198.0,0.4165447461855686,74.77127585660097,23516.528907922908,13642.312999999998,2020.7790000000005,2354.117,9267.416999999998,3314.0520000000006,10328.260999999997,24.29244952817019,1,1,1,37.0,33.0,40.0,0.0,0.0,0.0,0.0,1,1,1.0,0.0,0.0,0.0,0.0,0.0,0.0,0.0,0.0,1.0,1,1,1,1,1,1,1,18,3,2021,7,24,5,1,1,2,1,0,1,1.0,0,0,LEVE,0,4
0,0,0.0153744783659125,2,2,4,-11.989217770835008,-77.13327621323725,0,3,7,0,2,-1,-1,4,6543.555,2.0,-1,-1,1.0,0.4495936745003294,0.4495936745003294,1198.0,0.5563774842369664,77.00938809632027,27932.19700214133,51.58600000000001,44.68700000000001,6.899000000000001,0.0,49.838000000000015,1.748,96.61148373589734,1,0,1,30.0,30.0,30.0,1.0,0.0,0.0,0.0,1,0,0.0,1.0,0.0,0.0,0.0,0.0,1.0,0.0,0.0,0.0,1,1,1,1,0,0,0,21,3,2021,7,24,5,1,1,2,2,0,0,0.0,0,0,LEVE,0,0
3,2,0.0420601801010322,0,4,1,-11.133637,-75.991793,0,4,3,0,4,-1,-1,2,9936.932,2.0,5,2,1.0,0.340764331210191,0.1266198111135515,3830.0,0.4881320822942266,69.77252062725891,6833.000000000002,12264.545,1826.4639999999995,1105.5389999999998,9332.542,1588.5359999999996,10676.009,12.952261987705208,2,0,0,46.5,32.0,61.0,1.0,1.0,0.0,1.0,2,0,0.0,0.0,0.0,1.0,1.0,1.0,0.0,0.0,1.0,0.0,0,0,0,0,0,0,0,1,0,2021,7,25,6,1,1,2,2,0,1,0.0,0,0,LEVE,0,4
3,2,0.0161432022842082,0,4,1,-17.912879,-70.25429,4,4,7,0,2,-1,-1,2,1139.285,1.0,-1,1,0.0,0.340764331210191,0.1266198111135515,176.0,0.5247346827766403,77.18848313096647,37523.97002141328,2650.572,630.6729999999998,487.3610000000001,1532.5379999999998,1068.7019999999998,1581.87,40.31967439480987,2,1,0,36.0,36.0,36.0,1.0,0.0,0.0,0.0,2,0,0.0,1.0,0.0,0.0,0.0,0.0,1.0,0.0,0.0,0.0,0,0,0,0,0,0,0,4,0,2021,7,25,6,1,1,0,2,0,1,0.5,0,0,LEVE,0,15
0,0,0.0766527564243356,2,3,4,-16.324676,-71.610712,0,3,7,0,2,-1,-1,0,6543.555,2.0,-1,-1,1.0,0.4495936745003294,0.4495936745003294,1198.0,0.6411767862503931,77.2408324916572,193412.3169164882,10322.272,1495.236,1749.739,7077.2970000000005,2886.595,7435.677000000001,27.964725207783708,1,0,1,55.0,55.0,55.0,1.0,0.0,0.0,0.0,1,0,0.0,1.0,0.0,0.0,0.0,0.0,1.0,0.0,0.0,0.0,1,1,1,1,0,0,0,10,1,2021,7,25,6,1,1,0,2,0,1,0.0,0,0,LEVE,0,4
10,1,0.0597408302218317,0,4,3,-6.73783804,-79.07124715,0,4,0,1,1,-1,-1,0,6543.555,2.0,-1,-1,1.0,0.4495936745003294,0.4495936745003294,1198.0,0.4107408298364635,70.5613358502723,9468.56102783726,15935.565011852366,1733.9250000199986,935.692,13265.948011832368,2000.1670000199988,13935.398011832369,12.551591352627522,1,0,0,51.0,51.0,51.0,1.0,0.0,0.0,0.0,1,0,0.0,0.0,0.0,1.0,1.0,0.0,0.0,1.0,1.0,0.0,1,1,1,1,0,0,0,14,2,2021,7,25,6,1,1,2,2,0,1,0.0,1,1,LEVE,0,1
6,1,0.0193279156600043,0,4,1,-13.36776,-75.753572,0,4,5,1,2,-1,-1,0,1482.81,1.0,-1,1,0.0,0.340764331210191,0.0020865363496595,270.0,0.3411173070312999,59.28231177702783,1172.0728051391864,8511.426,1445.3929999999996,2008.516,5057.516999999999,1879.579,6631.846999999998,22.08300935706896,1,0,0,37.0,37.0,37.0,1.0,0.0,0.0,0.0,1,0,0.0,0.0,0.0,1.0,1.0,0.0,0.0,0.0,1.0,0.0,0,0,0,0,0,0,0,16,2,2021,7,25,6,1,1,2,2,0,1,0.0,1,0,LEVE,0,-1
1,1,0.2105205359103887,0,4,2,-11.464279199986075,-77.14083009373078,6,5,6,-1,6,-1,-1,0,6543.555,2.0,-1,-1,1.0,0.4495936745003294,0.4495936745003294,1198.0,0.6447048661877788,79.92873744030881,104439.11563169166,7626.313,1683.4029999999998,1599.0829999999996,4343.827000000001,1814.875,5811.438000000001,23.7975414856432,0,0,1,37.0,33.0,40.0,1.0,0.0,0.0,0.0,1,1,1.0,0.0,0.0,0.0,0.0,0.0,0.0,0.0,0.0,0.0,1,1,1,1,1,1,1,20,3,2021,7,25,6,1,1,0,2,0,1,0.0,0,0,LEVE,0,0
3,2,0.0821436415550186,0,4,1,-15.542887851004048,-70.11173133097323,7,4,7,0,2,-1,-1,2,7586.903,2.0,5,2,1.0,0.340764331210191,0.067428069404788,1198.0,0.3646929504779869,74.39003066237748,5552.2119914346895,13642.312999999998,2020.7790000000005,2354.117,9267.416999999998,3314.0520000000006,10328.260999999997,24.29244952817019,2,0,0,27.0,26.0,28.0,1.0,0.0,0.0,0.0,2,0,0.0,0.0,0.0,1.0,0.0,1.0,0.0,0.0,1.0,1.0,0,0,0,0,0,0,0,22,3,2021,7,25,6,1,1,2,2,0,1,0.0,0,0,GRAVE_LESIONADOS,1,4
6,1,0.0131781243136393,0,4,0,-9.865217,-76.18641,0,4,0,1,1,-1,-1,2,6543.555,2.0,-1,-1,1.0,0.4495936745003294,0.4495936745003294,1198.0,0.5893214510137008,71.4447473575629,93514.90364025696,8209.057,1333.4779999999996,791.9770000000001,6083.602,1059.8589999999997,7149.198,12.910849565303296,1,0,0,21.0,21.0,21.0,1.0,1.0,0.0,1.0,1,0,0.0,0.0,1.0,0.0,1.0,0.0,0.0,0.0,1.0,0.0,1,1,1,1,0,0,0,4,0,2021,7,26,0,0,1,2,2,0,1,0.0,1,1,GRAVE_MORTALIDAD,2,4
1,0,0.2105205359103887,2,4,1,-12.27417798072395,-76.89269725178508,0,0,7,0,2,-1,-1,2,6639.975,2.0,5,2,1.0,0.340764331210191,0.074236766966835,1616.0,0.6909236767275176,78.41626133969348,95908.53319057816,7626.313,1683.4029999999998,1599.0829999999996,4343.827000000001,1814.875,5811.438000000001,23.7975414856432,1,1,1,37.0,33.0,40.0,0.0,0.0,0.0,0.0,1,1,1.0,0.0,0.0,0.0,0.0,0.0,0.0,0.0,0.0,1.0,0,0,0,0,1,1,1,5,0,2021,7,26,0,0,1,0,2,0,1,1.0,0,0,LEVE,0,0
2,1,0.0475510652317153,0,4,0,-14.2133552,-75.0935328,0,4,5,0,7,-1,-1,0,6543.555,2.0,-1,-1,1.0,0.4495936745003294,0.4495936745003294,1198.0,0.5964318742532322,80.821058385652,1742.175588865096,3721.461,698.1859999999996,744.866,2278.409,1102.9029999999996,2618.558,29.636290693359403,1,0,0,42.0,42.0,42.0,1.0,0.0,0.0,0.0,1,0,0.0,1.0,0.0,0.0,0.0,0.0,1.0,0.0,0.0,0.0,1,1,1,1,0,0,0,14,2,2021,7,26,0,0,1,0,2,0,1,0.0,0,1,LEVE,0,-1