CLASE SINIESTRO,CANTIDAD DE VEHICULOS DAÑADOS,DEPARTAMENTO,ZONA,TIPO DE VÍA,RED VIAL,COORDENADAS LATITUD,COORDENADAS  LONGITUD,CONDICIÓN CLIMÁTICA,ZONIFICACIÓN,CARACTERÍSTICAS DE VÍA,PERFIL LONGITUDINAL VÍA,SUPERFICIE DE CALZADA,¿EXISTE SEÑAL VERTICAL?,¿EXISTE SEÑAL HORIZONTAL?,CAUSA FACTOR PRINCIPAL,MTC_RVN_LONGITUD_KM,MTC_RVN_N_CARRILES_MEDIANA,MTC_RVN_SUPERFICIE_DOMINANTE,MTC_RVN_ESTADO_DOMINANTE,MTC_RVN_ES_CONCESIONADA,MTC_RVN_CONCESION_PRINCIPAL,MTC_RVN_CORREDOR_LOGISTICO,MTC_RVN_N_TRAMOS,IDH_2019,IDH_ESP_VIDA_2019,IDH_POBLACION_2019,MTC_DEP_RED_TOTAL_KM,MTC_DEP_NACIONAL_TOTAL_KM,MTC_DEP_DEPARTAMENTAL_TOTAL_KM,MTC_DEP_VECINAL_TOTAL_KM,MTC_DEP_PAV_TOTAL_KM,MTC_DEP_NO_PAV_TOTAL_KM,MTC_DEP_PCT_PAVIMENTADA,PER_N_CONDUCTORES,PER_N_CONDUCTORES_FUGADOS,PER_N_PEATONES,PER_EDAD_COND_PROM,PER_EDAD_COND_MIN,PER_EDAD_COND_MAX,PER_ANY_COND_MASCULINO,PER_ANY_LIC_PROBLEMA,PER_ANY_DOSAJE_POS,PER_ANY_DOSAJE_EVALUADO,VEH_TOTAL,VEH_N_FUGADOS,VEH_ANY_FUGADO,VEH_ANY_CARGA,VEH_ANY_PUBLICO,VEH_ANY_PARTICULAR,VEH_ANY_MOTO,VEH_ANY_AUTO,VEH_ANY_CAMION_BUS,VEH_ANY_SOAT_PROBLEMA,VEH_ANY_CITV_PROBLEMA,VEH_ANY_SEGURO_PROBLEMA,MTC_RVN_LONGITUD_KM_ERA_NULO,MTC_RVN_N_CARRILES_MEDIANA_ERA_NULO,MTC_RVN_ES_CONCESIONADA_ERA_NULO,MTC_RVN_N_TRAMOS_ERA_NULO,PER_EDAD_COND_PROM_ERA_NULO,PER_EDAD_COND_MIN_ERA_NULO,PER_EDAD_COND_MAX_ERA_NULO,HORA_NUM,FRANJA_HORARIA,ANIO,MES,DIA_MES,DIA_SEMANA,ES_FIN_SEMANA,ES_QUINCENA,REGION_NATURAL,NIVEL_SEÑALIZACION_ORD,ES_VIA_MULTICARRIL,ES_DEPTO_BAJO_PAVIMENTO,RATIO_CONDUCTORES_FUGADOS,ES_CURVA_Y_PENDIENTE,ES_VIA_NO_PAVIMENTADA,CATEGORIA_SEVERIDAD,CATEGORIA_SEVERIDAD_ENC,CLUSTER
3,1,0.0161432022842082,0,4,1,-17.78209,-69.96217,6,5,6,-1,6,-1,-1,0,800.5849999999999,2.0,5,2,0.0,0.340764331210191,0.1266198111135515,395.0,0.5200597875929114,75.48128825556356,1891.687366167024,2650.572,630.6729999999998,487.3610000000001,1532.5379999999998,1068.7019999999998,1581.87,40.31967439480987,2,0,0,50.0,42.0,58.0,1.0,1.0,0.0,0.0,2,0,0.0,0.0,0.0,1.0,1.0,0.0,0.0,0.0,1.0,1.0,0,0,0,0,0,0,0,13,2,2021,10,13,2,0,0,0,2,0,1,0.0,0,0,LEVE,0,9
6,1,0.0318471337579617,0,4,0,-9.13466040726226,-77.53918638598626,0,4,7,1,2,-1,-1,0,6543.555,2.0,-1,-1,1.0,0.4495936745003294,0.4495936745003294,1198.0,0.2462312605541274,85.0,2771.289079229122,10767.648,1885.0630000000003,1222.721,7659.864000000001,2100.343,8667.305000000002,19.506051832303577,1,0,0,26.0,26.0,26.0,1.0,0.0,0.0,0.0,1,0,0.0,0.0,1.0,0.0,1.0,0.0,0.0,0.0,0.0,0.0,1,1,1,1,0,0,0,17,2,2021,10,13,2,0,0,0,2,0,1,0.0,0,0,LEVE,0,20
3,2,0.0821436415550186,2,2,4,-15.826448514566737,-70.0300204229295,0,0,7,0,2,-1,-1,2,6543.555,2.0,-1,-1,1.0,0.4495936745003294,0.4495936745003294,1198.0,0.6488901960567479,69.67312345830231,144745.3597430407,13642.312999999998,2020.7790000000005,2354.117,9267.416999999998,3314.0520000000006,10328.260999999997,24.29244952817019,2,0,1,37.0,22.0,52.0,1.0,0.0,0.0,0.0,2,0,0.0,1.0,0.0,1.0,0.0,1.0,1.0,0.0,0.0,0.0,1,1,1,1,0,0,0,17,2,2021,10,13,2,0,0,2,2,0,1,0.0,0,0,GRAVE_MORTALIDAD,2,4
3,2,0.0351416648363716,2,4,1,-6.792700197413746,-79.86458647590561,0,0,1,0,2,-1,-1,0,6543.555,3.0,5,2,1.0,0.1133318690972984,0.1133318690972984,1475.0,0.6336758582443321,79.57413791335281,284974.83725910063,3459.691,515.0619999999999,689.7280000000001,2254.901,703.3549999999999,2756.336,20.329994788551925,2,0,0,33.5,33.0,34.0,1.0,1.0,0.0,0.0,2,0,0.0,0.0,0.0,1.0,1.0,1.0,0.0,0.0,1.0,1.0,0,0,0,0,0,0,0,21,3,2021,10,13,2,0,0,0,2,1,1,0.0,0,0,LEVE,0,1
6,1,0.0293213265978475,0,4,1,-7.08634749784297,-76.6335848255816,0,4,0,1,2,0,1,2,7758.33400008,2.0,5,2,1.0,0.340764331210191,0.0464528882055787,2133.0,0.5109244470140767,79.0743465376581,646.3297644539614,5645.136,815.0759999999999,965.298,3864.762,1013.406,4631.73,17.95184385283189,1,0,0,26.0,26.0,26.0,1.0,0.0,0.0,1.0,1,0,0.0,0.0,0.0,1.0,1.0,0.0,0.0,0.0,1.0,0.0,0,0,0,0,0,0,0,2,0,2021,10,14,3,0,0,1,1,0,1,0.0,1,0,LEVE,0,12
7,1,0.2105205359103887,2,4,1,-12.26494543869256,-76.90744130881495,0,3,7,0,2,-1,-1,0,6639.975,2.0,5,2,1.0,0.340764331210191,0.074236766966835,1616.0,0.6909236767275176,78.41626133969348,95908.53319057816,7626.313,1683.4029999999998,1599.0829999999996,4343.827000000001,1814.875,5811.438000000001,23.7975414856432,2,0,0,42.0,42.0,42.0,1.0,0.0,0.0,1.0,2,0,0.0,0.0,1.0,1.0,0.0,0.0,1.0,1.0,0.0,0.0,0,0,0,0,0,0,0,8,1,2021,10,14,3,0,0,0,2,0,1,0.0,0,0,LEVE,0,0
3,2,0.0766527564243356,0,4,1,-16.290627,-71.654266,0,4,7,0,2,1,1,0,1504.4250000000002,2.0,5,2,1.0,0.0252580716011421,0.0230617175488688,241.0,0.6005060748875158,78.21704200773246,33335.45824411135,10322.272,1495.236,1749.739,7077.2970000000005,2886.595,7435.677000000001,27.964725207783708,2,0,0,42.0,25.0,59.0,1.0,0.0,0.0,0.0,2,0,0.0,1.0,0.0,0.0,0.0,0.0,1.0,0.0,0.0,0.0,0,0,0,0,0,0,0,15,2,2021,10,14,3,0,0,0,2,0,1,0.0,0,0,GRAVE_LESIONADOS,1,4
3,2,0.0821436415550186,2,4,1,-14.0653303,-70.43374,0,0,7,0,2,-1,-1,2,1761.8050000000003,2.0,5,2,1.0,0.005820338238524,0.005820338238524,410.0,0.4051932975167936,65.49749636446467,13134.7408993576,13642.312999999998,2020.7790000000005,2354.117,9267.416999999998,3314.0520000000006,10328.260999999997,24.29244952817019,2,0,0,53.0,50.0,56.0,1.0,1.0,0.0,0.0,2,0,0.0,0.0,0.0,1.0,1.0,0.0,1.0,1.0,1.0,1.0,0,0,0,0,0,0,0,18,3,2021,10,14,3,0,0,2,2,0,1,0.0,0,0,LEVE,0,4
0,1,0.0497474192839885,2,4,2,-5.567807679145014,-79.52669794244525,0,0,7,1,2,-1,-1,0,6543.555,2.0,-1,-1,1.0,0.4495936745003294,0.4495936745003294,1198.0,0.2117580020098525,65.37756662211437,38712.25053533191,8965.846000060003,1782.4120000599992,636.9959999999999,6546.438000000004,2214.505000059999,6751.341000000004,24.699342371541725,1,0,1,22.0,22.0,22.0,1.0,1.0,0.0,1.0,1,0,0.0,0.0,0.0,1.0,0.0,0.0,1.0,0.0,0.0,0.0,1,1,1,1,0,0,0,18,3,2021,10,14,3,0,0,0,2,0,1,0.0,0,0,LEVE,0,3
3,0,0.2105205359103887,2,2,4,-12.0770213,-77.0103256,0,2,9,1,2,-1,-1,0,6543.555,2.0,-1,-1,1.0,0.4495936745003294,0.4495936745003294,1198.0,0.7141594849782824,79.90829932185413,156887.87152034265,7626.313,1683.4029999999998,1599.0829999999996,4343.827000000001,1814.875,5811.438000000001,23.7975414856432,2,0,0,32.0,32.0,32.0,1.0,0.0,0.0,1.0,2,0,0.0,1.0,0.0,1.0,1.0,0.0,1.0,0.0,1.0,0.0,1,1,1,1,0,0,0,22,3,2021,10,14,3,0,0,0,2,0,1,0.0,0,0,GRAVE_MORTALIDAD,2,0
6,1,0.0821436415550186,2,4,1,-15.486112067198365,-70.12419282206257,0,0,7,0,2,-1,-1,2,7586.903,2.0,5,2,1.0,0.340764331210191,0.067428069404788,1198.0,0.5759734352119,73.55929462493827,232834.39603082248,13642.312999999998,2020.7790000000005,2354.117,9267.416999999998,3314.0520000000006,10328.260999999997,24.29244952817019,1,1,0,37.0,33.0,40.0,0.0,0.0,0.0,0.0,1,0,0.0,0.0,0.0,1.0,1.0,0.0,0.0,1.0,1.0,1.0,0,0,0,0,1,1,1,1,0,2021,10,15,4,0,1,2,2,0,1,1.0,0,0,LEVE,0,4
3,1,0.0766527564243356,0,4,1,-16.411364,-72.235137,7,4,7,0,2,0,1,0,6639.975,2.0,5,2,1.0,0.340764331210191,0.074236766966835,1616.0,0.6077843615696785,76.53072135400231,74658.55888650964,10322.272,1495.236,1749.739,7077.2970000000005,2886.595,7435.677000000001,27.964725207783708,2,0,0,46.5,39.0,54.0,1.0,0.0,0.0,0.0,2,0,0.0,1.0,0.0,1.0,1.0,0.0,1.0,0.0,0.0,0.0,0,0,0,0,0,0,0,8,1,2021,10,15,4,0,1,0,1,0,1,0.0,0,0,LEVE,0,4
3,2,0.0821436415550186,0,4,1,-15.2963057,-69.9679999,0,4,7,0,2,0,1,2,1762.84,2.0,-1,2,0.0,0.340764331210191,0.1266198111135515,485.0,0.3120136684565522,74.56643070176949,12390.518201284798,13642.312999999998,2020.7790000000005,2354.117,9267.416999999998,3314.0520000000006,10328.260999999997,24.29244952817019,2,0,0,38.5,36.0,41.0,1.0,0.0,0.0,0.0,2,0,0.0,0.0,0.0,1.0,0.0,0.0,1.0,1.0,1.0,1.0,0,0,0,0,0,0,0,10,1,2021,10,15,4,0,1,2,1,0,1,0.0,0,0,LEVE,0,4
3,2,0.0933450472216121,0,4,1,-7.966566,-78.638102,0,4,0,1,2,-1,-1,2,610.6099999999999,2.0,5,2,1.0,0.0133977597188666,0.0065890621568196,100.0,0.3809823047796905,74.4473973089921,26695.141327623125,8931.828000000005,1335.5899999999997,1935.9830000000004,5660.255000000005,1219.309,7712.519000000005,13.651281686122925,2,1,0,34.5,25.0,44.0,1.0,0.0,0.0,0.0,2,0,0.0,1.0,0.0,1.0,0.0,1.0,1.0,0.0,1.0,0.0,0,0,0,0,0,0,0,16,2,2021,10,15,4,0,1,0,2,0,1,0.5,1,0,GRAVE_LESIONADOS,1,1
3,3,0.0766527564243356,0,4,1,-16.110026,-71.624234,7,4,0,1,2,0,1,0,1504.4250000000002,2.0,5,2,1.0,0.0252580716011421,0.0230617175488688,241.0,0.6005060748875158,78.21704200773246,33335.45824411135,10322.272,1495.236,1749.739,7077.2970000000005,2886.595,7435.677000000001,27.964725207783708,3,0,0,43.66666666666666,40.0,47.0,1.0,0.0,0.0,0.0,3,0,0.0,0.0,1.0,1.0,0.0,1.0,1.0,0.0,0.0,0.0,0,0,0,0,0,0,0,5,0,2021,10,16,5,1,1,0,1,0,1,0.0,1,0,GRAVE_MORTALIDAD,2,4
3,2,0.0475510652317153,2,4,1,-14.0179962526892,-75.76281890181394,0,0,7,0,2,-1,-1,0,6639.975,2.0,5,2,1.0,0.340764331210191,0.074236766966835,1616.0,0.6350781586942635,79.3721196581268,31104.417558886507,3721.461,698.1859999999996,744.866,2278.409,1102.9029999999996,2618.558,29.636290693359403,2,0,1,45.0,26.0,64.0,1.0,1.0,0.0,0.0,2,0,0.0,1.0,0.0,1.0,1.0,0.0,1.0,0.0,0.0,0.0,0,0,0,0,0,0,0,5,0,2021,10,16,5,1,1,0,2,0,1,0.0,0,0,LEVE,0,7
6,1,0.0902701515484296,0,4,2,-13.66505516526212,-71.36640668138864,0,4,0,0,7,-1,-1,2,6543.555,2.0,-1,-1,1.0,0.4495936745003294,0.4495936745003294,1198.0,0.2701433460922377,67.03086854576458,16118.58886509636,17779.13499998999,2097.37099999,2863.123,12818.640999999989,2878.713,14900.421999989989,16.19152450331032,1,0,0,22.0,22.0,22.0,1.0,1.0,0.0,0.0,1,0,0.0,0.0,0.0,1.0,1.0,0.0,0.0,1.0,1.0,1.0,1,1,1,1,0,0,0,6,1,2021,10,16,5,1,1,2,2,0,1,0.0,0,1,LEVE,0,4
6,1,0.0193279156600043,0,4,0,-12.778194,-74.989667,0,4,5,1,1,-1,-1,0,6543.555,2.0,-1,-1,1.0,0.4495936745003294,0.4495936745003294,1198.0,0.5870282334318047,75.85602218028772,13749.145610278374,8511.426,1445.3929999999996,2008.516,5057.516999999999,1879.579,6631.846999999998,22.08300935706896,1,0,0,25.0,25.0,25.0,1.0,1.0,0.0,1.0,1,0,0.0,0.0,0.0,1.0,0.0,1.0,0.0,0.0,1.0,0.0,1,1,1,1,0,0,0,9,1,2021,10,16,5,1,1,2,2,0,1,0.0,1,1,LEVE,0,4
0,0,0.0161432022842082,2,3,4,-18.056791,-70.250396,0,3,7,1,2,-1,-1,4,6543.555,2.0,-1,-1,1.0,0.4495936745003294,0.4495936745003294,1198.0,0.5563774842369664,77.00938809632027,27932.19700214133,2650.572,630.6729999999998,487.3610000000001,1532.5379999999998,1068.7019999999998,1581.87,40.31967439480987,1,0,1,38.0,38.0,38.0,0.0,1.0,0.0,0.0,1,0,0.0,0.0,0.0,1.0,1.0,0.0,0.0,1.0,1.0,1.0,1,1,1,1,0,0,0,10,1,2021,10,16,5,1,1,0,2,0,1,0.0,0,0,LEVE,0,15
0,1,0.0497474192839885,2,4,1,-5.195031,-80.647883,0,1,7,0,2,-1,-1,0,6543.555,3.0,5,2,1.0,0.1133318690972984,0.1133318690972984,1475.0,0.5997462042553465,78.40793944726823,183875.0,8965.846000060003,1782.4120000599992,636.9959999999999,6546.438000000004,2214.505000059999,6751.341000000004,24.699342371541725,1,1,1,37.0,33.0,40.0,0.0,0.0,0.0,0.0,1,1,1.0,0.0,0.0,0.0,0.0,0.0,0.0,1.0,1.0,1.0,0,0,0,0,1,1,1,16,2,2021,10,16,5,1,1,0,2,1,1,1.0,0,0,LEVE,0,3
10,1,0.0902701515484296,0,4,2,-13.480072231464275,-72.06074094448556,0,4,0,0,7,-1,-1,1,6543.555,2.0,-1,-1,1.0,0.4495936745003294,0.4495936745003294,1198.0,0.5501839526247441,74.57018076662551,2400.9036402569595,17779.13499998999,2097.37099999,2863.123,12818.640999999989,2878.713,14900.421999989989,16.19152450331032,1,0,0,56.0,56.0,56.0,1.0,1.0,0.0,0.0,1,0,0.0,0.0,0.0,1.0,1.0,0.0,0.0,1.0,1.0,1.0,1,1,1,1,0,0,0,17,2,2021,10,16,5,1,1,2,2,0,1,0.0,0,1,LEVE,0,4
3,1,0.0497474192839885,2,3,4,-5.187621,-80.646175,0,0,1,0,4,1,0,0,6543.555,2.0,-1,-1,1.0,0.4495936745003294,0.4495936745003294,1198.0,0.6582040223794163,78.74105515718446,178905.3426124197,8965.846000060003,1782.4120000599992,636.9959999999999,6546.438000000004,2214.505000059999,6751.341000000004,24.699342371541725,2,0,0,41.0,37.0,45.0,1.0,1.0,1.0,1.0,2,0,0.0,0.0,0.0,1.0,1.0,0.0,1.0,0.0,1.0,0.0,1,1,1,1,0,0,0,17,2,2021,10,16,5,1,1,0,1,0,1,0.0,0,0,LEVE,0,3
1,1,0.0933450472216121,0,4,1,-7.984490824747274,-79.07726218234363,0,4,7,0,2,-1,-1,0,6543.555,3.0,5,2,1.0,0.1133318690972984,0.1133318690972984,1475.0,0.5721567587688113,77.67102283812494,15563.077087794432,8931.828000000005,1335.5899999999997,1935.9830000000004,5660.255000000005,1219.309,7712.519000000005,13.651281686122925,1,1,1,37.0,33.0,40.0,0.0,0.0,0.0,0.0,1,1,1.0,0.0,0.0,0.0,0.0,0.0,0.0,0.0,0.0,1.0,0,0,0,0,1,1,1,19,3,2021,10,16,5,1,1,0,2,1,1,1.0,0,0,LEVE,0,1
6,1,0.0597408302218317,0,4,2,-5.948121339055347,-79.22781799156381,0,4,0,1,2,-1,-1,0,6543.555,2.0,-1,-1,1.0,0.4495936745003294,0.4495936745003294,1198.0,0.3266895658234561,78.92954187259888,9305.942184154175,15935.565011852366,1733.9250000199986,935.692,13265.948011832368,2000.1670000199988,13935.398011832369,12.551591352627522,1,0,0,18.0,18.0,18.0,1.0,1.0,0.0,0.0,1,0,0.0,0.0,0.0,1.0,1.0,0.0,0.0,1.0,0.0,1.0,1,1,1,1,0,0,0,22,3,2021,10,16,5,1,1,2,2,0,1,0.0,1,0,LEVE,0,1
1,1,0.0597408302218317,0,4,1,-7.29288983,-78.20605241,2,4,7,1,2,-1,-1,0,9936.932,2.0,5,2,1.0,0.340764331210191,0.1266198111135515,3830.0,0.2248217662933267,71.86940730479807,5022.419700214133,15935.565011852366,1733.9250000199986,935.692,13265.948011832368,2000.1670000199988,13935.398011832369,12.551591352627522,1,0,1,37.0,33.0,40.0,0.0,0.0,0.0,0.0,1,1,1.0,0.0,0.0,0.0,0.0,0.0,0.0,0.0,0.0,0.0,0,0,0,0,1,1,1,1,0,2021,10,17,6,1,1,2,2,0,1,0.0,0,0,LEVE,0,1
3,2,0.0497474192839885,2,4,1,-5.185351,-80.692227,0,2,7,0,2,-1,-1,1,6543.555,3.0,5,2,1.0,0.1133318690972984,0.1133318690972984,1475.0,0.5997462042553465,78.40793944726823,183875.0,8965.846000060003,1782.4120000599992,636.9959999999999,6546.438000000004,2214.505000059999,6751.341000000004,24.699342371541725,2,0,0,26.5,23.0,30.0,1.0,1.0,0.0,1.0,2,0,0.0,0.0,1.0,1.0,1.0,0.0,1.0,0.0,1.0,1.0,0,0,0,0,0,0,0,3,0,2021,10,17,6,1,1,0,2,1,1,0.0,0,0,LEVE,0,3
6,1,0.0766527564243356,2,4,2,-16.454473,-71.563586,0,3,0,1,2,-1,-1,0,6543.555,2.0,-1,-1,1.0,0.4495936745003294,0.4495936745003294,1198.0,0.6631745849019589,78.63253022415783,46994.9721627409,10322.272,1495.236,1749.739,7077.2970000000005,2886.595,7435.677000000001,27.964725207783708,1,0,0,41.0,41.0,41.0,1.0,0.0,1.0,1.0,1,0,0.0,0.0,0.0,1.0,0.0,1.0,0.0,0.0,0.0,0.0,1,1,1,1,0,0,0,5,0,2021,10,17,6,1,1,0,2,0,1,0.0,1,0,GRAVE_LESIONADOS,1,4
3,2,0.0153744783659125,2,4,1,-11.871167460788834,-77.12763899304517,0,3,7,0,2,0,1,2,139.23,-1.0,5,2,0.0,0.340764331210191,0.1266198111135515,69.0,0.5563774842369664,77.00938809632027,27932.19700214133,51.58600000000001,44.68700000000001,6.899000000000001,0.0,49.838000000000015,1.748,96.61148373589734,2,0,0,28.5,25.0,32.0,1.0,0.0,0.0,0.0,2,0,0.0,0.0,0.0,1.0,1.0,1.0,0.0,0.0,1.0,0.0,0,0,0,0,0,0,0,5,0,2021,10,17,6,1,1,2,1,0,0,0.0,0,0,LEVE,0,0
3,1,0.0902701515484296,0,4,0,-13.448742484212865,-72.20420027244724,0,4,7,0,2,-1,-1,2,6543.555,2.0,-1,-1,1.0,0.4495936745003294,0.4495936745003294,1198.0,0.3348371658521636,78.42846227006076,4926.6017130620985,17779.13499998999,2097.37099999,2863.123,12818.640999999989,2878.713,14900.421999989989,16.19152450331032,2,0,0,47.0,47.0,47.0,1.0,0.0,0.0,1.0,2,1,1.0,0.0,0.0,1.0,1.0,0.0,0.0,1.0,1.0,1.0,1,1,1,1,0,0,0,6,1,2021,10,17,6,1,1,2,2,0,1,0.0,0,0,LEVE,0,4
6,1,0.0213046343070502,0,4,1,-13.205522,-74.214854,0,4,7,1,2,-1,-1,2,7586.903,2.0,5,2,1.0,0.340764331210191,0.067428069404788,1198.0,0.5434028420964154,74.57852402616055,55908.47323340471,12678.733000000004,1805.074000000001,1774.0339999999994,9099.625000000004,2485.375000000001,10193.358000000002,19.602707936195205,1,0,0,26.0,26.0,26.0,1.0,1.0,1.0,1.0,1,0,0.0,0.0,0.0,1.0,1.0,0.0,0.0,1.0,1.0,1.0,0,0,0,0,0,0,0,7,1,2021,10,17,6,1,1,2,2,0,1,0.0,0,0,LEVE,0,4
6,1,0.0213046343070502,0,4,1,-14.6416945,-74.286133,0,4,5,0,2,-1,-1,0,2238.6850000000004,2.0,5,2,1.0,0.0036239841862508,0.0036239841862508,115.0,0.3765288260269777,68.18120476047088,3716.779443254818,12678.733000000004,1805.074000000001,1774.0339999999994,9099.625000000004,2485.375000000001,10193.358000000002,19.602707936195205,1,0,0,37.0,37.0,37.0,1.0,0.0,0.0,0.0,1,0,0.0,1.0,0.0,0.0,0.0,0.0,1.0,0.0,0.0,0.0,0,0,0,0,0,0,0,8,1,2021,10,17,6,1,1,2,2,0,1,0.0,0,0,LEVE,0,46
6,1,0.0497474192839885,2,2,4,-5.1967605,-80.623645,0,0,7,0,2,-1,-1,0,6543.555,2.0,-1,-1,1.0,0.4495936745003294,0.4495936745003294,1198.0,0.6220812987247925,80.20155828147696,159840.92719486082,8965.846000060003,1782.4120000599992,636.9959999999999,6546.438000000004,2214.505000059999,6751.341000000004,24.699342371541725,1,0,0,36.0,36.0,36.0,1.0,1.0,1.0,1.0,1,0,0.0,0.0,0.0,1.0,1.0,0.0,0.0,1.0,1.0,1.0,1,1,1,1,0,0,0,8,1,2021,10,17,6,1,1,0,2,0,1,0.0,0,0,LEVE,0,3
0,0,0.2105205359103887,2,2,4,-12.065986,-77.028915,0,0,7,0,2,-1,-1,0,6543.555,2.0,-1,-1,1.0,0.4495936745003294,0.4495936745003294,1198.0,0.7141594849782824,79.90829932185413,156887.87152034265,7626.313,1683.4029999999998,1599.0829999999996,4343.827000000001,1814.875,5811.438000000001,23.7975414856432,1,0,1,26.0,26.0,26.0,1.0,0.0,0.0,1.0,1,0,0.0,0.0,0.0,1.0,1.0,0.0,0.0,0.0,1.0,0.0,1,1,1,1,0,0,0,13,2,2021,10,17,6,1,1,0,2,0,1,0.0,0,0,LEVE,0,0
3,2,0.0293213265978475,2,4,1,-5.813047,-77.388991,0,0,7,0,2,-1,-1,2,7758.33400008,2.0,5,2,1.0,0.340764331210191,0.0464528882055787,2133.0,0.4789759027469384,73.43778249935497,47552.6295503212,5645.136,815.0759999999999,965.298,3864.762,1013.406,4631.73,17.95184385283189,2,0,0,39.5,30.0,49.0,1.0,1.0,0.0,0.0,2,0,0.0,0.0,0.0,1.0,1.0,0.0,0.0,1.0,1.0,0.0,0,0,0,0,0,0,0,15,2,2021,10,17,6,1,1,1,2,0,1,0.0,0,0,LEVE,0,2
3,0,0.2105205359103887,2,2,4,-11.861128889695754,-77.03202892594477,0,3,7,0,2,-1,-1,0,6543.555,2.0,-1,-1,1.0,0.4495936745003294,0.4495936745003294,1198.0,0.6498693508177541,78.84967382596041,356854.23554603854,7626.313,1683.4029999999998,1599.0829999999996,4343.827000000001,1814.875,5811.438000000001,23.7975414856432,2,0,0,23.0,23.0,23.0,1.0,0.0,0.0,1.0,2,0,0.0,0.0,0.0,1.0,1.0,0.0,0.0,1.0,1.0,1.0,1,1,1,1,0,0,0,16,2,2021,10,17,6,1,1,0,2,0,1,0.0,0,0,LEVE,0,0
3,1,0.0902701515484296,2,4,1,-13.48035914616058,-72.44639397031499,0,3,7,0,2,-1,-1,2,7586.903,2.0,5,2,1.0,0.340764331210191,0.067428069404788,1198.0,0.3401816617977222,71.10991456121904,8685.158458244112,17779.13499998999,2097.37099999,2863.123,12818.640999999989,2878.713,14900.421999989989,16.19152450331032,2,0,0,35.5,29.0,42.0,1.0,0.0,0.0,1.0,2,0,0.0,0.0,0.0,1.0,1.0,1.0,0.0,1.0,1.0,1.0,0,0,0,0,0,0,0,21,3,2021,10,17,6,1,1,2,2,0,1,0.0,0,0,LEVE,0,4
0,1,0.0933450472216121,0,4,1,-8.9568,-78.629543,0,4,7,0,2,-1,-1,2,6543.555,3.0,5,2,1.0,0.1133318690972984,0.1133318690972984,1475.0,0.4867987483268106,77.5825534369154,9838.736616702356,8931.828000000005,1335.5899999999997,1935.9830000000004,5660.255000000005,1219.309,7712.519000000005,13.651281686122925,1,0,1,42.0,42.0,42.0,1.0,0.0,0.0,1.0,1,0,0.0,0.0,1.0,0.0,0.0,0.0,1.0,0.0,0.0,0.0,0,0,0,0,0,0,0,2,0,2021,10,18,0,0,1,0,2,1,1,0.0,0,0,LEVE,0,1
6,1,0.0902701515484296,0,4,0,-13.32715005631293,-71.59099661653804,0,4,7,0,7,-1,-1,6,6543.555,2.0,-1,-1,1.0,0.4495936745003294,0.4495936745003294,1198.0,0.2466226927938573,59.50771953912937,12676.173447537472,17779.13499998999,2097.37099999,2863.123,12818.640999999989,2878.713,14900.421999989989,16.19152450331032,1,0,0,21.0,21.0,21.0,1.0,1.0,0.0,1.0,1,0,0.0,0.0,0.0,0.0,0.0,0.0,0.0,0.0,1.0,0.0,1,1,1,1,0,0,0,6,1,2021,10,18,0,0,1,2,2,0,1,0.0,0,1,LEVE,0,4
6,1,0.0497474192839885,0,4,1,-5.5168821,-80.8173725,0,4,7,0,2,1,0,0,453.9549999999999,2.0,5,1,0.0,0.340764331210191,0.1266198111135515,133.0,0.4860724693701166,72.15814961491549,48691.10064239828,8965.846000060003,1782.4120000599992,636.9959999999999,6546.438000000004,2214.505000059999,6751.341000000004,24.699342371541725,1,1,0,31.0,31.0,31.0,1.0,1.0,0.0,0.0,1,0,0.0,0.0,1.0,0.0,0.0,0.0,1.0,0.0,0.0,0.0,0,0,0,0,0,0,0,14,2,2021,10,18,0,0,1,0,1,0,1,1.0,0,0,GRAVE_MORTALIDAD,2,3
0,0,0.2105205359103887,2,2,4,-12.065391,-77.045953,0,0,7,0,2,-1,-1,0,6543.555,2.0,-1,-1,1.0,0.4495936745003294,0.4495936745003294,1198.0,0.8121144527422384,79.97904399655734,75598.19486081369,7626.313,1683.4029999999998,1599.0829999999996,4343.827000000001,1814.875,5811.438000000001,23.7975414856432,1,0,1,32.0,32.0,32.0,1.0,0.0,0.0,1.0,1,0,0.0,0.0,0.0,1.0,0.0,1.0,0.0,1.0,1.0,1.0,1,1,1,1,0,0,0,14,2,2021,10,18,0,0,1,0,2,0,1,0.0,0,0,LEVE,0,0
7,1,0.0318471337579617,2,4,1,-8.817023375448127,-77.46082265358588,0,0,1,0,4,-1,-1,6,1134.015,-1.0,2,0,0.0,0.340764331210191,0.1266198111135515,173.0,0.4250153304535135,75.93355032868925,15623.824411134903,10767.648,1885.0630000000003,1222.721,7659.864000000001,2100.343,8667.305000000002,19.506051832303577,1,0,1,37.0,33.0,40.0,0.0,0.0,0.0,0.0,1,0,0.0,0.0,0.0,1.0,0.0,0.0,1.0,0.0,0.0,0.0,0,0,0,0,1,1,1,16,2,2021,10,18,0,0,1,0,2,0,1,0.0,0,0,LEVE,0,1