CLASE SINIESTRO,CANTIDAD DE VEHICULOS DAÑADOS,DEPARTAMENTO,ZONA,TIPO DE VÍA,RED VIAL,COORDENADAS LATITUD,COORDENADAS  LONGITUD,CONDICIÓN CLIMÁTICA,ZONIFICACIÓN,CARACTERÍSTICAS DE VÍA,PERFIL LONGITUDINAL VÍA,SUPERFICIE DE CALZADA,¿EXISTE SEÑAL VERTICAL?,¿EXISTE SEÑAL HORIZONTAL?,CAUSA FACTOR PRINCIPAL,MTC_RVN_LONGITUD_KM,MTC_RVN_N_CARRILES_MEDIANA,MTC_RVN_SUPERFICIE_DOMINANTE,MTC_RVN_ESTADO_DOMINANTE,MTC_RVN_ES_CONCESIONADA,MTC_RVN_CONCESION_PRINCIPAL,MTC_RVN_CORREDOR_LOGISTICO,MTC_RVN_N_TRAMOS,IDH_2019,IDH_ESP_VIDA_2019,IDH_POBLACION_2019,MTC_DEP_RED_TOTAL_KM,MTC_DEP_NACIONAL_TOTAL_KM,MTC_DEP_DEPARTAMENTAL_TOTAL_KM,MTC_DEP_VECINAL_TOTAL_KM,MTC_DEP_PAV_TOTAL_KM,MTC_DEP_NO_PAV_TOTAL_KM,MTC_DEP_PCT_PAVIMENTADA,PER_N_CONDUCTORES,PER_N_CONDUCTORES_FUGADOS,PER_N_PEATONES,PER_EDAD_COND_PROM,PER_EDAD_COND_MIN,PER_EDAD_COND_MAX,PER_ANY_COND_MASCULINO,PER_ANY_LIC_PROBLEMA,PER_ANY_DOSAJE_POS,PER_ANY_DOSAJE_EVALUADO,VEH_TOTAL,VEH_N_FUGADOS,VEH_ANY_FUGADO,VEH_ANY_CARGA,VEH_ANY_PUBLICO,VEH_ANY_PARTICULAR,VEH_ANY_MOTO,VEH_ANY_AUTO,VEH_ANY_CAMION_BUS,VEH_ANY_SOAT_PROBLEMA,VEH_ANY_CITV_PROBLEMA,VEH_ANY_SEGURO_PROBLEMA,MTC_RVN_LONGITUD_KM_ERA_NULO,MTC_RVN_N_CARRILES_MEDIANA_ERA_NULO,MTC_RVN_ES_CONCESIONADA_ERA_NULO,MTC_RVN_N_TRAMOS_ERA_NULO,PER_EDAD_COND_PROM_ERA_NULO,PER_EDAD_COND_MIN_ERA_NULO,PER_EDAD_COND_MAX_ERA_NULO,HORA_NUM,FRANJA_HORARIA,ANIO,MES,DIA_MES,DIA_SEMANA,ES_FIN_SEMANA,ES_QUINCENA,REGION_NATURAL,NIVEL_SEÑALIZACION_ORD,ES_VIA_MULTICARRIL,ES_DEPTO_BAJO_PAVIMENTO,RATIO_CONDUCTORES_FUGADOS,ES_CURVA_Y_PENDIENTE,ES_VIA_NO_PAVIMENTADA,CATEGORIA_SEVERIDAD,CATEGORIA_SEVERIDAD_ENC,CLUSTER
6,1,0.0131781243136393,0,4,2,-9.805828,-76.132483,0,4,7,1,7,-1,-1,2,6543.555,2.0,-1,-1,1.0,0.4495936745003294,0.4495936745003294,1198.0,0.1985758242270937,77.55714392657784,24762.20985010707,8209.057,1333.4779999999996,791.9770000000001,6083.602,1059.8589999999997,7149.198,12.910849565303296,1,0,0,18.0,18.0,18.0,1.0,1.0,0.0,0.0,1,0,0.0,0.0,1.0,0.0,0.0,1.0,0.0,1.0,1.0,1.0,1,1,1,1,0,0,0,23,3,2022,1,29,5,1,1,2,2,0,1,0.0,0,1,GRAVE_MORTALIDAD,2,4
10,0,0.2105205359103887,2,4,1,-12.141153345291308,-76.98128810467387,0,2,4,0,2,-1,-1,0,6639.975,2.0,5,2,1.0,0.340764331210191,0.074236766966835,1616.0,0.8017574897902351,80.48487267736287,359776.608137045,7626.313,1683.4029999999998,1599.0829999999996,4343.827000000001,1814.875,5811.438000000001,23.7975414856432,1,0,0,26.0,26.0,26.0,1.0,0.0,0.0,1.0,1,0,0.0,0.0,0.0,1.0,1.0,0.0,0.0,0.0,0.0,0.0,0,0,0,0,0,0,0,1,0,2022,1,30,6,1,1,0,2,0,1,0.0,0,0,LEVE,0,0
6,1,0.0072479683725016,2,4,2,-3.761243,-73.265914,0,3,7,0,2,-1,-1,2,6543.555,2.0,-1,-1,1.0,0.4495936745003294,0.4495936745003294,1198.0,0.6598204400488458,74.39325093062702,145540.50535331905,1095.5949999999998,128.87099999999998,320.74700000000007,645.9769999999999,274.214,821.381,25.02877431897737,1,0,0,29.0,29.0,29.0,1.0,1.0,1.0,1.0,1,0,0.0,0.0,1.0,0.0,1.0,0.0,0.0,1.0,1.0,1.0,1,1,1,1,0,0,0,1,0,2022,1,30,6,1,1,1,2,0,1,0.0,0,0,LEVE,0,23
3,2,0.0161432022842082,0,4,2,-18.243249,-70.375058,0,4,7,0,2,-1,-1,0,6543.555,2.0,-1,-1,1.0,0.4495936745003294,0.4495936745003294,1198.0,0.5551799999072031,75.37994385062687,6114.0,2650.572,630.6729999999998,487.3610000000001,1532.5379999999998,1068.7019999999998,1581.87,40.31967439480987,2,0,0,37.5,17.0,58.0,1.0,0.0,0.0,0.0,2,0,0.0,0.0,0.0,1.0,1.0,1.0,0.0,0.0,0.0,1.0,1,1,1,1,0,0,0,4,0,2022,1,30,6,1,1,0,2,0,1,0.0,0,0,LEVE,0,15
1,1,0.0933450472216121,0,4,1,-8.529504,-78.682131,0,4,7,0,2,-1,-1,0,6543.555,3.0,5,2,1.0,0.1133318690972984,0.1133318690972984,1475.0,0.4971504606547645,77.79759708660042,44368.59100642397,8931.828000000005,1335.5899999999997,1935.9830000000004,5660.255000000005,1219.309,7712.519000000005,13.651281686122925,1,1,1,37.0,33.0,40.0,0.0,0.0,0.0,0.0,1,1,1.0,0.0,0.0,0.0,0.0,0.0,0.0,0.0,0.0,1.0,0,0,0,0,1,1,1,4,0,2022,1,30,6,1,1,0,2,1,1,1.0,0,0,LEVE,0,1
3,1,0.2105205359103887,2,4,1,-12.022886281559128,-77.05922110245548,0,2,1,0,2,-1,-1,0,6543.555,3.0,5,2,1.0,0.1133318690972984,0.1133318690972984,1475.0,0.7419979630670723,80.31822295927182,739416.2413542903,7626.313,1683.4029999999998,1599.0829999999996,4343.827000000001,1814.875,5811.438000000001,23.7975414856432,2,0,0,25.5,23.0,28.0,1.0,0.0,0.0,1.0,2,0,0.0,1.0,0.0,1.0,1.0,0.0,1.0,0.0,1.0,0.0,0,0,0,0,0,0,0,6,1,2022,1,30,6,1,1,0,2,1,1,0.0,0,0,LEVE,0,0
3,2,0.0351416648363716,0,4,0,-6.8108587,-79.662292,4,4,7,0,2,-1,-1,0,6543.555,2.0,-1,-1,1.0,0.4495936745003294,0.4495936745003294,1198.0,0.5269774463263404,80.68574196150158,9737.584582441114,3459.691,515.0619999999999,689.7280000000001,2254.901,703.3549999999999,2756.336,20.329994788551925,2,0,0,44.5,30.0,59.0,1.0,0.0,0.0,0.0,2,0,0.0,0.0,0.0,1.0,1.0,0.0,0.0,0.0,0.0,1.0,1,1,1,1,0,0,0,6,1,2022,1,30,6,1,1,0,2,0,1,0.0,0,0,LEVE,0,1
3,0,0.2105205359103887,2,2,4,-12.204976612184334,-76.92874793045789,0,0,7,0,2,-1,-1,0,6543.555,2.0,-1,-1,1.0,0.4495936745003294,0.4495936745003294,1198.0,0.689811994580126,79.88015655965044,452660.364025696,7626.313,1683.4029999999998,1599.0829999999996,4343.827000000001,1814.875,5811.438000000001,23.7975414856432,2,0,0,57.5,46.0,69.0,1.0,0.0,0.0,1.0,2,0,0.0,0.0,0.0,1.0,1.0,1.0,0.0,0.0,1.0,0.0,1,1,1,1,0,0,0,8,1,2022,1,30,6,1,1,0,2,0,1,0.0,0,0,LEVE,0,0
6,1,0.0597408302218317,0,4,2,-6.63552833,-78.4833,0,4,7,1,1,-1,-1,0,6543.555,2.0,-1,-1,1.0,0.4495936745003294,0.4495936745003294,1198.0,0.3484871558022944,76.33677469666252,76209.5845824411,15935.565011852366,1733.9250000199986,935.692,13265.948011832368,2000.1670000199988,13935.398011832369,12.551591352627522,1,0,0,36.0,36.0,36.0,1.0,1.0,0.0,0.0,1,0,0.0,1.0,0.0,0.0,0.0,0.0,1.0,0.0,0.0,0.0,1,1,1,1,0,0,0,11,1,2022,1,30,6,1,1,2,2,0,1,0.0,0,1,GRAVE_MORTALIDAD,2,1
6,1,0.0193279156600043,0,4,1,-13.03259,-74.71472,0,4,5,1,2,-1,-1,0,943.58,1.0,-1,2,0.0,0.340764331210191,0.1266198111135515,135.0,0.3648777342527826,72.61386206398959,24733.083511777302,8511.426,1445.3929999999996,2008.516,5057.516999999999,1879.579,6631.846999999998,22.08300935706896,1,0,0,37.0,33.0,40.0,1.0,0.0,0.0,0.0,1,0,0.0,1.0,0.0,0.0,1.0,0.0,0.0,0.0,0.0,0.0,0,0,0,0,1,1,1,15,2,2022,1,30,6,1,1,2,2,0,1,0.0,1,0,LEVE,0,4
6,1,0.0902701515484296,0,4,0,-13.162065159379,-71.59397462736474,0,4,0,1,1,1,0,1,6543.555,2.0,-1,-1,1.0,0.4495936745003294,0.4495936745003294,1198.0,0.3612121566150602,62.7406214315804,5308.728051391863,17779.13499998999,2097.37099999,2863.123,12818.640999999989,2878.713,14900.421999989989,16.19152450331032,1,0,0,50.0,50.0,50.0,1.0,0.0,0.0,0.0,1,0,0.0,0.0,0.0,1.0,0.0,0.0,1.0,0.0,0.0,0.0,1,1,1,1,0,0,0,21,3,2022,1,30,6,1,1,2,1,0,1,0.0,1,1,LEVE,0,4
3,2,0.0351416648363716,0,4,0,-6.4948,-79.93756,0,4,7,0,2,-1,-1,0,6543.555,2.0,-1,-1,1.0,0.4495936745003294,0.4495936745003294,1198.0,0.3879800350664534,75.68222437543551,48902.40256959316,3459.691,515.0619999999999,689.7280000000001,2254.901,703.3549999999999,2756.336,20.329994788551925,2,0,0,40.0,32.0,48.0,1.0,0.0,0.0,0.0,2,0,0.0,0.0,1.0,1.0,1.0,0.0,1.0,0.0,1.0,1.0,1,1,1,1,0,0,0,3,0,2022,1,31,0,0,1,0,2,0,1,0.0,0,0,LEVE,0,1
6,0,0.2105205359103887,2,2,4,-12.028669118024691,-76.9510746473504,0,0,1,0,2,-1,-1,0,6543.555,2.0,-1,-1,1.0,0.4495936745003294,0.4495936745003294,1198.0,0.7347309224519117,80.70014842215761,229834.5310492505,7626.313,1683.4029999999998,1599.0829999999996,4343.827000000001,1814.875,5811.438000000001,23.7975414856432,1,0,0,37.0,33.0,40.0,0.0,0.0,0.0,0.0,1,0,0.0,1.0,0.0,0.0,0.0,0.0,1.0,0.0,1.0,0.0,1,1,1,1,1,1,1,12,2,2022,1,31,0,0,1,0,2,0,1,0.0,0,0,LEVE,0,0
3,2,0.0821436415550186,0,4,1,-16.2569127,-69.6829824,0,4,0,1,2,-1,-1,2,417.30000000000007,1.0,2,1,0.0,0.340764331210191,0.1266198111135515,52.0,0.4020198374784472,77.80062735845667,50686.62526766595,13642.312999999998,2020.7790000000005,2354.117,9267.416999999998,3314.0520000000006,10328.260999999997,24.29244952817019,2,0,0,48.5,43.0,54.0,1.0,0.0,0.0,1.0,2,0,0.0,0.0,1.0,1.0,0.0,1.0,1.0,1.0,0.0,0.0,0,0,0,0,0,0,0,13,2,2022,1,31,0,0,1,2,2,0,1,0.0,1,0,GRAVE_LESIONADOS,1,4
6,1,0.0139468482319349,2,3,4,-3.949371050705741,-80.94310785772831,0,3,0,1,4,-1,-1,1,6543.555,2.0,-1,-1,1.0,0.4495936745003294,0.4495936745003294,1198.0,0.541317038400816,72.94324989979708,6440.817708333333,1009.101,138.47399999999996,287.471,583.156,276.972,732.129,27.447401201663663,1,0,0,40.0,40.0,40.0,1.0,0.0,0.0,1.0,1,0,0.0,1.0,0.0,0.0,1.0,0.0,0.0,0.0,0.0,0.0,1,1,1,1,0,0,0,10,1,2022,2,1,1,0,0,0,2,0,1,0.0,1,0,LEVE,0,13
6,1,0.0597408302218317,0,4,2,-6.14191256,-79.01309076,0,3,0,1,1,-1,-1,0,6543.555,2.0,-1,-1,1.0,0.4495936745003294,0.4495936745003294,1198.0,0.2742253135147108,74.59588535012482,14725.552462526768,15935.565011852366,1733.9250000199986,935.692,13265.948011832368,2000.1670000199988,13935.398011832369,12.551591352627522,1,1,0,37.0,33.0,40.0,0.0,0.0,0.0,0.0,1,0,0.0,1.0,0.0,0.0,0.0,0.0,1.0,0.0,1.0,0.0,1,1,1,1,1,1,1,14,2,2022,2,1,1,0,0,2,2,0,1,1.0,1,1,LEVE,0,1
0,1,0.0420601801010322,0,4,1,-11.351937043927538,-75.59772310644954,6,5,6,-1,6,-1,-1,0,600.0300000000001,2.0,5,2,0.0,0.340764331210191,0.0032945310784098,178.0,0.3785310516079165,75.33519212039768,4754.987152034261,12264.545,1826.4639999999995,1105.5389999999998,9332.542,1588.5359999999996,10676.009,12.952261987705208,1,0,1,42.0,42.0,42.0,1.0,0.0,0.0,0.0,1,0,0.0,0.0,0.0,1.0,0.0,0.0,1.0,0.0,1.0,0.0,0,0,0,0,0,0,0,20,3,2022,2,1,1,0,0,2,2,0,1,0.0,0,0,LEVE,0,4
3,2,0.0351416648363716,0,4,1,-5.978231948237736,-79.74728283782693,0,4,7,0,2,-1,-1,0,1305.18,2.0,5,2,1.0,0.0160333845815945,0.0464528882055787,163.0,0.4703091457296942,74.91176543888524,44335.321199143465,3459.691,515.0619999999999,689.7280000000001,2254.901,703.3549999999999,2756.336,20.329994788551925,2,0,0,26.0,24.0,28.0,1.0,0.0,0.0,1.0,2,0,0.0,0.0,0.0,1.0,1.0,0.0,1.0,0.0,1.0,0.0,0,0,0,0,0,0,0,20,3,2022,2,1,1,0,0,0,2,0,1,0.0,0,0,GRAVE_MORTALIDAD,2,1
0,0,0.0821436415550186,0,4,1,-15.5187966,-70.1770208,0,4,7,0,2,-1,-1,4,1504.4250000000002,2.0,5,2,1.0,0.0252580716011421,0.0230617175488688,241.0,0.5759734352119,73.55929462493827,232834.39603082248,13642.312999999998,2020.7790000000005,2354.117,9267.416999999998,3314.0520000000006,10328.260999999997,24.29244952817019,1,0,1,51.0,51.0,51.0,1.0,0.0,0.0,1.0,1,0,0.0,0.0,0.0,1.0,0.0,0.0,1.0,0.0,0.0,0.0,0,0,0,0,0,0,0,3,0,2022,2,2,2,0,0,2,2,0,1,0.0,0,0,LEVE,0,4
0,0,0.2105205359103887,2,4,1,-12.020893494197905,-77.05935531665118,0,3,1,0,2,-1,-1,0,6543.555,3.0,5,2,1.0,0.1133318690972984,0.1133318690972984,1475.0,0.7419979630670723,80.31822295927182,739416.2413542903,7626.313,1683.4029999999998,1599.0829999999996,4343.827000000001,1814.875,5811.438000000001,23.7975414856432,1,0,1,38.0,38.0,38.0,1.0,0.0,0.0,1.0,1,0,0.0,1.0,0.0,0.0,0.0,0.0,1.0,0.0,0.0,0.0,0,0,0,0,0,0,0,10,1,2022,2,2,2,0,0,0,2,1,1,0.0,0,0,LEVE,0,0
3,2,0.0597408302218317,0,4,1,-6.726036,-78.57479,0,4,0,1,2,-1,-1,0,9936.932,2.0,5,2,1.0,0.340764331210191,0.1266198111135515,3830.0,0.4526491117658796,79.17132243679694,15625.811563169163,15935.565011852366,1733.9250000199986,935.692,13265.948011832368,2000.1670000199988,13935.398011832369,12.551591352627522,2,0,0,28.0,21.0,35.0,1.0,1.0,0.0,0.0,2,0,0.0,1.0,0.0,1.0,1.0,0.0,1.0,0.0,1.0,1.0,0,0,0,0,0,0,0,11,1,2022,2,2,2,0,0,2,2,0,1,0.0,1,0,LEVE,0,1
3,2,0.0293213265978475,0,4,0,-6.447490393261228,-76.48514266910513,7,4,0,1,2,1,0,2,6543.555,2.0,-1,-1,1.0,0.4495936745003294,0.4495936745003294,1198.0,0.405931456753573,71.5072587659864,2771.20556745182,5645.136,815.0759999999999,965.298,3864.762,1013.406,4631.73,17.95184385283189,2,0,0,32.0,26.0,38.0,1.0,1.0,1.0,1.0,2,0,0.0,1.0,0.0,1.0,1.0,0.0,1.0,1.0,1.0,1.0,1,1,1,1,0,0,0,16,2,2022,2,2,2,0,0,1,1,0,1,0.0,1,0,LEVE,0,2
3,2,0.2105205359103887,0,4,2,-11.54525144010356,-77.18249017714855,0,4,0,1,2,1,0,2,6543.555,2.0,-1,-1,1.0,0.4495936745003294,0.4495936745003294,1198.0,0.606011890732538,79.10580202061365,20981.39186295503,7626.313,1683.4029999999998,1599.0829999999996,4343.827000000001,1814.875,5811.438000000001,23.7975414856432,2,0,0,32.5,30.0,35.0,1.0,1.0,0.0,1.0,2,0,0.0,1.0,0.0,1.0,1.0,0.0,1.0,1.0,0.0,1.0,1,1,1,1,0,0,0,17,2,2022,2,2,2,0,0,0,1,0,1,0.0,1,0,LEVE,0,0
0,1,0.0420601801010322,0,4,1,-11.862694,-75.413345,0,4,7,0,2,-1,-1,4,196.88,2.0,5,2,1.0,0.0162530199868218,0.1266198111135515,35.0,0.5133198537844352,70.28651371450412,1410.132762312634,12264.545,1826.4639999999995,1105.5389999999998,9332.542,1588.5359999999996,10676.009,12.952261987705208,1,0,1,25.0,25.0,25.0,1.0,0.0,0.0,1.0,1,0,0.0,0.0,0.0,1.0,1.0,0.0,0.0,1.0,1.0,0.0,0,0,0,0,0,0,0,19,3,2022,2,2,2,0,0,2,2,0,1,0.0,0,0,LEVE,0,4
6,1,0.0318471337579617,0,4,3,-9.755958931696258,-77.66675202273255,5,4,0,1,7,-1,-1,2,6543.555,2.0,-1,-1,1.0,0.4495936745003294,0.4495936745003294,1198.0,0.3125574314621865,63.5470702432495,510.7665952890793,10767.648,1885.0630000000003,1222.721,7659.864000000001,2100.343,8667.305000000002,19.506051832303577,1,0,0,54.0,54.0,54.0,1.0,0.0,0.0,0.0,1,0,0.0,0.0,0.0,1.0,0.0,0.0,1.0,1.0,1.0,1.0,1,1,1,1,0,0,0,20,3,2022,2,2,2,0,0,0,2,0,1,0.0,1,1,GRAVE_MORTALIDAD,2,-1
1,0,0.2105205359103887,2,4,1,-12.012293875275123,-76.87820424799322,0,2,1,0,2,-1,-1,0,875.67,2.0,5,2,1.0,0.0162530199868218,0.0124094003953437,156.0,0.6868549636939637,79.62363164345142,684921.8484148846,7626.313,1683.4029999999998,1599.0829999999996,4343.827000000001,1814.875,5811.438000000001,23.7975414856432,1,1,1,37.0,33.0,40.0,0.0,0.0,0.0,0.0,1,1,1.0,0.0,0.0,0.0,0.0,0.0,0.0,0.0,0.0,1.0,0,0,0,0,1,1,1,20,3,2022,2,2,2,0,0,0,2,0,1,1.0,0,0,LEVE,0,0
0,0,0.2105205359103887,2,2,4,-12.0240652,-76.9779903,0,2,7,0,2,-1,-1,0,6543.555,2.0,-1,-1,1.0,0.4495936745003294,0.4495936745003294,1198.0,0.701053025277506,79.62867561460851,1150285.0494171206,7626.313,1683.4029999999998,1599.0829999999996,4343.827000000001,1814.875,5811.438000000001,23.7975414856432,1,0,1,73.0,73.0,73.0,1.0,1.0,0.0,1.0,1,0,0.0,0.0,0.0,1.0,1.0,0.0,0.0,0.0,1.0,0.0,1,1,1,1,0,0,0,6,1,2022,2,3,3,0,0,0,2,0,1,0.0,0,0,LEVE,0,0
3,2,0.0351416648363716,0,4,0,-6.7722995,-79.9143657,0,4,0,0,2,-1,-1,0,6543.555,2.0,-1,-1,1.0,0.4495936745003294,0.4495936745003294,1198.0,0.4076362703905044,75.77254875260448,17972.576017130625,3459.691,515.0619999999999,689.7280000000001,2254.901,703.3549999999999,2756.336,20.329994788551925,2,0,0,39.0,28.0,50.0,1.0,0.0,0.0,0.0,2,0,0.0,1.0,0.0,1.0,1.0,0.0,1.0,1.0,1.0,1.0,1,1,1,1,0,0,0,9,1,2022,2,3,3,0,0,0,2,0,1,0.0,0,0,LEVE,0,1
0,0,0.2105205359103887,2,2,4,-12.195677361150429,-76.9590793694863,0,0,7,0,2,-1,-1,0,6543.555,2.0,-1,-1,1.0,0.4495936745003294,0.4495936745003294,1198.0,0.6990481232857558,80.14597904142546,459161.0728051392,7626.313,1683.4029999999998,1599.0829999999996,4343.827000000001,1814.875,5811.438000000001,23.7975414856432,1,0,1,19.0,19.0,19.0,1.0,1.0,0.0,1.0,1,0,0.0,0.0,0.0,1.0,1.0,0.0,0.0,1.0,1.0,1.0,1,1,1,1,0,0,0,13,2,2022,2,3,3,0,0,0,2,0,1,0.0,0,0,LEVE,0,0
6,1,0.0902701515484296,0,4,1,-14.549508457539153,-72.04748801690361,0,4,7,0,2,-1,-1,2,1780.161,1.0,-1,1,0.0,0.340764331210191,0.1266198111135515,490.0,0.339323744940919,67.8567694463257,24527.03426124197,17779.13499998999,2097.37099999,2863.123,12818.640999999989,2878.713,14900.421999989989,16.19152450331032,1,0,0,34.0,34.0,34.0,1.0,0.0,1.0,1.0,1,0,0.0,0.0,0.0,1.0,1.0,0.0,0.0,1.0,1.0,1.0,0,0,0,0,0,0,0,14,2,2022,2,3,3,0,0,2,2,0,1,0.0,0,0,LEVE,0,4
3,2,0.0293213265978475,0,4,1,-6.024967,-77.218665,0,4,7,0,2,-1,-1,2,7758.33400008,2.0,5,2,1.0,0.340764331210191,0.0464528882055787,2133.0,0.5963332411867256,73.80959983510441,24031.167023554604,5645.136,815.0759999999999,965.298,3864.762,1013.406,4631.73,17.95184385283189,2,0,0,46.0,35.0,57.0,1.0,0.0,0.0,0.0,2,0,0.0,1.0,1.0,0.0,1.0,0.0,1.0,0.0,0.0,0.0,0,0,0,0,0,0,0,15,2,2022,2,3,3,0,0,1,2,0,1,0.0,0,0,LEVE,0,2
6,1,0.0351416648363716,2,2,4,-6.787288,-79.872331,0,3,1,0,2,-1,-1,0,6543.555,2.0,-1,-1,1.0,0.4495936745003294,0.4495936745003294,1198.0,0.582874900209372,79.91553229957624,50544.90364025696,3459.691,515.0619999999999,689.7280000000001,2254.901,703.3549999999999,2756.336,20.329994788551925,1,0,0,23.0,23.0,23.0,1.0,1.0,0.0,0.0,1,0,0.0,0.0,0.0,1.0,1.0,0.0,0.0,1.0,0.0,1.0,1,1,1,1,0,0,0,19,3,2022,2,3,3,0,0,0,2,0,1,0.0,0,0,LEVE,0,1
3,2,0.0766527564243356,2,4,1,-17.063167,-71.949771,0,4,7,0,2,0,1,0,1926.94,2.0,5,2,1.0,0.340764331210191,0.1266198111135515,393.0,0.6456305778571253,75.67334095395331,21630.747323340474,10322.272,1495.236,1749.739,7077.2970000000005,2886.595,7435.677000000001,27.964725207783708,2,0,0,41.0,28.0,54.0,1.0,0.0,0.0,1.0,2,0,0.0,0.0,0.0,1.0,0.0,1.0,1.0,0.0,0.0,0.0,0,0,0,0,0,0,0,19,3,2022,2,3,3,0,0,0,1,0,1,0.0,0,0,GRAVE_MORTALIDAD,2,4
6,1,0.0821436415550186,0,4,1,-14.8007541,-70.7124488,0,4,7,0,2,-1,-1,2,7586.903,2.0,5,2,1.0,0.340764331210191,0.067428069404788,1198.0,0.3958613818248929,74.31840317756587,3949.297644539615,13642.312999999998,2020.7790000000005,2354.117,9267.416999999998,3314.0520000000006,10328.260999999997,24.29244952817019,1,0,0,35.0,35.0,35.0,1.0,0.0,0.0,0.0,1,0,0.0,0.0,0.0,1.0,0.0,1.0,0.0,0.0,1.0,0.0,0,0,0,0,0,0,0,5,0,2022,2,4,4,0,0,2,2,0,1,0.0,0,0,LEVE,0,4
5,2,0.0821436415550186,0,4,1,-16.0969018,-69.6183043,0,4,2,0,2,1,1,2,7586.903,2.0,5,2,1.0,0.340764331210191,0.067428069404788,1198.0,0.4020198374784472,77.80062735845667,50686.62526766595,13642.312999999998,2020.7790000000005,2354.117,9267.416999999998,3314.0520000000006,10328.260999999997,24.29244952817019,2,0,0,28.5,27.0,30.0,1.0,1.0,0.0,0.0,2,0,0.0,1.0,0.0,1.0,1.0,0.0,1.0,1.0,1.0,1.0,0,0,0,0,0,0,0,8,1,2022,2,4,4,0,0,2,2,0,1,0.0,0,0,LEVE,0,4
3,2,0.0766527564243356,2,4,2,-15.633662,-71.603697,0,3,7,1,5,-1,-1,0,6543.555,2.0,-1,-1,1.0,0.4495936745003294,0.4495936745003294,1198.0,0.5649362269939818,77.38255516262952,7715.586723768736,10322.272,1495.236,1749.739,7077.2970000000005,2886.595,7435.677000000001,27.964725207783708,2,0,0,41.5,21.0,62.0,1.0,0.0,0.0,0.0,2,0,0.0,1.0,1.0,0.0,1.0,0.0,1.0,0.0,0.0,0.0,1,1,1,1,0,0,0,13,2,2022,2,4,4,0,0,0,2,0,1,0.0,0,1,LEVE,0,39
1,1,0.0933450472216121,2,4,1,-8.136703,-79.027147,0,4,7,0,2,-1,-1,2,6543.555,3.0,5,2,1.0,0.1133318690972984,0.1133318690972984,1475.0,0.7151155191839451,79.57652607829836,331253.00214132766,8931.828000000005,1335.5899999999997,1935.9830000000004,5660.255000000005,1219.309,7712.519000000005,13.651281686122925,1,1,1,37.0,33.0,40.0,0.0,0.0,0.0,0.0,1,1,1.0,0.0,0.0,0.0,0.0,0.0,0.0,0.0,0.0,1.0,0,0,0,0,1,1,1,14,2,2022,2,4,4,0,0,0,2,1,1,1.0,0,0,LEVE,0,1
1,0,0.0933450472216121,2,2,4,-8.09725721179942,-79.06948865796765,0,0,7,0,2,-1,-1,0,6543.555,2.0,-1,-1,1.0,0.4495936745003294,0.4495936745003294,1198.0,0.583006771156836,78.2441938961209,76607.295503212,8931.828000000005,1335.5899999999997,1935.9830000000004,5660.255000000005,1219.309,7712.519000000005,13.651281686122925,1,1,1,37.0,33.0,40.0,0.0,0.0,0.0,0.0,1,1,1.0,0.0,0.0,0.0,0.0,0.0,0.0,0.0,0.0,1.0,1,1,1,1,1,1,1,14,2,2022,2,4,4,0,0,0,2,0,1,1.0,0,0,LEVE,0,1
0,1,0.0902701515484296,0,4,1,-14.153503,-71.456701,0,4,7,0,2,0,1,2,566.7160000000001,2.0,1,0,0.0,0.340764331210191,0.0057105205359103,137.0,0.2991005536829932,62.21917574632246,1773.610278372591,17779.13499998999,2097.37099999,2863.123,12818.640999999989,2878.713,14900.421999989989,16.19152450331032,1,0,1,29.0,29.0,29.0,1.0,0.0,1.0,1.0,1,0,0.0,0.0,1.0,0.0,0.0,0.0,1.0,0.0,0.0,0.0,0,0,0,0,0,0,0,14,2,2022,2,4,4,0,0,2,1,0,1,0.0,0,0,LEVE,0,4
3,2,0.0497474192839885,0,4,1,-5.144435,-80.450707,0,4,7,0,2,-1,-1,0,1305.18,2.0,5,2,1.0,0.0160333845815945,0.0464528882055787,163.0,0.6220812987247925,80.20155828147696,159840.92719486082,8965.846000060003,1782.4120000599992,636.9959999999999,6546.438000000004,2214.505000059999,6751.341000000004,24.699342371541725,2,0,0,30.0,28.0,32.0,1.0,0.0,0.0,1.0,2,0,0.0,0.0,1.0,1.0,0.0,1.0,1.0,0.0,0.0,0.0,0,0,0,0,0,0,0,14,2,2022,2,4,4,0,0,0,2,0,1,0.0,0,0,GRAVE_MORTALIDAD,2,3
6,1,0.0933450472216121,0,4,3,-7.732968533712147,-77.95604109147587,0,4,0,1,1,-1,-1,0,6543.555,2.0,-1,-1,1.0,0.4495936745003294,0.4495936745003294,1198.0,0.1405167107902591,78.51359748127314,13896.82226980728,8931.828000000005,1335.5899999999997,1935.9830000000004,5660.255000000005,1219.309,7712.519000000005,13.651281686122925,1,0,0,25.0,25.0,25.0,1.0,0.0,0.0,0.0,1,0,0.0,0.0,0.0,1.0,0.0,0.0,1.0,0.0,1.0,0.0,1,1,1,1,0,0,0,4,0,2022,2,5,5,1,0,0,2,0,1,0.0,1,1,GRAVE_MORTALIDAD,2,1