CLASE SINIESTRO,CANTIDAD DE VEHICULOS DAÑADOS,DEPARTAMENTO,ZONA,TIPO DE VÍA,RED VIAL,COORDENADAS LATITUD,COORDENADAS  LONGITUD,CONDICIÓN CLIMÁTICA,ZONIFICACIÓN,CARACTERÍSTICAS DE VÍA,PERFIL LONGITUDINAL VÍA,SUPERFICIE DE CALZADA,¿EXISTE SEÑAL VERTICAL?,¿EXISTE SEÑAL HORIZONTAL?,CAUSA FACTOR PRINCIPAL,MTC_RVN_LONGITUD_KM,MTC_RVN_N_CARRILES_MEDIANA,MTC_RVN_SUPERFICIE_DOMINANTE,MTC_RVN_ESTADO_DOMINANTE,MTC_RVN_ES_CONCESIONADA,MTC_RVN_CONCESION_PRINCIPAL,MTC_RVN_CORREDOR_LOGISTICO,MTC_RVN_N_TRAMOS,IDH_2019,IDH_ESP_VIDA_2019,IDH_POBLACION_2019,MTC_DEP_RED_TOTAL_KM,MTC_DEP_NACIONAL_TOTAL_KM,MTC_DEP_DEPARTAMENTAL_TOTAL_KM,MTC_DEP_VECINAL_TOTAL_KM,MTC_DEP_PAV_TOTAL_KM,MTC_DEP_NO_PAV_TOTAL_KM,MTC_DEP_PCT_PAVIMENTADA,PER_N_CONDUCTORES,PER_N_CONDUCTORES_FUGADOS,PER_N_PEATONES,PER_EDAD_COND_PROM,PER_EDAD_COND_MIN,PER_EDAD_COND_MAX,PER_ANY_COND_MASCULINO,PER_ANY_LIC_PROBLEMA,PER_ANY_DOSAJE_POS,PER_ANY_DOSAJE_EVALUADO,VEH_TOTAL,VEH_N_FUGADOS,VEH_ANY_FUGADO,VEH_ANY_CARGA,VEH_ANY_PUBLICO,VEH_ANY_PARTICULAR,VEH_ANY_MOTO,VEH_ANY_AUTO,VEH_ANY_CAMION_BUS,VEH_ANY_SOAT_PROBLEMA,VEH_ANY_CITV_PROBLEMA,VEH_ANY_SEGURO_PROBLEMA,MTC_RVN_LONGITUD_KM_ERA_NULO,MTC_RVN_N_CARRILES_MEDIANA_ERA_NULO,MTC_RVN_ES_CONCESIONADA_ERA_NULO,MTC_RVN_N_TRAMOS_ERA_NULO,PER_EDAD_COND_PROM_ERA_NULO,PER_EDAD_COND_MIN_ERA_NULO,PER_EDAD_COND_MAX_ERA_NULO,HORA_NUM,FRANJA_HORARIA,ANIO,MES,DIA_MES,DIA_SEMANA,ES_FIN_SEMANA,ES_QUINCENA,REGION_NATURAL,NIVEL_SEÑALIZACION_ORD,ES_VIA_MULTICARRIL,ES_DEPTO_BAJO_PAVIMENTO,RATIO_CONDUCTORES_FUGADOS,ES_CURVA_Y_PENDIENTE,ES_VIA_NO_PAVIMENTADA,CATEGORIA_SEVERIDAD,CATEGORIA_SEVERIDAD_ENC,CLUSTER
6,1,0.0213046343070502,0,7,4,-14.168986,-73.57301,0,4,0,1,1,-1,-1,2,6543.555,2.0,-1,-1,1.0,0.4495936745003294,0.4495936745003294,1198.0,0.3245307522372146,74.29668775911921,948.0899357601712,12678.733000000004,1805.074000000001,1774.0339999999994,9099.625000000004,2485.375000000001,10193.358000000002,19.602707936195205,1,0,0,33.0,33.0,33.0,1.0,0.0,0.0,0.0,1,0,0.0,0.0,0.0,1.0,0.0,0.0,1.0,0.0,0.0,0.0,1,1,1,1,0,0,0,4,0,2022,3,11,4,0,0,2,2,0,1,0.0,1,1,LEVE,0,-1
6,1,0.0933450472216121,0,4,3,-7.803343,-78.402325,2,4,0,1,7,-1,-1,6,6543.555,2.0,-1,-1,1.0,0.4495936745003294,0.4495936745003294,1198.0,0.1883083184611077,75.93360618381381,24235.73233404711,8931.828000000005,1335.5899999999997,1935.9830000000004,5660.255000000005,1219.309,7712.519000000005,13.651281686122925,1,0,0,43.0,43.0,43.0,1.0,0.0,0.0,0.0,1,0,0.0,0.0,0.0,0.0,0.0,0.0,1.0,0.0,1.0,0.0,1,1,1,1,0,0,0,9,1,2022,3,11,4,0,0,0,2,0,1,0.0,1,1,GRAVE_LESIONADOS,1,1
3,2,0.0902701515484296,0,4,1,-14.020605855797989,-71.45716071152206,2,4,7,0,2,1,0,2,7586.903,2.0,5,2,1.0,0.340764331210191,0.067428069404788,1198.0,0.3409107564841972,74.2782790389362,4833.456102783726,17779.13499998999,2097.37099999,2863.123,12818.640999999989,2878.713,14900.421999989989,16.19152450331032,2,0,0,40.5,32.0,49.0,1.0,0.0,0.0,1.0,2,0,0.0,1.0,1.0,0.0,0.0,0.0,1.0,0.0,0.0,0.0,0,0,0,0,0,0,0,10,1,2022,3,11,4,0,0,2,1,0,1,0.0,0,0,GRAVE_LESIONADOS,1,4
3,2,0.0821436415550186,0,4,0,-14.361764812056052,-69.82151095208351,0,4,7,0,2,-1,-1,2,6543.555,2.0,-1,-1,1.0,0.4495936745003294,0.4495936745003294,1198.0,0.3798276108256661,68.84580694362505,8968.678800856529,13642.312999999998,2020.7790000000005,2354.117,9267.416999999998,3314.0520000000006,10328.260999999997,24.29244952817019,2,0,0,54.5,45.0,64.0,1.0,0.0,0.0,0.0,2,0,0.0,1.0,1.0,0.0,0.0,0.0,1.0,1.0,1.0,1.0,1,1,1,1,0,0,0,18,3,2022,3,11,4,0,0,2,2,0,1,0.0,0,0,GRAVE_LESIONADOS,1,-1
0,1,0.2105205359103887,2,2,4,-12.057647,-77.067668,0,4,7,0,2,-1,-1,0,6543.555,2.0,-1,-1,1.0,0.4495936745003294,0.4495936745003294,1198.0,0.7646845961658533,80.23682119426338,250806.0877944326,7626.313,1683.4029999999998,1599.0829999999996,4343.827000000001,1814.875,5811.438000000001,23.7975414856432,1,0,1,37.0,33.0,40.0,1.0,0.0,0.0,0.0,1,0,0.0,0.0,0.0,1.0,1.0,0.0,0.0,1.0,1.0,1.0,1,1,1,1,1,1,1,19,3,2022,3,11,4,0,0,0,2,0,1,0.0,0,0,LEVE,0,0
3,1,0.0318471337579617,0,4,1,-10.203143,-78.050151,0,4,7,0,2,-1,-1,0,6543.555,3.0,5,2,1.0,0.1133318690972984,0.1133318690972984,1475.0,0.594329796273136,79.51274210494626,25729.80728051392,10767.648,1885.0630000000003,1222.721,7659.864000000001,2100.343,8667.305000000002,19.506051832303577,2,0,0,37.5,28.0,47.0,1.0,0.0,0.0,1.0,2,0,0.0,1.0,0.0,1.0,0.0,1.0,1.0,0.0,0.0,0.0,0,0,0,0,0,0,0,0,0,2022,3,12,5,1,0,0,2,1,1,0.0,0,0,LEVE,0,35
1,1,0.0293213265978475,0,4,1,-6.14327275397964,-76.2690696093467,6,5,6,-1,6,-1,-1,0,631.88,2.0,5,2,1.0,0.0160333845815945,0.0464528882055787,65.0,0.3665777639444328,70.42517509177479,8289.20556745182,5645.136,815.0759999999999,965.298,3864.762,1013.406,4631.73,17.95184385283189,1,1,1,37.0,33.0,40.0,0.0,0.0,0.0,0.0,1,1,1.0,0.0,0.0,0.0,0.0,0.0,0.0,0.0,0.0,1.0,0,0,0,0,1,1,1,2,0,2022,3,12,5,1,0,1,2,0,1,1.0,0,0,LEVE,0,-1
0,1,0.0213046343070502,2,4,0,-13.05425248,-73.95491305,0,4,7,0,2,1,0,2,6543.555,2.0,-1,-1,1.0,0.4495936745003294,0.4495936745003294,1198.0,0.3320448174461976,76.07070288737705,9097.079229122057,12678.733000000004,1805.074000000001,1774.0339999999994,9099.625000000004,2485.375000000001,10193.358000000002,19.602707936195205,1,0,1,48.0,48.0,48.0,1.0,0.0,0.0,0.0,1,0,0.0,1.0,0.0,0.0,0.0,0.0,1.0,0.0,1.0,0.0,1,1,1,1,0,0,0,3,0,2022,3,12,5,1,0,2,1,0,1,0.0,0,0,LEVE,0,4
6,2,0.0766527564243356,2,2,4,-16.61005310771141,-72.70527483355946,0,4,7,0,2,-1,-1,0,6543.555,2.0,-1,-1,1.0,0.4495936745003294,0.4495936745003294,1198.0,0.6438160463426852,84.71218617950387,16526.967880085653,10322.272,1495.236,1749.739,7077.2970000000005,2886.595,7435.677000000001,27.964725207783708,2,0,0,46.0,29.0,63.0,1.0,1.0,1.0,1.0,2,0,0.0,1.0,0.0,1.0,0.0,0.0,1.0,0.0,0.0,1.0,1,1,1,1,0,0,0,6,1,2022,3,12,5,1,0,0,2,0,1,0.0,0,0,LEVE,0,4
10,1,0.0182297386338677,0,2,4,-14.078797918383271,-72.62581486234875,6,5,6,-1,6,-1,-1,0,6543.555,2.0,-1,-1,1.0,0.4495936745003294,0.4495936745003294,1198.0,0.4265243541762176,61.6180659643794,1309.5952890792291,8358.971,1282.451,1298.0969999999998,5778.423,1432.683,6926.288,17.139466089785454,1,0,0,38.0,38.0,38.0,1.0,0.0,0.0,0.0,1,0,0.0,1.0,0.0,0.0,0.0,0.0,1.0,0.0,0.0,0.0,1,1,1,1,0,0,0,7,1,2022,3,12,5,1,0,2,2,0,1,0.0,0,0,LEVE,0,4
0,1,0.0318471337579617,2,2,4,-9.074472820484136,-78.57626927976929,0,0,1,0,2,-1,-1,0,6543.555,2.0,-1,-1,1.0,0.4495936745003294,0.4495936745003294,1198.0,0.6138280897610826,78.84695742989106,196830.83083511773,10767.648,1885.0630000000003,1222.721,7659.864000000001,2100.343,8667.305000000002,19.506051832303577,1,0,1,22.0,22.0,22.0,1.0,1.0,0.0,0.0,1,0,0.0,0.0,0.0,1.0,1.0,0.0,0.0,1.0,1.0,0.0,1,1,1,1,0,0,0,8,1,2022,3,12,5,1,0,0,2,0,1,0.0,0,0,LEVE,0,1
3,2,0.0131781243136393,0,4,1,-9.149739,-75.988285,5,4,0,0,2,1,0,2,7758.33400008,2.0,5,2,1.0,0.340764331210191,0.0464528882055787,2133.0,0.4184171487202614,72.18805630075194,4014.492577806722,8209.057,1333.4779999999996,791.9770000000001,6083.602,1059.8589999999997,7149.198,12.910849565303296,2,0,0,33.0,21.0,45.0,1.0,0.0,0.0,1.0,2,0,0.0,0.0,1.0,1.0,1.0,0.0,1.0,0.0,1.0,0.0,0,0,0,0,0,0,0,15,2,2022,3,12,5,1,0,2,1,0,1,0.0,0,0,LEVE,0,4
3,2,0.0497474192839885,2,3,4,-5.380902,-80.761395,0,0,7,0,1,-1,-1,0,6543.555,2.0,-1,-1,1.0,0.4495936745003294,0.4495936745003294,1198.0,0.4687740488762445,76.40259786416358,43346.27408993576,8965.846000060003,1782.4120000599992,636.9959999999999,6546.438000000004,2214.505000059999,6751.341000000004,24.699342371541725,2,2,1,37.0,33.0,40.0,0.0,0.0,0.0,0.0,2,1,1.0,0.0,0.0,1.0,0.0,1.0,0.0,0.0,1.0,1.0,1,1,1,1,1,1,1,19,3,2022,3,12,5,1,0,0,2,0,1,1.0,0,1,LEVE,0,3
0,1,0.0766527564243356,0,4,1,-16.998379,-72.062978,0,4,7,1,2,0,1,0,1926.94,2.0,5,2,1.0,0.340764331210191,0.1266198111135515,393.0,0.5784035125051519,74.737535639558,7264.014989293362,10322.272,1495.236,1749.739,7077.2970000000005,2886.595,7435.677000000001,27.964725207783708,1,0,1,31.0,31.0,31.0,1.0,0.0,0.0,0.0,1,0,0.0,0.0,0.0,1.0,0.0,1.0,0.0,0.0,1.0,0.0,0,0,0,0,0,0,0,3,0,2022,3,13,6,1,0,0,1,0,1,0.0,0,0,LEVE,0,4
5,2,0.0766527564243356,2,3,4,-16.397815544469076,-71.53264756050224,0,3,7,0,2,-1,-1,0,6543.555,2.0,-1,-1,1.0,0.4495936745003294,0.4495936745003294,1198.0,0.7621671359922388,78.82549845032362,42333.23340471092,10322.272,1495.236,1749.739,7077.2970000000005,2886.595,7435.677000000001,27.964725207783708,2,1,0,43.0,43.0,43.0,1.0,0.0,0.0,0.0,2,1,1.0,0.0,0.0,1.0,1.0,0.0,0.0,0.0,1.0,1.0,1,1,1,1,0,0,0,4,0,2022,3,13,6,1,0,0,2,0,1,0.5,0,0,LEVE,0,4
1,1,0.0475510652317153,2,3,4,-13.679180967830352,-76.15231400319837,0,3,1,0,2,-1,-1,0,6543.555,2.0,-1,-1,1.0,0.4495936745003294,0.4495936745003294,1198.0,0.5723734005661165,76.14778354007997,24272.76659528908,3721.461,698.1859999999996,744.866,2278.409,1102.9029999999996,2618.558,29.636290693359403,1,1,1,37.0,33.0,40.0,0.0,0.0,0.0,0.0,1,1,1.0,0.0,0.0,0.0,0.0,0.0,0.0,0.0,0.0,1.0,1,1,1,1,1,1,1,4,0,2022,3,13,6,1,0,0,2,0,1,1.0,0,0,LEVE,0,7
1,1,0.0475510652317153,0,4,1,-13.930563763669994,-75.93926083155701,0,4,7,0,2,-1,-1,0,6639.975,2.0,5,2,1.0,0.340764331210191,0.074236766966835,1616.0,0.6053164595604621,78.88848309050202,27932.19700214133,3721.461,698.1859999999996,744.866,2278.409,1102.9029999999996,2618.558,29.636290693359403,1,1,1,37.0,33.0,40.0,0.0,0.0,0.0,0.0,1,1,1.0,0.0,0.0,0.0,0.0,0.0,0.0,0.0,0.0,1.0,0,0,0,0,1,1,1,5,0,2022,3,13,6,1,0,0,2,0,1,1.0,0,0,LEVE,0,7
3,1,0.0062596090489786,1,4,2,-12.760173,-69.566378,6,5,6,-1,6,-1,-1,0,6543.555,2.0,-1,-1,1.0,0.4495936745003294,0.4495936745003294,1198.0,0.5306879228968285,75.21455641083696,4575.10920770878,2090.391,399.431,340.021,1350.9389999999996,493.824,1596.5669999999996,23.62352306338862,2,0,0,50.0,42.0,58.0,1.0,1.0,0.0,0.0,2,0,0.0,0.0,0.0,1.0,1.0,0.0,0.0,0.0,1.0,1.0,1,1,1,1,0,0,0,6,1,2022,3,13,6,1,0,1,2,0,1,0.0,0,0,LEVE,0,21
3,1,0.2105205359103887,0,4,1,-11.002744,-77.617208,0,4,1,0,2,1,0,2,6543.555,3.0,5,2,1.0,0.1133318690972984,0.1133318690972984,1475.0,0.6058977644686256,75.86009868534626,26242.524625267662,7626.313,1683.4029999999998,1599.0829999999996,4343.827000000001,1814.875,5811.438000000001,23.7975414856432,2,0,0,58.5,42.0,75.0,1.0,0.0,0.0,1.0,2,0,0.0,0.0,1.0,1.0,1.0,0.0,1.0,0.0,0.0,0.0,0,0,0,0,0,0,0,7,1,2022,3,13,6,1,0,0,1,1,1,0.0,0,0,GRAVE_MORTALIDAD,2,0
0,1,0.2105205359103887,2,2,4,-11.9927389,-77.0108661,6,5,6,-1,6,-1,-1,0,6543.555,2.0,-1,-1,1.0,0.4495936745003294,0.4495936745003294,1198.0,0.701053025277506,79.62867561460851,1150285.0494171206,7626.313,1683.4029999999998,1599.0829999999996,4343.827000000001,1814.875,5811.438000000001,23.7975414856432,1,0,1,37.0,33.0,40.0,1.0,1.0,0.0,0.0,1,0,0.0,0.0,0.0,1.0,0.0,0.0,1.0,1.0,1.0,1.0,1,1,1,1,1,1,1,11,1,2022,3,13,6,1,0,0,2,0,1,0.0,0,0,LEVE,0,0
6,1,0.2105205359103887,0,4,1,-11.13827,-77.202376,0,4,0,0,2,1,0,2,1422.177,2.0,5,2,0.0,0.340764331210191,0.0024159894575005,698.0,0.625259356790912,76.00710856837651,24684.304068522484,7626.313,1683.4029999999998,1599.0829999999996,4343.827000000001,1814.875,5811.438000000001,23.7975414856432,1,0,0,77.0,77.0,77.0,1.0,0.0,0.0,0.0,1,0,0.0,0.0,0.0,1.0,1.0,0.0,0.0,1.0,1.0,1.0,0,0,0,0,0,0,0,14,2,2022,3,13,6,1,0,0,1,0,1,0.0,0,0,LEVE,0,0
7,1,0.0933450472216121,0,4,0,-7.697309,-77.66172,2,4,7,0,7,-1,-1,5,6543.555,2.0,-1,-1,1.0,0.4495936745003294,0.4495936745003294,1198.0,0.4686292122960986,72.39347765706144,9440.374732334049,8931.828000000005,1335.5899999999997,1935.9830000000004,5660.255000000005,1219.309,7712.519000000005,13.651281686122925,1,0,0,44.0,44.0,44.0,1.0,0.0,0.0,0.0,1,0,0.0,1.0,0.0,0.0,0.0,0.0,1.0,0.0,0.0,0.0,1,1,1,1,0,0,0,16,2,2022,3,13,6,1,0,0,2,0,1,0.0,0,1,GRAVE_MORTALIDAD,2,1
6,1,0.0597408302218317,0,4,2,-7.07082,-78.782245,5,4,0,0,7,-1,-1,0,6543.555,2.0,-1,-1,1.0,0.4495936745003294,0.4495936745003294,1198.0,0.3334181514351879,65.70103407075928,11921.895074946468,15935.565011852366,1733.9250000199986,935.692,13265.948011832368,2000.1670000199988,13935.398011832369,12.551591352627522,1,0,0,46.0,46.0,46.0,1.0,0.0,0.0,0.0,1,0,0.0,0.0,0.0,1.0,0.0,1.0,0.0,0.0,0.0,0.0,1,1,1,1,0,0,0,18,3,2022,3,13,6,1,0,2,2,0,1,0.0,0,1,GRAVE_LESIONADOS,1,1
10,1,0.0182297386338677,0,4,0,-14.3879087256472,-72.8574167010493,6,5,6,-1,6,-1,-1,0,6543.555,2.0,-1,-1,1.0,0.4495936745003294,0.4495936745003294,1198.0,0.3187913318835241,54.2987924038521,2702.629550321199,8358.971,1282.451,1298.0969999999998,5778.423,1432.683,6926.288,17.139466089785454,1,0,0,28.0,28.0,28.0,1.0,1.0,0.0,0.0,1,0,0.0,1.0,0.0,0.0,1.0,0.0,0.0,1.0,1.0,1.0,1,1,1,1,0,0,0,18,3,2022,3,13,6,1,0,2,2,0,1,0.0,0,0,LEVE,0,32
6,1,0.0902701515484296,0,4,3,-14.12253511866947,-71.4743294606795,0,4,7,0,2,-1,-1,2,6543.555,2.0,-1,-1,1.0,0.4495936745003294,0.4495936745003294,1198.0,0.2362499849365727,56.84947393215996,1790.2997858672377,17779.13499998999,2097.37099999,2863.123,12818.640999999989,2878.713,14900.421999989989,16.19152450331032,1,0,0,50.0,50.0,50.0,1.0,0.0,0.0,1.0,1,0,0.0,0.0,0.0,1.0,1.0,0.0,0.0,1.0,1.0,1.0,1,1,1,1,0,0,0,19,3,2022,3,13,6,1,0,2,2,0,1,0.0,0,0,LEVE,0,4
3,1,0.0420601801010322,2,4,1,-11.247796338571344,-74.63722939014922,6,5,6,-1,6,-1,-1,0,1040.6349999999998,1.0,-1,0,0.0,0.340764331210191,0.1266198111135515,141.0,0.5055535147670205,71.64834806655777,42934.03211991434,12264.545,1826.4639999999995,1105.5389999999998,9332.542,1588.5359999999996,10676.009,12.952261987705208,2,0,0,26.5,21.0,32.0,1.0,1.0,0.0,0.0,2,0,0.0,0.0,1.0,1.0,1.0,0.0,0.0,1.0,1.0,1.0,0,0,0,0,0,0,0,21,3,2022,3,13,6,1,0,2,2,0,1,0.0,0,0,LEVE,0,5
3,1,0.0597408302218317,0,4,1,-6.059592,-79.075479,0,4,7,0,2,0,1,0,9936.932,2.0,5,2,1.0,0.340764331210191,0.1266198111135515,3830.0,0.5089064260692896,75.49593859459377,6985.957173447538,15935.565011852366,1733.9250000199986,935.692,13265.948011832368,2000.1670000199988,13935.398011832369,12.551591352627522,2,0,0,29.5,29.0,30.0,1.0,1.0,0.0,0.0,2,0,0.0,1.0,0.0,1.0,1.0,0.0,1.0,1.0,1.0,0.0,0,0,0,0,0,0,0,23,3,2022,3,13,6,1,0,2,1,0,1,0.0,0,0,LEVE,0,1
3,1,0.0318471337579617,0,4,1,-9.457931,-78.33327,0,4,7,0,2,-1,-1,0,6543.555,3.0,5,2,1.0,0.1133318690972984,0.1133318690972984,1475.0,0.5873460606982213,78.04758132038613,35482.29764453961,10767.648,1885.0630000000003,1222.721,7659.864000000001,2100.343,8667.305000000002,19.506051832303577,2,0,0,24.5,19.0,30.0,1.0,1.0,1.0,1.0,2,0,0.0,0.0,1.0,1.0,1.0,0.0,0.0,1.0,1.0,1.0,0,0,0,0,0,0,0,3,0,2022,3,14,0,0,0,0,2,1,1,0.0,0,0,LEVE,0,1
3,2,0.0131781243136393,0,4,1,-9.443862,-75.973997,5,4,0,0,2,1,0,2,693.175,2.0,5,1,0.0,0.340764331210191,0.0037338018888644,249.0,0.3514165953877426,72.32913425621899,9590.61670235546,8209.057,1333.4779999999996,791.9770000000001,6083.602,1059.8589999999997,7149.198,12.910849565303296,2,0,0,37.0,27.0,47.0,1.0,0.0,0.0,1.0,2,0,0.0,1.0,0.0,0.0,0.0,1.0,1.0,0.0,0.0,0.0,0,0,0,0,0,0,0,4,0,2022,3,14,0,0,0,2,1,0,1,0.0,0,0,GRAVE_MORTALIDAD,2,4
3,2,0.0766527564243356,2,4,0,-16.362057,-71.624069,0,0,7,0,2,-1,-1,0,6543.555,2.0,-1,-1,1.0,0.4495936745003294,0.4495936745003294,1198.0,0.6411767862503931,77.2408324916572,193412.3169164882,10322.272,1495.236,1749.739,7077.2970000000005,2886.595,7435.677000000001,27.964725207783708,2,0,0,34.0,33.0,35.0,1.0,0.0,0.0,0.0,2,0,0.0,1.0,0.0,1.0,1.0,0.0,1.0,0.0,1.0,0.0,1,1,1,1,0,0,0,5,0,2022,3,14,0,0,0,0,2,0,1,0.0,0,0,LEVE,0,4
1,1,0.0131781243136393,2,4,1,-10.010606,-76.236774,0,4,7,0,2,-1,-1,4,9936.932,2.0,5,2,1.0,0.340764331210191,0.1266198111135515,3830.0,0.6216164930359083,73.83445245401661,39141.07922912206,8209.057,1333.4779999999996,791.9770000000001,6083.602,1059.8589999999997,7149.198,12.910849565303296,1,1,1,37.0,33.0,40.0,0.0,0.0,0.0,0.0,1,1,1.0,0.0,0.0,0.0,0.0,0.0,0.0,0.0,0.0,1.0,0,0,0,0,1,1,1,6,1,2022,3,14,0,0,0,2,2,0,1,1.0,0,0,LEVE,0,4
3,2,0.0597408302218317,0,4,1,-7.2774845,-78.52642799,4,4,7,1,2,0,1,0,887.28,2.0,5,2,1.0,0.0133977597188666,0.0065890621568196,155.0,0.2871763458712909,71.92284374528238,4874.023554603855,15935.565011852366,1733.9250000199986,935.692,13265.948011832368,2000.1670000199988,13935.398011832369,12.551591352627522,2,0,0,36.5,34.0,39.0,1.0,0.0,0.0,0.0,2,0,0.0,0.0,1.0,1.0,0.0,1.0,1.0,0.0,1.0,0.0,0,0,0,0,0,0,0,6,1,2022,3,14,0,0,0,2,1,0,1,0.0,0,0,GRAVE_MORTALIDAD,2,1
3,2,0.0497474192839885,0,4,1,-5.34912333203378,-80.0677052977847,0,4,7,0,2,-1,-1,1,1305.18,2.0,5,2,1.0,0.0160333845815945,0.0464528882055787,163.0,0.3893523155396837,73.6911779276771,12720.513918629553,8965.846000060003,1782.4120000599992,636.9959999999999,6546.438000000004,2214.505000059999,6751.341000000004,24.699342371541725,2,0,0,23.0,20.0,26.0,1.0,0.0,0.0,1.0,2,0,0.0,0.0,1.0,1.0,1.0,1.0,0.0,0.0,1.0,0.0,0,0,0,0,0,0,0,6,1,2022,3,14,0,0,0,0,2,0,1,0.0,0,0,LEVE,0,3
3,3,0.0318471337579617,2,4,1,-9.09944219246969,-78.56271890109753,0,0,1,0,2,-1,-1,2,6543.555,3.0,5,2,1.0,0.1133318690972984,0.1133318690972984,1475.0,0.6138280897610826,78.84695742989106,196830.83083511773,10767.648,1885.0630000000003,1222.721,7659.864000000001,2100.343,8667.305000000002,19.506051832303577,3,0,0,37.0,31.0,45.0,1.0,0.0,0.0,1.0,3,0,0.0,1.0,0.0,1.0,0.0,1.0,1.0,0.0,1.0,0.0,0,0,0,0,0,0,0,9,1,2022,3,14,0,0,0,0,2,1,1,0.0,0,0,GRAVE_MORTALIDAD,2,1
6,1,0.0182297386338677,0,4,1,-14.4620480456075,-73.2359517232308,6,5,6,-1,6,-1,-1,0,2238.6850000000004,2.0,5,2,1.0,0.0036239841862508,0.0036239841862508,115.0,0.3664074671664916,64.98461839600242,4508.062098501071,8358.971,1282.451,1298.0969999999998,5778.423,1432.683,6926.288,17.139466089785454,1,0,0,34.0,34.0,34.0,1.0,0.0,0.0,0.0,1,0,0.0,0.0,0.0,1.0,0.0,0.0,1.0,0.0,0.0,0.0,0,0,0,0,0,0,0,10,1,2022,3,14,0,0,0,2,2,0,1,0.0,0,0,LEVE,0,6
6,1,0.2105205359103887,0,4,1,-11.26035498474348,-76.74175576376878,0,4,0,0,1,1,0,2,782.3000000000001,-1.0,2,2,1.0,0.340764331210191,0.0024159894575005,161.0,0.5316885753143136,77.00205758239869,281.14561027837294,7626.313,1683.4029999999998,1599.0829999999996,4343.827000000001,1814.875,5811.438000000001,23.7975414856432,1,0,0,51.0,51.0,51.0,1.0,0.0,0.0,0.0,1,0,0.0,0.0,1.0,0.0,0.0,0.0,1.0,0.0,0.0,0.0,0,0,0,0,0,0,0,15,2,2022,3,14,0,0,0,0,1,0,1,0.0,0,1,GRAVE_MORTALIDAD,2,24
0,1,0.0072479683725016,2,2,4,-3.7649589,-73.2590273,6,5,6,-1,6,-1,-1,0,6543.555,2.0,-1,-1,1.0,0.4495936745003294,0.4495936745003294,1198.0,0.529795353544325,72.41445562653223,73191.91006423984,1095.5949999999998,128.87099999999998,320.74700000000007,645.9769999999999,274.214,821.381,25.02877431897737,1,0,1,41.0,41.0,41.0,1.0,0.0,0.0,0.0,1,0,0.0,0.0,0.0,1.0,1.0,0.0,0.0,1.0,1.0,1.0,1,1,1,1,0,0,0,17,2,2022,3,14,0,0,0,1,2,0,1,0.0,0,0,LEVE,0,23
3,2,0.0497474192839885,2,4,1,-5.178503,-80.666686,0,0,7,0,2,-1,-1,2,6543.555,3.0,5,2,1.0,0.1133318690972984,0.1133318690972984,1475.0,0.5997462042553465,78.40793944726823,183875.0,8965.846000060003,1782.4120000599992,636.9959999999999,6546.438000000004,2214.505000059999,6751.341000000004,24.699342371541725,2,0,0,36.5,32.0,41.0,1.0,1.0,1.0,1.0,2,0,0.0,1.0,0.0,1.0,1.0,0.0,1.0,1.0,1.0,1.0,0,0,0,0,0,0,0,21,3,2022,3,14,0,0,0,0,2,1,1,0.0,0,0,LEVE,0,3
7,1,0.0318471337579617,2,7,4,-9.52967998407476,-77.53063566634897,0,0,1,1,4,1,1,6,6543.555,2.0,-1,-1,1.0,0.4495936745003294,0.4495936745003294,1198.0,0.6030793015789164,74.32152956359432,64284.002141327626,10767.648,1885.0630000000003,1222.721,7659.864000000001,2100.343,8667.305000000002,19.506051832303577,1,0,0,32.0,32.0,32.0,1.0,0.0,0.0,1.0,1,0,0.0,0.0,0.0,0.0,0.0,1.0,0.0,0.0,0.0,0.0,1,1,1,1,0,0,0,12,2,2022,3,15,1,0,1,0,2,0,1,0.0,0,0,LEVE,0,20
0,1,0.2105205359103887,2,4,2,-11.9255698497521,-76.9636556981117,6,5,6,-1,6,-1,-1,0,6543.555,2.0,-1,-1,1.0,0.4495936745003294,0.4495936745003294,1198.0,0.701053025277506,79.62867561460851,1150285.0494171206,7626.313,1683.4029999999998,1599.0829999999996,4343.827000000001,1814.875,5811.438000000001,23.7975414856432,1,0,1,37.0,33.0,40.0,1.0,1.0,0.0,0.0,1,0,0.0,0.0,1.0,0.0,0.0,0.0,1.0,1.0,1.0,1.0,1,1,1,1,1,1,1,23,3,2022,3,15,1,0,1,0,2,0,1,0.0,0,0,LEVE,0,0
6,1,0.2105205359103887,2,7,4,-12.108192,-77.058571,6,5,6,-1,6,-1,-1,0,6543.555,2.0,-1,-1,1.0,0.4495936745003294,0.4495936745003294,1198.0,0.7888324174847985,80.35414029442592,53212.44111349037,7626.313,1683.4029999999998,1599.0829999999996,4343.827000000001,1814.875,5811.438000000001,23.7975414856432,1,0,0,37.0,33.0,40.0,1.0,0.0,0.0,0.0,1,0,0.0,0.0,0.0,1.0,0.0,1.0,0.0,1.0,1.0,1.0,1,1,1,1,1,1,1,1,0,2022,3,16,2,0,1,0,2,0,1,0.0,0,0,LEVE,0,0
3,1,0.0213046343070502,0,4,1,-12.928738,-74.267617,0,4,0,0,2,-1,-1,2,7586.903,2.0,5,2,1.0,0.340764331210191,0.067428069404788,1198.0,0.4493406382074752,74.14434204360414,45975.54773927236,12678.733000000004,1805.074000000001,1774.0339999999994,9099.625000000004,2485.375000000001,10193.358000000002,19.602707936195205,2,0,0,40.5,37.0,44.0,1.0,0.0,1.0,1.0,2,0,0.0,0.0,0.0,1.0,1.0,0.0,1.0,1.0,1.0,1.0,0,0,0,0,0,0,0,6,1,2022,3,16,2,0,1,2,2,0,1,0.0,0,0,LEVE,0,4