CLASE SINIESTRO,CANTIDAD DE VEHICULOS DAÑADOS,DEPARTAMENTO,ZONA,TIPO DE VÍA,RED VIAL,COORDENADAS LATITUD,COORDENADAS  LONGITUD,CONDICIÓN CLIMÁTICA,ZONIFICACIÓN,CARACTERÍSTICAS DE VÍA,PERFIL LONGITUDINAL VÍA,SUPERFICIE DE CALZADA,¿EXISTE SEÑAL VERTICAL?,¿EXISTE SEÑAL HORIZONTAL?,CAUSA FACTOR PRINCIPAL,MTC_RVN_LONGITUD_KM,MTC_RVN_N_CARRILES_MEDIANA,MTC_RVN_SUPERFICIE_DOMINANTE,MTC_RVN_ESTADO_DOMINANTE,MTC_RVN_ES_CONCESIONADA,MTC_RVN_CONCESION_PRINCIPAL,MTC_RVN_CORREDOR_LOGISTICO,MTC_RVN_N_TRAMOS,IDH_2019,IDH_ESP_VIDA_2019,IDH_POBLACION_2019,MTC_DEP_RED_TOTAL_KM,MTC_DEP_NACIONAL_TOTAL_KM,MTC_DEP_DEPARTAMENTAL_TOTAL_KM,MTC_DEP_VECINAL_TOTAL_KM,MTC_DEP_PAV_TOTAL_KM,MTC_DEP_NO_PAV_TOTAL_KM,MTC_DEP_PCT_PAVIMENTADA,PER_N_CONDUCTORES,PER_N_CONDUCTORES_FUGADOS,PER_N_PEATONES,PER_EDAD_COND_PROM,PER_EDAD_COND_MIN,PER_EDAD_COND_MAX,PER_ANY_COND_MASCULINO,PER_ANY_LIC_PROBLEMA,PER_ANY_DOSAJE_POS,PER_ANY_DOSAJE_EVALUADO,VEH_TOTAL,VEH_N_FUGADOS,VEH_ANY_FUGADO,VEH_ANY_CARGA,VEH_ANY_PUBLICO,VEH_ANY_PARTICULAR,VEH_ANY_MOTO,VEH_ANY_AUTO,VEH_ANY_CAMION_BUS,VEH_ANY_SOAT_PROBLEMA,VEH_ANY_CITV_PROBLEMA,VEH_ANY_SEGURO_PROBLEMA,MTC_RVN_LONGITUD_KM_ERA_NULO,MTC_RVN_N_CARRILES_MEDIANA_ERA_NULO,MTC_RVN_ES_CONCESIONADA_ERA_NULO,MTC_RVN_N_TRAMOS_ERA_NULO,PER_EDAD_COND_PROM_ERA_NULO,PER_EDAD_COND_MIN_ERA_NULO,PER_EDAD_COND_MAX_ERA_NULO,HORA_NUM,FRANJA_HORARIA,ANIO,MES,DIA_MES,DIA_SEMANA,ES_FIN_SEMANA,ES_QUINCENA,REGION_NATURAL,NIVEL_SEÑALIZACION_ORD,ES_VIA_MULTICARRIL,ES_DEPTO_BAJO_PAVIMENTO,RATIO_CONDUCTORES_FUGADOS,ES_CURVA_Y_PENDIENTE,ES_VIA_NO_PAVIMENTADA,CATEGORIA_SEVERIDAD,CATEGORIA_SEVERIDAD_ENC,CLUSTER
6,1,0.0902701515484296,0,4,3,-15.162383,-71.157122,5,4,0,0,2,1,0,2,6543.555,2.0,-1,-1,1.0,0.4495936745003294,0.4495936745003294,1198.0,0.3491291336434085,68.34579473193322,1114.627408993576,17779.13499998999,2097.37099999,2863.123,12818.640999999989,2878.713,14900.421999989989,16.19152450331032,1,0,0,23.0,23.0,23.0,1.0,0.0,0.0,0.0,1,0,0.0,0.0,0.0,1.0,0.0,0.0,1.0,0.0,0.0,0.0,1,1,1,1,0,0,0,7,1,2022,3,22,1,0,1,2,1,0,1,0.0,0,0,GRAVE_MORTALIDAD,2,4
6,1,0.0161432022842082,2,2,4,-18.03149409140884,-70.27291054248211,7,3,7,0,2,0,1,0,6543.555,2.0,-1,-1,1.0,0.4495936745003294,0.4495936745003294,1198.0,0.6966125262955101,76.67066141771582,74177.24411134903,2650.572,630.6729999999998,487.3610000000001,1532.5379999999998,1068.7019999999998,1581.87,40.31967439480987,1,0,0,63.0,63.0,63.0,1.0,0.0,0.0,0.0,1,0,0.0,0.0,0.0,0.0,0.0,1.0,0.0,0.0,0.0,0.0,1,1,1,1,0,0,0,11,1,2022,3,22,1,0,1,0,1,0,1,0.0,0,0,LEVE,0,15
6,1,0.0420601801010322,0,4,1,-10.939242044136048,-74.86162280623186,6,5,6,-1,6,-1,-1,0,5768.608,2.0,3,-1,0.0,0.340764331210191,0.1266198111135515,365.0,0.4504704361939795,78.21109613042135,61517.46466809421,12264.545,1826.4639999999995,1105.5389999999998,9332.542,1588.5359999999996,10676.009,12.952261987705208,2,0,1,35.0,20.0,50.0,1.0,1.0,0.0,0.0,2,0,0.0,1.0,0.0,1.0,1.0,0.0,1.0,0.0,1.0,1.0,0,0,0,0,0,0,0,12,2,2022,3,23,2,0,1,2,2,0,1,0.0,0,0,GRAVE_LESIONADOS,1,5
6,1,0.0497474192839885,2,4,1,-5.030273,-80.200573,0,4,7,0,2,-1,-1,0,892.7650002999999,-1.0,-1,2,0.0,0.340764331210191,0.1266198111135515,790.0,0.4653748048968089,74.19666709322776,75914.02997858672,8965.846000060003,1782.4120000599992,636.9959999999999,6546.438000000004,2214.505000059999,6751.341000000004,24.699342371541725,1,0,0,24.0,24.0,24.0,1.0,0.0,0.0,1.0,1,1,1.0,0.0,0.0,0.0,0.0,0.0,0.0,0.0,0.0,1.0,0,0,0,0,0,0,0,19,3,2022,3,23,2,0,1,0,2,0,1,0.0,0,0,LEVE,0,3
7,1,0.0153744783659125,2,4,1,-12.040701675627345,-77.11587471962183,0,3,7,0,2,0,1,0,19.635,-1.0,5,1,0.0,0.340764331210191,0.1266198111135515,40.0,0.5563774842369664,77.00938809632027,27932.19700214133,51.58600000000001,44.68700000000001,6.899000000000001,0.0,49.838000000000015,1.748,96.61148373589734,2,0,0,44.5,28.0,61.0,1.0,0.0,0.0,0.0,2,0,0.0,1.0,0.0,1.0,1.0,0.0,1.0,0.0,1.0,0.0,0,0,0,0,0,0,0,5,0,2022,3,24,3,0,1,2,1,0,0,0.0,0,0,LEVE,0,0
1,0,0.0153744783659125,2,4,1,-11.97529867702563,-77.12500823797006,0,2,7,0,2,0,1,4,139.23,-1.0,5,2,0.0,0.340764331210191,0.1266198111135515,69.0,0.5563774842369664,77.00938809632027,27932.19700214133,51.58600000000001,44.68700000000001,6.899000000000001,0.0,49.838000000000015,1.748,96.61148373589734,1,1,1,37.0,33.0,40.0,0.0,0.0,0.0,0.0,1,1,1.0,0.0,0.0,0.0,0.0,0.0,0.0,0.0,0.0,1.0,0,0,0,0,1,1,1,7,1,2022,3,24,3,0,1,2,1,0,0,1.0,0,0,LEVE,0,0
0,1,0.0933450472216121,0,4,3,-7.721533,-79.28752,0,4,7,0,1,-1,-1,0,6543.555,2.0,-1,-1,1.0,0.4495936745003294,0.4495936745003294,1198.0,0.5345074857798321,76.79673752589963,27037.03854389721,8931.828000000005,1335.5899999999997,1935.9830000000004,5660.255000000005,1219.309,7712.519000000005,13.651281686122925,1,0,1,49.0,49.0,49.0,1.0,0.0,0.0,0.0,1,0,0.0,0.0,0.0,0.0,0.0,0.0,0.0,1.0,1.0,1.0,1,1,1,1,0,0,0,10,1,2022,3,24,3,0,1,0,2,0,1,0.0,0,1,LEVE,0,1
0,1,0.0902701515484296,0,4,2,-13.32962012555691,-72.1689268062771,0,4,7,0,1,-1,-1,2,6543.555,2.0,-1,-1,1.0,0.4495936745003294,0.4495936745003294,1198.0,0.3091216969737358,74.65060422099381,5268.858672376874,17779.13499998999,2097.37099999,2863.123,12818.640999999989,2878.713,14900.421999989989,16.19152450331032,1,0,1,39.0,39.0,39.0,1.0,0.0,0.0,1.0,1,0,0.0,0.0,0.0,1.0,0.0,0.0,1.0,0.0,0.0,0.0,1,1,1,1,0,0,0,15,2,2022,3,24,3,0,1,2,2,0,1,0.0,0,1,LEVE,0,4
7,0,0.0475510652317153,2,3,4,-14.073634,-75.784767,0,3,2,1,7,-1,-1,0,6543.555,2.0,-1,-1,1.0,0.4495936745003294,0.4495936745003294,1198.0,0.6637216310803388,79.6446050662278,142450.24411134905,3721.461,698.1859999999996,744.866,2278.409,1102.9029999999996,2618.558,29.636290693359403,1,0,1,37.0,33.0,40.0,0.0,0.0,0.0,0.0,1,0,0.0,0.0,1.0,0.0,0.0,0.0,1.0,0.0,0.0,0.0,1,1,1,1,1,1,1,16,2,2022,3,24,3,0,1,0,2,0,1,0.0,0,1,LEVE,0,7
5,2,0.0475510652317153,2,2,4,-14.059571,-75.722216,0,3,1,0,2,-1,-1,0,6543.555,2.0,-1,-1,1.0,0.4495936745003294,0.4495936745003294,1198.0,0.616344289610642,80.7965682315964,54312.19271948608,3721.461,698.1859999999996,744.866,2278.409,1102.9029999999996,2618.558,29.636290693359403,2,1,0,29.0,24.0,34.0,1.0,1.0,0.0,0.0,2,0,0.0,1.0,1.0,0.0,1.0,0.0,1.0,0.0,0.0,1.0,1,1,1,1,0,0,0,18,3,2022,3,24,3,0,1,0,2,0,1,0.5,0,0,LEVE,0,7
6,1,0.0902701515484296,0,4,2,-13.16313667,-71.9724245,2,4,5,0,2,-1,-1,1,6543.555,2.0,-1,-1,1.0,0.4495936745003294,0.4495936745003294,1198.0,0.2310138329166804,69.70483973976968,5501.668094218416,17779.13499998999,2097.37099999,2863.123,12818.640999999989,2878.713,14900.421999989989,16.19152450331032,1,0,0,54.0,54.0,54.0,1.0,0.0,0.0,0.0,1,0,0.0,0.0,0.0,1.0,0.0,0.0,1.0,0.0,0.0,0.0,1,1,1,1,0,0,0,23,3,2022,3,24,3,0,1,2,2,0,1,0.0,0,0,LEVE,0,4
0,1,0.0213046343070502,2,4,2,-13.178609,-74.22137,0,0,1,1,4,-1,-1,2,6543.555,2.0,-1,-1,1.0,0.4495936745003294,0.4495936745003294,1198.0,0.5305121431560528,73.7668210059112,27605.87794432548,12678.733000000004,1805.074000000001,1774.0339999999994,9099.625000000004,2485.375000000001,10193.358000000002,19.602707936195205,1,0,1,26.0,26.0,26.0,1.0,1.0,0.0,1.0,1,0,0.0,0.0,0.0,1.0,0.0,0.0,1.0,1.0,0.0,1.0,1,1,1,1,0,0,0,10,1,2022,3,25,4,0,1,2,2,0,1,0.0,0,0,LEVE,0,4
0,1,0.0131781243136393,2,6,4,-9.307166,-76.002489,0,0,7,0,4,-1,-1,4,6543.555,2.0,-1,-1,1.0,0.4495936745003294,0.4495936745003294,1198.0,0.5818337288935853,73.84436545241161,59227.28479657388,8209.057,1333.4779999999996,791.9770000000001,6083.602,1059.8589999999997,7149.198,12.910849565303296,1,0,1,43.0,43.0,43.0,1.0,0.0,0.0,1.0,1,0,0.0,0.0,1.0,0.0,1.0,0.0,0.0,1.0,0.0,0.0,1,1,1,1,0,0,0,10,1,2022,3,25,4,0,1,2,2,0,1,0.0,0,0,LEVE,0,4
0,1,0.0497474192839885,0,4,1,-4.75594792446089,-80.29782228265425,0,4,7,0,2,-1,-1,2,640.6200000000001,2.0,5,1,0.0,0.340764331210191,0.1266198111135515,72.0,0.4460358515525411,78.78138598624281,25138.147751606,8965.846000060003,1782.4120000599992,636.9959999999999,6546.438000000004,2214.505000059999,6751.341000000004,24.699342371541725,1,0,1,61.0,61.0,61.0,1.0,1.0,0.0,1.0,1,0,0.0,0.0,0.0,1.0,0.0,0.0,1.0,1.0,1.0,1.0,0,0,0,0,0,0,0,11,1,2022,3,25,4,0,1,0,2,0,1,0.0,0,0,LEVE,0,3
6,1,0.0902701515484296,2,4,1,-14.292153543743536,-71.21975426759026,2,3,1,0,2,0,1,2,7586.903,2.0,5,2,1.0,0.340764331210191,0.067428069404788,1198.0,0.5265643824923771,76.3202150422939,59032.11777301927,17779.13499998999,2097.37099999,2863.123,12818.640999999989,2878.713,14900.421999989989,16.19152450331032,1,0,0,61.0,61.0,61.0,1.0,0.0,0.0,0.0,1,0,0.0,0.0,0.0,1.0,1.0,0.0,0.0,0.0,1.0,0.0,0,0,0,0,0,0,0,7,1,2022,3,26,5,1,1,2,1,0,1,0.0,0,0,LEVE,0,4
10,1,0.0293213265978475,0,4,1,-5.674651,-77.675794,2,4,7,0,2,-1,-1,0,7758.33400008,2.0,5,2,1.0,0.340764331210191,0.0464528882055787,2133.0,0.395409368693869,74.01814372927417,22212.160599571733,5645.136,815.0759999999999,965.298,3864.762,1013.406,4631.73,17.95184385283189,2,1,0,39.0,39.0,39.0,1.0,1.0,0.0,0.0,2,1,1.0,0.0,0.0,1.0,1.0,0.0,0.0,1.0,1.0,1.0,0,0,0,0,0,0,0,13,2,2022,3,26,5,1,1,1,2,0,1,0.5,0,0,LEVE,0,2
0,1,0.2105205359103887,2,2,4,-12.025976610406657,-76.92000324652466,6,5,6,-1,6,-1,-1,0,6543.555,2.0,-1,-1,1.0,0.4495936745003294,0.4495936745003294,1198.0,0.6868549636939637,79.62363164345142,684921.8484148846,7626.313,1683.4029999999998,1599.0829999999996,4343.827000000001,1814.875,5811.438000000001,23.7975414856432,1,0,1,37.0,33.0,40.0,1.0,0.0,0.0,0.0,1,0,0.0,0.0,0.0,0.0,0.0,0.0,1.0,1.0,1.0,1.0,1,1,1,1,1,1,1,16,2,2022,3,26,5,1,1,0,2,0,1,0.0,0,0,LEVE,0,0
3,2,0.0821436415550186,0,4,1,-15.9302331,-69.8740858,0,4,7,0,2,0,1,2,7586.903,2.0,5,2,1.0,0.340764331210191,0.067428069404788,1198.0,0.3492776286092784,69.0024577433395,6084.453961456104,13642.312999999998,2020.7790000000005,2354.117,9267.416999999998,3314.0520000000006,10328.260999999997,24.29244952817019,2,0,0,52.5,47.0,58.0,1.0,1.0,0.0,0.0,2,0,0.0,1.0,0.0,1.0,0.0,1.0,1.0,0.0,1.0,0.0,0,0,0,0,0,0,0,17,2,2022,3,26,5,1,1,2,1,0,1,0.0,0,0,GRAVE_MORTALIDAD,2,4
6,1,0.0766527564243356,0,4,0,-15.99961631325248,-72.47631622169334,0,4,5,1,2,-1,-1,0,6543.555,2.0,-1,-1,1.0,0.4495936745003294,0.4495936745003294,1198.0,0.6024576531259656,74.85024130316643,8415.291220556745,10322.272,1495.236,1749.739,7077.2970000000005,2886.595,7435.677000000001,27.964725207783708,1,0,0,59.0,59.0,59.0,1.0,1.0,0.0,0.0,1,0,0.0,0.0,0.0,1.0,1.0,0.0,0.0,1.0,0.0,1.0,1,1,1,1,0,0,0,20,3,2022,3,26,5,1,1,0,2,0,1,0.0,1,0,LEVE,0,-1
6,1,0.0497474192839885,0,4,0,-4.920059432277141,-81.06372716643473,0,4,7,0,2,-1,-1,2,6543.555,2.0,-1,-1,1.0,0.4495936745003294,0.4495936745003294,1198.0,0.4665610762412708,82.14467689738757,13498.633832976446,8965.846000060003,1782.4120000599992,636.9959999999999,6546.438000000004,2214.505000059999,6751.341000000004,24.699342371541725,1,0,0,38.0,38.0,38.0,1.0,0.0,0.0,0.0,1,0,0.0,0.0,0.0,1.0,1.0,0.0,0.0,1.0,1.0,1.0,1,1,1,1,0,0,0,21,3,2022,3,26,5,1,1,0,2,0,1,0.0,0,0,LEVE,0,3
3,1,0.0902701515484296,0,4,1,-13.694242768343637,-71.59844714159948,0,4,0,1,2,0,1,2,7586.903,2.0,5,2,1.0,0.340764331210191,0.067428069404788,1198.0,0.4629184740681672,65.5665792285447,7985.920770877943,17779.13499998999,2097.37099999,2863.123,12818.640999999989,2878.713,14900.421999989989,16.19152450331032,2,0,0,43.5,38.0,49.0,1.0,0.0,1.0,1.0,2,0,0.0,0.0,0.0,1.0,0.0,1.0,0.0,0.0,0.0,0.0,0,0,0,0,0,0,0,21,3,2022,3,26,5,1,1,2,1,0,1,0.0,1,0,LEVE,0,4
3,2,0.0933450472216121,0,4,1,-7.776087,-79.251727,0,4,7,0,2,-1,-1,2,6543.555,3.0,5,2,1.0,0.1133318690972984,0.1133318690972984,1475.0,0.6137552402736777,77.488039372676,8413.593147751606,8931.828000000005,1335.5899999999997,1935.9830000000004,5660.255000000005,1219.309,7712.519000000005,13.651281686122925,2,0,0,42.5,40.0,45.0,1.0,1.0,1.0,1.0,2,0,0.0,0.0,1.0,0.0,1.0,0.0,1.0,0.0,1.0,1.0,0,0,0,0,0,0,0,21,3,2022,3,26,5,1,1,0,2,1,1,0.0,0,0,GRAVE_MORTALIDAD,2,1
3,1,0.0597408302218317,2,4,1,-7.16543873,-78.50264764,6,5,6,-1,6,-1,-1,0,9936.932,2.0,5,2,1.0,0.340764331210191,0.1266198111135515,3830.0,0.6070175276741574,73.19224654097276,257380.9443254818,15935.565011852366,1733.9250000199986,935.692,13265.948011832368,2000.1670000199988,13935.398011832369,12.551591352627522,1,0,0,29.0,29.0,29.0,1.0,0.0,0.0,0.0,1,0,0.0,0.0,0.0,1.0,1.0,0.0,0.0,0.0,0.0,0.0,0,0,0,0,0,0,0,23,3,2022,3,26,5,1,1,2,2,0,1,0.0,0,0,LEVE,0,1
1,1,0.2105205359103887,2,4,1,-12.2979310064019,-76.8538862432187,6,5,6,-1,6,-1,-1,0,6639.975,2.0,5,2,1.0,0.340764331210191,0.074236766966835,1616.0,0.6909236767275176,78.41626133969348,95908.53319057816,7626.313,1683.4029999999998,1599.0829999999996,4343.827000000001,1814.875,5811.438000000001,23.7975414856432,1,1,1,37.0,33.0,40.0,1.0,0.0,0.0,0.0,1,0,0.0,0.0,0.0,0.0,0.0,0.0,0.0,1.0,1.0,1.0,0,0,0,0,1,1,1,23,3,2022,3,26,5,1,1,0,2,0,1,1.0,0,0,LEVE,0,0
3,2,0.0821436415550186,0,4,1,-16.430825738404142,-69.16693919707568,0,4,0,1,2,0,1,2,7586.903,2.0,5,2,1.0,0.340764331210191,0.067428069404788,1198.0,0.2394362064959017,73.4288503002124,17422.250535331903,13642.312999999998,2020.7790000000005,2354.117,9267.416999999998,3314.0520000000006,10328.260999999997,24.29244952817019,2,0,0,37.0,31.0,43.0,1.0,0.0,0.0,0.0,2,0,0.0,0.0,0.0,1.0,0.0,1.0,0.0,0.0,1.0,0.0,0,0,0,0,0,0,0,2,0,2022,3,27,6,1,1,2,1,0,1,0.0,1,0,LEVE,0,4
6,1,0.0420601801010322,0,4,1,-10.94005315194511,-75.19719296823605,6,5,6,-1,6,-1,-1,0,5768.608,2.0,3,-1,0.0,0.340764331210191,0.1266198111135515,365.0,0.4295860411633357,74.52920034355449,73767.52890792291,12264.545,1826.4639999999995,1105.5389999999998,9332.542,1588.5359999999996,10676.009,12.952261987705208,1,0,0,27.0,27.0,27.0,1.0,0.0,0.0,0.0,1,0,0.0,0.0,0.0,1.0,1.0,0.0,0.0,0.0,1.0,0.0,0,0,0,0,0,0,0,5,0,2022,3,27,6,1,1,2,2,0,1,0.0,0,0,LEVE,0,4
3,2,0.0497474192839885,0,4,1,-4.8572942381084765,-80.30894809168305,0,4,7,0,2,-1,-1,2,640.6200000000001,2.0,5,1,0.0,0.340764331210191,0.1266198111135515,72.0,0.459857589992435,80.72202071327797,125429.93361884369,8965.846000060003,1782.4120000599992,636.9959999999999,6546.438000000004,2214.505000059999,6751.341000000004,24.699342371541725,2,0,0,35.0,32.0,38.0,1.0,0.0,0.0,1.0,2,0,0.0,1.0,0.0,1.0,0.0,1.0,1.0,1.0,1.0,1.0,0,0,0,0,0,0,0,6,1,2022,3,27,6,1,1,0,2,0,1,0.0,0,0,LEVE,0,3
3,2,0.0497474192839885,0,4,1,-4.5267446551044825,-80.47315803688726,0,4,7,0,2,-1,-1,2,410.779,2.0,5,1,0.0,0.340764331210191,0.1266198111135515,103.0,0.3726695067482696,77.5283182409139,12823.41113490364,8965.846000060003,1782.4120000599992,636.9959999999999,6546.438000000004,2214.505000059999,6751.341000000004,24.699342371541725,2,0,0,53.0,53.0,53.0,1.0,1.0,0.0,1.0,2,0,0.0,1.0,0.0,1.0,1.0,0.0,1.0,1.0,1.0,1.0,0,0,0,0,0,0,0,7,1,2022,3,27,6,1,1,0,2,0,1,0.0,0,0,LEVE,0,3
3,2,0.0821436415550186,0,4,1,-15.4194085,-70.0694522,7,4,7,0,2,-1,-1,2,1762.84,2.0,-1,2,0.0,0.340764331210191,0.1266198111135515,485.0,0.2399049659709538,73.66748174046536,4818.295503211992,13642.312999999998,2020.7790000000005,2354.117,9267.416999999998,3314.0520000000006,10328.260999999997,24.29244952817019,2,0,0,26.0,21.0,31.0,1.0,1.0,0.0,0.0,2,0,0.0,1.0,0.0,1.0,0.0,0.0,1.0,0.0,1.0,0.0,0,0,0,0,0,0,0,7,1,2022,3,27,6,1,1,2,2,0,1,0.0,0,0,LEVE,0,4
6,1,0.0597408302218317,0,4,2,-7.200335,-78.31018,0,4,0,1,1,-1,-1,0,6543.555,2.0,-1,-1,1.0,0.4495936745003294,0.4495936745003294,1198.0,0.2723221878437338,73.9254469105048,10335.051391862957,15935.565011852366,1733.9250000199986,935.692,13265.948011832368,2000.1670000199988,13935.398011832369,12.551591352627522,1,0,0,46.0,46.0,46.0,1.0,1.0,0.0,0.0,1,0,0.0,1.0,0.0,0.0,0.0,0.0,1.0,1.0,1.0,1.0,1,1,1,1,0,0,0,17,2,2022,3,27,6,1,1,2,2,0,1,0.0,1,1,GRAVE_LESIONADOS,1,1
3,2,0.0131781243136393,2,4,1,-9.3336001,-75.989034,7,4,0,1,2,1,0,2,693.175,2.0,5,1,0.0,0.340764331210191,0.0037338018888644,249.0,0.3514165953877426,72.32913425621899,9590.61670235546,8209.057,1333.4779999999996,791.9770000000001,6083.602,1059.8589999999997,7149.198,12.910849565303296,2,1,0,36.5,23.0,50.0,1.0,0.0,0.0,0.0,2,0,0.0,0.0,0.0,1.0,1.0,1.0,0.0,0.0,1.0,0.0,0,0,0,0,0,0,0,17,2,2022,3,27,6,1,1,2,1,0,1,0.5,1,0,GRAVE_LESIONADOS,1,4
0,1,0.2105205359103887,2,4,1,-12.0318839845185,-76.9880235183415,6,5,6,-1,6,-1,-1,0,875.67,2.0,5,2,1.0,0.0162530199868218,0.0124094003953437,156.0,0.6970617810314195,81.40501156526744,203379.9271948608,7626.313,1683.4029999999998,1599.0829999999996,4343.827000000001,1814.875,5811.438000000001,23.7975414856432,1,0,1,37.0,33.0,40.0,1.0,0.0,0.0,0.0,1,0,0.0,0.0,0.0,0.0,0.0,1.0,0.0,1.0,1.0,1.0,0,0,0,0,1,1,1,17,2,2022,3,27,6,1,1,0,2,0,1,0.0,0,0,LEVE,0,0
6,1,0.0193279156600043,0,4,1,-13.598955,-75.362833,5,4,7,0,2,-1,-1,0,1679.5849999999998,2.0,5,1,1.0,0.340764331210191,0.0082363276960245,315.0,0.5258594244692153,73.82156528983522,2062.04068522484,8511.426,1445.3929999999996,2008.516,5057.516999999999,1879.579,6631.846999999998,22.08300935706896,1,0,0,21.0,21.0,21.0,1.0,0.0,0.0,0.0,1,0,0.0,0.0,0.0,1.0,1.0,0.0,0.0,0.0,1.0,0.0,0,0,0,0,0,0,0,18,3,2022,3,27,6,1,1,2,2,0,1,0.0,0,0,LEVE,0,4
5,1,0.0497474192839885,0,4,0,-4.869924715571225,-81.0158176697112,0,4,0,1,2,-1,-1,0,6543.555,2.0,-1,-1,1.0,0.4495936745003294,0.4495936745003294,1198.0,0.5134125150148937,80.42101395764229,2286.0620985010705,8965.846000060003,1782.4120000599992,636.9959999999999,6546.438000000004,2214.505000059999,6751.341000000004,24.699342371541725,2,1,0,47.0,47.0,47.0,1.0,1.0,0.0,0.0,2,1,1.0,0.0,0.0,1.0,0.0,0.0,1.0,1.0,1.0,1.0,1,1,1,1,0,0,0,18,3,2022,3,27,6,1,1,0,2,0,1,0.5,1,0,LEVE,0,3
6,1,0.0497474192839885,0,4,1,-4.232034909771605,-81.17430923443803,0,4,0,1,2,1,0,2,6543.555,3.0,5,2,1.0,0.1133318690972984,0.1133318690972984,1475.0,0.5751392337522091,77.97866676358052,7348.017130620985,8965.846000060003,1782.4120000599992,636.9959999999999,6546.438000000004,2214.505000059999,6751.341000000004,24.699342371541725,1,0,0,37.0,33.0,40.0,1.0,1.0,0.0,0.0,1,0,0.0,1.0,0.0,0.0,0.0,0.0,1.0,1.0,1.0,1.0,0,0,0,0,1,1,1,18,3,2022,3,27,6,1,1,0,1,1,1,0.0,1,0,LEVE,0,13
3,2,0.2105205359103887,2,4,1,-11.61340138800391,-77.23109716729165,0,3,1,0,2,1,0,2,6543.555,3.0,5,2,1.0,0.1133318690972984,0.1133318690972984,1475.0,0.606011890732538,79.10580202061365,20981.39186295503,7626.313,1683.4029999999998,1599.0829999999996,4343.827000000001,1814.875,5811.438000000001,23.7975414856432,2,0,0,28.5,28.0,29.0,1.0,1.0,1.0,1.0,2,0,0.0,0.0,0.0,1.0,1.0,1.0,0.0,0.0,0.0,0.0,0,0,0,0,0,0,0,18,3,2022,3,27,6,1,1,0,1,1,1,0.0,0,0,LEVE,0,0
0,1,0.0902701515484296,0,4,1,-14.19004,-71.33704,2,4,7,0,2,-1,-1,4,7586.903,2.0,5,2,1.0,0.340764331210191,0.067428069404788,1198.0,0.4107458749971457,72.1547719826022,2466.282655246253,17779.13499998999,2097.37099999,2863.123,12818.640999999989,2878.713,14900.421999989989,16.19152450331032,1,0,1,34.0,34.0,34.0,1.0,0.0,0.0,1.0,1,0,0.0,0.0,0.0,1.0,0.0,0.0,1.0,0.0,0.0,0.0,0,0,0,0,0,0,0,21,3,2022,3,27,6,1,1,2,2,0,1,0.0,0,0,LEVE,0,4
6,1,0.0497474192839885,0,4,0,-4.916601433503071,-80.90234658692755,0,4,7,0,2,1,1,2,6543.555,2.0,-1,-1,1.0,0.4495936745003294,0.4495936745003294,1198.0,0.5428409581568773,81.13869061428008,12632.488222698072,8965.846000060003,1782.4120000599992,636.9959999999999,6546.438000000004,2214.505000059999,6751.341000000004,24.699342371541725,1,0,0,26.0,26.0,26.0,1.0,0.0,0.0,0.0,1,0,0.0,0.0,0.0,1.0,1.0,0.0,0.0,1.0,1.0,1.0,1,1,1,1,0,0,0,22,3,2022,3,27,6,1,1,0,2,0,1,0.0,0,0,LEVE,0,3
6,1,0.2105205359103887,2,7,4,-12.1135039034589,-77.0510165416255,6,5,6,-1,6,-1,-1,0,6543.555,2.0,-1,-1,1.0,0.4495936745003294,0.4495936745003294,1198.0,0.8326399351216524,80.31446032722859,87898.66595289079,7626.313,1683.4029999999998,1599.0829999999996,4343.827000000001,1814.875,5811.438000000001,23.7975414856432,1,0,0,37.0,33.0,40.0,1.0,0.0,0.0,0.0,1,0,0.0,0.0,0.0,1.0,0.0,1.0,0.0,1.0,1.0,1.0,1,1,1,1,1,1,1,7,1,2022,3,28,0,0,1,0,2,0,1,0.0,0,0,LEVE,0,0
6,1,0.0318471337579617,0,4,1,-8.59749149683882,-77.7673569121848,2,4,0,0,2,-1,-1,0,1703.219,1.0,2,1,0.0,0.340764331210191,0.0008785416209092,247.0,0.3402471183500948,73.78511110983891,2856.3661670235547,10767.648,1885.0630000000003,1222.721,7659.864000000001,2100.343,8667.305000000002,19.506051832303577,1,0,0,49.0,49.0,49.0,1.0,0.0,0.0,0.0,1,0,0.0,0.0,0.0,1.0,0.0,1.0,0.0,0.0,1.0,0.0,0,0,0,0,0,0,0,19,3,2022,3,28,0,0,1,0,2,0,1,0.0,0,0,GRAVE_LESIONADOS,1,1
10,1,0.0062596090489786,0,4,1,-12.542110676520997,-69.14294938385845,0,4,7,0,2,-1,-1,0,3263.58,2.0,5,2,1.0,0.0080166922907972,0.0080166922907972,566.0,0.525748215792057,74.03823732580896,9162.706638115633,2090.391,399.431,340.021,1350.9389999999996,493.824,1596.5669999999996,23.62352306338862,1,0,0,43.0,43.0,43.0,1.0,1.0,0.0,0.0,1,0,0.0,0.0,0.0,1.0,1.0,0.0,0.0,1.0,1.0,1.0,0,0,0,0,0,0,0,1,0,2022,3,29,1,0,1,1,2,0,1,0.0,0,0,LEVE,0,21