CLASE SINIESTRO,CANTIDAD DE VEHICULOS DAÑADOS,DEPARTAMENTO,ZONA,TIPO DE VÍA,RED VIAL,COORDENADAS LATITUD,COORDENADAS  LONGITUD,CONDICIÓN CLIMÁTICA,ZONIFICACIÓN,CARACTERÍSTICAS DE VÍA,PERFIL LONGITUDINAL VÍA,SUPERFICIE DE CALZADA,¿EXISTE SEÑAL VERTICAL?,¿EXISTE SEÑAL HORIZONTAL?,CAUSA FACTOR PRINCIPAL,MTC_RVN_LONGITUD_KM,MTC_RVN_N_CARRILES_MEDIANA,MTC_RVN_SUPERFICIE_DOMINANTE,MTC_RVN_ESTADO_DOMINANTE,MTC_RVN_ES_CONCESIONADA,MTC_RVN_CONCESION_PRINCIPAL,MTC_RVN_CORREDOR_LOGISTICO,MTC_RVN_N_TRAMOS,IDH_2019,IDH_ESP_VIDA_2019,IDH_POBLACION_2019,MTC_DEP_RED_TOTAL_KM,MTC_DEP_NACIONAL_TOTAL_KM,MTC_DEP_DEPARTAMENTAL_TOTAL_KM,MTC_DEP_VECINAL_TOTAL_KM,MTC_DEP_PAV_TOTAL_KM,MTC_DEP_NO_PAV_TOTAL_KM,MTC_DEP_PCT_PAVIMENTADA,PER_N_CONDUCTORES,PER_N_CONDUCTORES_FUGADOS,PER_N_PEATONES,PER_EDAD_COND_PROM,PER_EDAD_COND_MIN,PER_EDAD_COND_MAX,PER_ANY_COND_MASCULINO,PER_ANY_LIC_PROBLEMA,PER_ANY_DOSAJE_POS,PER_ANY_DOSAJE_EVALUADO,VEH_TOTAL,VEH_N_FUGADOS,VEH_ANY_FUGADO,VEH_ANY_CARGA,VEH_ANY_PUBLICO,VEH_ANY_PARTICULAR,VEH_ANY_MOTO,VEH_ANY_AUTO,VEH_ANY_CAMION_BUS,VEH_ANY_SOAT_PROBLEMA,VEH_ANY_CITV_PROBLEMA,VEH_ANY_SEGURO_PROBLEMA,MTC_RVN_LONGITUD_KM_ERA_NULO,MTC_RVN_N_CARRILES_MEDIANA_ERA_NULO,MTC_RVN_ES_CONCESIONADA_ERA_NULO,MTC_RVN_N_TRAMOS_ERA_NULO,PER_EDAD_COND_PROM_ERA_NULO,PER_EDAD_COND_MIN_ERA_NULO,PER_EDAD_COND_MAX_ERA_NULO,HORA_NUM,FRANJA_HORARIA,ANIO,MES,DIA_MES,DIA_SEMANA,ES_FIN_SEMANA,ES_QUINCENA,REGION_NATURAL,NIVEL_SEÑALIZACION_ORD,ES_VIA_MULTICARRIL,ES_DEPTO_BAJO_PAVIMENTO,RATIO_CONDUCTORES_FUGADOS,ES_CURVA_Y_PENDIENTE,ES_VIA_NO_PAVIMENTADA,CATEGORIA_SEVERIDAD,CATEGORIA_SEVERIDAD_ENC,CLUSTER
6,1,0.0902701515484296,0,4,1,-13.525397347780364,-71.7385437299712,0,4,7,0,2,-1,-1,2,3447.8009999999995,1.0,5,1,0.0,0.340764331210191,0.0101032286404568,1109.0,0.3026259544873475,73.96325815272854,5530.693790149893,17779.13499998999,2097.37099999,2863.123,12818.640999999989,2878.713,14900.421999989989,16.19152450331032,1,0,0,34.0,34.0,34.0,1.0,1.0,0.0,1.0,1,0,0.0,0.0,0.0,1.0,1.0,0.0,0.0,0.0,1.0,0.0,0,0,0,0,0,0,0,12,2,2022,4,25,0,0,1,2,2,0,1,0.0,0,0,LEVE,0,4
1,1,0.0351416648363716,0,4,1,-6.896417,-79.55292,6,5,6,-1,6,-1,-1,0,574.472,1.0,5,1,1.0,0.340764331210191,0.1266198111135515,139.0,0.5396489907562034,81.7229587411162,15028.072805139189,3459.691,515.0619999999999,689.7280000000001,2254.901,703.3549999999999,2756.336,20.329994788551925,1,1,0,37.0,33.0,40.0,0.0,0.0,0.0,0.0,1,1,1.0,0.0,0.0,0.0,0.0,0.0,0.0,0.0,0.0,1.0,0,0,0,0,1,1,1,17,2,2022,4,25,0,0,1,0,2,0,1,1.0,0,0,LEVE,0,1
0,1,0.0821436415550186,0,4,3,-16.2907659,-69.2001327,0,4,2,1,7,-1,-1,4,6543.555,2.0,-1,-1,1.0,0.4495936745003294,0.4495936745003294,1198.0,0.2877340121227977,76.22289581398884,708.2526766595288,13642.312999999998,2020.7790000000005,2354.117,9267.416999999998,3314.0520000000006,10328.260999999997,24.29244952817019,1,0,1,71.0,71.0,71.0,1.0,0.0,0.0,0.0,1,0,0.0,1.0,0.0,0.0,0.0,0.0,1.0,0.0,1.0,0.0,1,1,1,1,0,0,0,18,3,2022,4,25,0,0,1,2,2,0,1,0.0,0,1,LEVE,0,4
3,1,0.0821436415550186,2,4,1,-14.3608,-70.025842,0,3,7,0,2,-1,-1,2,359.1,-1.0,-1,2,0.0,0.340764331210191,0.1266198111135515,95.0,0.3798276108256661,68.84580694362505,8968.678800856529,13642.312999999998,2020.7790000000005,2354.117,9267.416999999998,3314.0520000000006,10328.260999999997,24.29244952817019,2,0,0,22.5,13.0,32.0,1.0,1.0,0.0,0.0,2,0,0.0,1.0,0.0,1.0,0.0,0.0,1.0,0.0,0.0,0.0,0,0,0,0,0,0,0,21,3,2022,4,25,0,0,1,2,2,0,1,0.0,0,0,LEVE,0,4
1,1,0.2105205359103887,2,4,1,-12.020773,-76.935817,6,5,6,-1,6,-1,-1,0,875.67,2.0,5,2,1.0,0.0162530199868218,0.0124094003953437,156.0,0.6831952456039544,78.60873873772867,255143.7301927195,7626.313,1683.4029999999998,1599.0829999999996,4343.827000000001,1814.875,5811.438000000001,23.7975414856432,1,1,1,37.0,33.0,40.0,0.0,0.0,0.0,0.0,1,1,1.0,0.0,0.0,0.0,0.0,0.0,0.0,0.0,0.0,1.0,0,0,0,0,1,1,1,6,1,2022,4,26,1,0,1,0,2,0,1,1.0,0,0,LEVE,0,0
6,1,0.0420601801010322,0,4,2,-11.265526651678677,-75.63482927665342,6,5,6,-1,6,-1,-1,0,6543.555,2.0,-1,-1,1.0,0.4495936745003294,0.4495936745003294,1198.0,0.4094314403899762,74.63978889880055,11960.32976445396,12264.545,1826.4639999999995,1105.5389999999998,9332.542,1588.5359999999996,10676.009,12.952261987705208,1,0,0,75.0,75.0,75.0,1.0,0.0,0.0,0.0,1,0,0.0,0.0,0.0,1.0,0.0,0.0,1.0,0.0,0.0,0.0,1,1,1,1,0,0,0,7,1,2022,4,26,1,0,1,2,2,0,1,0.0,0,0,LEVE,0,4
3,1,0.2105205359103887,2,2,4,-12.115687,-77.009914,6,5,6,-1,6,-1,-1,0,6543.555,2.0,-1,-1,1.0,0.4495936745003294,0.4495936745003294,1198.0,0.8171136689103559,80.21740365444107,88766.19486081369,7626.313,1683.4029999999998,1599.0829999999996,4343.827000000001,1814.875,5811.438000000001,23.7975414856432,2,0,0,37.0,33.0,40.0,1.0,1.0,0.0,0.0,2,0,0.0,0.0,0.0,1.0,1.0,0.0,0.0,1.0,1.0,1.0,1,1,1,1,1,1,1,10,1,2022,4,26,1,0,1,0,2,0,1,0.0,0,0,LEVE,0,0
0,1,0.0351416648363716,2,4,1,-6.469726,-79.855742,0,3,7,0,2,1,0,0,1305.18,2.0,5,2,1.0,0.0160333845815945,0.0464528882055787,163.0,0.4770436139919362,76.11127533587408,8931.798715203427,3459.691,515.0619999999999,689.7280000000001,2254.901,703.3549999999999,2756.336,20.329994788551925,1,0,1,28.0,28.0,28.0,1.0,1.0,0.0,0.0,1,0,0.0,0.0,0.0,1.0,0.0,1.0,0.0,1.0,1.0,1.0,0,0,0,0,0,0,0,14,2,2022,4,26,1,0,1,0,1,0,1,0.0,0,0,LEVE,0,1
3,2,0.0497474192839885,0,4,1,-5.30587037026959,-80.7009737569852,0,4,7,0,2,-1,-1,0,453.9549999999999,2.0,5,1,0.0,0.340764331210191,0.1266198111135515,133.0,0.5034350778485951,78.14388603810477,76220.84796573877,8965.846000060003,1782.4120000599992,636.9959999999999,6546.438000000004,2214.505000059999,6751.341000000004,24.699342371541725,2,0,0,26.0,24.0,28.0,1.0,1.0,0.0,1.0,2,0,0.0,0.0,0.0,1.0,1.0,0.0,0.0,0.0,1.0,1.0,0,0,0,0,0,0,0,15,2,2022,4,26,1,0,1,0,2,0,1,0.0,0,0,LEVE,0,3
7,1,0.0475510652317153,2,7,4,-13.671492,-76.153446,0,3,2,0,4,-1,-1,0,6543.555,2.0,-1,-1,1.0,0.4495936745003294,0.4495936745003294,1198.0,0.5723734005661165,76.14778354007997,24272.76659528908,3721.461,698.1859999999996,744.866,2278.409,1102.9029999999996,2618.558,29.636290693359403,1,0,0,37.0,33.0,40.0,1.0,0.0,0.0,0.0,1,0,0.0,1.0,0.0,0.0,0.0,0.0,1.0,0.0,0.0,0.0,1,1,1,1,1,1,1,23,3,2022,4,26,1,0,1,0,2,0,1,0.0,0,0,LEVE,0,7
6,1,0.0318471337579617,0,4,1,-8.57898229972838,-77.6251307817713,0,4,5,1,2,-1,-1,0,1703.219,1.0,2,1,0.0,0.340764331210191,0.0008785416209092,247.0,0.2235535999263506,73.45839458409556,2516.8950749464666,10767.648,1885.0630000000003,1222.721,7659.864000000001,2100.343,8667.305000000002,19.506051832303577,1,0,0,60.0,60.0,60.0,1.0,0.0,0.0,1.0,1,0,0.0,1.0,0.0,0.0,0.0,0.0,1.0,0.0,0.0,0.0,0,0,0,0,0,0,0,11,1,2022,4,27,2,0,1,0,2,0,1,0.0,1,0,LEVE,0,1
3,1,0.0821436415550186,0,4,0,-15.5669178051,-69.95664023,0,4,7,0,2,-1,-1,2,6543.555,2.0,-1,-1,1.0,0.4495936745003294,0.4495936745003294,1198.0,0.2054781999352204,72.86726952696264,7653.85653104925,13642.312999999998,2020.7790000000005,2354.117,9267.416999999998,3314.0520000000006,10328.260999999997,24.29244952817019,2,1,1,37.0,33.0,40.0,0.0,0.0,0.0,0.0,2,2,1.0,0.0,0.0,0.0,0.0,0.0,0.0,0.0,0.0,1.0,1,1,1,1,1,1,1,19,3,2022,4,27,2,0,1,2,2,0,1,0.5,0,0,LEVE,0,4
0,1,0.2105205359103887,2,2,4,-11.872143,-77.01105,6,5,6,-1,6,-1,-1,0,6543.555,2.0,-1,-1,1.0,0.4495936745003294,0.4495936745003294,1198.0,0.6498693508177541,78.84967382596041,356854.23554603854,7626.313,1683.4029999999998,1599.0829999999996,4343.827000000001,1814.875,5811.438000000001,23.7975414856432,1,0,1,51.0,51.0,51.0,1.0,0.0,0.0,0.0,1,0,0.0,0.0,0.0,1.0,1.0,0.0,0.0,1.0,1.0,1.0,1,1,1,1,0,0,0,20,3,2022,4,27,2,0,1,0,2,0,1,0.0,0,0,LEVE,0,0
10,1,0.0182297386338677,0,4,1,-13.515317,-73.706191,0,4,7,1,2,1,0,6,7586.903,2.0,5,2,1.0,0.340764331210191,0.067428069404788,1198.0,0.4192164217293653,68.17945161913431,6209.351177730193,8358.971,1282.451,1298.0969999999998,5778.423,1432.683,6926.288,17.139466089785454,1,0,0,39.0,39.0,39.0,1.0,0.0,0.0,0.0,1,0,0.0,0.0,0.0,1.0,1.0,0.0,0.0,0.0,1.0,0.0,0,0,0,0,0,0,0,23,3,2022,4,27,2,0,1,2,1,0,1,0.0,0,0,LEVE,0,4
3,2,0.0497474192839885,0,4,1,-5.888105,-80.535133,0,4,7,0,2,-1,-1,2,6543.555,3.0,5,2,1.0,0.1133318690972984,0.1133318690972984,1475.0,0.4860724693701166,72.15814961491549,48691.10064239828,8965.846000060003,1782.4120000599992,636.9959999999999,6546.438000000004,2214.505000059999,6751.341000000004,24.699342371541725,2,0,0,58.0,51.0,65.0,1.0,0.0,0.0,1.0,2,0,0.0,0.0,1.0,1.0,0.0,1.0,1.0,0.0,1.0,0.0,0,0,0,0,0,0,0,4,0,2022,4,28,3,0,1,0,2,1,1,0.0,0,0,GRAVE_MORTALIDAD,2,42
3,1,0.0318471337579617,0,4,1,-10.406937,-77.967914,0,4,0,0,2,-1,-1,0,6543.555,3.0,5,2,1.0,0.1133318690972984,0.1133318690972984,1475.0,0.594329796273136,79.51274210494626,25729.80728051392,10767.648,1885.0630000000003,1222.721,7659.864000000001,2100.343,8667.305000000002,19.506051832303577,2,0,0,32.0,22.0,42.0,1.0,0.0,0.0,1.0,2,0,0.0,1.0,0.0,1.0,1.0,0.0,1.0,0.0,1.0,0.0,0,0,0,0,0,0,0,6,1,2022,4,28,3,0,1,0,2,1,1,0.0,0,0,GRAVE_MORTALIDAD,2,0
3,1,0.2105205359103887,2,8,4,-12.083654,-77.043243,6,5,6,-1,6,-1,-1,0,6543.555,2.0,-1,-1,1.0,0.4495936745003294,0.4495936745003294,1198.0,0.8424277365452573,80.46794153446162,46298.76017130622,7626.313,1683.4029999999998,1599.0829999999996,4343.827000000001,1814.875,5811.438000000001,23.7975414856432,2,0,0,37.0,33.0,40.0,1.0,0.0,0.0,0.0,2,0,0.0,0.0,1.0,1.0,1.0,0.0,1.0,1.0,1.0,1.0,1,1,1,1,1,1,1,16,2,2022,4,28,3,0,1,0,2,0,1,0.0,0,0,LEVE,0,0
0,1,0.2105205359103887,2,4,1,-11.585092443615777,-77.20195230876205,0,3,7,0,2,-1,-1,4,782.3000000000001,-1.0,2,2,1.0,0.340764331210191,0.0024159894575005,161.0,0.606011890732538,79.10580202061365,20981.39186295503,7626.313,1683.4029999999998,1599.0829999999996,4343.827000000001,1814.875,5811.438000000001,23.7975414856432,1,0,1,62.0,62.0,62.0,1.0,0.0,0.0,1.0,1,0,0.0,0.0,1.0,0.0,0.0,0.0,1.0,0.0,0.0,0.0,0,0,0,0,0,0,0,17,2,2022,4,28,3,0,1,0,2,0,1,0.0,0,0,LEVE,0,0
3,1,0.2105205359103887,2,4,2,-11.969253,-76.937386,6,5,6,-1,6,-1,-1,0,6543.555,2.0,-1,-1,1.0,0.4495936745003294,0.4495936745003294,1198.0,0.6831952456039544,78.60873873772867,255143.7301927195,7626.313,1683.4029999999998,1599.0829999999996,4343.827000000001,1814.875,5811.438000000001,23.7975414856432,3,0,0,37.0,33.0,40.0,1.0,1.0,0.0,0.0,3,0,0.0,1.0,1.0,1.0,0.0,0.0,1.0,1.0,1.0,1.0,1,1,1,1,1,1,1,17,2,2022,4,28,3,0,1,0,2,0,1,0.0,0,0,LEVE,0,0
6,1,0.0318471337579617,0,4,2,-10.055217865907515,-77.53634927408044,0,4,0,1,7,1,0,2,6543.555,2.0,-1,-1,1.0,0.4495936745003294,0.4495936745003294,1198.0,0.2449923595939519,70.15378473931952,1042.419700214133,10767.648,1885.0630000000003,1222.721,7659.864000000001,2100.343,8667.305000000002,19.506051832303577,1,0,0,41.0,41.0,41.0,1.0,0.0,0.0,0.0,1,0,0.0,0.0,1.0,0.0,0.0,0.0,1.0,0.0,0.0,0.0,1,1,1,1,0,0,0,0,0,2022,4,29,4,0,1,0,1,0,1,0.0,1,1,LEVE,0,20
0,1,0.0072479683725016,2,4,0,-3.8854225,-73.3516438,0,4,0,1,2,0,0,4,6543.555,2.0,-1,-1,1.0,0.4495936745003294,0.4495936745003294,1198.0,0.578134350962316,72.90307998335238,149460.57173447538,1095.5949999999998,128.87099999999998,320.74700000000007,645.9769999999999,274.214,821.381,25.02877431897737,1,0,1,25.0,25.0,25.0,1.0,0.0,0.0,0.0,1,0,0.0,0.0,0.0,0.0,1.0,0.0,0.0,1.0,1.0,1.0,1,1,1,1,0,0,0,16,2,2022,4,29,4,0,1,1,0,0,1,0.0,1,0,LEVE,0,23
6,1,0.2105205359103887,2,4,1,-12.0300017597309,-76.9944029603122,6,5,6,-1,6,-1,-1,0,6543.555,3.0,5,2,1.0,0.1133318690972984,0.1133318690972984,1475.0,0.6970617810314195,81.40501156526744,203379.9271948608,7626.313,1683.4029999999998,1599.0829999999996,4343.827000000001,1814.875,5811.438000000001,23.7975414856432,2,0,0,37.0,33.0,40.0,1.0,1.0,0.0,0.0,2,0,0.0,0.0,0.0,1.0,1.0,0.0,1.0,1.0,1.0,1.0,0,0,0,0,1,1,1,17,2,2022,4,29,4,0,1,0,2,1,1,0.0,0,0,LEVE,0,0
0,1,0.0766527564243356,2,2,4,-16.41071,-71.504341,0,0,1,1,2,0,1,0,6543.555,2.0,-1,-1,1.0,0.4495936745003294,0.4495936745003294,1198.0,0.6497628344872909,78.50677470622946,126056.75374732334,10322.272,1495.236,1749.739,7077.2970000000005,2886.595,7435.677000000001,27.964725207783708,1,0,2,74.0,74.0,74.0,1.0,0.0,0.0,0.0,1,0,0.0,0.0,0.0,1.0,0.0,1.0,0.0,0.0,0.0,0.0,1,1,1,1,0,0,0,19,3,2022,4,29,4,0,1,0,1,0,1,0.0,0,0,LEVE,0,4
0,1,0.0902701515484296,0,4,1,-13.606023773923676,-71.7527789836053,0,4,7,0,2,-1,-1,2,7586.903,2.0,5,2,1.0,0.340764331210191,0.067428069404788,1198.0,0.4475472256372688,60.13165495576951,4267.871520342612,17779.13499998999,2097.37099999,2863.123,12818.640999999989,2878.713,14900.421999989989,16.19152450331032,1,0,1,28.0,28.0,28.0,1.0,0.0,0.0,1.0,1,0,0.0,0.0,1.0,0.0,0.0,0.0,1.0,0.0,0.0,0.0,0,0,0,0,0,0,0,20,3,2022,4,29,4,0,1,2,2,0,1,0.0,0,0,LEVE,0,4
3,2,0.0933450472216121,2,4,2,-7.239658,-79.464864,0,0,7,0,2,-1,-1,2,6543.555,2.0,-1,-1,1.0,0.4495936745003294,0.4495936745003294,1198.0,0.5650979329787121,81.32490571897102,43897.946466809415,8931.828000000005,1335.5899999999997,1935.9830000000004,5660.255000000005,1219.309,7712.519000000005,13.651281686122925,2,0,0,38.5,29.0,48.0,1.0,1.0,0.0,0.0,2,0,0.0,0.0,0.0,1.0,1.0,0.0,0.0,1.0,0.0,1.0,1,1,1,1,0,0,0,20,3,2022,4,29,4,0,1,0,2,0,1,0.0,0,0,LEVE,0,1
3,2,0.0933450472216121,0,4,1,-7.997595822678272,-78.43345642106226,0,4,7,0,2,-1,-1,0,610.6099999999999,2.0,5,2,1.0,0.0133977597188666,0.0065890621568196,100.0,0.2349699105554188,75.2091789357463,8887.982869379015,8931.828000000005,1335.5899999999997,1935.9830000000004,5660.255000000005,1219.309,7712.519000000005,13.651281686122925,2,0,0,39.5,37.0,42.0,1.0,1.0,0.0,0.0,2,0,0.0,0.0,0.0,1.0,1.0,0.0,1.0,0.0,0.0,1.0,0,0,0,0,0,0,0,21,3,2022,4,29,4,0,1,0,2,0,1,0.0,0,0,LEVE,0,1
0,1,0.2105205359103887,2,4,1,-11.930346,-76.691038,6,5,6,-1,6,-1,-1,0,875.67,2.0,5,2,1.0,0.0162530199868218,0.0124094003953437,156.0,0.6831952456039544,78.60873873772867,255143.7301927195,7626.313,1683.4029999999998,1599.0829999999996,4343.827000000001,1814.875,5811.438000000001,23.7975414856432,1,0,1,37.0,33.0,40.0,1.0,1.0,0.0,0.0,1,0,0.0,0.0,0.0,1.0,1.0,0.0,0.0,1.0,1.0,1.0,0,0,0,0,1,1,1,21,3,2022,4,29,4,0,1,0,2,0,1,0.0,0,0,LEVE,0,0
3,2,0.0475510652317153,0,4,1,-13.815436,-76.147472,0,4,7,0,2,-1,-1,0,6639.975,2.0,5,2,1.0,0.340764331210191,0.074236766966835,1616.0,0.5257121437129864,76.7626302266846,12641.751605995718,3721.461,698.1859999999996,744.866,2278.409,1102.9029999999996,2618.558,29.636290693359403,2,0,0,40.5,30.0,51.0,1.0,0.0,0.0,0.0,2,0,0.0,1.0,0.0,1.0,0.0,0.0,1.0,0.0,1.0,0.0,0,0,0,0,0,0,0,22,3,2022,4,29,4,0,1,0,2,0,1,0.0,0,0,LEVE,0,7
0,1,0.0597408302218317,2,6,4,-7.155308263073852,-78.45969109857981,0,3,7,0,2,-1,-1,4,6543.555,2.0,-1,-1,1.0,0.4495936745003294,0.4495936745003294,1198.0,0.4873182795359782,74.24096566709692,48280.91862955032,15935.565011852366,1733.9250000199986,935.692,13265.948011832368,2000.1670000199988,13935.398011832369,12.551591352627522,1,0,1,34.0,34.0,34.0,1.0,0.0,0.0,1.0,1,0,0.0,1.0,0.0,0.0,1.0,0.0,0.0,0.0,1.0,0.0,1,1,1,1,0,0,0,9,1,2022,4,30,5,1,1,2,2,0,1,0.0,0,0,LEVE,0,1
0,1,0.0933450472216121,0,4,1,-7.231615,-79.450002,0,4,7,0,2,-1,-1,2,6543.555,3.0,5,2,1.0,0.1133318690972984,0.1133318690972984,1475.0,0.5885704819472196,78.81449187577415,48424.389721627405,8931.828000000005,1335.5899999999997,1935.9830000000004,5660.255000000005,1219.309,7712.519000000005,13.651281686122925,1,0,1,21.0,21.0,21.0,1.0,0.0,0.0,0.0,1,0,0.0,0.0,0.0,1.0,1.0,0.0,0.0,1.0,0.0,1.0,0,0,0,0,0,0,0,14,2,2022,4,30,5,1,1,0,2,1,1,0.0,0,0,LEVE,0,1
6,1,0.0933450472216121,0,4,1,-7.226003,-79.442813,0,4,7,0,2,-1,-1,0,6543.555,3.0,5,2,1.0,0.1133318690972984,0.1133318690972984,1475.0,0.5885704819472196,78.81449187577415,48424.389721627405,8931.828000000005,1335.5899999999997,1935.9830000000004,5660.255000000005,1219.309,7712.519000000005,13.651281686122925,1,0,0,50.0,50.0,50.0,1.0,1.0,0.0,0.0,1,0,0.0,0.0,0.0,1.0,1.0,0.0,0.0,1.0,0.0,1.0,0,0,0,0,0,0,0,16,2,2022,4,30,5,1,1,0,2,1,1,0.0,0,0,LEVE,0,1
0,1,0.0161432022842082,2,4,2,-17.938476323692324,-70.18531157553551,0,2,7,0,2,-1,-1,4,6543.555,2.0,-1,-1,1.0,0.4495936745003294,0.4495936745003294,1198.0,0.5641024368795592,75.92272795243385,3316.1434689507496,2650.572,630.6729999999998,487.3610000000001,1532.5379999999998,1068.7019999999998,1581.87,40.31967439480987,1,0,1,41.0,41.0,41.0,1.0,0.0,0.0,1.0,1,0,0.0,0.0,0.0,1.0,1.0,0.0,0.0,1.0,1.0,1.0,1,1,1,1,0,0,0,17,2,2022,4,30,5,1,1,0,2,0,1,0.0,0,0,LEVE,0,15
0,1,0.2105205359103887,2,4,1,-12.36425,-76.792136,6,5,6,-1,6,-1,-1,0,6639.975,2.0,5,2,1.0,0.340764331210191,0.074236766966835,1616.0,0.6997623570346938,76.1024633480164,8292.871520342613,7626.313,1683.4029999999998,1599.0829999999996,4343.827000000001,1814.875,5811.438000000001,23.7975414856432,1,0,1,37.0,33.0,40.0,1.0,0.0,0.0,0.0,1,0,0.0,0.0,0.0,1.0,0.0,0.0,1.0,1.0,1.0,1.0,0,0,0,0,1,1,1,18,3,2022,4,30,5,1,1,0,2,0,1,0.0,0,0,LEVE,0,0
3,2,0.0475510652317153,0,4,1,-14.797733,-75.008648,0,4,7,1,2,-1,-1,0,6639.975,2.0,5,2,1.0,0.340764331210191,0.074236766966835,1616.0,0.5563774842369664,77.00938809632027,27932.19700214133,3721.461,698.1859999999996,744.866,2278.409,1102.9029999999996,2618.558,29.636290693359403,2,0,0,32.5,26.0,39.0,1.0,0.0,0.0,0.0,2,0,0.0,1.0,0.0,1.0,0.0,1.0,1.0,0.0,0.0,0.0,0,0,0,0,0,0,0,21,3,2022,4,30,5,1,1,0,2,0,1,0.0,0,0,GRAVE_MORTALIDAD,2,8
6,1,0.0475510652317153,2,4,1,-14.014031,-75.763981,0,3,7,0,2,-1,-1,0,6639.975,2.0,5,2,1.0,0.340764331210191,0.074236766966835,1616.0,0.6350781586942635,79.3721196581268,31104.417558886507,3721.461,698.1859999999996,744.866,2278.409,1102.9029999999996,2618.558,29.636290693359403,1,0,0,26.0,26.0,26.0,1.0,0.0,0.0,0.0,1,0,0.0,0.0,0.0,1.0,1.0,0.0,0.0,1.0,1.0,1.0,0,0,0,0,0,0,0,2,0,2022,5,1,6,1,0,0,2,0,1,0.0,0,0,LEVE,0,7
1,1,0.0475510652317153,2,4,1,-13.709009,-76.152234,0,3,7,0,2,0,1,0,6639.975,2.0,5,2,1.0,0.340764331210191,0.074236766966835,1616.0,0.5696694820585885,76.2909275323045,19052.702355460384,3721.461,698.1859999999996,744.866,2278.409,1102.9029999999996,2618.558,29.636290693359403,1,1,1,37.0,33.0,40.0,0.0,0.0,0.0,0.0,1,1,1.0,0.0,0.0,0.0,0.0,0.0,0.0,0.0,0.0,1.0,0,0,0,0,1,1,1,5,0,2022,5,1,6,1,0,0,1,0,1,1.0,0,0,LEVE,0,7
5,1,0.0351416648363716,0,4,1,-6.72289,-79.892609,5,4,7,0,2,1,0,0,6543.555,3.0,5,2,1.0,0.1133318690972984,0.1133318690972984,1475.0,0.5539280527450423,74.69452916859504,79617.09421841543,3459.691,515.0619999999999,689.7280000000001,2254.901,703.3549999999999,2756.336,20.329994788551925,2,1,0,27.0,27.0,27.0,1.0,0.0,0.0,0.0,2,1,1.0,0.0,0.0,1.0,1.0,0.0,0.0,1.0,0.0,1.0,0,0,0,0,0,0,0,5,0,2022,5,1,6,1,0,0,1,1,1,0.5,0,0,LEVE,0,1
1,1,0.2105205359103887,0,4,1,-11.0422,-77.58955,0,4,7,0,2,1,0,4,6543.555,3.0,5,2,1.0,0.1133318690972984,0.1133318690972984,1475.0,0.644332113046051,78.61218205687396,36044.03426124197,7626.313,1683.4029999999998,1599.0829999999996,4343.827000000001,1814.875,5811.438000000001,23.7975414856432,1,1,1,37.0,33.0,40.0,0.0,0.0,0.0,0.0,1,1,1.0,0.0,0.0,0.0,0.0,0.0,0.0,0.0,0.0,1.0,0,0,0,0,1,1,1,5,0,2022,5,1,6,1,0,0,1,1,1,1.0,0,0,LEVE,0,0
6,1,0.0902701515484296,0,4,1,-13.607601,-71.729269,0,4,7,0,2,1,1,0,7586.903,2.0,5,2,1.0,0.340764331210191,0.067428069404788,1198.0,0.4475472256372688,60.13165495576951,4267.871520342612,17779.13499998999,2097.37099999,2863.123,12818.640999999989,2878.713,14900.421999989989,16.19152450331032,1,0,0,20.0,20.0,20.0,1.0,1.0,0.0,0.0,1,0,0.0,0.0,0.0,1.0,1.0,0.0,0.0,1.0,0.0,1.0,0,0,0,0,0,0,0,6,1,2022,5,1,6,1,0,2,2,0,1,0.0,0,0,LEVE,0,4
6,1,0.0193279156600043,0,4,0,-12.891884,-74.681556,0,4,7,1,1,-1,-1,0,6543.555,2.0,-1,-1,1.0,0.4495936745003294,0.4495936745003294,1198.0,0.2047632462515533,74.35978212711643,8176.45182012848,8511.426,1445.3929999999996,2008.516,5057.516999999999,1879.579,6631.846999999998,22.08300935706896,1,0,0,17.0,17.0,17.0,1.0,1.0,0.0,0.0,1,0,0.0,0.0,0.0,1.0,0.0,1.0,0.0,0.0,0.0,0.0,1,1,1,1,0,0,0,6,1,2022,5,1,6,1,0,2,2,0,1,0.0,0,1,LEVE,0,4
6,1,0.0902701515484296,0,4,3,-14.823329,-71.341451,0,4,7,0,2,-1,-1,0,6543.555,2.0,-1,-1,1.0,0.4495936745003294,0.4495936745003294,1198.0,0.553052655456334,69.21726434550523,33976.192719486084,17779.13499998999,2097.37099999,2863.123,12818.640999999989,2878.713,14900.421999989989,16.19152450331032,1,0,0,46.0,46.0,46.0,1.0,0.0,0.0,1.0,1,0,0.0,0.0,0.0,1.0,0.0,1.0,0.0,0.0,0.0,0.0,1,1,1,1,0,0,0,6,1,2022,5,1,6,1,0,2,2,0,1,0.0,0,0,LEVE,0,4
6,0,0.0182297386338677,2,4,2,-13.529885,-73.674085,7,0,1,1,2,-1,-1,6,6543.555,2.0,-1,-1,1.0,0.4495936745003294,0.4495936745003294,1198.0,0.5563774842369664,77.00938809632027,27932.19700214133,8358.971,1282.451,1298.0969999999998,5778.423,1432.683,6926.288,17.139466089785454,1,0,0,47.0,47.0,47.0,1.0,1.0,0.0,0.0,1,0,0.0,1.0,0.0,0.0,1.0,0.0,0.0,1.0,1.0,1.0,1,1,1,1,0,0,0,10,1,2022,5,1,6,1,0,2,2,0,1,0.0,0,0,LEVE,0,4