CLASE SINIESTRO,CANTIDAD DE VEHICULOS DAÑADOS,DEPARTAMENTO,ZONA,TIPO DE VÍA,RED VIAL,COORDENADAS LATITUD,COORDENADAS  LONGITUD,CONDICIÓN CLIMÁTICA,ZONIFICACIÓN,CARACTERÍSTICAS DE VÍA,PERFIL LONGITUDINAL VÍA,SUPERFICIE DE CALZADA,¿EXISTE SEÑAL VERTICAL?,¿EXISTE SEÑAL HORIZONTAL?,CAUSA FACTOR PRINCIPAL,MTC_RVN_LONGITUD_KM,MTC_RVN_N_CARRILES_MEDIANA,MTC_RVN_SUPERFICIE_DOMINANTE,MTC_RVN_ESTADO_DOMINANTE,MTC_RVN_ES_CONCESIONADA,MTC_RVN_CONCESION_PRINCIPAL,MTC_RVN_CORREDOR_LOGISTICO,MTC_RVN_N_TRAMOS,IDH_2019,IDH_ESP_VIDA_2019,IDH_POBLACION_2019,MTC_DEP_RED_TOTAL_KM,MTC_DEP_NACIONAL_TOTAL_KM,MTC_DEP_DEPARTAMENTAL_TOTAL_KM,MTC_DEP_VECINAL_TOTAL_KM,MTC_DEP_PAV_TOTAL_KM,MTC_DEP_NO_PAV_TOTAL_KM,MTC_DEP_PCT_PAVIMENTADA,PER_N_CONDUCTORES,PER_N_CONDUCTORES_FUGADOS,PER_N_PEATONES,PER_EDAD_COND_PROM,PER_EDAD_COND_MIN,PER_EDAD_COND_MAX,PER_ANY_COND_MASCULINO,PER_ANY_LIC_PROBLEMA,PER_ANY_DOSAJE_POS,PER_ANY_DOSAJE_EVALUADO,VEH_TOTAL,VEH_N_FUGADOS,VEH_ANY_FUGADO,VEH_ANY_CARGA,VEH_ANY_PUBLICO,VEH_ANY_PARTICULAR,VEH_ANY_MOTO,VEH_ANY_AUTO,VEH_ANY_CAMION_BUS,VEH_ANY_SOAT_PROBLEMA,VEH_ANY_CITV_PROBLEMA,VEH_ANY_SEGURO_PROBLEMA,MTC_RVN_LONGITUD_KM_ERA_NULO,MTC_RVN_N_CARRILES_MEDIANA_ERA_NULO,MTC_RVN_ES_CONCESIONADA_ERA_NULO,MTC_RVN_N_TRAMOS_ERA_NULO,PER_EDAD_COND_PROM_ERA_NULO,PER_EDAD_COND_MIN_ERA_NULO,PER_EDAD_COND_MAX_ERA_NULO,HORA_NUM,FRANJA_HORARIA,ANIO,MES,DIA_MES,DIA_SEMANA,ES_FIN_SEMANA,ES_QUINCENA,REGION_NATURAL,NIVEL_SEÑALIZACION_ORD,ES_VIA_MULTICARRIL,ES_DEPTO_BAJO_PAVIMENTO,RATIO_CONDUCTORES_FUGADOS,ES_CURVA_Y_PENDIENTE,ES_VIA_NO_PAVIMENTADA,CATEGORIA_SEVERIDAD,CATEGORIA_SEVERIDAD_ENC,CLUSTER
3,1,0.0318471337579617,0,4,1,-10.21200346185269,-78.04846020880257,0,4,0,0,2,-1,-1,0,6543.555,3.0,5,2,1.0,0.1133318690972984,0.1133318690972984,1475.0,0.594329796273136,79.51274210494626,25729.80728051392,10767.648,1885.0630000000003,1222.721,7659.864000000001,2100.343,8667.305000000002,19.506051832303577,2,0,0,52.5,34.0,71.0,1.0,0.0,0.0,1.0,2,0,0.0,1.0,0.0,0.0,0.0,0.0,1.0,0.0,0.0,0.0,0,0,0,0,0,0,0,14,2,2022,5,1,6,1,0,0,2,1,1,0.0,0,0,GRAVE_MORTALIDAD,2,35
6,1,0.0193279156600043,0,4,2,-13.074455,-74.657114,0,4,3,1,1,-1,-1,0,6543.555,2.0,-1,-1,1.0,0.4495936745003294,0.4495936745003294,1198.0,0.3648777342527826,72.61386206398959,24733.083511777302,8511.426,1445.3929999999996,2008.516,5057.516999999999,1879.579,6631.846999999998,22.08300935706896,1,0,0,40.0,40.0,40.0,1.0,0.0,0.0,0.0,1,0,0.0,0.0,1.0,0.0,1.0,0.0,0.0,0.0,0.0,0.0,1,1,1,1,0,0,0,14,2,2022,5,1,6,1,0,2,2,0,1,0.0,0,1,GRAVE_MORTALIDAD,2,4
6,1,0.0213046343070502,0,4,1,-13.34226175,-74.17256924,0,4,0,1,7,1,0,6,7586.903,2.0,5,2,1.0,0.340764331210191,0.067428069404788,1198.0,0.3247312330485405,68.57537050324747,6998.3704496788005,12678.733000000004,1805.074000000001,1774.0339999999994,9099.625000000004,2485.375000000001,10193.358000000002,19.602707936195205,1,0,0,23.0,23.0,23.0,1.0,0.0,0.0,0.0,1,0,0.0,0.0,0.0,1.0,0.0,1.0,0.0,0.0,0.0,0.0,0,0,0,0,0,0,0,17,2,2022,5,1,6,1,0,2,1,0,1,0.0,1,1,GRAVE_LESIONADOS,1,4
3,2,0.0597408302218317,2,4,1,-7.14752309,-78.52239026,0,0,2,-1,2,-1,-1,0,9936.932,2.0,5,2,1.0,0.340764331210191,0.1266198111135515,3830.0,0.6070175276741574,73.19224654097276,257380.9443254818,15935.565011852366,1733.9250000199986,935.692,13265.948011832368,2000.1670000199988,13935.398011832369,12.551591352627522,2,0,0,23.0,19.0,27.0,1.0,1.0,0.0,0.0,2,0,0.0,0.0,0.0,1.0,1.0,1.0,0.0,0.0,0.0,0.0,0,0,0,0,0,0,0,18,3,2022,5,1,6,1,0,2,2,0,1,0.0,0,0,LEVE,0,1
6,1,0.0821436415550186,0,4,1,-16.61708505221071,-69.42479615457934,0,4,0,0,2,-1,-1,2,1529.105,2.0,5,2,1.0,0.340764331210191,0.0038436195914781,200.0,0.2671908646315166,73.48292793161005,20223.04710920771,13642.312999999998,2020.7790000000005,2354.117,9267.416999999998,3314.0520000000006,10328.260999999997,24.29244952817019,1,0,0,60.0,60.0,60.0,1.0,0.0,0.0,0.0,1,0,0.0,0.0,0.0,1.0,1.0,0.0,0.0,1.0,0.0,1.0,0,0,0,0,0,0,0,18,3,2022,5,1,6,1,0,2,2,0,1,0.0,0,0,LEVE,0,4
6,1,0.0766527564243356,0,4,1,-17.144423,-71.829075,0,4,0,0,2,1,1,0,1926.94,2.0,5,2,1.0,0.340764331210191,0.1266198111135515,393.0,0.61639083938292,77.65150347430681,6725.137044967881,10322.272,1495.236,1749.739,7077.2970000000005,2886.595,7435.677000000001,27.964725207783708,1,0,0,26.0,26.0,26.0,1.0,0.0,0.0,0.0,1,0,0.0,0.0,0.0,1.0,1.0,0.0,0.0,0.0,1.0,0.0,0,0,0,0,0,0,0,22,3,2022,5,1,6,1,0,0,2,0,1,0.0,0,0,GRAVE_MORTALIDAD,2,4
1,1,0.0420601801010322,0,4,1,-12.154393,-75.217452,0,4,7,0,2,-1,-1,2,7586.903,2.0,5,2,1.0,0.340764331210191,0.067428069404788,1198.0,0.4322371864064515,73.89410123183234,2366.9871520342613,12264.545,1826.4639999999995,1105.5389999999998,9332.542,1588.5359999999996,10676.009,12.952261987705208,1,1,1,37.0,33.0,40.0,0.0,0.0,0.0,0.0,1,1,1.0,0.0,0.0,0.0,0.0,0.0,0.0,0.0,0.0,1.0,0,0,0,0,1,1,1,22,3,2022,5,1,6,1,0,2,2,0,1,1.0,0,0,LEVE,0,4
6,1,0.0420601801010322,0,4,3,-11.815478348930611,-74.31420486382191,6,5,6,-1,6,-1,-1,0,6543.555,2.0,-1,-1,1.0,0.4495936745003294,0.4495936745003294,1198.0,0.3570817332180048,73.74932476832508,66993.35796966725,12264.545,1826.4639999999995,1105.5389999999998,9332.542,1588.5359999999996,10676.009,12.952261987705208,1,0,0,21.0,21.0,21.0,1.0,0.0,0.0,0.0,1,0,0.0,0.0,0.0,1.0,1.0,0.0,0.0,1.0,1.0,1.0,1,1,1,1,0,0,0,1,0,2022,5,2,0,0,0,2,2,0,1,0.0,0,0,LEVE,0,-1
6,1,0.0902701515484296,0,4,2,-14.170324,-71.558414,0,4,0,1,7,-1,-1,2,6543.555,2.0,-1,-1,1.0,0.4495936745003294,0.4495936745003294,1198.0,0.3019380525213365,67.820248318162,12588.336188436831,17779.13499998999,2097.37099999,2863.123,12818.640999999989,2878.713,14900.421999989989,16.19152450331032,1,0,0,52.0,52.0,52.0,1.0,0.0,0.0,0.0,1,0,0.0,0.0,0.0,1.0,0.0,1.0,0.0,0.0,0.0,0.0,1,1,1,1,0,0,0,2,0,2022,5,2,0,0,0,2,2,0,1,0.0,1,1,GRAVE_MORTALIDAD,2,4
0,1,0.2105205359103887,2,4,1,-12.478985,-76.74743,0,2,7,0,2,-1,-1,0,6639.975,2.0,5,2,1.0,0.340764331210191,0.074236766966835,1616.0,0.7033052422048006,79.27699023084553,18759.880085653105,7626.313,1683.4029999999998,1599.0829999999996,4343.827000000001,1814.875,5811.438000000001,23.7975414856432,1,0,1,47.0,47.0,47.0,1.0,0.0,0.0,1.0,1,0,0.0,0.0,0.0,1.0,0.0,1.0,0.0,0.0,1.0,0.0,0,0,0,0,0,0,0,5,0,2022,5,2,0,0,0,0,2,0,1,0.0,0,0,LEVE,0,0
10,2,0.0475510652317153,0,4,1,-13.461462,-76.136362,0,4,7,0,2,-1,-1,2,6639.975,2.0,5,2,1.0,0.340764331210191,0.074236766966835,1616.0,0.5587971735938619,78.87090394897412,8209.766595289078,3721.461,698.1859999999996,744.866,2278.409,1102.9029999999996,2618.558,29.636290693359403,3,1,0,44.0,25.0,63.0,1.0,0.0,0.0,0.0,3,1,1.0,0.0,0.0,1.0,1.0,1.0,0.0,0.0,1.0,1.0,0,0,0,0,0,0,0,6,1,2022,5,2,0,0,0,0,2,0,1,0.3333333333333333,0,0,GRAVE_MORTALIDAD,2,7
0,1,0.0318471337579617,2,4,1,-9.22590221023343,-77.6851273339738,0,4,7,1,2,1,1,0,9936.932,2.0,5,2,1.0,0.340764331210191,0.1266198111135515,3830.0,0.3994345797094905,73.3402525828232,6070.019271948609,10767.648,1885.0630000000003,1222.721,7659.864000000001,2100.343,8667.305000000002,19.506051832303577,1,0,1,55.0,55.0,55.0,1.0,0.0,0.0,0.0,1,0,0.0,0.0,1.0,0.0,0.0,0.0,1.0,0.0,0.0,0.0,0,0,0,0,0,0,0,7,1,2022,5,2,0,0,0,0,2,0,1,0.0,0,0,LEVE,0,20
0,0,0.2105205359103887,2,2,4,-12.012219,-77.078756795,0,0,7,0,2,-1,-1,0,6543.555,2.0,-1,-1,1.0,0.4495936745003294,0.4495936745003294,1198.0,0.758462599563312,80.5192231989937,363987.54389721627,7626.313,1683.4029999999998,1599.0829999999996,4343.827000000001,1814.875,5811.438000000001,23.7975414856432,1,0,1,44.0,44.0,44.0,1.0,0.0,0.0,1.0,1,0,0.0,1.0,0.0,0.0,0.0,0.0,1.0,1.0,1.0,0.0,1,1,1,1,0,0,0,15,2,2022,5,2,0,0,0,0,2,0,1,0.0,0,0,LEVE,0,0
6,1,0.2105205359103887,2,2,4,-12.040892,-76.961945,0,3,7,0,2,-1,-1,0,6543.555,2.0,-1,-1,1.0,0.4495936745003294,0.4495936745003294,1198.0,0.7347309224519117,80.70014842215761,229834.5310492505,7626.313,1683.4029999999998,1599.0829999999996,4343.827000000001,1814.875,5811.438000000001,23.7975414856432,2,1,0,25.5,19.0,32.0,1.0,1.0,0.0,1.0,2,0,0.0,0.0,0.0,1.0,1.0,1.0,0.0,1.0,0.0,0.0,1,1,1,1,0,0,0,15,2,2022,5,2,0,0,0,0,2,0,1,0.5,0,0,LEVE,0,0
2,1,0.0933450472216121,0,4,2,-7.451538,-79.505745,0,4,7,0,1,-1,-1,0,6543.555,2.0,-1,-1,1.0,0.4495936745003294,0.4495936745003294,1198.0,0.6138517538553948,80.84826225715301,16852.97430406852,8931.828000000005,1335.5899999999997,1935.9830000000004,5660.255000000005,1219.309,7712.519000000005,13.651281686122925,1,0,0,41.0,41.0,41.0,1.0,1.0,0.0,0.0,1,0,0.0,1.0,0.0,0.0,0.0,0.0,1.0,0.0,0.0,0.0,1,1,1,1,0,0,0,16,2,2022,5,2,0,0,0,0,2,0,1,0.0,0,1,LEVE,0,1
3,2,0.0766527564243356,0,4,3,-16.318779,-72.213037,0,4,7,0,2,0,1,0,6543.555,2.0,-1,-1,1.0,0.4495936745003294,0.4495936745003294,1198.0,0.6077843615696785,76.53072135400231,74658.55888650964,10322.272,1495.236,1749.739,7077.2970000000005,2886.595,7435.677000000001,27.964725207783708,2,0,0,53.0,40.0,66.0,1.0,0.0,0.0,1.0,2,0,0.0,1.0,0.0,1.0,1.0,0.0,1.0,0.0,1.0,0.0,1,1,1,1,0,0,0,17,2,2022,5,2,0,0,0,0,1,0,1,0.0,0,0,LEVE,0,4
3,0,0.2105205359103887,2,2,4,-12.098821,-76.046904,0,3,1,0,2,-1,-1,0,6543.555,2.0,-1,-1,1.0,0.4495936745003294,0.4495936745003294,1198.0,0.3923482612353234,84.03799044981743,499.1156316916488,7626.313,1683.4029999999998,1599.0829999999996,4343.827000000001,1814.875,5811.438000000001,23.7975414856432,2,0,0,45.5,45.0,46.0,1.0,0.0,0.0,1.0,2,0,0.0,0.0,0.0,1.0,1.0,1.0,0.0,0.0,1.0,0.0,1,1,1,1,0,0,0,19,3,2022,5,2,0,0,0,0,2,0,1,0.0,0,0,LEVE,0,-1
1,0,0.0821436415550186,0,4,1,-15.436021334732173,-70.14045229836972,7,4,7,0,2,-1,-1,0,7586.903,2.0,5,2,1.0,0.340764331210191,0.067428069404788,1198.0,0.5225679967471315,73.87568641139362,65445.28409703769,13642.312999999998,2020.7790000000005,2354.117,9267.416999999998,3314.0520000000006,10328.260999999997,24.29244952817019,1,1,1,37.0,33.0,40.0,0.0,0.0,0.0,0.0,1,1,1.0,0.0,0.0,0.0,0.0,0.0,0.0,0.0,0.0,1.0,0,0,0,0,1,1,1,22,3,2022,5,2,0,0,0,2,2,0,1,1.0,0,0,LEVE,0,4
6,1,0.0318471337579617,0,4,1,-10.1349697561606,-77.1566121102087,0,4,0,1,2,-1,-1,0,9936.932,2.0,5,2,1.0,0.340764331210191,0.1266198111135515,3830.0,0.5155321986716026,71.44440685546145,3451.278372591006,10767.648,1885.0630000000003,1222.721,7659.864000000001,2100.343,8667.305000000002,19.506051832303577,1,0,0,21.0,21.0,21.0,1.0,1.0,0.0,1.0,1,0,0.0,1.0,0.0,0.0,0.0,0.0,1.0,0.0,0.0,0.0,0,0,0,0,0,0,0,23,3,2022,5,2,0,0,0,0,2,0,1,0.0,1,0,GRAVE_MORTALIDAD,2,20
3,2,0.0597408302218317,2,4,1,-7.61033042,-78.06769556,0,4,2,0,2,-1,-1,0,9936.932,2.0,5,2,1.0,0.340764331210191,0.1266198111135515,3830.0,0.4384361875352846,76.70622362399591,31678.2869379015,15935.565011852366,1733.9250000199986,935.692,13265.948011832368,2000.1670000199988,13935.398011832369,12.551591352627522,2,0,0,17.0,17.0,17.0,1.0,1.0,0.0,0.0,2,0,0.0,1.0,0.0,1.0,1.0,0.0,1.0,1.0,1.0,1.0,0,0,0,0,0,0,0,23,3,2022,5,2,0,0,0,2,2,0,1,0.0,0,0,LEVE,0,1
3,2,0.0933450472216121,0,4,1,-7.791920466724055,-79.21250134887943,0,4,9,1,2,-1,-1,0,6543.555,3.0,5,2,1.0,0.1133318690972984,0.1133318690972984,1475.0,0.6137552402736777,77.488039372676,8413.593147751606,8931.828000000005,1335.5899999999997,1935.9830000000004,5660.255000000005,1219.309,7712.519000000005,13.651281686122925,2,0,0,39.5,38.0,41.0,1.0,0.0,0.0,0.0,2,0,0.0,1.0,1.0,0.0,0.0,0.0,1.0,0.0,1.0,0.0,0,0,0,0,0,0,0,0,0,2022,5,3,1,0,0,0,2,1,1,0.0,0,0,LEVE,0,1
6,1,0.0420601801010322,0,4,1,-10.993944704481336,-75.31311423121596,6,5,6,-1,6,-1,-1,0,600.0300000000001,2.0,5,2,0.0,0.340764331210191,0.0032945310784098,178.0,0.587430624814192,75.05837214886559,24595.453961456104,12264.545,1826.4639999999995,1105.5389999999998,9332.542,1588.5359999999996,10676.009,12.952261987705208,1,0,0,32.0,32.0,32.0,1.0,0.0,0.0,0.0,1,0,0.0,0.0,0.0,1.0,0.0,1.0,0.0,0.0,0.0,0.0,0,0,0,0,0,0,0,1,0,2022,5,3,1,0,0,2,2,0,1,0.0,0,0,LEVE,0,4
3,1,0.0821436415550186,0,4,1,-16.147482407028615,-69.56467858031846,6,5,6,-1,6,-1,-1,0,7586.903,2.0,5,2,1.0,0.340764331210191,0.067428069404788,1198.0,0.4020198374784472,77.80062735845667,50686.62526766595,13642.312999999998,2020.7790000000005,2354.117,9267.416999999998,3314.0520000000006,10328.260999999997,24.29244952817019,2,0,0,45.0,38.0,52.0,1.0,1.0,0.0,0.0,2,0,0.0,1.0,0.0,1.0,1.0,0.0,1.0,0.0,0.0,1.0,0,0,0,0,0,0,0,9,1,2022,5,3,1,0,0,2,2,0,1,0.0,0,0,LEVE,0,4
6,1,0.0318471337579617,0,4,1,-8.832204318417629,-78.55520393642605,0,4,7,0,2,-1,-1,2,339.39500000000004,2.0,5,1,0.0,0.340764331210191,0.0003294531078409,100.0,0.6138280897610826,78.84695742989106,196830.83083511773,10767.648,1885.0630000000003,1222.721,7659.864000000001,2100.343,8667.305000000002,19.506051832303577,1,0,0,31.0,31.0,31.0,1.0,0.0,0.0,0.0,1,0,0.0,0.0,0.0,1.0,1.0,0.0,0.0,1.0,1.0,1.0,0,0,0,0,0,0,0,14,2,2022,5,3,1,0,0,0,2,0,1,0.0,0,0,LEVE,0,1
3,2,0.0766527564243356,0,4,1,-16.369883,-72.167225,0,4,7,0,2,-1,-1,0,6639.975,2.0,5,2,1.0,0.340764331210191,0.074236766966835,1616.0,0.6077843615696785,76.53072135400231,74658.55888650964,10322.272,1495.236,1749.739,7077.2970000000005,2886.595,7435.677000000001,27.964725207783708,2,0,0,32.0,30.0,34.0,1.0,1.0,0.0,0.0,2,0,0.0,1.0,0.0,1.0,1.0,0.0,1.0,1.0,1.0,1.0,0,0,0,0,0,0,0,23,3,2022,5,3,1,0,0,0,2,0,1,0.0,0,0,LEVE,0,4
6,1,0.0766527564243356,0,4,3,-16.045963,-76.92045476347974,0,4,7,0,2,0,1,0,6543.555,2.0,-1,-1,1.0,0.4495936745003294,0.4495936745003294,1198.0,0.4685280505645348,81.83746865987648,1751.8736616702354,10322.272,1495.236,1749.739,7077.2970000000005,2886.595,7435.677000000001,27.964725207783708,1,0,0,32.0,32.0,32.0,1.0,0.0,0.0,0.0,1,0,0.0,1.0,0.0,0.0,0.0,0.0,1.0,0.0,0.0,0.0,1,1,1,1,0,0,0,6,1,2022,5,4,2,0,0,0,1,0,1,0.0,0,0,LEVE,0,-1
0,1,0.0933450472216121,0,2,4,-8.422400143215972,-78.77826779271766,0,4,7,0,2,-1,-1,0,6543.555,2.0,-1,-1,1.0,0.4495936745003294,0.4495936745003294,1198.0,0.5051395598219868,77.13285387085847,67612.41755888652,8931.828000000005,1335.5899999999997,1935.9830000000004,5660.255000000005,1219.309,7712.519000000005,13.651281686122925,1,0,1,34.0,34.0,34.0,1.0,0.0,0.0,0.0,1,0,0.0,1.0,0.0,0.0,0.0,0.0,1.0,0.0,0.0,0.0,1,1,1,1,0,0,0,6,1,2022,5,4,2,0,0,0,2,0,1,0.0,0,0,LEVE,0,1
0,1,0.0139468482319349,0,4,0,-3.536057896835726,-80.23428615936854,0,4,7,0,2,-1,-1,2,6543.555,2.0,-1,-1,1.0,0.4495936745003294,0.4495936745003294,1198.0,0.506393213976091,71.09604779417722,5253.152034261242,1009.101,138.47399999999996,287.471,583.156,276.972,732.129,27.447401201663663,1,0,1,38.0,38.0,38.0,1.0,0.0,0.0,1.0,1,0,0.0,1.0,0.0,0.0,0.0,0.0,1.0,0.0,0.0,0.0,1,1,1,1,0,0,0,11,1,2022,5,4,2,0,0,0,2,0,1,0.0,0,0,LEVE,0,13
0,1,0.0153744783659125,2,4,3,-11.9031767,-77.130385417,0,2,5,1,1,1,0,2,6543.555,2.0,-1,-1,1.0,0.4495936745003294,0.4495936745003294,1198.0,0.5563774842369664,77.00938809632027,27932.19700214133,51.58600000000001,44.68700000000001,6.899000000000001,0.0,49.838000000000015,1.748,96.61148373589734,1,0,1,38.0,38.0,38.0,1.0,0.0,0.0,0.0,1,0,0.0,0.0,0.0,1.0,0.0,0.0,1.0,0.0,1.0,0.0,1,1,1,1,0,0,0,15,2,2022,5,4,2,0,0,2,1,0,0,0.0,1,1,LEVE,0,0
0,1,0.0766527564243356,2,2,4,-16.34696,-71.545261,0,3,1,0,2,0,1,0,6543.555,2.0,-1,-1,1.0,0.4495936745003294,0.4495936745003294,1198.0,0.6738551636003771,78.16730405462371,97926.27408993576,10322.272,1495.236,1749.739,7077.2970000000005,2886.595,7435.677000000001,27.964725207783708,1,0,1,35.0,35.0,35.0,1.0,0.0,0.0,0.0,1,0,0.0,0.0,0.0,1.0,0.0,1.0,0.0,0.0,0.0,0.0,1,1,1,1,0,0,0,17,2,2022,5,4,2,0,0,0,1,0,1,0.0,0,0,LEVE,0,4
0,1,0.0153744783659125,2,2,4,-12.053316673590334,-77.1339958472227,0,0,7,0,2,-1,-1,6,6543.555,2.0,-1,-1,1.0,0.4495936745003294,0.4495936745003294,1198.0,0.5563774842369664,77.00938809632027,27932.19700214133,51.58600000000001,44.68700000000001,6.899000000000001,0.0,49.838000000000015,1.748,96.61148373589734,1,0,1,20.0,20.0,20.0,1.0,1.0,0.0,0.0,1,0,0.0,0.0,0.0,1.0,1.0,0.0,0.0,1.0,1.0,1.0,1,1,1,1,0,0,0,20,3,2022,5,4,2,0,0,2,2,0,0,0.0,0,0,LEVE,0,0
6,1,0.0821436415550186,0,4,1,-14.43080725205699,-69.51307720131344,0,4,7,0,2,-1,-1,2,1762.84,2.0,-1,2,0.0,0.340764331210191,0.1266198111135515,485.0,0.3495243738865523,75.22040205504955,4031.670235546039,13642.312999999998,2020.7790000000005,2354.117,9267.416999999998,3314.0520000000006,10328.260999999997,24.29244952817019,1,0,0,29.0,29.0,29.0,1.0,1.0,1.0,1.0,1,0,0.0,0.0,0.0,1.0,0.0,1.0,0.0,1.0,1.0,1.0,0,0,0,0,0,0,0,3,0,2022,5,5,3,0,0,2,2,0,1,0.0,0,0,GRAVE_MORTALIDAD,2,11
3,2,0.0597408302218317,0,4,1,-6.36504833,-78.79028,0,4,2,0,2,-1,-1,0,687.412,-1.0,-1,1,0.0,0.340764331210191,0.1266198111135515,530.0,0.3988811935496497,76.27795285736048,52449.71734475375,15935.565011852366,1733.9250000199986,935.692,13265.948011832368,2000.1670000199988,13935.398011832369,12.551591352627522,2,0,0,27.5,27.0,28.0,1.0,0.0,0.0,0.0,2,0,0.0,1.0,0.0,0.0,1.0,0.0,1.0,0.0,1.0,1.0,0,0,0,0,0,0,0,5,0,2022,5,5,3,0,0,2,2,0,1,0.0,0,0,LEVE,0,1
3,2,0.0902701515484296,0,4,0,-14.869255,-71.212616,0,4,7,0,2,1,1,2,6543.555,2.0,-1,-1,1.0,0.4495936745003294,0.4495936745003294,1198.0,0.3947357298822749,66.64682076332791,5092.139186295502,17779.13499998999,2097.37099999,2863.123,12818.640999999989,2878.713,14900.421999989989,16.19152450331032,2,0,0,56.0,45.0,67.0,1.0,0.0,1.0,1.0,2,0,0.0,1.0,0.0,1.0,1.0,0.0,1.0,1.0,0.0,1.0,1,1,1,1,0,0,0,6,1,2022,5,5,3,0,0,2,2,0,1,0.0,0,0,LEVE,0,4
1,1,0.0766527564243356,2,2,4,-16.429616,-71.526843,0,0,7,0,2,0,1,0,6543.555,2.0,-1,-1,1.0,0.4495936745003294,0.4495936745003294,1198.0,0.7453744058790387,79.4589730074046,76620.6295503212,10322.272,1495.236,1749.739,7077.2970000000005,2886.595,7435.677000000001,27.964725207783708,1,1,1,37.0,33.0,40.0,0.0,0.0,0.0,0.0,1,1,1.0,0.0,0.0,0.0,0.0,0.0,0.0,0.0,0.0,1.0,1,1,1,1,1,1,1,10,1,2022,5,5,3,0,0,0,1,0,1,1.0,0,0,LEVE,0,4
1,1,0.0902701515484296,2,4,1,-13.48311,-72.078307,0,0,7,0,2,-1,-1,4,7586.903,2.0,5,2,1.0,0.340764331210191,0.067428069404788,1198.0,0.5501839526247441,74.57018076662551,2400.9036402569595,17779.13499998999,2097.37099999,2863.123,12818.640999999989,2878.713,14900.421999989989,16.19152450331032,1,1,1,37.0,33.0,40.0,0.0,0.0,1.0,1.0,1,1,1.0,0.0,0.0,0.0,0.0,0.0,0.0,0.0,0.0,1.0,0,0,0,0,1,1,1,23,3,2022,5,5,3,0,0,2,2,0,1,1.0,0,0,LEVE,0,4
6,1,0.0821436415550186,0,4,1,-16.256341071570372,-69.29767010067168,0,4,0,0,2,1,1,2,7586.903,2.0,5,2,1.0,0.340764331210191,0.067428069404788,1198.0,0.3165090894545869,72.969641049674,13778.516059957172,13642.312999999998,2020.7790000000005,2354.117,9267.416999999998,3314.0520000000006,10328.260999999997,24.29244952817019,1,0,0,17.0,17.0,17.0,1.0,1.0,0.0,0.0,1,0,0.0,1.0,0.0,0.0,0.0,0.0,1.0,0.0,1.0,0.0,0,0,0,0,0,0,0,2,0,2022,5,6,4,0,0,2,2,0,1,0.0,0,0,LEVE,0,4
3,2,0.0475510652317153,2,4,1,-13.634972,-76.152674,4,3,7,0,2,-1,-1,0,6639.975,2.0,5,2,1.0,0.340764331210191,0.074236766966835,1616.0,0.5723734005661165,76.14778354007997,24272.76659528908,3721.461,698.1859999999996,744.866,2278.409,1102.9029999999996,2618.558,29.636290693359403,2,0,0,41.0,30.0,52.0,1.0,0.0,0.0,0.0,2,0,0.0,0.0,1.0,1.0,0.0,1.0,1.0,0.0,0.0,0.0,0,0,0,0,0,0,0,4,0,2022,5,6,4,0,0,0,2,0,1,0.0,0,0,LEVE,0,7
3,2,0.0351416648363716,0,4,1,-6.63277,-79.953358,0,4,7,0,2,-1,-1,0,6543.555,3.0,5,2,1.0,0.1133318690972984,0.1133318690972984,1475.0,0.3879800350664534,75.68222437543551,48902.40256959316,3459.691,515.0619999999999,689.7280000000001,2254.901,703.3549999999999,2756.336,20.329994788551925,2,0,0,39.5,21.0,58.0,1.0,1.0,0.0,0.0,2,0,0.0,1.0,0.0,1.0,1.0,0.0,1.0,0.0,0.0,0.0,0,0,0,0,0,0,0,12,2,2022,5,6,4,0,0,0,2,1,1,0.0,0,0,GRAVE_MORTALIDAD,2,1
0,0,0.2105205359103887,2,2,4,-11.932928,-76.9689526,7,2,7,0,2,-1,-1,0,6543.555,2.0,-1,-1,1.0,0.4495936745003294,0.4495936745003294,1198.0,0.701053025277506,79.62867561460851,1150285.0494171206,7626.313,1683.4029999999998,1599.0829999999996,4343.827000000001,1814.875,5811.438000000001,23.7975414856432,1,0,1,22.0,22.0,22.0,1.0,1.0,0.0,1.0,1,0,0.0,0.0,1.0,0.0,0.0,0.0,1.0,1.0,0.0,0.0,1,1,1,1,0,0,0,13,2,2022,5,6,4,0,0,0,2,0,1,0.0,0,0,LEVE,0,0
1,1,0.0318471337579617,2,4,1,-9.11642537082716,-78.54427763687636,0,1,1,0,2,-1,-1,0,6543.555,3.0,5,2,1.0,0.1133318690972984,0.1133318690972984,1475.0,0.6459598096056908,78.63908715089502,175440.59743040687,10767.648,1885.0630000000003,1222.721,7659.864000000001,2100.343,8667.305000000002,19.506051832303577,1,1,1,37.0,33.0,40.0,0.0,0.0,0.0,0.0,1,1,1.0,0.0,0.0,0.0,0.0,0.0,0.0,0.0,0.0,1.0,0,0,0,0,1,1,1,15,2,2022,5,6,4,0,0,0,2,1,1,1.0,0,0,LEVE,0,1
6,1,0.0062596090489786,0,4,1,-12.6383539631703,-69.2594289613153,6,5,6,-1,6,-1,-1,0,3263.58,2.0,5,2,1.0,0.0080166922907972,0.0080166922907972,566.0,0.6331639735785386,72.20641129524063,88506.68094218415,2090.391,399.431,340.021,1350.9389999999996,493.824,1596.5669999999996,23.62352306338862,1,0,0,37.0,37.0,37.0,1.0,1.0,0.0,0.0,1,0,0.0,0.0,0.0,1.0,1.0,0.0,0.0,1.0,1.0,1.0,0,0,0,0,0,0,0,16,2,2022,5,6,4,0,0,1,2,0,1,0.0,0,0,LEVE,0,21