CLASE SINIESTRO,CANTIDAD DE VEHICULOS DAÑADOS,DEPARTAMENTO,ZONA,TIPO DE VÍA,RED VIAL,COORDENADAS LATITUD,COORDENADAS  LONGITUD,CONDICIÓN CLIMÁTICA,ZONIFICACIÓN,CARACTERÍSTICAS DE VÍA,PERFIL LONGITUDINAL VÍA,SUPERFICIE DE CALZADA,¿EXISTE SEÑAL VERTICAL?,¿EXISTE SEÑAL HORIZONTAL?,CAUSA FACTOR PRINCIPAL,MTC_RVN_LONGITUD_KM,MTC_RVN_N_CARRILES_MEDIANA,MTC_RVN_SUPERFICIE_DOMINANTE,MTC_RVN_ESTADO_DOMINANTE,MTC_RVN_ES_CONCESIONADA,MTC_RVN_CONCESION_PRINCIPAL,MTC_RVN_CORREDOR_LOGISTICO,MTC_RVN_N_TRAMOS,IDH_2019,IDH_ESP_VIDA_2019,IDH_POBLACION_2019,MTC_DEP_RED_TOTAL_KM,MTC_DEP_NACIONAL_TOTAL_KM,MTC_DEP_DEPARTAMENTAL_TOTAL_KM,MTC_DEP_VECINAL_TOTAL_KM,MTC_DEP_PAV_TOTAL_KM,MTC_DEP_NO_PAV_TOTAL_KM,MTC_DEP_PCT_PAVIMENTADA,PER_N_CONDUCTORES,PER_N_CONDUCTORES_FUGADOS,PER_N_PEATONES,PER_EDAD_COND_PROM,PER_EDAD_COND_MIN,PER_EDAD_COND_MAX,PER_ANY_COND_MASCULINO,PER_ANY_LIC_PROBLEMA,PER_ANY_DOSAJE_POS,PER_ANY_DOSAJE_EVALUADO,VEH_TOTAL,VEH_N_FUGADOS,VEH_ANY_FUGADO,VEH_ANY_CARGA,VEH_ANY_PUBLICO,VEH_ANY_PARTICULAR,VEH_ANY_MOTO,VEH_ANY_AUTO,VEH_ANY_CAMION_BUS,VEH_ANY_SOAT_PROBLEMA,VEH_ANY_CITV_PROBLEMA,VEH_ANY_SEGURO_PROBLEMA,MTC_RVN_LONGITUD_KM_ERA_NULO,MTC_RVN_N_CARRILES_MEDIANA_ERA_NULO,MTC_RVN_ES_CONCESIONADA_ERA_NULO,MTC_RVN_N_TRAMOS_ERA_NULO,PER_EDAD_COND_PROM_ERA_NULO,PER_EDAD_COND_MIN_ERA_NULO,PER_EDAD_COND_MAX_ERA_NULO,HORA_NUM,FRANJA_HORARIA,ANIO,MES,DIA_MES,DIA_SEMANA,ES_FIN_SEMANA,ES_QUINCENA,REGION_NATURAL,NIVEL_SEÑALIZACION_ORD,ES_VIA_MULTICARRIL,ES_DEPTO_BAJO_PAVIMENTO,RATIO_CONDUCTORES_FUGADOS,ES_CURVA_Y_PENDIENTE,ES_VIA_NO_PAVIMENTADA,CATEGORIA_SEVERIDAD,CATEGORIA_SEVERIDAD_ENC,CLUSTER
6,1,0.0902701515484296,0,4,1,-13.5019426,-71.771753315,0,4,7,0,2,1,1,2,3447.8009999999995,1.0,5,1,0.0,0.340764331210191,0.0101032286404568,1109.0,0.3026259544873475,73.96325815272854,5530.693790149893,17779.13499998999,2097.37099999,2863.123,12818.640999999989,2878.713,14900.421999989989,16.19152450331032,1,0,0,22.0,22.0,22.0,1.0,0.0,0.0,1.0,1,0,0.0,0.0,0.0,1.0,1.0,0.0,0.0,0.0,1.0,0.0,0,0,0,0,0,0,0,15,2,2022,6,9,3,0,0,2,2,0,1,0.0,0,0,LEVE,0,4
3,1,0.2105205359103887,2,2,4,-12.065613373152544,-77.00441832552427,0,0,7,0,2,-1,-1,0,6543.555,2.0,-1,-1,1.0,0.4495936745003294,0.4495936745003294,1198.0,0.7141594849782824,79.90829932185413,156887.87152034265,7626.313,1683.4029999999998,1599.0829999999996,4343.827000000001,1814.875,5811.438000000001,23.7975414856432,2,0,0,33.5,25.0,42.0,1.0,1.0,0.0,0.0,2,0,0.0,1.0,1.0,0.0,1.0,0.0,0.0,1.0,1.0,1.0,1,1,1,1,0,0,0,15,2,2022,6,9,3,0,0,0,2,0,1,0.0,0,0,LEVE,0,0
0,1,0.0933450472216121,0,4,1,-8.382137,-78.856709,0,4,7,0,2,-1,-1,4,6543.555,3.0,5,2,1.0,0.1133318690972984,0.1133318690972984,1475.0,0.5051395598219868,77.13285387085847,67612.41755888652,8931.828000000005,1335.5899999999997,1935.9830000000004,5660.255000000005,1219.309,7712.519000000005,13.651281686122925,1,0,1,25.0,25.0,25.0,1.0,1.0,0.0,0.0,1,0,0.0,0.0,0.0,1.0,1.0,0.0,0.0,0.0,0.0,0.0,0,0,0,0,0,0,0,17,2,2022,6,9,3,0,0,0,2,1,1,0.0,0,0,LEVE,0,1
3,1,0.0131781243136393,0,4,2,-8.753582,-76.264304,0,4,7,0,1,-1,-1,2,6543.555,2.0,-1,-1,1.0,0.4495936745003294,0.4495936745003294,1198.0,0.4431696013965035,69.69177354792248,2816.7806196644115,8209.057,1333.4779999999996,791.9770000000001,6083.602,1059.8589999999997,7149.198,12.910849565303296,2,0,0,23.0,21.0,25.0,1.0,1.0,0.0,0.0,2,0,0.0,0.0,1.0,0.0,1.0,0.0,0.0,1.0,1.0,1.0,1,1,1,1,0,0,0,19,3,2022,6,9,3,0,0,2,2,0,1,0.0,0,1,LEVE,0,4
3,2,0.0933450472216121,0,4,1,-7.183863,-79.43292,0,4,7,0,2,-1,-1,2,6543.555,3.0,5,2,1.0,0.1133318690972984,0.1133318690972984,1475.0,0.5114727232493018,78.60606800160349,24701.19700214133,8931.828000000005,1335.5899999999997,1935.9830000000004,5660.255000000005,1219.309,7712.519000000005,13.651281686122925,2,0,0,36.0,34.0,38.0,1.0,0.0,0.0,0.0,2,0,0.0,0.0,1.0,1.0,0.0,1.0,1.0,0.0,0.0,0.0,0,0,0,0,0,0,0,1,0,2022,6,10,4,0,0,0,2,1,1,0.0,0,0,LEVE,0,1
6,1,0.0193279156600043,2,4,1,-13.562104,-75.242429,0,4,7,0,2,-1,-1,0,1679.5849999999998,2.0,5,1,1.0,0.340764331210191,0.0082363276960245,315.0,0.5258594244692153,73.82156528983522,2062.04068522484,8511.426,1445.3929999999996,2008.516,5057.516999999999,1879.579,6631.846999999998,22.08300935706896,1,0,0,60.0,60.0,60.0,1.0,1.0,0.0,0.0,1,0,0.0,1.0,0.0,0.0,0.0,0.0,1.0,0.0,1.0,0.0,0,0,0,0,0,0,0,7,1,2022,6,10,4,0,0,2,2,0,1,0.0,0,0,LEVE,0,4
3,2,0.0497474192839885,2,4,1,-4.913425684076633,-80.6722321698199,0,4,7,0,2,-1,-1,2,640.6200000000001,2.0,5,1,0.0,0.340764331210191,0.1266198111135515,72.0,0.5657000696312142,79.93504063107561,181599.8115631692,8965.846000060003,1782.4120000599992,636.9959999999999,6546.438000000004,2214.505000059999,6751.341000000004,24.699342371541725,2,0,0,27.5,26.0,29.0,1.0,1.0,0.0,1.0,2,0,0.0,0.0,0.0,1.0,1.0,0.0,0.0,1.0,1.0,1.0,0,0,0,0,0,0,0,8,1,2022,6,10,4,0,0,0,2,0,1,0.0,0,0,LEVE,0,3
1,0,0.0821436415550186,0,4,0,-15.174420260186656,-69.85716288307462,0,4,7,0,2,-1,-1,0,6543.555,2.0,-1,-1,1.0,0.4495936745003294,0.4495936745003294,1198.0,0.4032210196156518,69.57344393979501,14743.678800856533,13642.312999999998,2020.7790000000005,2354.117,9267.416999999998,3314.0520000000006,10328.260999999997,24.29244952817019,1,1,1,37.0,33.0,40.0,0.0,0.0,0.0,0.0,1,1,1.0,0.0,0.0,0.0,0.0,0.0,0.0,0.0,0.0,1.0,1,1,1,1,1,1,1,16,2,2022,6,10,4,0,0,2,2,0,1,1.0,0,0,LEVE,0,4
6,1,0.0902701515484296,0,4,1,-13.6897472,-72.3214502,0,4,0,1,2,1,0,2,2176.715,1.0,-1,1,0.0,0.340764331210191,0.1266198111135515,756.0,0.221263491726049,75.43345322294252,3523.3854389721623,17779.13499998999,2097.37099999,2863.123,12818.640999999989,2878.713,14900.421999989989,16.19152450331032,1,0,0,29.0,29.0,29.0,1.0,0.0,1.0,1.0,1,0,0.0,1.0,0.0,0.0,0.0,0.0,1.0,0.0,0.0,0.0,0,0,0,0,0,0,0,1,0,2022,6,11,5,1,0,2,1,0,1,0.0,1,0,LEVE,0,4
6,1,0.0821436415550186,0,4,1,-13.7297195,-70.4624681,0,4,7,0,2,-1,-1,5,1761.8050000000003,2.0,5,2,1.0,0.005820338238524,0.005820338238524,410.0,0.3249096507143286,68.3031236414702,6349.807280513919,13642.312999999998,2020.7790000000005,2354.117,9267.416999999998,3314.0520000000006,10328.260999999997,24.29244952817019,1,0,0,36.0,36.0,36.0,1.0,0.0,0.0,0.0,1,0,0.0,0.0,0.0,1.0,0.0,1.0,0.0,1.0,1.0,1.0,0,0,0,0,0,0,0,3,0,2022,6,11,5,1,0,2,2,0,1,0.0,0,0,GRAVE_LESIONADOS,1,4
3,2,0.006479244454206,0,4,1,-10.76784963356476,-76.25232065922202,0,4,7,0,2,-1,-1,2,9936.932,2.0,5,2,1.0,0.340764331210191,0.1266198111135515,3830.0,0.6308411392653337,76.68708414566403,7086.708779443255,3677.119863,564.5869999999999,910.845,2201.687863000001,590.8779999999998,3086.2418630000006,16.06904376290656,2,0,0,40.0,31.0,49.0,1.0,0.0,0.0,1.0,2,0,0.0,1.0,0.0,0.0,0.0,0.0,1.0,0.0,0.0,0.0,0,0,0,0,0,0,0,15,2,2022,6,11,5,1,0,2,2,0,1,0.0,0,0,LEVE,0,4
0,1,0.0821436415550186,0,4,1,-16.098931,-69.637053,6,5,6,-1,6,-1,-1,0,417.30000000000007,1.0,2,1,0.0,0.340764331210191,0.1266198111135515,52.0,0.4020198374784472,77.80062735845667,50686.62526766595,13642.312999999998,2020.7790000000005,2354.117,9267.416999999998,3314.0520000000006,10328.260999999997,24.29244952817019,2,0,0,60.0,58.0,62.0,1.0,0.0,0.0,0.0,2,0,0.0,1.0,0.0,1.0,0.0,0.0,1.0,0.0,1.0,1.0,0,0,0,0,0,0,0,16,2,2022,6,11,5,1,0,2,2,0,1,0.0,0,0,LEVE,0,4
0,1,0.0475510652317153,0,4,1,-13.357459443530985,-76.21887442619116,0,4,7,0,2,-1,-1,4,6639.975,2.0,5,2,1.0,0.340764331210191,0.074236766966835,1616.0,0.5736744275518083,81.67473861808857,26660.92933618844,3721.461,698.1859999999996,744.866,2278.409,1102.9029999999996,2618.558,29.636290693359403,1,0,1,56.0,56.0,56.0,1.0,0.0,0.0,0.0,1,0,0.0,0.0,0.0,1.0,0.0,0.0,1.0,0.0,1.0,0.0,0,0,0,0,0,0,0,18,3,2022,6,11,5,1,0,0,2,0,1,0.0,0,0,LEVE,0,7
6,1,0.0318471337579617,0,4,1,-10.155781401635291,-77.35437200219378,0,4,5,0,4,-1,-1,0,616.825,2.0,5,1,0.0,0.340764331210191,0.0013178124313639,145.0,0.4531157308049352,69.6069712983507,1594.8458244111348,10767.648,1885.0630000000003,1222.721,7659.864000000001,2100.343,8667.305000000002,19.506051832303577,1,1,0,41.0,41.0,41.0,1.0,0.0,0.0,0.0,1,0,0.0,0.0,1.0,0.0,0.0,0.0,1.0,0.0,0.0,0.0,0,0,0,0,0,0,0,21,3,2022,6,11,5,1,0,0,2,0,1,1.0,0,0,GRAVE_MORTALIDAD,2,20
3,2,0.0766527564243356,0,4,1,-15.9879738,-71.2530199,0,4,7,0,2,0,1,0,1504.4250000000002,2.0,5,2,1.0,0.0252580716011421,0.0230617175488688,241.0,0.4498224071382834,81.63336343193146,1358.612419700214,10322.272,1495.236,1749.739,7077.2970000000005,2886.595,7435.677000000001,27.964725207783708,2,0,0,45.5,24.0,67.0,1.0,1.0,0.0,0.0,2,0,0.0,1.0,1.0,0.0,0.0,1.0,1.0,0.0,0.0,0.0,0,0,0,0,0,0,0,4,0,2022,6,12,6,1,0,0,1,0,1,0.0,0,0,GRAVE_MORTALIDAD,2,4
0,1,0.0766527564243356,2,2,4,-16.427276,-71.533219,7,0,7,0,2,0,1,0,6543.555,2.0,-1,-1,1.0,0.4495936745003294,0.4495936745003294,1198.0,0.7453744058790387,79.4589730074046,76620.6295503212,10322.272,1495.236,1749.739,7077.2970000000005,2886.595,7435.677000000001,27.964725207783708,1,0,1,29.0,29.0,29.0,1.0,0.0,0.0,0.0,1,0,0.0,0.0,1.0,0.0,0.0,0.0,1.0,0.0,0.0,0.0,1,1,1,1,0,0,0,9,1,2022,6,12,6,1,0,0,1,0,1,0.0,0,0,LEVE,0,4
3,2,0.0475510652317153,2,3,4,-14.064445388184582,-75.73683108491699,0,1,1,0,2,-1,-1,0,6543.555,2.0,-1,-1,1.0,0.4495936745003294,0.4495936745003294,1198.0,0.6637216310803388,79.6446050662278,142450.24411134905,3721.461,698.1859999999996,744.866,2278.409,1102.9029999999996,2618.558,29.636290693359403,2,0,0,34.0,22.0,46.0,1.0,1.0,0.0,1.0,2,0,0.0,0.0,1.0,0.0,1.0,1.0,0.0,0.0,1.0,0.0,1,1,1,1,0,0,0,16,2,2022,6,12,6,1,0,0,2,0,1,0.0,0,0,LEVE,0,7
3,2,0.0351416648363716,0,4,1,-6.5546024,-80.0044064,0,4,7,0,2,-1,-1,0,6543.555,3.0,5,2,1.0,0.1133318690972984,0.1133318690972984,1475.0,0.3879800350664534,75.68222437543551,48902.40256959316,3459.691,515.0619999999999,689.7280000000001,2254.901,703.3549999999999,2756.336,20.329994788551925,2,0,0,40.0,35.0,45.0,1.0,1.0,0.0,0.0,2,0,0.0,0.0,1.0,1.0,1.0,0.0,1.0,0.0,0.0,1.0,0,0,0,0,0,0,0,6,1,2022,6,13,0,0,0,0,2,1,1,0.0,0,0,LEVE,0,1
0,1,0.0351416648363716,2,2,4,-6.796333,-79.840322,7,3,7,0,2,-1,-1,0,6543.555,2.0,-1,-1,1.0,0.4495936745003294,0.4495936745003294,1198.0,0.5698121065713132,80.7750211042815,96903.36830835116,3459.691,515.0619999999999,689.7280000000001,2254.901,703.3549999999999,2756.336,20.329994788551925,1,0,1,18.0,18.0,18.0,1.0,1.0,0.0,0.0,1,0,0.0,0.0,0.0,1.0,0.0,1.0,0.0,0.0,0.0,0.0,1,1,1,1,0,0,0,12,2,2022,6,13,0,0,0,0,2,0,1,0.0,0,0,LEVE,0,1
0,1,0.0351416648363716,2,4,0,-6.745795,-79.837689,0,3,7,0,2,-1,-1,0,6543.555,2.0,-1,-1,1.0,0.4495936745003294,0.4495936745003294,1198.0,0.5415697888341857,80.94178299597955,183060.58029978588,3459.691,515.0619999999999,689.7280000000001,2254.901,703.3549999999999,2756.336,20.329994788551925,1,0,1,30.0,30.0,30.0,1.0,0.0,0.0,0.0,1,0,0.0,0.0,0.0,1.0,0.0,1.0,0.0,1.0,1.0,1.0,1,1,1,1,0,0,0,15,2,2022,6,13,0,0,0,0,2,0,1,0.0,0,0,LEVE,0,1
1,1,0.0497474192839885,0,4,1,-5.154443,-80.694879,0,4,7,0,2,-1,-1,2,6543.555,3.0,5,2,1.0,0.1133318690972984,0.1133318690972984,1475.0,0.5997462042553465,78.40793944726823,183875.0,8965.846000060003,1782.4120000599992,636.9959999999999,6546.438000000004,2214.505000059999,6751.341000000004,24.699342371541725,1,1,1,37.0,33.0,40.0,0.0,0.0,0.0,0.0,1,1,1.0,0.0,0.0,0.0,0.0,0.0,0.0,0.0,0.0,1.0,0,0,0,0,1,1,1,20,3,2022,6,13,0,0,0,0,2,1,1,1.0,0,0,LEVE,0,3
6,1,0.0902701515484296,2,4,1,-13.2808894,-72.2044021,0,4,7,0,2,1,1,2,3447.8009999999995,1.0,5,1,0.0,0.340764331210191,0.0101032286404568,1109.0,0.3091216969737358,74.65060422099381,5268.858672376874,17779.13499998999,2097.37099999,2863.123,12818.640999999989,2878.713,14900.421999989989,16.19152450331032,1,0,0,23.0,23.0,23.0,1.0,1.0,1.0,1.0,1,0,0.0,0.0,0.0,1.0,1.0,0.0,0.0,1.0,1.0,1.0,0,0,0,0,0,0,0,20,3,2022,6,13,0,0,0,2,2,0,1,0.0,0,0,LEVE,0,4
3,1,0.0497474192839885,0,4,1,-5.115703,-80.172681,6,5,6,-1,6,-1,-1,0,43.63,-1.0,5,2,0.0,0.340764331210191,0.1266198111135515,35.0,0.4653748048968089,74.19666709322776,75914.02997858672,8965.846000060003,1782.4120000599992,636.9959999999999,6546.438000000004,2214.505000059999,6751.341000000004,24.699342371541725,2,0,0,60.5,50.0,71.0,1.0,0.0,0.0,0.0,2,0,0.0,0.0,1.0,1.0,1.0,0.0,0.0,1.0,1.0,1.0,0,0,0,0,0,0,0,5,0,2022,6,14,1,0,0,0,2,0,1,0.0,0,0,LEVE,0,3
0,1,0.0045025258071601,0,4,0,-8.25444,-74.659979,7,4,7,0,1,-1,-1,4,6543.555,2.0,-1,-1,1.0,0.4495936745003294,0.4495936745003294,1198.0,0.5478371208327225,74.17370407104559,113671.11777301929,2689.139,392.697,1311.5319999999997,984.91,261.598,2427.541,9.727946379863592,1,0,1,71.0,71.0,71.0,1.0,1.0,0.0,1.0,1,0,0.0,0.0,0.0,0.0,0.0,0.0,0.0,1.0,1.0,1.0,1,1,1,1,0,0,0,14,2,2022,6,14,1,0,0,1,2,0,1,0.0,0,1,LEVE,0,18
5,1,0.0062596090489786,0,4,1,-12.462089,-69.139226,0,4,7,0,2,-1,-1,2,3263.58,2.0,5,2,1.0,0.0080166922907972,0.0080166922907972,566.0,0.525748215792057,74.03823732580896,9162.706638115633,2090.391,399.431,340.021,1350.9389999999996,493.824,1596.5669999999996,23.62352306338862,3,1,0,42.0,27.0,52.0,1.0,1.0,0.0,0.0,3,1,1.0,1.0,0.0,1.0,1.0,0.0,1.0,0.0,1.0,1.0,0,0,0,0,0,0,0,20,3,2022,6,14,1,0,0,1,2,0,1,0.3333333333333333,0,0,GRAVE_MORTALIDAD,2,21
3,1,0.0131781243136393,0,4,1,-10.348741,-76.181179,7,4,0,0,2,-1,-1,2,9936.932,2.0,5,2,1.0,0.340764331210191,0.1266198111135515,3830.0,0.2701280162338842,73.64856031271022,9851.79443254818,8209.057,1333.4779999999996,791.9770000000001,6083.602,1059.8589999999997,7149.198,12.910849565303296,2,0,0,42.0,41.0,43.0,1.0,0.0,0.0,0.0,2,0,0.0,0.0,0.0,1.0,0.0,0.0,1.0,0.0,0.0,0.0,0,0,0,0,0,0,0,9,1,2022,6,15,2,0,1,2,2,0,1,0.0,0,0,GRAVE_MORTALIDAD,2,4
6,1,0.0597408302218317,0,4,2,-6.6888736,-78.91984762,0,4,7,0,1,-1,-1,0,6543.555,2.0,-1,-1,1.0,0.4495936745003294,0.4495936745003294,1198.0,0.2520922951813849,71.15916123881034,1541.0985010706638,15935.565011852366,1733.9250000199986,935.692,13265.948011832368,2000.1670000199988,13935.398011832369,12.551591352627522,1,0,0,19.0,19.0,19.0,1.0,1.0,0.0,0.0,1,0,0.0,0.0,0.0,0.0,0.0,0.0,0.0,1.0,0.0,1.0,1,1,1,1,0,0,0,15,2,2022,6,15,2,0,1,2,2,0,1,0.0,0,1,LEVE,0,1
0,2,0.2105205359103887,0,4,1,-11.458679036780996,-77.31875178714486,0,4,7,0,2,-1,-1,4,6543.555,3.0,5,2,1.0,0.1133318690972984,0.1133318690972984,1475.0,0.6328991168419597,79.8522840328396,65701.61456102783,7626.313,1683.4029999999998,1599.0829999999996,4343.827000000001,1814.875,5811.438000000001,23.7975414856432,2,0,1,42.5,34.0,51.0,1.0,0.0,0.0,1.0,2,0,0.0,0.0,0.0,1.0,0.0,1.0,0.0,0.0,0.0,0.0,0,0,0,0,0,0,0,15,2,2022,6,15,2,0,1,0,2,1,1,0.0,0,0,LEVE,0,0
3,1,0.0497474192839885,0,4,1,-5.78526,-80.544164,0,4,7,0,2,-1,-1,0,6543.555,3.0,5,2,1.0,0.1133318690972984,0.1133318690972984,1475.0,0.4860724693701166,72.15814961491549,48691.10064239828,8965.846000060003,1782.4120000599992,636.9959999999999,6546.438000000004,2214.505000059999,6751.341000000004,24.699342371541725,2,0,0,37.0,33.0,41.0,1.0,0.0,0.0,1.0,2,0,0.0,1.0,0.0,1.0,0.0,0.0,1.0,0.0,1.0,0.0,0,0,0,0,0,0,0,18,3,2022,6,15,2,0,1,0,2,1,1,0.0,0,0,GRAVE_LESIONADOS,1,42
2,1,0.0933450472216121,2,2,4,-8.065278,-79.051389,0,4,7,0,2,-1,-1,2,6543.555,2.0,-1,-1,1.0,0.4495936745003294,0.4495936745003294,1198.0,0.5961574154611067,78.8610661942771,197397.5888650964,8931.828000000005,1335.5899999999997,1935.9830000000004,5660.255000000005,1219.309,7712.519000000005,13.651281686122925,1,0,0,36.0,36.0,36.0,1.0,0.0,0.0,1.0,1,0,0.0,0.0,1.0,0.0,0.0,0.0,1.0,0.0,0.0,0.0,1,1,1,1,0,0,0,19,3,2022,6,15,2,0,1,0,2,0,1,0.0,0,0,LEVE,0,1
0,1,0.2105205359103887,2,2,4,-12.046333953794337,-77.03760797824974,0,0,1,0,2,-1,-1,0,6543.555,2.0,-1,-1,1.0,0.4495936745003294,0.4495936745003294,1198.0,0.7646845961658533,80.23682119426338,250806.0877944326,7626.313,1683.4029999999998,1599.0829999999996,4343.827000000001,1814.875,5811.438000000001,23.7975414856432,1,0,1,39.0,39.0,39.0,1.0,0.0,0.0,0.0,1,0,0.0,0.0,0.0,1.0,0.0,1.0,0.0,0.0,0.0,0.0,1,1,1,1,0,0,0,1,0,2022,6,16,3,0,1,0,2,0,1,0.0,0,0,LEVE,0,0
1,1,0.0821436415550186,0,4,0,-16.258400704092622,-69.08021143112062,6,5,6,-1,6,-1,-1,0,6543.555,2.0,-1,-1,1.0,0.4495936745003294,0.4495936745003294,1198.0,0.4165447461855686,74.77127585660097,23516.528907922908,13642.312999999998,2020.7790000000005,2354.117,9267.416999999998,3314.0520000000006,10328.260999999997,24.29244952817019,2,1,0,71.0,71.0,71.0,1.0,0.0,0.0,0.0,2,1,1.0,0.0,0.0,1.0,1.0,0.0,0.0,0.0,0.0,1.0,1,1,1,1,0,0,0,6,1,2022,6,16,3,0,1,2,2,0,1,0.5,0,0,LEVE,0,4
0,1,0.2105205359103887,2,2,4,-12.21726631503372,-76.95483501942381,0,2,1,0,2,-1,-1,0,6543.555,2.0,-1,-1,1.0,0.4495936745003294,0.4495936745003294,1198.0,0.6990481232857558,80.14597904142546,459161.0728051392,7626.313,1683.4029999999998,1599.0829999999996,4343.827000000001,1814.875,5811.438000000001,23.7975414856432,1,0,1,38.0,38.0,38.0,1.0,1.0,0.0,0.0,1,0,0.0,0.0,1.0,0.0,0.0,0.0,1.0,1.0,1.0,0.0,1,1,1,1,0,0,0,9,1,2022,6,16,3,0,1,0,2,0,1,0.0,0,0,LEVE,0,0
2,1,0.0420601801010322,0,4,1,-11.42430245600796,-74.49028730392457,6,5,6,-1,6,-1,-1,0,1337.175,1.0,-1,1,0.0,0.340764331210191,0.1266198111135515,315.0,0.3570817332180048,73.74932476832508,66993.35796966725,12264.545,1826.4639999999995,1105.5389999999998,9332.542,1588.5359999999996,10676.009,12.952261987705208,1,0,0,31.0,31.0,31.0,1.0,0.0,0.0,0.0,1,0,0.0,0.0,0.0,1.0,0.0,0.0,1.0,0.0,0.0,0.0,0,0,0,0,0,0,0,9,1,2022,6,16,3,0,1,2,2,0,1,0.0,0,0,LEVE,0,5
0,1,0.0821436415550186,0,4,1,-16.09321098083501,-69.62685221545878,0,4,7,0,2,-1,-1,4,7586.903,2.0,5,2,1.0,0.340764331210191,0.067428069404788,1198.0,0.4020198374784472,77.80062735845667,50686.62526766595,13642.312999999998,2020.7790000000005,2354.117,9267.416999999998,3314.0520000000006,10328.260999999997,24.29244952817019,1,0,1,31.0,31.0,31.0,1.0,0.0,0.0,1.0,1,0,0.0,0.0,1.0,0.0,0.0,1.0,0.0,0.0,1.0,0.0,0,0,0,0,0,0,0,11,1,2022,6,16,3,0,1,2,2,0,1,0.0,0,0,LEVE,0,4
3,2,0.0161432022842082,2,2,4,-18.002333674957978,-70.23126589798524,0,2,7,0,2,0,1,2,6543.555,2.0,-1,-1,1.0,0.4495936745003294,0.4495936745003294,1198.0,0.6459537660139725,77.26780813336003,17645.51391862955,2650.572,630.6729999999998,487.3610000000001,1532.5379999999998,1068.7019999999998,1581.87,40.31967439480987,2,0,0,42.0,34.0,50.0,1.0,0.0,0.0,1.0,2,0,0.0,0.0,0.0,1.0,0.0,1.0,0.0,0.0,1.0,0.0,1,1,1,1,0,0,0,16,2,2022,6,16,3,0,1,0,1,0,1,0.0,0,0,GRAVE_LESIONADOS,1,15
6,1,0.0497474192839885,0,4,3,-4.848,-80.809,0,4,7,0,1,-1,-1,0,6543.555,2.0,-1,-1,1.0,0.4495936745003294,0.4495936745003294,1198.0,0.513760154377943,78.78688775182127,30643.633832976448,8965.846000060003,1782.4120000599992,636.9959999999999,6546.438000000004,2214.505000059999,6751.341000000004,24.699342371541725,1,0,0,17.0,17.0,17.0,1.0,1.0,0.0,0.0,1,0,0.0,0.0,0.0,1.0,1.0,0.0,0.0,1.0,1.0,1.0,1,1,1,1,0,0,0,22,3,2022,6,16,3,0,1,0,2,0,1,0.0,0,1,LEVE,0,3
1,1,0.0766527564243356,2,4,1,-16.4076046,-71.6069105,0,0,7,0,2,0,1,0,1504.4250000000002,2.0,5,2,1.0,0.0252580716011421,0.0230617175488688,241.0,0.6689013265491138,80.68275010974979,14385.036402569593,10322.272,1495.236,1749.739,7077.2970000000005,2886.595,7435.677000000001,27.964725207783708,1,1,1,37.0,33.0,40.0,0.0,0.0,0.0,0.0,1,1,1.0,0.0,0.0,0.0,0.0,0.0,0.0,0.0,0.0,1.0,0,0,0,0,1,1,1,1,0,2022,6,17,4,0,1,0,1,0,1,1.0,0,0,LEVE,0,4
0,1,0.0420601801010322,2,4,1,-11.15606437107398,-75.98931021088528,0,2,7,0,7,-1,-1,2,9936.932,2.0,5,2,1.0,0.340764331210191,0.1266198111135515,3830.0,0.4881320822942266,69.77252062725891,6833.000000000002,12264.545,1826.4639999999995,1105.5389999999998,9332.542,1588.5359999999996,10676.009,12.952261987705208,1,0,1,21.0,21.0,21.0,1.0,1.0,0.0,0.0,1,0,0.0,1.0,0.0,0.0,0.0,0.0,1.0,0.0,0.0,0.0,0,0,0,0,0,0,0,2,0,2022,6,17,4,0,1,2,2,0,1,0.0,0,1,LEVE,0,4
0,1,0.2105205359103887,2,6,4,-12.068372708633628,-77.00970762382875,0,0,7,0,2,-1,-1,0,6543.555,2.0,-1,-1,1.0,0.4495936745003294,0.4495936745003294,1198.0,0.7141594849782824,79.90829932185413,156887.87152034265,7626.313,1683.4029999999998,1599.0829999999996,4343.827000000001,1814.875,5811.438000000001,23.7975414856432,1,0,1,66.0,66.0,66.0,1.0,0.0,0.0,0.0,1,0,0.0,1.0,0.0,0.0,0.0,0.0,1.0,0.0,0.0,0.0,1,1,1,1,0,0,0,3,0,2022,6,17,4,0,1,0,2,0,1,0.0,0,0,LEVE,0,0
0,1,0.0351416648363716,0,4,0,-6.2474882,-79.547554,4,4,2,1,1,-1,-1,0,6543.555,2.0,-1,-1,1.0,0.4495936745003294,0.4495936745003294,1198.0,0.272563437302167,76.9777289182809,11987.942184154175,3459.691,515.0619999999999,689.7280000000001,2254.901,703.3549999999999,2756.336,20.329994788551925,1,0,1,27.0,27.0,27.0,1.0,0.0,0.0,0.0,1,0,0.0,0.0,0.0,0.0,0.0,0.0,1.0,0.0,0.0,0.0,1,1,1,1,0,0,0,4,0,2022,6,17,4,0,1,0,2,0,1,0.0,0,1,GRAVE_MORTALIDAD,2,1