CLASE SINIESTRO,CANTIDAD DE VEHICULOS DAÑADOS,DEPARTAMENTO,ZONA,TIPO DE VÍA,RED VIAL,COORDENADAS LATITUD,COORDENADAS  LONGITUD,CONDICIÓN CLIMÁTICA,ZONIFICACIÓN,CARACTERÍSTICAS DE VÍA,PERFIL LONGITUDINAL VÍA,SUPERFICIE DE CALZADA,¿EXISTE SEÑAL VERTICAL?,¿EXISTE SEÑAL HORIZONTAL?,CAUSA FACTOR PRINCIPAL,MTC_RVN_LONGITUD_KM,MTC_RVN_N_CARRILES_MEDIANA,MTC_RVN_SUPERFICIE_DOMINANTE,MTC_RVN_ESTADO_DOMINANTE,MTC_RVN_ES_CONCESIONADA,MTC_RVN_CONCESION_PRINCIPAL,MTC_RVN_CORREDOR_LOGISTICO,MTC_RVN_N_TRAMOS,IDH_2019,IDH_ESP_VIDA_2019,IDH_POBLACION_2019,MTC_DEP_RED_TOTAL_KM,MTC_DEP_NACIONAL_TOTAL_KM,MTC_DEP_DEPARTAMENTAL_TOTAL_KM,MTC_DEP_VECINAL_TOTAL_KM,MTC_DEP_PAV_TOTAL_KM,MTC_DEP_NO_PAV_TOTAL_KM,MTC_DEP_PCT_PAVIMENTADA,PER_N_CONDUCTORES,PER_N_CONDUCTORES_FUGADOS,PER_N_PEATONES,PER_EDAD_COND_PROM,PER_EDAD_COND_MIN,PER_EDAD_COND_MAX,PER_ANY_COND_MASCULINO,PER_ANY_LIC_PROBLEMA,PER_ANY_DOSAJE_POS,PER_ANY_DOSAJE_EVALUADO,VEH_TOTAL,VEH_N_FUGADOS,VEH_ANY_FUGADO,VEH_ANY_CARGA,VEH_ANY_PUBLICO,VEH_ANY_PARTICULAR,VEH_ANY_MOTO,VEH_ANY_AUTO,VEH_ANY_CAMION_BUS,VEH_ANY_SOAT_PROBLEMA,VEH_ANY_CITV_PROBLEMA,VEH_ANY_SEGURO_PROBLEMA,MTC_RVN_LONGITUD_KM_ERA_NULO,MTC_RVN_N_CARRILES_MEDIANA_ERA_NULO,MTC_RVN_ES_CONCESIONADA_ERA_NULO,MTC_RVN_N_TRAMOS_ERA_NULO,PER_EDAD_COND_PROM_ERA_NULO,PER_EDAD_COND_MIN_ERA_NULO,PER_EDAD_COND_MAX_ERA_NULO,HORA_NUM,FRANJA_HORARIA,ANIO,MES,DIA_MES,DIA_SEMANA,ES_FIN_SEMANA,ES_QUINCENA,REGION_NATURAL,NIVEL_SEÑALIZACION_ORD,ES_VIA_MULTICARRIL,ES_DEPTO_BAJO_PAVIMENTO,RATIO_CONDUCTORES_FUGADOS,ES_CURVA_Y_PENDIENTE,ES_VIA_NO_PAVIMENTADA,CATEGORIA_SEVERIDAD,CATEGORIA_SEVERIDAD_ENC,CLUSTER
3,2,0.0933450472216121,2,2,4,-8.051105,-79.056524,0,2,1,0,2,-1,-1,2,6543.555,2.0,-1,-1,1.0,0.4495936745003294,0.4495936745003294,1198.0,0.5961574154611067,78.8610661942771,197397.5888650964,8931.828000000005,1335.5899999999997,1935.9830000000004,5660.255000000005,1219.309,7712.519000000005,13.651281686122925,2,0,0,27.5,22.0,33.0,1.0,1.0,0.0,1.0,2,0,0.0,1.0,0.0,1.0,1.0,0.0,1.0,0.0,0.0,0.0,1,1,1,1,0,0,0,9,1,2022,6,17,4,0,1,0,2,0,1,0.0,0,0,LEVE,0,1
0,1,0.0213046343070502,0,4,2,-13.245492,-74.357465,5,4,7,0,2,-1,-1,2,6543.555,2.0,-1,-1,1.0,0.4495936745003294,0.4495936745003294,1198.0,0.1859776092837948,69.85250115366037,15617.884368308352,12678.733000000004,1805.074000000001,1774.0339999999994,9099.625000000004,2485.375000000001,10193.358000000002,19.602707936195205,1,0,1,27.0,27.0,27.0,1.0,0.0,0.0,0.0,1,0,0.0,0.0,1.0,0.0,0.0,0.0,1.0,0.0,0.0,0.0,1,1,1,1,0,0,0,14,2,2022,6,17,4,0,1,2,2,0,1,0.0,0,0,LEVE,0,4
3,2,0.0161432022842082,0,4,1,-17.85870663852436,-70.23456561578813,0,4,7,0,2,-1,-1,2,1139.285,1.0,-1,1,0.0,0.340764331210191,0.1266198111135515,176.0,0.5247346827766403,77.18848313096647,37523.97002141328,2650.572,630.6729999999998,487.3610000000001,1532.5379999999998,1068.7019999999998,1581.87,40.31967439480987,2,0,0,51.5,51.0,52.0,1.0,1.0,0.0,1.0,2,0,0.0,0.0,0.0,1.0,0.0,1.0,1.0,0.0,0.0,0.0,0,0,0,0,0,0,0,17,2,2022,6,17,4,0,1,0,2,0,1,0.0,0,0,LEVE,0,15
1,1,0.0351416648363716,2,4,0,-6.769098,-79.905787,0,4,7,0,2,-1,-1,0,6543.555,2.0,-1,-1,1.0,0.4495936745003294,0.4495936745003294,1198.0,0.582874900209372,79.91553229957624,50544.90364025696,3459.691,515.0619999999999,689.7280000000001,2254.901,703.3549999999999,2756.336,20.329994788551925,1,1,1,37.0,33.0,40.0,0.0,0.0,0.0,0.0,1,1,1.0,0.0,0.0,0.0,0.0,0.0,0.0,0.0,0.0,1.0,1,1,1,1,1,1,1,19,3,2022,6,17,4,0,1,0,2,0,1,1.0,0,0,LEVE,0,1
3,1,0.0161432022842082,2,2,4,-17.99720725083975,-70.24022663662474,0,0,7,0,2,-1,-1,2,6543.555,2.0,-1,-1,1.0,0.4495936745003294,0.4495936745003294,1198.0,0.6966125262955101,76.67066141771582,74177.24411134903,2650.572,630.6729999999998,487.3610000000001,1532.5379999999998,1068.7019999999998,1581.87,40.31967439480987,2,0,0,35.0,30.0,40.0,1.0,0.0,0.0,1.0,2,0,0.0,0.0,0.0,1.0,1.0,1.0,0.0,0.0,0.0,0.0,1,1,1,1,0,0,0,4,0,2022,6,18,5,1,1,0,2,0,1,0.0,0,0,LEVE,0,15
3,1,0.0420601801010322,0,4,1,-10.8924752450509,-74.9201045999835,6,5,6,-1,6,-1,-1,0,5768.608,2.0,3,-1,0.0,0.340764331210191,0.1266198111135515,365.0,0.4295860411633357,74.52920034355449,73767.52890792291,12264.545,1826.4639999999995,1105.5389999999998,9332.542,1588.5359999999996,10676.009,12.952261987705208,2,0,0,35.0,30.0,40.0,1.0,1.0,0.0,0.0,2,0,0.0,0.0,1.0,1.0,0.0,1.0,1.0,1.0,0.0,1.0,0,0,0,0,0,0,0,5,0,2022,6,18,5,1,1,2,2,0,1,0.0,0,0,GRAVE_MORTALIDAD,2,5
3,1,0.2105205359103887,2,4,1,-11.783713693158605,-77.15584501205656,0,2,7,0,2,-1,-1,0,6543.555,3.0,5,2,1.0,0.1133318690972984,0.1133318690972984,1475.0,0.6688889885290078,77.65971620762488,54956.252676659526,7626.313,1683.4029999999998,1599.0829999999996,4343.827000000001,1814.875,5811.438000000001,23.7975414856432,2,0,0,34.5,25.0,44.0,1.0,0.0,0.0,0.0,2,0,0.0,1.0,0.0,1.0,1.0,1.0,0.0,1.0,1.0,0.0,0,0,0,0,0,0,0,6,1,2022,6,18,5,1,1,0,2,1,1,0.0,0,0,LEVE,0,0
3,1,0.0318471337579617,0,4,1,-9.537932192874925,-78.27469914507645,0,4,7,0,2,-1,-1,0,6543.555,3.0,5,2,1.0,0.1133318690972984,0.1133318690972984,1475.0,0.5873460606982213,78.04758132038613,35482.29764453961,10767.648,1885.0630000000003,1222.721,7659.864000000001,2100.343,8667.305000000002,19.506051832303577,2,0,0,34.5,31.0,38.0,1.0,0.0,0.0,1.0,2,0,0.0,1.0,0.0,0.0,0.0,0.0,1.0,0.0,0.0,0.0,0,0,0,0,0,0,0,6,1,2022,6,18,5,1,1,0,2,1,1,0.0,0,0,GRAVE_MORTALIDAD,2,1
0,1,0.0821436415550186,0,4,1,-16.2790519,-69.685407,0,4,7,0,2,-1,-1,4,417.30000000000007,1.0,2,1,0.0,0.340764331210191,0.1266198111135515,52.0,0.4020198374784472,77.80062735845667,50686.62526766595,13642.312999999998,2020.7790000000005,2354.117,9267.416999999998,3314.0520000000006,10328.260999999997,24.29244952817019,1,0,1,41.0,41.0,41.0,1.0,0.0,0.0,0.0,1,0,0.0,0.0,0.0,1.0,0.0,1.0,0.0,0.0,0.0,0.0,0,0,0,0,0,0,0,8,1,2022,6,18,5,1,1,2,2,0,1,0.0,0,0,LEVE,0,4
0,1,0.2105205359103887,2,2,4,-12.024429804425798,-77.05142673371772,0,0,7,0,2,-1,-1,0,6543.555,2.0,-1,-1,1.0,0.4495936745003294,0.4495936745003294,1198.0,0.7419979630670723,80.31822295927182,739416.2413542903,7626.313,1683.4029999999998,1599.0829999999996,4343.827000000001,1814.875,5811.438000000001,23.7975414856432,1,0,1,51.0,51.0,51.0,1.0,0.0,0.0,0.0,1,0,0.0,0.0,1.0,0.0,0.0,0.0,1.0,0.0,1.0,0.0,1,1,1,1,0,0,0,9,1,2022,6,18,5,1,1,0,2,0,1,0.0,0,0,LEVE,0,0
0,0,0.0902701515484296,2,3,4,-13.5356522,-71.91255119,7,0,0,1,2,-1,-1,4,6543.555,2.0,-1,-1,1.0,0.4495936745003294,0.4495936745003294,1198.0,0.6806292796157144,77.51447806142957,131240.7944325482,17779.13499998999,2097.37099999,2863.123,12818.640999999989,2878.713,14900.421999989989,16.19152450331032,1,0,1,31.0,31.0,31.0,1.0,0.0,0.0,1.0,1,0,0.0,1.0,0.0,0.0,0.0,0.0,1.0,0.0,0.0,0.0,1,1,1,1,0,0,0,9,1,2022,6,18,5,1,1,2,2,0,1,0.0,1,0,LEVE,0,4
3,2,0.0902701515484296,2,2,4,-13.3871105027358,-72.054058087631,0,4,7,0,2,-1,-1,2,6543.555,2.0,-1,-1,1.0,0.4495936745003294,0.4495936745003294,1198.0,0.3939222756340638,77.11787360879592,10093.05995717345,17779.13499998999,2097.37099999,2863.123,12818.640999999989,2878.713,14900.421999989989,16.19152450331032,2,0,0,57.0,53.0,61.0,1.0,0.0,0.0,1.0,2,0,0.0,0.0,0.0,1.0,1.0,0.0,1.0,0.0,1.0,0.0,1,1,1,1,0,0,0,12,2,2022,6,18,5,1,1,2,2,0,1,0.0,0,0,LEVE,0,4
0,1,0.2105205359103887,2,2,4,-12.036155960337483,-76.9605749077203,0,0,7,0,2,-1,-1,0,6543.555,2.0,-1,-1,1.0,0.4495936745003294,0.4495936745003294,1198.0,0.7347309224519117,80.70014842215761,229834.5310492505,7626.313,1683.4029999999998,1599.0829999999996,4343.827000000001,1814.875,5811.438000000001,23.7975414856432,1,0,1,73.0,73.0,73.0,1.0,0.0,0.0,0.0,1,0,0.0,0.0,0.0,0.0,0.0,0.0,1.0,1.0,1.0,0.0,1,1,1,1,0,0,0,20,3,2022,6,18,5,1,1,0,2,0,1,0.0,0,0,LEVE,0,0
1,1,0.0420601801010322,2,4,1,-11.8000124,-75.543203,0,4,7,0,4,-1,-1,0,7586.903,2.0,5,2,1.0,0.340764331210191,0.067428069404788,1198.0,0.4766174142212529,69.18958836027122,918.3832976445397,12264.545,1826.4639999999995,1105.5389999999998,9332.542,1588.5359999999996,10676.009,12.952261987705208,1,1,1,37.0,33.0,40.0,0.0,0.0,0.0,0.0,1,1,1.0,0.0,0.0,0.0,0.0,0.0,0.0,0.0,0.0,1.0,0,0,0,0,1,1,1,20,3,2022,6,18,5,1,1,2,2,0,1,1.0,0,0,LEVE,0,4
6,1,0.0902701515484296,0,4,1,-13.6905237,-72.3205757,0,4,0,1,2,1,0,2,2176.715,1.0,-1,1,0.0,0.340764331210191,0.1266198111135515,756.0,0.221263491726049,75.43345322294252,3523.3854389721623,17779.13499998999,2097.37099999,2863.123,12818.640999999989,2878.713,14900.421999989989,16.19152450331032,1,0,0,53.0,53.0,53.0,1.0,0.0,0.0,1.0,1,0,0.0,0.0,0.0,1.0,0.0,0.0,1.0,0.0,0.0,0.0,0,0,0,0,0,0,0,22,3,2022,6,18,5,1,1,2,1,0,1,0.0,1,0,LEVE,0,4
0,1,0.2105205359103887,2,2,4,-12.016034926909466,-76.96553167222483,0,0,1,0,2,-1,-1,0,6543.555,2.0,-1,-1,1.0,0.4495936745003294,0.4495936745003294,1198.0,0.701053025277506,79.62867561460851,1150285.0494171206,7626.313,1683.4029999999998,1599.0829999999996,4343.827000000001,1814.875,5811.438000000001,23.7975414856432,1,0,1,28.0,28.0,28.0,1.0,0.0,0.0,0.0,1,0,0.0,0.0,0.0,1.0,0.0,1.0,0.0,0.0,0.0,0.0,1,1,1,1,0,0,0,23,3,2022,6,18,5,1,1,0,2,0,1,0.0,0,0,LEVE,0,0
1,1,0.0420601801010322,2,2,4,-11.9036665389972,-75.3088812826849,0,4,7,0,4,-1,-1,0,6543.555,2.0,-1,-1,1.0,0.4495936745003294,0.4495936745003294,1198.0,0.5590037134540016,69.16521918655411,14877.426124197002,12264.545,1826.4639999999995,1105.5389999999998,9332.542,1588.5359999999996,10676.009,12.952261987705208,1,1,1,37.0,33.0,40.0,0.0,0.0,0.0,0.0,1,1,1.0,0.0,0.0,0.0,0.0,0.0,0.0,0.0,0.0,1.0,1,1,1,1,1,1,1,23,3,2022,6,18,5,1,1,2,2,0,1,1.0,0,0,LEVE,0,4
3,2,0.0351416648363716,0,4,1,-6.99424,-79.6189,0,2,7,0,2,-1,-1,0,6543.555,3.0,5,2,1.0,0.1133318690972984,0.1133318690972984,1475.0,0.5328313946151968,80.14557682903842,10221.605995717344,3459.691,515.0619999999999,689.7280000000001,2254.901,703.3549999999999,2756.336,20.329994788551925,2,0,0,30.5,27.0,34.0,1.0,0.0,0.0,1.0,2,0,0.0,1.0,0.0,1.0,1.0,0.0,1.0,0.0,0.0,1.0,0,0,0,0,0,0,0,23,3,2022,6,18,5,1,1,0,2,1,1,0.0,0,0,LEVE,0,1
5,1,0.0497474192839885,0,4,1,-4.58834299940658,-81.18214129984908,0,4,7,0,1,-1,-1,0,6543.555,3.0,5,2,1.0,0.1133318690972984,0.1133318690972984,1475.0,0.5901150530410085,76.98052296505229,89997.35760171307,8965.846000060003,1782.4120000599992,636.9959999999999,6546.438000000004,2214.505000059999,6751.341000000004,24.699342371541725,2,1,0,33.0,33.0,33.0,1.0,0.0,0.0,0.0,2,1,1.0,0.0,0.0,1.0,0.0,0.0,0.0,1.0,1.0,1.0,0,0,0,0,0,0,0,1,0,2022,6,19,6,1,1,0,2,1,1,0.5,0,1,LEVE,0,25
1,1,0.2105205359103887,2,4,1,-12.021297496382838,-76.92534142797355,0,0,0,0,2,-1,-1,0,875.67,2.0,5,2,1.0,0.0162530199868218,0.0124094003953437,156.0,0.6831952456039544,78.60873873772867,255143.7301927195,7626.313,1683.4029999999998,1599.0829999999996,4343.827000000001,1814.875,5811.438000000001,23.7975414856432,1,1,1,37.0,33.0,40.0,0.0,0.0,0.0,0.0,1,1,1.0,0.0,0.0,0.0,0.0,0.0,0.0,0.0,0.0,1.0,0,0,0,0,1,1,1,3,0,2022,6,19,6,1,1,0,2,0,1,1.0,0,0,LEVE,0,0
6,1,0.0497474192839885,0,4,3,-4.858,-80.719,0,4,7,0,1,-1,-1,0,6543.555,2.0,-1,-1,1.0,0.4495936745003294,0.4495936745003294,1198.0,0.513760154377943,78.78688775182127,30643.633832976448,8965.846000060003,1782.4120000599992,636.9959999999999,6546.438000000004,2214.505000059999,6751.341000000004,24.699342371541725,1,0,0,34.0,34.0,34.0,1.0,1.0,0.0,0.0,1,0,0.0,0.0,1.0,0.0,1.0,0.0,0.0,1.0,1.0,1.0,1,1,1,1,0,0,0,3,0,2022,6,19,6,1,1,0,2,0,1,0.0,0,1,LEVE,0,3
1,1,0.0766527564243356,2,4,2,-17.09097401,-71.774955,0,3,7,0,2,0,1,0,6543.555,2.0,-1,-1,1.0,0.4495936745003294,0.4495936745003294,1198.0,0.6449493635682252,78.44719582624413,8054.678800856533,10322.272,1495.236,1749.739,7077.2970000000005,2886.595,7435.677000000001,27.964725207783708,1,1,1,37.0,33.0,40.0,0.0,0.0,0.0,0.0,1,1,1.0,0.0,0.0,0.0,0.0,0.0,0.0,0.0,0.0,1.0,1,1,1,1,1,1,1,3,0,2022,6,19,6,1,1,0,1,0,1,1.0,0,0,LEVE,0,4
3,2,0.0933450472216121,0,4,1,-8.500596,-78.69027,0,4,7,0,2,-1,-1,0,6543.555,3.0,5,2,1.0,0.1133318690972984,0.1133318690972984,1475.0,0.4971504606547645,77.79759708660042,44368.59100642397,8931.828000000005,1335.5899999999997,1935.9830000000004,5660.255000000005,1219.309,7712.519000000005,13.651281686122925,2,0,0,46.0,31.0,61.0,1.0,1.0,0.0,0.0,2,0,0.0,0.0,1.0,1.0,1.0,0.0,1.0,0.0,0.0,0.0,0,0,0,0,0,0,0,3,0,2022,6,19,6,1,1,0,2,1,1,0.0,0,0,LEVE,0,1
1,1,0.0161432022842082,0,4,2,-18.21716226592353,-70.41215051585328,0,0,7,0,2,-1,-1,4,6543.555,2.0,-1,-1,1.0,0.4495936745003294,0.4495936745003294,1198.0,0.5551799999072031,75.37994385062687,6114.0,2650.572,630.6729999999998,487.3610000000001,1532.5379999999998,1068.7019999999998,1581.87,40.31967439480987,1,1,1,37.0,33.0,40.0,0.0,0.0,0.0,0.0,1,1,1.0,0.0,0.0,0.0,0.0,0.0,0.0,0.0,0.0,1.0,1,1,1,1,1,1,1,4,0,2022,6,19,6,1,1,0,2,0,1,1.0,0,0,LEVE,0,15
6,1,0.0131781243136393,0,4,1,-9.904127,-76.005707,0,4,0,1,7,-1,-1,2,926.7690000000002,2.0,3,1,0.0,0.340764331210191,0.1266198111135515,124.0,0.2488101415616882,69.007841453463,22296.95503211992,8209.057,1333.4779999999996,791.9770000000001,6083.602,1059.8589999999997,7149.198,12.910849565303296,1,0,0,18.0,18.0,18.0,1.0,1.0,0.0,0.0,1,0,0.0,0.0,1.0,0.0,1.0,0.0,0.0,1.0,0.0,1.0,0,0,0,0,0,0,0,5,0,2022,6,19,6,1,1,2,2,0,1,0.0,1,1,LEVE,0,4
1,1,0.2105205359103887,2,2,4,-12.064422548495145,-77.02776426791546,0,0,1,0,2,-1,-1,0,6543.555,2.0,-1,-1,1.0,0.4495936745003294,0.4495936745003294,1198.0,0.7141594849782824,79.90829932185413,156887.87152034265,7626.313,1683.4029999999998,1599.0829999999996,4343.827000000001,1814.875,5811.438000000001,23.7975414856432,1,1,1,37.0,33.0,40.0,0.0,0.0,0.0,0.0,1,1,1.0,0.0,0.0,0.0,0.0,0.0,0.0,0.0,0.0,1.0,1,1,1,1,1,1,1,6,1,2022,6,19,6,1,1,0,2,0,1,1.0,0,0,LEVE,0,0
3,2,0.0902701515484296,0,4,2,-14.5847989,-71.3796144,0,4,5,1,2,1,1,2,6543.555,2.0,-1,-1,1.0,0.4495936745003294,0.4495936745003294,1198.0,0.2860092739262279,59.94781725321823,5060.0256959314775,17779.13499998999,2097.37099999,2863.123,12818.640999999989,2878.713,14900.421999989989,16.19152450331032,2,0,0,27.5,25.0,30.0,1.0,0.0,0.0,1.0,2,0,0.0,1.0,0.0,1.0,0.0,1.0,1.0,0.0,0.0,0.0,1,1,1,1,0,0,0,6,1,2022,6,19,6,1,1,2,2,0,1,0.0,1,0,GRAVE_MORTALIDAD,2,4
3,2,0.0293213265978475,0,4,1,-5.999937,-77.264614,0,4,7,0,2,-1,-1,2,7758.33400008,2.0,5,2,1.0,0.340764331210191,0.0464528882055787,2133.0,0.3873075948511574,72.98119449957349,17629.94004282655,5645.136,815.0759999999999,965.298,3864.762,1013.406,4631.73,17.95184385283189,2,0,0,29.5,16.0,43.0,1.0,1.0,0.0,0.0,2,0,0.0,0.0,0.0,1.0,1.0,0.0,1.0,0.0,1.0,1.0,0,0,0,0,0,0,0,7,1,2022,6,19,6,1,1,1,2,0,1,0.0,0,0,LEVE,0,2
6,1,0.2105205359103887,0,4,1,-10.464184170789936,-77.07241705154529,0,4,7,1,2,-1,-1,0,1031.172,-1.0,-1,2,0.0,0.340764331210191,0.1266198111135515,405.0,0.4949123837036472,70.52606170870753,1680.4111349036402,7626.313,1683.4029999999998,1599.0829999999996,4343.827000000001,1814.875,5811.438000000001,23.7975414856432,1,0,0,25.0,25.0,25.0,1.0,1.0,0.0,0.0,1,0,0.0,0.0,0.0,1.0,0.0,1.0,0.0,0.0,0.0,0.0,0,0,0,0,0,0,0,7,1,2022,6,19,6,1,1,0,2,0,1,0.0,0,0,GRAVE_MORTALIDAD,2,-1
0,0,0.0902701515484296,2,7,4,-13.549759,-71.870686564,0,3,1,0,1,-1,-1,0,6543.555,2.0,-1,-1,1.0,0.4495936745003294,0.4495936745003294,1198.0,0.6549025615332805,78.59637500870319,59698.74304068524,17779.13499998999,2097.37099999,2863.123,12818.640999999989,2878.713,14900.421999989989,16.19152450331032,1,0,1,41.0,41.0,41.0,1.0,0.0,0.0,1.0,1,0,0.0,0.0,0.0,1.0,0.0,1.0,0.0,0.0,0.0,0.0,1,1,1,1,0,0,0,9,1,2022,6,19,6,1,1,2,2,0,1,0.0,0,1,LEVE,0,4
3,2,0.0902701515484296,0,4,1,-12.649021047920526,-73.0487232648291,0,4,7,0,2,-1,-1,2,3447.8009999999995,1.0,5,1,0.0,0.340764331210191,0.0101032286404568,1109.0,0.4297325556987851,76.15904795703717,29458.58458244112,17779.13499998999,2097.37099999,2863.123,12818.640999999989,2878.713,14900.421999989989,16.19152450331032,2,0,0,49.5,33.0,66.0,1.0,1.0,0.0,0.0,2,0,0.0,0.0,0.0,1.0,1.0,0.0,0.0,1.0,1.0,1.0,0,0,0,0,0,0,0,20,3,2022,6,19,6,1,1,2,2,0,1,0.0,0,0,LEVE,0,29
3,2,0.0933450472216121,0,4,1,-7.250215,-79.479839,0,4,7,0,2,-1,-1,2,6543.555,3.0,5,2,1.0,0.1133318690972984,0.1133318690972984,1475.0,0.5650979329787121,81.32490571897102,43897.946466809415,8931.828000000005,1335.5899999999997,1935.9830000000004,5660.255000000005,1219.309,7712.519000000005,13.651281686122925,2,0,0,38.0,31.0,45.0,1.0,1.0,0.0,0.0,2,0,0.0,0.0,1.0,0.0,1.0,0.0,1.0,0.0,0.0,1.0,0,0,0,0,0,0,0,21,3,2022,6,19,6,1,1,0,2,1,1,0.0,0,0,LEVE,0,1
0,1,0.0293213265978475,0,4,1,-5.869872,-77.343031,0,4,7,1,2,-1,-1,4,7758.33400008,2.0,5,2,1.0,0.340764331210191,0.0464528882055787,2133.0,0.4789759027469384,73.43778249935497,47552.6295503212,5645.136,815.0759999999999,965.298,3864.762,1013.406,4631.73,17.95184385283189,1,0,1,22.0,22.0,22.0,1.0,0.0,0.0,0.0,1,0,0.0,0.0,0.0,1.0,1.0,0.0,0.0,0.0,0.0,0.0,0,0,0,0,0,0,0,21,3,2022,6,19,6,1,1,1,2,0,1,0.0,0,0,LEVE,0,2
6,1,0.0933450472216121,0,4,2,-7.341714166038781,-79.57497508175518,0,4,7,0,2,-1,-1,0,6543.555,2.0,-1,-1,1.0,0.4495936745003294,0.4495936745003294,1198.0,0.5536071806269429,80.66289122606678,4003.188436830834,8931.828000000005,1335.5899999999997,1935.9830000000004,5660.255000000005,1219.309,7712.519000000005,13.651281686122925,1,0,0,39.0,39.0,39.0,1.0,1.0,0.0,0.0,1,0,0.0,0.0,0.0,1.0,1.0,0.0,0.0,1.0,0.0,1.0,1,1,1,1,0,0,0,21,3,2022,6,19,6,1,1,0,2,0,1,0.0,0,0,LEVE,0,1
1,1,0.2105205359103887,2,4,1,-11.848859643195157,-77.09430987844938,0,0,7,0,2,-1,-1,0,6543.555,3.0,5,2,1.0,0.1133318690972984,0.1133318690972984,1475.0,0.6632628912836565,79.15155564666024,383699.2119914347,7626.313,1683.4029999999998,1599.0829999999996,4343.827000000001,1814.875,5811.438000000001,23.7975414856432,1,1,1,37.0,33.0,40.0,0.0,0.0,0.0,0.0,1,1,1.0,0.0,0.0,0.0,0.0,0.0,0.0,0.0,0.0,1.0,0,0,0,0,1,1,1,22,3,2022,6,19,6,1,1,0,2,1,1,1.0,0,0,LEVE,0,0
6,1,0.0933450472216121,0,4,2,-8.071428,-79.11348,0,4,7,0,1,-1,-1,2,6543.555,2.0,-1,-1,1.0,0.4495936745003294,0.4495936745003294,1198.0,0.583006771156836,78.2441938961209,76607.295503212,8931.828000000005,1335.5899999999997,1935.9830000000004,5660.255000000005,1219.309,7712.519000000005,13.651281686122925,1,0,0,33.0,33.0,33.0,1.0,0.0,0.0,0.0,1,0,0.0,0.0,0.0,1.0,1.0,0.0,0.0,1.0,0.0,1.0,1,1,1,1,0,0,0,2,0,2022,6,20,0,0,1,0,2,0,1,0.0,0,1,LEVE,0,1
1,1,0.0062596090489786,2,4,1,-12.884931,-70.024299,6,5,6,-1,6,-1,-1,0,3263.58,2.0,5,2,1.0,0.0080166922907972,0.0080166922907972,566.0,0.5847607793961872,74.2269863647676,11048.877944325484,2090.391,399.431,340.021,1350.9389999999996,493.824,1596.5669999999996,23.62352306338862,1,1,0,37.0,33.0,40.0,0.0,0.0,0.0,0.0,1,1,1.0,0.0,0.0,0.0,0.0,0.0,0.0,0.0,0.0,1.0,0,0,0,0,1,1,1,5,0,2022,6,20,0,0,1,1,2,0,1,1.0,0,0,LEVE,0,28
6,1,0.0933450472216121,0,4,0,-7.985533901139937,-78.81865653733371,0,4,7,0,2,-1,-1,2,6543.555,2.0,-1,-1,1.0,0.4495936745003294,0.4495936745003294,1198.0,0.4511366358384425,77.59010744042445,4289.124197002141,8931.828000000005,1335.5899999999997,1935.9830000000004,5660.255000000005,1219.309,7712.519000000005,13.651281686122925,1,0,0,46.0,46.0,46.0,1.0,0.0,0.0,0.0,1,0,0.0,1.0,0.0,0.0,1.0,0.0,0.0,0.0,0.0,0.0,1,1,1,1,0,0,0,8,1,2022,6,20,0,0,1,0,2,0,1,0.0,0,0,LEVE,0,1
6,1,0.0821436415550186,0,4,2,-15.032705234222194,-70.38025257163025,0,4,7,0,7,-1,-1,1,6543.555,2.0,-1,-1,1.0,0.4495936745003294,0.4495936745003294,1198.0,0.3321861957084406,76.3620732097923,4882.685224839401,13642.312999999998,2020.7790000000005,2354.117,9267.416999999998,3314.0520000000006,10328.260999999997,24.29244952817019,1,0,0,35.0,35.0,35.0,1.0,1.0,0.0,1.0,1,0,0.0,0.0,0.0,1.0,0.0,0.0,1.0,0.0,0.0,0.0,1,1,1,1,0,0,0,12,2,2022,6,20,0,0,1,2,2,0,1,0.0,0,1,GRAVE_LESIONADOS,1,4
0,1,0.0902701515484296,0,4,3,-14.7186887,-71.587381,0,4,7,0,7,-1,-1,1,6543.555,2.0,-1,-1,1.0,0.4495936745003294,0.4495936745003294,1198.0,0.2895499003381874,68.53788948078248,14410.650963597433,17779.13499998999,2097.37099999,2863.123,12818.640999999989,2878.713,14900.421999989989,16.19152450331032,1,0,1,18.0,18.0,18.0,1.0,1.0,0.0,1.0,1,0,0.0,0.0,0.0,1.0,0.0,1.0,0.0,0.0,0.0,0.0,1,1,1,1,0,0,0,16,2,2022,6,20,0,0,1,2,2,0,1,0.0,0,1,LEVE,0,4
6,1,0.0497474192839885,0,4,1,-5.787842,-79.445615,0,4,0,1,7,1,0,2,9936.932,2.0,5,2,1.0,0.340764331210191,0.1266198111135515,3830.0,0.2117580020098525,65.37756662211437,38712.25053533191,8965.846000060003,1782.4120000599992,636.9959999999999,6546.438000000004,2214.505000059999,6751.341000000004,24.699342371541725,1,0,0,48.0,48.0,48.0,1.0,0.0,0.0,1.0,1,0,0.0,0.0,0.0,1.0,0.0,0.0,1.0,0.0,1.0,0.0,0,0,0,0,0,0,0,20,3,2022,6,20,0,0,1,0,1,0,1,0.0,1,1,GRAVE_LESIONADOS,1,1
6,1,0.0475510652317153,2,2,4,-14.069268,-75.735427,0,3,7,0,2,-1,-1,0,6543.555,2.0,-1,-1,1.0,0.4495936745003294,0.4495936745003294,1198.0,0.6637216310803388,79.6446050662278,142450.24411134905,3721.461,698.1859999999996,744.866,2278.409,1102.9029999999996,2618.558,29.636290693359403,1,0,0,27.0,27.0,27.0,1.0,0.0,0.0,0.0,1,0,0.0,0.0,0.0,1.0,1.0,0.0,0.0,0.0,0.0,0.0,1,1,1,1,0,0,0,20,3,2022,6,20,0,0,1,0,2,0,1,0.0,0,0,LEVE,0,7