CLASE SINIESTRO,CANTIDAD DE VEHICULOS DAÑADOS,DEPARTAMENTO,ZONA,TIPO DE VÍA,RED VIAL,COORDENADAS LATITUD,COORDENADAS  LONGITUD,CONDICIÓN CLIMÁTICA,ZONIFICACIÓN,CARACTERÍSTICAS DE VÍA,PERFIL LONGITUDINAL VÍA,SUPERFICIE DE CALZADA,¿EXISTE SEÑAL VERTICAL?,¿EXISTE SEÑAL HORIZONTAL?,CAUSA FACTOR PRINCIPAL,MTC_RVN_LONGITUD_KM,MTC_RVN_N_CARRILES_MEDIANA,MTC_RVN_SUPERFICIE_DOMINANTE,MTC_RVN_ESTADO_DOMINANTE,MTC_RVN_ES_CONCESIONADA,MTC_RVN_CONCESION_PRINCIPAL,MTC_RVN_CORREDOR_LOGISTICO,MTC_RVN_N_TRAMOS,IDH_2019,IDH_ESP_VIDA_2019,IDH_POBLACION_2019,MTC_DEP_RED_TOTAL_KM,MTC_DEP_NACIONAL_TOTAL_KM,MTC_DEP_DEPARTAMENTAL_TOTAL_KM,MTC_DEP_VECINAL_TOTAL_KM,MTC_DEP_PAV_TOTAL_KM,MTC_DEP_NO_PAV_TOTAL_KM,MTC_DEP_PCT_PAVIMENTADA,PER_N_CONDUCTORES,PER_N_CONDUCTORES_FUGADOS,PER_N_PEATONES,PER_EDAD_COND_PROM,PER_EDAD_COND_MIN,PER_EDAD_COND_MAX,PER_ANY_COND_MASCULINO,PER_ANY_LIC_PROBLEMA,PER_ANY_DOSAJE_POS,PER_ANY_DOSAJE_EVALUADO,VEH_TOTAL,VEH_N_FUGADOS,VEH_ANY_FUGADO,VEH_ANY_CARGA,VEH_ANY_PUBLICO,VEH_ANY_PARTICULAR,VEH_ANY_MOTO,VEH_ANY_AUTO,VEH_ANY_CAMION_BUS,VEH_ANY_SOAT_PROBLEMA,VEH_ANY_CITV_PROBLEMA,VEH_ANY_SEGURO_PROBLEMA,MTC_RVN_LONGITUD_KM_ERA_NULO,MTC_RVN_N_CARRILES_MEDIANA_ERA_NULO,MTC_RVN_ES_CONCESIONADA_ERA_NULO,MTC_RVN_N_TRAMOS_ERA_NULO,PER_EDAD_COND_PROM_ERA_NULO,PER_EDAD_COND_MIN_ERA_NULO,PER_EDAD_COND_MAX_ERA_NULO,HORA_NUM,FRANJA_HORARIA,ANIO,MES,DIA_MES,DIA_SEMANA,ES_FIN_SEMANA,ES_QUINCENA,REGION_NATURAL,NIVEL_SEÑALIZACION_ORD,ES_VIA_MULTICARRIL,ES_DEPTO_BAJO_PAVIMENTO,RATIO_CONDUCTORES_FUGADOS,ES_CURVA_Y_PENDIENTE,ES_VIA_NO_PAVIMENTADA,CATEGORIA_SEVERIDAD,CATEGORIA_SEVERIDAD_ENC,CLUSTER
6,1,0.2105205359103887,0,4,1,-11.39592,-77.39865,0,4,7,1,2,1,0,2,6543.555,3.0,5,2,1.0,0.1133318690972984,0.1133318690972984,1475.0,0.7327345537337897,78.20903814342847,62016.21841541756,7626.313,1683.4029999999998,1599.0829999999996,4343.827000000001,1814.875,5811.438000000001,23.7975414856432,1,0,0,62.0,62.0,62.0,1.0,0.0,0.0,1.0,1,0,0.0,1.0,0.0,0.0,0.0,0.0,1.0,0.0,0.0,0.0,0,0,0,0,0,0,0,4,0,2022,7,28,3,0,1,0,1,1,1,0.0,0,0,LEVE,0,0
6,1,0.0318471337579617,0,4,2,-8.944728418495957,-77.25099293540882,7,4,5,1,1,-1,-1,2,6543.555,2.0,-1,-1,1.0,0.4495936745003294,0.4495936745003294,1198.0,0.2363618546328331,76.59975154000108,3047.7537473233406,10767.648,1885.0630000000003,1222.721,7659.864000000001,2100.343,8667.305000000002,19.506051832303577,1,0,0,45.0,45.0,45.0,1.0,0.0,0.0,1.0,1,0,0.0,0.0,0.0,1.0,0.0,1.0,0.0,0.0,0.0,0.0,1,1,1,1,0,0,0,7,1,2022,7,28,3,0,1,0,2,0,1,0.0,1,1,GRAVE_MORTALIDAD,2,1
6,1,0.0213046343070502,0,4,1,-13.358444,-74.82262,0,4,5,0,2,1,0,2,1679.5849999999998,2.0,5,1,1.0,0.340764331210191,0.0082363276960245,315.0,0.2587772817968213,78.2313731727826,3876.4004282655246,12678.733000000004,1805.074000000001,1774.0339999999994,9099.625000000004,2485.375000000001,10193.358000000002,19.602707936195205,1,0,0,40.0,40.0,40.0,1.0,0.0,0.0,0.0,1,0,0.0,0.0,0.0,0.0,0.0,1.0,0.0,0.0,0.0,0.0,0,0,0,0,0,0,0,9,1,2022,7,28,3,0,1,2,1,0,1,0.0,0,0,GRAVE_LESIONADOS,1,4
6,1,0.0420601801010322,0,4,1,-11.1777721,-75.4521144,0,4,0,1,2,-1,-1,2,600.0300000000001,2.0,5,2,0.0,0.340764331210191,0.0032945310784098,178.0,0.5524312122883903,74.69278428872114,25835.76017130621,12264.545,1826.4639999999995,1105.5389999999998,9332.542,1588.5359999999996,10676.009,12.952261987705208,1,0,0,40.0,40.0,40.0,1.0,0.0,0.0,0.0,1,0,0.0,0.0,0.0,1.0,0.0,0.0,1.0,0.0,0.0,0.0,0,0,0,0,0,0,0,14,2,2022,7,28,3,0,1,2,2,0,1,0.0,1,0,GRAVE_MORTALIDAD,2,4
3,2,0.0351416648363716,0,4,2,-6.02938567788112,-79.806545691682,0,4,7,0,7,-1,-1,0,6543.555,2.0,-1,-1,1.0,0.4495936745003294,0.4495936745003294,1198.0,0.4703091457296942,74.91176543888524,44335.321199143465,3459.691,515.0619999999999,689.7280000000001,2254.901,703.3549999999999,2756.336,20.329994788551925,2,0,0,32.0,18.0,46.0,1.0,1.0,0.0,0.0,2,0,0.0,0.0,1.0,0.0,1.0,0.0,1.0,1.0,1.0,1.0,1,1,1,1,0,0,0,16,2,2022,7,28,3,0,1,0,2,0,1,0.0,0,1,GRAVE_MORTALIDAD,2,1
1,1,0.2105205359103887,2,4,1,-12.041213287871356,-77.03289512282687,0,3,7,0,2,1,1,0,6543.555,3.0,5,2,1.0,0.1133318690972984,0.1133318690972984,1475.0,0.7300036506368504,80.21724456394445,156759.78800856532,7626.313,1683.4029999999998,1599.0829999999996,4343.827000000001,1814.875,5811.438000000001,23.7975414856432,1,1,1,37.0,33.0,40.0,0.0,0.0,0.0,0.0,1,1,1.0,0.0,0.0,0.0,0.0,0.0,0.0,0.0,0.0,1.0,0,0,0,0,1,1,1,16,2,2022,7,28,3,0,1,0,2,1,1,1.0,0,0,LEVE,0,0
0,1,0.0933450472216121,0,4,1,-8.362982,-78.871678,0,4,7,0,2,-1,-1,4,6543.555,3.0,5,2,1.0,0.1133318690972984,0.1133318690972984,1475.0,0.5051395598219868,77.13285387085847,67612.41755888652,8931.828000000005,1335.5899999999997,1935.9830000000004,5660.255000000005,1219.309,7712.519000000005,13.651281686122925,1,0,1,57.0,57.0,57.0,1.0,0.0,0.0,0.0,1,0,0.0,0.0,0.0,1.0,0.0,1.0,0.0,0.0,0.0,0.0,0,0,0,0,0,0,0,19,3,2022,7,28,3,0,1,0,2,1,1,0.0,0,0,LEVE,0,1
3,1,0.0933450472216121,0,4,1,-8.032543,-78.841541,0,4,7,0,2,-1,-1,2,610.6099999999999,2.0,5,2,1.0,0.0133977597188666,0.0065890621568196,100.0,0.5929579484728337,80.24150924632623,34739.39614561028,8931.828000000005,1335.5899999999997,1935.9830000000004,5660.255000000005,1219.309,7712.519000000005,13.651281686122925,2,0,0,42.0,42.0,42.0,1.0,0.0,0.0,0.0,2,0,0.0,1.0,0.0,1.0,1.0,0.0,1.0,0.0,0.0,1.0,0,0,0,0,0,0,0,1,0,2022,7,29,4,0,1,0,2,0,1,0.0,0,0,LEVE,0,1
6,1,0.0902701515484296,0,4,0,-14.441994,-71.42504,0,4,0,0,7,-1,-1,2,6543.555,2.0,-1,-1,1.0,0.4495936745003294,0.4495936745003294,1198.0,0.1548867386502985,64.5917716662409,5532.92505353319,17779.13499998999,2097.37099999,2863.123,12818.640999999989,2878.713,14900.421999989989,16.19152450331032,1,0,0,25.0,25.0,25.0,1.0,0.0,0.0,0.0,1,0,0.0,0.0,0.0,1.0,1.0,0.0,0.0,1.0,1.0,1.0,1,1,1,1,0,0,0,2,0,2022,7,29,4,0,1,2,2,0,1,0.0,0,1,LEVE,0,4
0,1,0.0420601801010322,0,4,1,-12.188843658535474,-75.19176714279406,0,4,7,1,2,0,1,4,7586.903,2.0,5,2,1.0,0.340764331210191,0.067428069404788,1198.0,0.3665416978488408,76.83282434345439,1187.5781584582442,12264.545,1826.4639999999995,1105.5389999999998,9332.542,1588.5359999999996,10676.009,12.952261987705208,1,0,1,24.0,24.0,24.0,1.0,0.0,0.0,1.0,1,0,0.0,1.0,0.0,0.0,0.0,0.0,1.0,0.0,1.0,0.0,0,0,0,0,0,0,0,5,0,2022,7,29,4,0,1,2,1,0,1,0.0,0,0,LEVE,0,4
1,0,0.2105205359103887,2,4,2,-11.862209708446592,-77.05571893008928,0,1,7,0,2,-1,-1,0,6543.555,2.0,-1,-1,1.0,0.4495936745003294,0.4495936745003294,1198.0,0.6498693508177541,78.84967382596041,356854.23554603854,7626.313,1683.4029999999998,1599.0829999999996,4343.827000000001,1814.875,5811.438000000001,23.7975414856432,1,1,1,37.0,33.0,40.0,0.0,0.0,0.0,0.0,1,1,1.0,0.0,0.0,0.0,0.0,0.0,0.0,0.0,0.0,1.0,1,1,1,1,1,1,1,5,0,2022,7,29,4,0,1,0,2,0,1,1.0,0,0,LEVE,0,0
0,1,0.0933450472216121,0,4,1,-7.305280085254747,-79.47914506524577,0,4,7,0,2,-1,-1,0,887.28,2.0,5,2,1.0,0.0133977597188666,0.0065890621568196,155.0,0.5650979329787121,81.32490571897102,43897.946466809415,8931.828000000005,1335.5899999999997,1935.9830000000004,5660.255000000005,1219.309,7712.519000000005,13.651281686122925,1,0,1,29.0,29.0,29.0,1.0,1.0,0.0,0.0,1,0,0.0,0.0,0.0,1.0,0.0,0.0,1.0,1.0,1.0,0.0,0,0,0,0,0,0,0,6,1,2022,7,29,4,0,1,0,2,0,1,0.0,0,0,LEVE,0,1
3,2,0.0821436415550186,0,4,1,-15.954076,-69.825822,0,4,7,0,2,-1,-1,2,7586.903,2.0,5,2,1.0,0.340764331210191,0.067428069404788,1198.0,0.2884525097354768,64.20597588940076,7037.970021413275,13642.312999999998,2020.7790000000005,2354.117,9267.416999999998,3314.0520000000006,10328.260999999997,24.29244952817019,2,0,0,43.5,27.0,60.0,1.0,0.0,1.0,1.0,2,0,0.0,0.0,0.0,1.0,1.0,1.0,0.0,0.0,1.0,1.0,0,0,0,0,0,0,0,12,2,2022,7,29,4,0,1,2,2,0,1,0.0,0,0,GRAVE_LESIONADOS,1,4
0,1,0.2105205359103887,0,4,1,-11.064363317397373,-77.14055653278339,0,4,2,1,2,1,0,4,1422.177,2.0,5,2,0.0,0.340764331210191,0.0024159894575005,698.0,0.625259356790912,76.00710856837651,24684.304068522484,7626.313,1683.4029999999998,1599.0829999999996,4343.827000000001,1814.875,5811.438000000001,23.7975414856432,1,0,1,38.0,38.0,38.0,1.0,0.0,0.0,1.0,1,0,0.0,0.0,0.0,1.0,0.0,1.0,0.0,0.0,0.0,0.0,0,0,0,0,0,0,0,14,2,2022,7,29,4,0,1,0,1,0,1,0.0,0,0,LEVE,0,0
3,2,0.0497474192839885,0,4,1,-5.184714,-80.692297,0,4,7,0,2,-1,-1,0,6543.555,3.0,5,2,1.0,0.1133318690972984,0.1133318690972984,1475.0,0.5997462042553465,78.40793944726823,183875.0,8965.846000060003,1782.4120000599992,636.9959999999999,6546.438000000004,2214.505000059999,6751.341000000004,24.699342371541725,2,0,0,26.0,17.0,35.0,1.0,1.0,0.0,1.0,2,0,0.0,0.0,1.0,1.0,1.0,0.0,1.0,0.0,1.0,1.0,0,0,0,0,0,0,0,17,2,2022,7,29,4,0,1,0,2,1,1,0.0,0,0,LEVE,0,3
3,2,0.0597408302218317,2,4,1,-5.83172,-78.7479,0,3,7,0,2,-1,-1,0,7758.33400008,2.0,5,2,1.0,0.340764331210191,0.0464528882055787,2133.0,0.5803239946829384,74.49544278598792,102362.46895074946,15935.565011852366,1733.9250000199986,935.692,13265.948011832368,2000.1670000199988,13935.398011832369,12.551591352627522,2,0,0,47.5,45.0,50.0,1.0,1.0,0.0,0.0,2,0,0.0,0.0,1.0,0.0,1.0,0.0,1.0,0.0,1.0,1.0,0,0,0,0,0,0,0,18,3,2022,7,29,4,0,1,2,2,0,1,0.0,0,0,LEVE,0,1
3,2,0.0933450472216121,0,4,2,-7.722465,-79.215931,0,4,7,0,2,-1,-1,2,6543.555,2.0,-1,-1,1.0,0.4495936745003294,0.4495936745003294,1198.0,0.6188510848290703,78.5193798976671,30558.111349036404,8931.828000000005,1335.5899999999997,1935.9830000000004,5660.255000000005,1219.309,7712.519000000005,13.651281686122925,2,0,0,49.5,46.0,53.0,1.0,1.0,0.0,0.0,2,0,0.0,1.0,1.0,0.0,1.0,0.0,1.0,0.0,1.0,1.0,1,1,1,1,0,0,0,20,3,2022,7,29,4,0,1,0,2,0,1,0.0,0,0,LEVE,0,1
0,1,0.0821436415550186,0,4,1,-15.016569,-70.179992,0,4,7,0,2,-1,-1,4,1761.8050000000003,2.0,5,2,1.0,0.005820338238524,0.005820338238524,410.0,0.192208961369019,68.76766266610497,4011.042826552462,13642.312999999998,2020.7790000000005,2354.117,9267.416999999998,3314.0520000000006,10328.260999999997,24.29244952817019,1,0,1,56.0,56.0,56.0,1.0,0.0,0.0,0.0,1,0,0.0,0.0,0.0,1.0,0.0,0.0,1.0,0.0,0.0,0.0,0,0,0,0,0,0,0,20,3,2022,7,29,4,0,1,2,2,0,1,0.0,0,0,LEVE,0,4
6,1,0.0597408302218317,0,4,0,-6.42844573600371,-78.6902270498322,0,4,0,1,2,-1,-1,0,6543.555,2.0,-1,-1,1.0,0.4495936745003294,0.4495936745003294,1198.0,0.2105555568333416,74.06086584299045,3666.2162740899366,15935.565011852366,1733.9250000199986,935.692,13265.948011832368,2000.1670000199988,13935.398011832369,12.551591352627522,1,0,0,45.0,45.0,45.0,1.0,0.0,0.0,0.0,1,0,0.0,0.0,0.0,1.0,1.0,0.0,0.0,0.0,1.0,0.0,1,1,1,1,0,0,0,21,3,2022,7,29,4,0,1,2,2,0,1,0.0,1,0,LEVE,0,1
5,1,0.0059301559411377,0,4,0,-6.218510278617894,-77.8784403204918,0,4,0,0,2,-1,-1,0,6543.555,2.0,-1,-1,1.0,0.4495936745003294,0.4495936745003294,1198.0,0.6423605938903921,72.19267446694317,33038.252676659526,3903.732,1155.121,585.018,2163.5930000000003,943.591,2960.1410000000005,24.17151074920102,2,1,0,21.0,21.0,21.0,1.0,1.0,0.0,0.0,2,1,1.0,0.0,0.0,1.0,1.0,0.0,0.0,0.0,1.0,1.0,1,1,1,1,0,0,0,22,3,2022,7,29,4,0,1,1,2,0,1,0.5,0,0,GRAVE_MORTALIDAD,2,33
3,1,0.0597408302218317,0,4,1,-7.16516909,-78.48339357,6,5,6,-1,6,-1,-1,0,2760.8550000000005,1.0,-1,1,0.0,0.340764331210191,0.1266198111135515,1208.0,0.6070175276741574,73.19224654097276,257380.9443254818,15935.565011852366,1733.9250000199986,935.692,13265.948011832368,2000.1670000199988,13935.398011832369,12.551591352627522,1,0,0,16.0,16.0,16.0,1.0,1.0,0.0,0.0,1,0,0.0,0.0,0.0,1.0,1.0,0.0,0.0,1.0,1.0,1.0,0,0,0,0,0,0,0,4,0,2022,7,30,5,1,1,2,2,0,1,0.0,0,0,LEVE,0,1
3,2,0.0902701515484296,2,4,1,-13.526324,-72.50997,0,0,7,0,2,1,1,0,7586.903,2.0,5,2,1.0,0.340764331210191,0.067428069404788,1198.0,0.3401816617977222,71.10991456121904,8685.158458244112,17779.13499998999,2097.37099999,2863.123,12818.640999999989,2878.713,14900.421999989989,16.19152450331032,2,0,0,56.0,33.0,79.0,1.0,0.0,0.0,0.0,2,0,0.0,1.0,0.0,1.0,1.0,0.0,1.0,0.0,1.0,0.0,0,0,0,0,0,0,0,4,0,2022,7,30,5,1,1,2,2,0,1,0.0,0,0,LEVE,0,4
6,1,0.0420601801010322,0,4,1,-11.334122656690024,-74.52024756353343,0,4,7,1,2,-1,-1,2,5768.608,2.0,3,-1,0.0,0.340764331210191,0.1266198111135515,365.0,0.3570817332180048,73.74932476832508,66993.35796966725,12264.545,1826.4639999999995,1105.5389999999998,9332.542,1588.5359999999996,10676.009,12.952261987705208,1,0,0,37.0,33.0,40.0,1.0,0.0,0.0,0.0,1,0,0.0,1.0,0.0,0.0,0.0,0.0,1.0,0.0,0.0,0.0,0,0,0,0,1,1,1,4,0,2022,7,30,5,1,1,2,2,0,1,0.0,0,0,GRAVE_MORTALIDAD,2,5
0,1,0.0161432022842082,2,4,1,-17.99371,-70.252171,0,0,7,0,2,1,1,2,1139.285,1.0,-1,1,0.0,0.340764331210191,0.1266198111135515,176.0,0.6032564872134053,77.72075801274941,34456.60813704497,2650.572,630.6729999999998,487.3610000000001,1532.5379999999998,1068.7019999999998,1581.87,40.31967439480987,2,0,1,49.0,31.0,67.0,1.0,0.0,1.0,1.0,2,0,0.0,0.0,0.0,1.0,1.0,1.0,0.0,0.0,1.0,0.0,0,0,0,0,0,0,0,5,0,2022,7,30,5,1,1,0,2,0,1,0.0,0,0,LEVE,0,15
3,1,0.0821436415550186,0,4,0,-15.18036477872819,-69.78883619318478,0,4,7,0,2,0,1,2,6543.555,2.0,-1,-1,1.0,0.4495936745003294,0.4495936745003294,1198.0,0.4032210196156518,69.57344393979501,14743.678800856533,13642.312999999998,2020.7790000000005,2354.117,9267.416999999998,3314.0520000000006,10328.260999999997,24.29244952817019,2,1,0,55.0,55.0,55.0,1.0,0.0,0.0,0.0,2,1,1.0,0.0,0.0,1.0,1.0,0.0,0.0,0.0,1.0,1.0,1,1,1,1,0,0,0,19,3,2022,7,30,5,1,1,2,1,0,1,0.5,0,0,LEVE,0,4
3,1,0.0072479683725016,0,4,0,-3.8625246,-73.3370782,0,4,7,0,2,-1,-1,2,6543.555,2.0,-1,-1,1.0,0.4495936745003294,0.4495936745003294,1198.0,0.578134350962316,72.90307998335238,149460.57173447538,1095.5949999999998,128.87099999999998,320.74700000000007,645.9769999999999,274.214,821.381,25.02877431897737,2,0,0,48.5,32.0,65.0,1.0,1.0,0.0,0.0,2,0,0.0,0.0,1.0,0.0,1.0,0.0,1.0,0.0,1.0,1.0,1,1,1,1,0,0,0,20,3,2022,7,30,5,1,1,1,2,0,1,0.0,0,0,LEVE,0,23
3,2,0.0766527564243356,2,4,2,-16.490973,-71.50154,0,3,7,0,2,1,1,0,6543.555,2.0,-1,-1,1.0,0.4495936745003294,0.4495936745003294,1198.0,0.5800010347403236,77.10893928589239,3678.115631691649,10322.272,1495.236,1749.739,7077.2970000000005,2886.595,7435.677000000001,27.964725207783708,2,0,0,45.0,34.0,56.0,1.0,1.0,0.0,0.0,2,0,0.0,1.0,0.0,1.0,1.0,0.0,1.0,1.0,1.0,1.0,1,1,1,1,0,0,0,20,3,2022,7,30,5,1,1,0,2,0,1,0.0,0,0,LEVE,0,4
0,1,0.0420601801010322,0,3,4,-11.134586053526023,-75.35286421623344,0,4,7,0,7,-1,-1,2,6543.555,2.0,-1,-1,1.0,0.4495936745003294,0.4495936745003294,1198.0,0.5524312122883903,74.69278428872114,25835.76017130621,12264.545,1826.4639999999995,1105.5389999999998,9332.542,1588.5359999999996,10676.009,12.952261987705208,1,0,1,21.0,21.0,21.0,1.0,0.0,0.0,0.0,1,0,0.0,0.0,1.0,0.0,0.0,0.0,1.0,0.0,0.0,0.0,1,1,1,1,0,0,0,21,3,2022,7,30,5,1,1,2,2,0,1,0.0,0,1,LEVE,0,4
1,0,0.0161432022842082,0,4,2,-17.960544,-70.22011,0,4,2,1,1,-1,-1,0,6543.555,2.0,-1,-1,1.0,0.4495936745003294,0.4495936745003294,1198.0,0.5641024368795592,75.92272795243385,3316.1434689507496,2650.572,630.6729999999998,487.3610000000001,1532.5379999999998,1068.7019999999998,1581.87,40.31967439480987,1,1,1,37.0,33.0,40.0,0.0,0.0,0.0,0.0,1,1,1.0,0.0,0.0,0.0,0.0,0.0,0.0,0.0,0.0,1.0,1,1,1,1,1,1,1,23,3,2022,7,30,5,1,1,0,2,0,1,1.0,0,1,LEVE,0,15
10,1,0.0821436415550186,2,4,0,-14.914580639878285,-70.19187030205345,0,1,7,0,2,-1,-1,2,6543.555,2.0,-1,-1,1.0,0.4495936745003294,0.4495936745003294,1198.0,0.4384088880022875,66.28408395269946,28239.627408993576,13642.312999999998,2020.7790000000005,2354.117,9267.416999999998,3314.0520000000006,10328.260999999997,24.29244952817019,1,0,0,26.0,26.0,26.0,1.0,0.0,0.0,0.0,1,0,0.0,0.0,0.0,1.0,1.0,0.0,0.0,1.0,1.0,1.0,1,1,1,1,0,0,0,1,0,2022,7,31,6,1,1,2,2,0,1,0.0,0,0,LEVE,0,4
1,1,0.0766527564243356,2,4,0,-16.42887,-71.825537,0,3,0,0,2,0,1,0,6543.555,2.0,-1,-1,1.0,0.4495936745003294,0.4495936745003294,1198.0,0.6105481451420971,78.10653088113892,35025.678800856535,10322.272,1495.236,1749.739,7077.2970000000005,2886.595,7435.677000000001,27.964725207783708,1,1,1,37.0,33.0,40.0,0.0,0.0,0.0,0.0,1,1,1.0,0.0,0.0,0.0,0.0,0.0,0.0,0.0,0.0,1.0,1,1,1,1,1,1,1,5,0,2022,7,31,6,1,1,0,1,0,1,1.0,0,0,LEVE,0,4
6,1,0.0933450472216121,0,4,3,-7.504396,-78.820375,0,4,0,0,7,-1,-1,0,6543.555,2.0,-1,-1,1.0,0.4495936745003294,0.4495936745003294,1198.0,0.4144948105238412,73.49794254671177,13394.107066381155,8931.828000000005,1335.5899999999997,1935.9830000000004,5660.255000000005,1219.309,7712.519000000005,13.651281686122925,1,0,0,24.0,24.0,24.0,1.0,1.0,0.0,0.0,1,0,0.0,0.0,0.0,1.0,1.0,0.0,0.0,1.0,0.0,0.0,1,1,1,1,0,0,0,6,1,2022,7,31,6,1,1,0,2,0,1,0.0,0,1,LEVE,0,1
3,1,0.0597408302218317,2,4,1,-7.150736,-78.455716,6,5,6,-1,6,-1,-1,0,2760.8550000000005,1.0,-1,1,0.0,0.340764331210191,0.1266198111135515,1208.0,0.4873182795359782,74.24096566709692,48280.91862955032,15935.565011852366,1733.9250000199986,935.692,13265.948011832368,2000.1670000199988,13935.398011832369,12.551591352627522,1,0,0,34.0,34.0,34.0,1.0,1.0,0.0,0.0,1,0,0.0,0.0,0.0,1.0,1.0,0.0,0.0,1.0,1.0,1.0,0,0,0,0,0,0,0,14,2,2022,7,31,6,1,1,2,2,0,1,0.0,0,0,GRAVE_MORTALIDAD,2,1
6,1,0.0351416648363716,0,4,2,-6.773706,-79.816592,0,4,7,0,2,-1,-1,0,6543.555,2.0,-1,-1,1.0,0.4495936745003294,0.4495936745003294,1198.0,0.6336758582443321,79.57413791335281,284974.83725910063,3459.691,515.0619999999999,689.7280000000001,2254.901,703.3549999999999,2756.336,20.329994788551925,1,0,0,24.0,24.0,24.0,1.0,1.0,0.0,0.0,1,0,0.0,0.0,0.0,1.0,1.0,0.0,0.0,1.0,1.0,1.0,1,1,1,1,0,0,0,17,2,2022,7,31,6,1,1,0,2,0,1,0.0,0,0,LEVE,0,1
3,2,0.0597408302218317,0,4,1,-5.786813,-78.783611,0,4,7,0,2,-1,-1,0,7758.33400008,2.0,5,2,1.0,0.340764331210191,0.0464528882055787,2133.0,0.5803239946829384,74.49544278598792,102362.46895074946,15935.565011852366,1733.9250000199986,935.692,13265.948011832368,2000.1670000199988,13935.398011832369,12.551591352627522,2,0,0,33.5,26.0,41.0,1.0,1.0,0.0,0.0,2,0,0.0,1.0,0.0,1.0,0.0,1.0,1.0,0.0,1.0,0.0,0,0,0,0,0,0,0,17,2,2022,7,31,6,1,1,2,2,0,1,0.0,0,0,GRAVE_LESIONADOS,1,1
3,1,0.2105205359103887,2,4,1,-12.250281,-76.930691,0,0,7,0,2,-1,-1,0,6639.975,2.0,5,2,1.0,0.340764331210191,0.074236766966835,1616.0,0.6909236767275176,78.41626133969348,95908.53319057816,7626.313,1683.4029999999998,1599.0829999999996,4343.827000000001,1814.875,5811.438000000001,23.7975414856432,2,0,0,33.0,31.0,35.0,1.0,0.0,0.0,0.0,2,0,0.0,1.0,0.0,1.0,0.0,1.0,1.0,0.0,0.0,0.0,0,0,0,0,0,0,0,22,3,2022,7,31,6,1,1,0,2,0,1,0.0,0,0,GRAVE_MORTALIDAD,2,0
3,1,0.0062596090489786,0,4,1,-12.659232,-69.319099,6,5,6,-1,6,-1,-1,0,3263.58,2.0,5,2,1.0,0.0080166922907972,0.0080166922907972,566.0,0.6331639735785386,72.20641129524063,88506.68094218415,2090.391,399.431,340.021,1350.9389999999996,493.824,1596.5669999999996,23.62352306338862,3,0,0,48.66666666666666,44.0,52.0,1.0,0.0,0.0,0.0,3,0,0.0,1.0,0.0,0.0,0.0,0.0,1.0,0.0,0.0,0.0,0,0,0,0,0,0,0,4,0,2022,8,1,0,0,0,1,2,0,1,0.0,0,0,GRAVE_MORTALIDAD,2,21
6,1,0.0420601801010322,0,4,2,-11.305549996282144,-75.5701446138607,2,4,2,1,7,-1,-1,2,6543.555,2.0,-1,-1,1.0,0.4495936745003294,0.4495936745003294,1198.0,0.3785310516079165,75.33519212039768,4754.987152034261,12264.545,1826.4639999999995,1105.5389999999998,9332.542,1588.5359999999996,10676.009,12.952261987705208,1,0,0,60.0,60.0,60.0,1.0,0.0,0.0,0.0,1,0,0.0,0.0,0.0,1.0,0.0,0.0,1.0,0.0,0.0,0.0,1,1,1,1,0,0,0,5,0,2022,8,1,0,0,0,2,2,0,1,0.0,0,1,GRAVE_LESIONADOS,1,4
3,1,0.0933450472216121,0,4,1,-8.471488042913176,-78.71155052733202,0,4,7,0,2,-1,-1,2,6543.555,3.0,5,2,1.0,0.1133318690972984,0.1133318690972984,1475.0,0.5051395598219868,77.13285387085847,67612.41755888652,8931.828000000005,1335.5899999999997,1935.9830000000004,5660.255000000005,1219.309,7712.519000000005,13.651281686122925,2,0,0,46.0,26.0,66.0,1.0,1.0,0.0,0.0,2,0,0.0,1.0,0.0,1.0,1.0,0.0,1.0,1.0,0.0,0.0,0,0,0,0,0,0,0,6,1,2022,8,1,0,0,0,0,2,1,1,0.0,0,0,LEVE,0,1
3,2,0.0902701515484296,0,4,1,-13.375879,-72.11607,0,4,5,1,2,1,1,2,254.66,2.0,5,2,0.0,0.340764331210191,0.0004392708104546,93.0,0.3091216969737358,74.65060422099381,5268.858672376874,17779.13499998999,2097.37099999,2863.123,12818.640999999989,2878.713,14900.421999989989,16.19152450331032,2,0,0,27.0,25.0,29.0,1.0,1.0,0.0,1.0,2,0,0.0,0.0,0.0,1.0,1.0,1.0,0.0,0.0,1.0,0.0,0,0,0,0,0,0,0,16,2,2022,8,1,0,0,0,2,2,0,1,0.0,1,0,LEVE,0,4
1,0,0.0821436415550186,0,4,1,-15.562104,-70.24031,0,4,7,0,2,-1,-1,4,1504.4250000000002,2.0,5,2,1.0,0.0252580716011421,0.0230617175488688,241.0,0.3295055776475686,72.2087445727939,4240.3019271948615,13642.312999999998,2020.7790000000005,2354.117,9267.416999999998,3314.0520000000006,10328.260999999997,24.29244952817019,1,1,2,37.0,33.0,40.0,0.0,0.0,0.0,0.0,1,1,1.0,0.0,0.0,0.0,0.0,0.0,0.0,0.0,0.0,1.0,0,0,0,0,1,1,1,1,0,2022,8,2,1,0,0,2,2,0,1,1.0,0,0,GRAVE_MORTALIDAD,2,4