CLASE SINIESTRO,CANTIDAD DE VEHICULOS DAÑADOS,DEPARTAMENTO,ZONA,TIPO DE VÍA,RED VIAL,COORDENADAS LATITUD,COORDENADAS  LONGITUD,CONDICIÓN CLIMÁTICA,ZONIFICACIÓN,CARACTERÍSTICAS DE VÍA,PERFIL LONGITUDINAL VÍA,SUPERFICIE DE CALZADA,¿EXISTE SEÑAL VERTICAL?,¿EXISTE SEÑAL HORIZONTAL?,CAUSA FACTOR PRINCIPAL,MTC_RVN_LONGITUD_KM,MTC_RVN_N_CARRILES_MEDIANA,MTC_RVN_SUPERFICIE_DOMINANTE,MTC_RVN_ESTADO_DOMINANTE,MTC_RVN_ES_CONCESIONADA,MTC_RVN_CONCESION_PRINCIPAL,MTC_RVN_CORREDOR_LOGISTICO,MTC_RVN_N_TRAMOS,IDH_2019,IDH_ESP_VIDA_2019,IDH_POBLACION_2019,MTC_DEP_RED_TOTAL_KM,MTC_DEP_NACIONAL_TOTAL_KM,MTC_DEP_DEPARTAMENTAL_TOTAL_KM,MTC_DEP_VECINAL_TOTAL_KM,MTC_DEP_PAV_TOTAL_KM,MTC_DEP_NO_PAV_TOTAL_KM,MTC_DEP_PCT_PAVIMENTADA,PER_N_CONDUCTORES,PER_N_CONDUCTORES_FUGADOS,PER_N_PEATONES,PER_EDAD_COND_PROM,PER_EDAD_COND_MIN,PER_EDAD_COND_MAX,PER_ANY_COND_MASCULINO,PER_ANY_LIC_PROBLEMA,PER_ANY_DOSAJE_POS,PER_ANY_DOSAJE_EVALUADO,VEH_TOTAL,VEH_N_FUGADOS,VEH_ANY_FUGADO,VEH_ANY_CARGA,VEH_ANY_PUBLICO,VEH_ANY_PARTICULAR,VEH_ANY_MOTO,VEH_ANY_AUTO,VEH_ANY_CAMION_BUS,VEH_ANY_SOAT_PROBLEMA,VEH_ANY_CITV_PROBLEMA,VEH_ANY_SEGURO_PROBLEMA,MTC_RVN_LONGITUD_KM_ERA_NULO,MTC_RVN_N_CARRILES_MEDIANA_ERA_NULO,MTC_RVN_ES_CONCESIONADA_ERA_NULO,MTC_RVN_N_TRAMOS_ERA_NULO,PER_EDAD_COND_PROM_ERA_NULO,PER_EDAD_COND_MIN_ERA_NULO,PER_EDAD_COND_MAX_ERA_NULO,HORA_NUM,FRANJA_HORARIA,ANIO,MES,DIA_MES,DIA_SEMANA,ES_FIN_SEMANA,ES_QUINCENA,REGION_NATURAL,NIVEL_SEÑALIZACION_ORD,ES_VIA_MULTICARRIL,ES_DEPTO_BAJO_PAVIMENTO,RATIO_CONDUCTORES_FUGADOS,ES_CURVA_Y_PENDIENTE,ES_VIA_NO_PAVIMENTADA,CATEGORIA_SEVERIDAD,CATEGORIA_SEVERIDAD_ENC,CLUSTER
6,1,0.0420601801010322,0,4,1,-11.79082920119049,-75.6894009748328,0,4,7,0,2,-1,-1,2,7586.903,2.0,5,2,1.0,0.340764331210191,0.067428069404788,1198.0,0.4545643050211295,68.73444804749025,1424.8051391862955,12264.545,1826.4639999999995,1105.5389999999998,9332.542,1588.5359999999996,10676.009,12.952261987705208,1,0,0,61.0,61.0,61.0,1.0,0.0,0.0,1.0,1,0,0.0,0.0,0.0,1.0,0.0,0.0,1.0,0.0,0.0,0.0,0,0,0,0,0,0,0,13,2,2022,8,18,3,0,1,2,2,0,1,0.0,0,0,LEVE,0,4
6,1,0.0902701515484296,2,3,4,-13.5556578,-71.993234,0,4,0,0,1,-1,-1,2,6543.555,2.0,-1,-1,1.0,0.4495936745003294,0.4495936745003294,1198.0,0.6348954939297919,77.6245715059073,94654.62312633834,17779.13499998999,2097.37099999,2863.123,12818.640999999989,2878.713,14900.421999989989,16.19152450331032,1,0,0,47.0,47.0,47.0,1.0,1.0,1.0,1.0,1,0,0.0,0.0,0.0,1.0,0.0,1.0,0.0,0.0,0.0,0.0,1,1,1,1,0,0,0,15,2,2022,8,18,3,0,1,2,2,0,1,0.0,0,1,LEVE,0,4
10,2,0.0420601801010322,2,2,4,-11.246691446130065,-74.63410193442701,0,0,1,0,2,-1,-1,2,6543.555,2.0,-1,-1,1.0,0.4495936745003294,0.4495936745003294,1198.0,0.5055535147670205,71.64834806655777,42934.03211991434,12264.545,1826.4639999999995,1105.5389999999998,9332.542,1588.5359999999996,10676.009,12.952261987705208,2,0,0,46.0,41.0,51.0,1.0,0.0,0.0,0.0,2,0,0.0,0.0,1.0,1.0,1.0,0.0,1.0,1.0,1.0,1.0,1,1,1,1,0,0,0,17,2,2022,8,18,3,0,1,2,2,0,1,0.0,0,0,LEVE,0,5
10,1,0.0597408302218317,0,4,1,-7.16498167,-78.475735,0,4,7,0,2,-1,-1,0,2760.8550000000005,1.0,-1,1,0.0,0.340764331210191,0.1266198111135515,1208.0,0.4873182795359782,74.24096566709692,48280.91862955032,15935.565011852366,1733.9250000199986,935.692,13265.948011832368,2000.1670000199988,13935.398011832369,12.551591352627522,1,0,0,19.0,19.0,19.0,1.0,0.0,0.0,0.0,1,0,0.0,0.0,0.0,1.0,1.0,0.0,0.0,0.0,1.0,0.0,0,0,0,0,0,0,0,23,3,2022,8,18,3,0,1,2,2,0,1,0.0,0,0,LEVE,0,1
3,2,0.2105205359103887,2,2,4,-11.971734808491217,-77.07560017434432,0,0,7,0,2,-1,-1,0,6543.555,2.0,-1,-1,1.0,0.4495936745003294,0.4495936745003294,1198.0,0.758462599563312,80.5192231989937,363987.54389721627,7626.313,1683.4029999999998,1599.0829999999996,4343.827000000001,1814.875,5811.438000000001,23.7975414856432,2,0,0,38.5,26.0,51.0,1.0,0.0,0.0,0.0,2,0,0.0,0.0,1.0,1.0,1.0,0.0,1.0,0.0,1.0,0.0,1,1,1,1,0,0,0,3,0,2022,8,19,4,0,1,0,2,0,1,0.0,0,0,LEVE,0,0
0,0,0.0902701515484296,0,4,2,-13.6672,-71.3583,0,4,7,0,7,-1,-1,0,6543.555,2.0,-1,-1,1.0,0.4495936745003294,0.4495936745003294,1198.0,0.2701433460922377,67.03086854576458,16118.58886509636,17779.13499998999,2097.37099999,2863.123,12818.640999999989,2878.713,14900.421999989989,16.19152450331032,1,0,1,38.0,38.0,38.0,1.0,0.0,0.0,0.0,1,0,0.0,1.0,0.0,0.0,0.0,0.0,1.0,0.0,0.0,0.0,1,1,1,1,0,0,0,12,2,2022,8,19,4,0,1,2,2,0,1,0.0,0,1,LEVE,0,4
2,0,0.2105205359103887,2,3,4,-12.030552652994867,-76.9258725420437,0,0,7,0,2,-1,-1,0,6543.555,2.0,-1,-1,1.0,0.4495936745003294,0.4495936745003294,1198.0,0.6868549636939637,79.62363164345142,684921.8484148846,7626.313,1683.4029999999998,1599.0829999999996,4343.827000000001,1814.875,5811.438000000001,23.7975414856432,1,0,0,35.0,35.0,35.0,1.0,0.0,0.0,0.0,1,0,0.0,1.0,0.0,0.0,0.0,0.0,1.0,0.0,1.0,0.0,1,1,1,1,0,0,0,15,2,2022,8,19,4,0,1,0,2,0,1,0.0,0,0,LEVE,0,0
3,2,0.0821436415550186,0,4,1,-15.4107567,-70.149596,0,4,7,0,2,-1,-1,6,7586.903,2.0,5,2,1.0,0.340764331210191,0.067428069404788,1198.0,0.5225679967471315,73.87568641139362,65445.28409703769,13642.312999999998,2020.7790000000005,2354.117,9267.416999999998,3314.0520000000006,10328.260999999997,24.29244952817019,2,0,0,34.0,23.0,45.0,1.0,0.0,0.0,0.0,2,0,0.0,0.0,1.0,1.0,0.0,1.0,1.0,0.0,1.0,1.0,0,0,0,0,0,0,0,2,0,2022,8,20,5,1,1,2,2,0,1,0.0,0,0,GRAVE_MORTALIDAD,2,4
10,1,0.0821436415550186,2,4,1,-15.47996,-70.11978,0,0,1,0,2,-1,-1,2,1762.84,2.0,-1,2,0.0,0.340764331210191,0.1266198111135515,485.0,0.5225679967471315,73.87568641139362,65445.28409703769,13642.312999999998,2020.7790000000005,2354.117,9267.416999999998,3314.0520000000006,10328.260999999997,24.29244952817019,1,0,0,64.0,64.0,64.0,1.0,0.0,0.0,0.0,1,0,0.0,0.0,1.0,0.0,1.0,0.0,0.0,1.0,1.0,1.0,0,0,0,0,0,0,0,18,3,2022,8,20,5,1,1,2,2,0,1,0.0,0,0,LEVE,0,4
6,1,0.2105205359103887,2,2,4,-11.962938955843736,-76.98168801296968,0,3,7,0,2,-1,-1,0,6543.555,2.0,-1,-1,1.0,0.4495936745003294,0.4495936745003294,1198.0,0.701053025277506,79.62867561460851,1150285.0494171206,7626.313,1683.4029999999998,1599.0829999999996,4343.827000000001,1814.875,5811.438000000001,23.7975414856432,1,0,0,32.0,32.0,32.0,1.0,0.0,0.0,0.0,1,0,0.0,0.0,0.0,1.0,1.0,0.0,0.0,0.0,1.0,0.0,1,1,1,1,0,0,0,18,3,2022,8,20,5,1,1,0,2,0,1,0.0,0,0,LEVE,0,0
6,1,0.0318471337579617,0,4,1,-9.45038473266791,-77.17980723488128,0,4,7,0,7,-1,-1,0,2135.1760000000004,1.0,-1,2,0.0,0.340764331210191,0.1266198111135515,705.0,0.3794874893089032,76.648045412086,2725.843683083512,10767.648,1885.0630000000003,1222.721,7659.864000000001,2100.343,8667.305000000002,19.506051832303577,1,0,0,32.0,32.0,32.0,1.0,0.0,0.0,0.0,1,0,0.0,0.0,0.0,1.0,0.0,1.0,0.0,0.0,0.0,0.0,0,0,0,0,0,0,0,18,3,2022,8,20,5,1,1,0,2,0,1,0.0,0,1,LEVE,0,1
0,1,0.0933450472216121,0,4,1,-7.080469,-79.543838,0,4,7,0,2,-1,-1,0,6543.555,3.0,5,2,1.0,0.1133318690972984,0.1133318690972984,1475.0,0.5114727232493018,78.60606800160349,24701.19700214133,8931.828000000005,1335.5899999999997,1935.9830000000004,5660.255000000005,1219.309,7712.519000000005,13.651281686122925,1,0,1,52.0,52.0,52.0,1.0,1.0,0.0,0.0,1,0,0.0,0.0,0.0,1.0,0.0,0.0,1.0,0.0,0.0,0.0,0,0,0,0,0,0,0,20,3,2022,8,20,5,1,1,0,2,1,1,0.0,0,0,LEVE,0,1
10,1,0.0821436415550186,0,4,0,-15.192898,-70.109596,0,4,7,0,2,-1,-1,2,6543.555,2.0,-1,-1,1.0,0.4495936745003294,0.4495936745003294,1198.0,0.2802264991949283,67.6885708145784,6071.659528907924,13642.312999999998,2020.7790000000005,2354.117,9267.416999999998,3314.0520000000006,10328.260999999997,24.29244952817019,1,0,0,34.0,34.0,34.0,1.0,1.0,0.0,0.0,1,0,0.0,0.0,0.0,1.0,1.0,0.0,0.0,1.0,1.0,1.0,1,1,1,1,0,0,0,7,1,2022,8,21,6,1,1,2,2,0,1,0.0,0,0,LEVE,0,4
3,1,0.0072479683725016,0,4,2,-4.238342,-73.487453,0,4,0,0,2,-1,-1,2,6543.555,2.0,-1,-1,1.0,0.4495936745003294,0.4495936745003294,1198.0,0.578134350962316,72.90307998335238,149460.57173447538,1095.5949999999998,128.87099999999998,320.74700000000007,645.9769999999999,274.214,821.381,25.02877431897737,2,0,0,42.0,35.0,49.0,1.0,1.0,0.0,0.0,2,0,0.0,0.0,1.0,0.0,1.0,1.0,0.0,1.0,1.0,1.0,1,1,1,1,0,0,0,12,2,2022,8,21,6,1,1,1,2,0,1,0.0,0,0,LEVE,0,23
3,2,0.0597408302218317,0,4,0,-7.66647,-78.189343,0,4,7,0,2,-1,-1,0,6543.555,2.0,-1,-1,1.0,0.4495936745003294,0.4495936745003294,1198.0,0.2948350537014906,77.15212155268404,26075.62526766595,15935.565011852366,1733.9250000199986,935.692,13265.948011832368,2000.1670000199988,13935.398011832369,12.551591352627522,3,1,0,40.5,29.0,52.0,1.0,0.0,0.0,0.0,3,1,1.0,0.0,0.0,1.0,1.0,0.0,0.0,1.0,1.0,1.0,1,1,1,1,0,0,0,16,2,2022,8,21,6,1,1,2,2,0,1,0.3333333333333333,0,0,GRAVE_LESIONADOS,1,1
1,1,0.2105205359103887,2,2,4,-11.966786844074283,-77.07867906365713,0,3,7,0,2,-1,-1,0,6543.555,2.0,-1,-1,1.0,0.4495936745003294,0.4495936745003294,1198.0,0.758462599563312,80.5192231989937,363987.54389721627,7626.313,1683.4029999999998,1599.0829999999996,4343.827000000001,1814.875,5811.438000000001,23.7975414856432,1,1,1,37.0,33.0,40.0,0.0,0.0,0.0,0.0,1,1,1.0,0.0,0.0,0.0,0.0,0.0,0.0,0.0,0.0,1.0,1,1,1,1,1,1,1,18,3,2022,8,21,6,1,1,0,2,0,1,1.0,0,0,LEVE,0,0
6,1,0.0902701515484296,0,4,0,-13.00493,-72.62902,0,4,7,1,7,-1,-1,2,6543.555,2.0,-1,-1,1.0,0.4495936745003294,0.4495936745003294,1198.0,0.4183542411977864,78.60420986928908,4086.477516059957,17779.13499998999,2097.37099999,2863.123,12818.640999999989,2878.713,14900.421999989989,16.19152450331032,1,0,0,38.0,38.0,38.0,1.0,0.0,0.0,0.0,1,0,0.0,0.0,0.0,1.0,0.0,0.0,1.0,0.0,1.0,0.0,1,1,1,1,0,0,0,18,3,2022,8,21,6,1,1,2,2,0,1,0.0,0,1,GRAVE_LESIONADOS,1,4
0,1,0.0045025258071601,0,4,1,-8.462914202544406,-74.79043359000752,0,4,7,0,2,-1,-1,4,1169.3919999999998,2.0,3,-1,0.0,0.340764331210191,0.1266198111135515,75.0,0.4362106858928199,75.91054080603905,14497.284796573877,2689.139,392.697,1311.5319999999997,984.91,261.598,2427.541,9.727946379863592,1,0,1,56.0,56.0,56.0,1.0,1.0,0.0,0.0,1,0,0.0,1.0,0.0,0.0,0.0,0.0,1.0,0.0,1.0,0.0,0,0,0,0,0,0,0,19,3,2022,8,21,6,1,1,1,2,0,1,0.0,0,0,LEVE,0,18
6,1,0.0902701515484296,0,4,1,-13.134524372311049,-72.30551066918457,2,4,0,1,2,1,1,2,3447.8009999999995,1.0,5,1,0.0,0.340764331210191,0.0101032286404568,1109.0,0.4706944943299555,76.79406176595778,3282.6252676659524,17779.13499998999,2097.37099999,2863.123,12818.640999999989,2878.713,14900.421999989989,16.19152450331032,1,0,0,47.0,47.0,47.0,1.0,0.0,0.0,1.0,1,0,0.0,0.0,0.0,0.0,0.0,0.0,1.0,0.0,0.0,0.0,0,0,0,0,0,0,0,19,3,2022,8,21,6,1,1,2,2,0,1,0.0,1,0,GRAVE_MORTALIDAD,2,4
6,1,0.0475510652317153,2,4,1,-14.123743,-75.716513,0,2,0,0,2,-1,-1,0,6639.975,2.0,5,2,1.0,0.340764331210191,0.074236766966835,1616.0,0.6017391761868336,78.042802452235,5487.43897216274,3721.461,698.1859999999996,744.866,2278.409,1102.9029999999996,2618.558,29.636290693359403,1,0,0,38.0,38.0,38.0,1.0,1.0,0.0,0.0,1,0,0.0,0.0,0.0,1.0,1.0,0.0,0.0,1.0,1.0,1.0,0,0,0,0,0,0,0,19,3,2022,8,21,6,1,1,0,2,0,1,0.0,0,0,LEVE,0,7
1,1,0.0933450472216121,0,4,1,-8.172859,-78.999754,0,4,7,0,2,-1,-1,0,6543.555,3.0,5,2,1.0,0.1133318690972984,0.1133318690972984,1475.0,0.618325375347301,78.45577068094175,37258.80942184154,8931.828000000005,1335.5899999999997,1935.9830000000004,5660.255000000005,1219.309,7712.519000000005,13.651281686122925,1,1,1,37.0,33.0,40.0,0.0,0.0,0.0,0.0,1,1,1.0,0.0,0.0,0.0,0.0,0.0,0.0,0.0,0.0,1.0,0,0,0,0,1,1,1,20,3,2022,8,21,6,1,1,0,2,1,1,1.0,0,0,LEVE,0,1
1,1,0.0131781243136393,2,4,1,-9.236276,-75.990074,0,0,7,0,2,-1,-1,0,693.175,2.0,5,1,0.0,0.340764331210191,0.0037338018888644,249.0,0.4269770991859911,73.17900460022256,10103.443254817988,8209.057,1333.4779999999996,791.9770000000001,6083.602,1059.8589999999997,7149.198,12.910849565303296,1,1,1,37.0,33.0,40.0,0.0,0.0,0.0,0.0,1,1,1.0,0.0,0.0,0.0,0.0,0.0,0.0,0.0,0.0,1.0,0,0,0,0,1,1,1,21,3,2022,8,21,6,1,1,2,2,0,1,1.0,0,0,LEVE,0,4
1,1,0.0821436415550186,0,4,1,-15.941423923055954,-69.8608213651606,0,4,7,0,2,-1,-1,2,7586.903,2.0,5,2,1.0,0.340764331210191,0.067428069404788,1198.0,0.2884525097354768,64.20597588940076,7037.970021413275,13642.312999999998,2020.7790000000005,2354.117,9267.416999999998,3314.0520000000006,10328.260999999997,24.29244952817019,1,1,1,37.0,33.0,40.0,0.0,0.0,0.0,0.0,1,1,1.0,0.0,0.0,0.0,0.0,0.0,0.0,0.0,0.0,1.0,0,0,0,0,1,1,1,0,0,2022,8,22,0,0,1,2,2,0,1,1.0,0,0,LEVE,0,4
3,1,0.0933450472216121,0,4,1,-8.966218,-78.621979,0,4,4,0,2,-1,-1,0,6543.555,3.0,5,2,1.0,0.1133318690972984,0.1133318690972984,1475.0,0.4867987483268106,77.5825534369154,9838.736616702356,8931.828000000005,1335.5899999999997,1935.9830000000004,5660.255000000005,1219.309,7712.519000000005,13.651281686122925,2,0,0,35.5,28.0,43.0,1.0,0.0,0.0,1.0,2,0,0.0,1.0,0.0,1.0,0.0,0.0,1.0,0.0,0.0,1.0,0,0,0,0,0,0,0,6,1,2022,8,22,0,0,1,0,2,1,1,0.0,0,0,LEVE,0,1
6,1,0.0193279156600043,0,4,0,-12.783613,-74.878034,0,4,0,0,1,-1,-1,0,6543.555,2.0,-1,-1,1.0,0.4495936745003294,0.4495936745003294,1198.0,0.1909105041803354,62.770795158175474,26998.342612419703,8511.426,1445.3929999999996,2008.516,5057.516999999999,1879.579,6631.846999999998,22.08300935706896,1,0,0,35.0,35.0,35.0,1.0,0.0,0.0,0.0,1,0,0.0,0.0,1.0,0.0,0.0,1.0,0.0,0.0,0.0,0.0,1,1,1,1,0,0,0,11,1,2022,8,22,0,0,1,2,2,0,1,0.0,0,1,LEVE,0,4
6,1,0.0902701515484296,0,4,3,-14.17791178,-72.072791,0,4,0,1,7,-1,-1,2,6543.555,2.0,-1,-1,1.0,0.4495936745003294,0.4495936745003294,1198.0,0.3582063239468129,73.72125513625039,7210.27408993576,17779.13499998999,2097.37099999,2863.123,12818.640999999989,2878.713,14900.421999989989,16.19152450331032,1,0,0,35.0,35.0,35.0,1.0,1.0,0.0,0.0,1,0,0.0,0.0,0.0,1.0,0.0,1.0,0.0,0.0,0.0,0.0,1,1,1,1,0,0,0,12,2,2022,8,22,0,0,1,2,2,0,1,0.0,1,1,GRAVE_MORTALIDAD,2,4
3,2,0.0933450472216121,0,4,1,-8.364427,-78.870685,0,4,7,0,2,-1,-1,2,6543.555,3.0,5,2,1.0,0.1133318690972984,0.1133318690972984,1475.0,0.5051395598219868,77.13285387085847,67612.41755888652,8931.828000000005,1335.5899999999997,1935.9830000000004,5660.255000000005,1219.309,7712.519000000005,13.651281686122925,2,0,0,62.0,51.0,73.0,1.0,0.0,0.0,0.0,2,0,0.0,1.0,1.0,0.0,1.0,0.0,1.0,0.0,0.0,0.0,0,0,0,0,0,0,0,15,2,2022,8,22,0,0,1,0,2,1,1,0.0,0,0,LEVE,0,1
3,2,0.0475510652317153,0,4,2,-13.453583,-76.086533,0,4,0,0,2,-1,-1,0,6543.555,2.0,-1,-1,1.0,0.4495936745003294,0.4495936745003294,1198.0,0.5587971735938619,78.87090394897412,8209.766595289078,3721.461,698.1859999999996,744.866,2278.409,1102.9029999999996,2618.558,29.636290693359403,2,0,0,30.5,23.0,38.0,1.0,0.0,0.0,0.0,2,0,0.0,1.0,0.0,1.0,1.0,0.0,1.0,0.0,1.0,1.0,1,1,1,1,0,0,0,17,2,2022,8,22,0,0,1,0,2,0,1,0.0,0,0,LEVE,0,7
3,2,0.0475510652317153,2,4,1,-15.294279,-75.129566,0,4,7,0,2,-1,-1,0,196.8,2.0,5,2,1.0,0.0036239841862508,0.0036239841862508,35.0,0.5563774842369664,77.00938809632027,27932.19700214133,3721.461,698.1859999999996,744.866,2278.409,1102.9029999999996,2618.558,29.636290693359403,2,0,0,54.5,35.0,74.0,1.0,0.0,0.0,1.0,2,0,0.0,1.0,1.0,0.0,0.0,0.0,1.0,0.0,1.0,1.0,0,0,0,0,0,0,0,19,3,2022,8,22,0,0,1,0,2,0,1,0.0,0,0,GRAVE_LESIONADOS,1,8
3,2,0.0475510652317153,2,4,0,-13.401391490523103,-76.12882723875794,0,3,1,0,2,-1,-1,2,6543.555,2.0,-1,-1,1.0,0.4495936745003294,0.4495936745003294,1198.0,0.5924704634222312,81.16031533779282,65356.935760171305,3721.461,698.1859999999996,744.866,2278.409,1102.9029999999996,2618.558,29.636290693359403,2,0,0,25.0,19.0,31.0,1.0,0.0,0.0,0.0,2,0,0.0,0.0,0.0,1.0,1.0,1.0,0.0,0.0,0.0,0.0,1,1,1,1,0,0,0,20,3,2022,8,22,0,0,1,0,2,0,1,0.0,0,0,LEVE,0,7
3,1,0.0821436415550186,0,4,1,-16.592826040394534,-69.07447273556632,0,4,7,0,2,-1,-1,2,1529.105,2.0,5,2,1.0,0.340764331210191,0.0038436195914781,200.0,0.4241160460464029,74.28732425011668,28095.749464668093,13642.312999999998,2020.7790000000005,2354.117,9267.416999999998,3314.0520000000006,10328.260999999997,24.29244952817019,2,0,0,45.0,36.0,54.0,1.0,0.0,0.0,0.0,2,0,0.0,1.0,0.0,1.0,1.0,0.0,1.0,0.0,1.0,1.0,0,0,0,0,0,0,0,21,3,2022,8,22,0,0,1,2,2,0,1,0.0,0,0,LEVE,0,4
10,1,0.0153744783659125,2,2,4,-11.9198928,-77.132012817,0,2,7,0,2,1,1,2,6543.555,2.0,-1,-1,1.0,0.4495936745003294,0.4495936745003294,1198.0,0.5563774842369664,77.00938809632027,27932.19700214133,51.58600000000001,44.68700000000001,6.899000000000001,0.0,49.838000000000015,1.748,96.61148373589734,1,0,0,35.0,35.0,35.0,1.0,0.0,0.0,0.0,1,0,0.0,0.0,0.0,1.0,1.0,0.0,0.0,0.0,1.0,0.0,1,1,1,1,0,0,0,8,1,2022,8,23,1,0,1,2,2,0,0,0.0,0,0,LEVE,0,0
3,4,0.0766527564243356,0,4,1,-16.430772,-71.69295,7,4,7,0,2,0,1,0,1504.4250000000002,2.0,5,2,1.0,0.0252580716011421,0.0230617175488688,241.0,0.6689013265491138,80.68275010974979,14385.036402569593,10322.272,1495.236,1749.739,7077.2970000000005,2886.595,7435.677000000001,27.964725207783708,4,0,0,51.5,26.0,71.0,1.0,0.0,0.0,0.0,4,0,0.0,1.0,0.0,1.0,0.0,1.0,1.0,0.0,1.0,0.0,0,0,0,0,0,0,0,11,1,2022,8,23,1,0,1,0,1,0,1,0.0,0,0,GRAVE_MORTALIDAD,2,4
3,2,0.0821436415550186,2,4,2,-14.71019465391884,-70.53411479331245,0,4,7,0,7,-1,-1,2,6543.555,2.0,-1,-1,1.0,0.4495936745003294,0.4495936745003294,1198.0,0.2758755857189898,73.20467509197448,9133.488222698072,13642.312999999998,2020.7790000000005,2354.117,9267.416999999998,3314.0520000000006,10328.260999999997,24.29244952817019,2,0,0,48.0,48.0,48.0,1.0,1.0,0.0,0.0,2,0,0.0,0.0,0.0,1.0,1.0,0.0,1.0,1.0,1.0,1.0,1,1,1,1,0,0,0,12,2,2022,8,23,1,0,1,2,2,0,1,0.0,0,1,LEVE,0,4
3,1,0.2105205359103887,2,4,1,-12.03010121507606,-77.00158913661262,0,0,7,0,2,-1,-1,0,6543.555,3.0,5,2,1.0,0.1133318690972984,0.1133318690972984,1475.0,0.6970617810314195,81.40501156526744,203379.9271948608,7626.313,1683.4029999999998,1599.0829999999996,4343.827000000001,1814.875,5811.438000000001,23.7975414856432,2,1,0,20.0,20.0,20.0,1.0,1.0,0.0,0.0,2,1,1.0,0.0,0.0,1.0,1.0,0.0,0.0,0.0,1.0,1.0,0,0,0,0,0,0,0,13,2,2022,8,23,1,0,1,0,2,1,1,0.5,0,0,LEVE,0,0
3,2,0.0766527564243356,0,4,1,-16.481673,-71.902491,0,4,7,0,2,1,1,0,6639.975,2.0,5,2,1.0,0.340764331210191,0.074236766966835,1616.0,0.6455852322566902,78.58826324858522,2628.282655246253,10322.272,1495.236,1749.739,7077.2970000000005,2886.595,7435.677000000001,27.964725207783708,2,0,0,49.5,37.0,62.0,1.0,1.0,0.0,0.0,2,0,0.0,0.0,0.0,1.0,1.0,0.0,1.0,0.0,0.0,0.0,0,0,0,0,0,0,0,18,3,2022,8,23,1,0,1,0,2,0,1,0.0,0,0,LEVE,0,4
0,1,0.0933450472216121,0,4,1,-7.153337,-79.447408,0,4,7,0,2,-1,-1,2,6543.555,3.0,5,2,1.0,0.1133318690972984,0.1133318690972984,1475.0,0.5114727232493018,78.60606800160349,24701.19700214133,8931.828000000005,1335.5899999999997,1935.9830000000004,5660.255000000005,1219.309,7712.519000000005,13.651281686122925,1,0,1,49.0,49.0,49.0,1.0,0.0,0.0,0.0,1,0,0.0,0.0,0.0,1.0,0.0,1.0,0.0,0.0,1.0,0.0,0,0,0,0,0,0,0,19,3,2022,8,23,1,0,1,0,2,1,1,0.0,0,0,LEVE,0,1
3,2,0.0182297386338677,0,4,0,-13.53668,-73.505308,0,4,0,1,1,-1,-1,2,6543.555,2.0,-1,-1,1.0,0.4495936745003294,0.4495936745003294,1198.0,0.241310185459975,70.83483413046108,8997.351177730192,8358.971,1282.451,1298.0969999999998,5778.423,1432.683,6926.288,17.139466089785454,2,0,0,45.0,35.0,55.0,1.0,0.0,0.0,0.0,2,0,0.0,0.0,1.0,1.0,0.0,0.0,1.0,0.0,0.0,0.0,1,1,1,1,0,0,0,6,1,2022,8,24,2,0,1,2,2,0,1,0.0,1,1,GRAVE_MORTALIDAD,2,4
3,2,0.0420601801010322,0,4,1,-11.236908688363789,-74.59163535621825,0,4,7,0,2,-1,-1,2,5768.608,2.0,3,-1,0.0,0.340764331210191,0.1266198111135515,365.0,0.5055535147670205,71.64834806655777,42934.03211991434,12264.545,1826.4639999999995,1105.5389999999998,9332.542,1588.5359999999996,10676.009,12.952261987705208,2,0,0,49.0,37.0,61.0,1.0,0.0,0.0,0.0,2,0,0.0,1.0,1.0,0.0,1.0,0.0,1.0,0.0,0.0,0.0,0,0,0,0,0,0,0,18,3,2022,8,24,2,0,1,2,2,0,1,0.0,0,0,GRAVE_MORTALIDAD,2,5
0,1,0.0497474192839885,0,4,1,-5.244092,-79.983219,0,4,7,0,2,-1,-1,0,722.9000000000002,2.0,-1,2,1.0,0.0017570832418185,0.1266198111135515,123.0,0.4611707659321047,75.10249837094239,7773.17130620985,8965.846000060003,1782.4120000599992,636.9959999999999,6546.438000000004,2214.505000059999,6751.341000000004,24.699342371541725,1,0,1,34.0,34.0,34.0,1.0,1.0,0.0,0.0,1,0,0.0,0.0,0.0,1.0,1.0,0.0,0.0,0.0,1.0,0.0,0,0,0,0,0,0,0,19,3,2022,8,24,2,0,1,0,2,0,1,0.0,0,0,LEVE,0,3
0,1,0.0318471337579617,2,4,1,-9.542900409793337,-77.53353210762585,0,0,7,0,2,-1,-1,0,9936.932,2.0,5,2,1.0,0.340764331210191,0.1266198111135515,3830.0,0.6030793015789164,74.32152956359432,64284.002141327626,10767.648,1885.0630000000003,1222.721,7659.864000000001,2100.343,8667.305000000002,19.506051832303577,1,1,1,37.0,33.0,40.0,1.0,0.0,0.0,0.0,1,0,0.0,0.0,1.0,0.0,0.0,0.0,1.0,0.0,0.0,0.0,0,0,0,0,1,1,1,19,3,2022,8,24,2,0,1,0,2,0,1,1.0,0,0,LEVE,0,20