CLASE SINIESTRO,CANTIDAD DE VEHICULOS DAÑADOS,DEPARTAMENTO,ZONA,TIPO DE VÍA,RED VIAL,COORDENADAS LATITUD,COORDENADAS  LONGITUD,CONDICIÓN CLIMÁTICA,ZONIFICACIÓN,CARACTERÍSTICAS DE VÍA,PERFIL LONGITUDINAL VÍA,SUPERFICIE DE CALZADA,¿EXISTE SEÑAL VERTICAL?,¿EXISTE SEÑAL HORIZONTAL?,CAUSA FACTOR PRINCIPAL,MTC_RVN_LONGITUD_KM,MTC_RVN_N_CARRILES_MEDIANA,MTC_RVN_SUPERFICIE_DOMINANTE,MTC_RVN_ESTADO_DOMINANTE,MTC_RVN_ES_CONCESIONADA,MTC_RVN_CONCESION_PRINCIPAL,MTC_RVN_CORREDOR_LOGISTICO,MTC_RVN_N_TRAMOS,IDH_2019,IDH_ESP_VIDA_2019,IDH_POBLACION_2019,MTC_DEP_RED_TOTAL_KM,MTC_DEP_NACIONAL_TOTAL_KM,MTC_DEP_DEPARTAMENTAL_TOTAL_KM,MTC_DEP_VECINAL_TOTAL_KM,MTC_DEP_PAV_TOTAL_KM,MTC_DEP_NO_PAV_TOTAL_KM,MTC_DEP_PCT_PAVIMENTADA,PER_N_CONDUCTORES,PER_N_CONDUCTORES_FUGADOS,PER_N_PEATONES,PER_EDAD_COND_PROM,PER_EDAD_COND_MIN,PER_EDAD_COND_MAX,PER_ANY_COND_MASCULINO,PER_ANY_LIC_PROBLEMA,PER_ANY_DOSAJE_POS,PER_ANY_DOSAJE_EVALUADO,VEH_TOTAL,VEH_N_FUGADOS,VEH_ANY_FUGADO,VEH_ANY_CARGA,VEH_ANY_PUBLICO,VEH_ANY_PARTICULAR,VEH_ANY_MOTO,VEH_ANY_AUTO,VEH_ANY_CAMION_BUS,VEH_ANY_SOAT_PROBLEMA,VEH_ANY_CITV_PROBLEMA,VEH_ANY_SEGURO_PROBLEMA,MTC_RVN_LONGITUD_KM_ERA_NULO,MTC_RVN_N_CARRILES_MEDIANA_ERA_NULO,MTC_RVN_ES_CONCESIONADA_ERA_NULO,MTC_RVN_N_TRAMOS_ERA_NULO,PER_EDAD_COND_PROM_ERA_NULO,PER_EDAD_COND_MIN_ERA_NULO,PER_EDAD_COND_MAX_ERA_NULO,HORA_NUM,FRANJA_HORARIA,ANIO,MES,DIA_MES,DIA_SEMANA,ES_FIN_SEMANA,ES_QUINCENA,REGION_NATURAL,NIVEL_SEÑALIZACION_ORD,ES_VIA_MULTICARRIL,ES_DEPTO_BAJO_PAVIMENTO,RATIO_CONDUCTORES_FUGADOS,ES_CURVA_Y_PENDIENTE,ES_VIA_NO_PAVIMENTADA,CATEGORIA_SEVERIDAD,CATEGORIA_SEVERIDAD_ENC,CLUSTER
3,2,0.0475510652317153,0,4,1,-13.59524097,-76.1658727273,0,4,7,0,2,-1,-1,2,205.54999999999995,-1.0,5,2,1.0,0.0040632549967054,0.074236766966835,15.0,0.533712318797331,79.3365989923595,13863.817987152031,3721.461,698.1859999999996,744.866,2278.409,1102.9029999999996,2618.558,29.636290693359403,2,0,0,48.5,43.0,54.0,1.0,0.0,0.0,0.0,2,0,0.0,1.0,0.0,1.0,0.0,1.0,1.0,0.0,1.0,0.0,0,0,0,0,0,0,0,5,0,2022,9,11,6,1,0,0,2,0,1,0.0,0,0,LEVE,0,7
3,2,0.0766527564243356,0,4,1,-15.7111933,-71.0532133,0,4,0,0,2,-1,-1,0,568.5409999999999,1.0,5,1,0.0,0.340764331210191,0.0057105205359103,93.0,0.4498224071382834,81.63336343193146,1358.612419700214,10322.272,1495.236,1749.739,7077.2970000000005,2886.595,7435.677000000001,27.964725207783708,2,0,0,24.0,24.0,24.0,1.0,0.0,0.0,0.0,2,0,0.0,0.0,0.0,1.0,0.0,1.0,0.0,0.0,1.0,0.0,0,0,0,0,0,0,0,6,1,2022,9,11,6,1,0,0,2,0,1,0.0,0,0,GRAVE_MORTALIDAD,2,4
6,1,0.0193279156600043,0,4,2,-12.615141,-74.706235,7,4,7,0,7,-1,-1,2,6543.555,2.0,-1,-1,1.0,0.4495936745003294,0.4495936745003294,1198.0,0.2663454843382838,65.45457395221479,29100.053533190578,8511.426,1445.3929999999996,2008.516,5057.516999999999,1879.579,6631.846999999998,22.08300935706896,1,0,0,69.0,69.0,69.0,1.0,0.0,0.0,0.0,1,0,0.0,0.0,0.0,1.0,0.0,1.0,0.0,0.0,0.0,0.0,1,1,1,1,0,0,0,9,1,2022,9,11,6,1,0,2,2,0,1,0.0,0,1,LEVE,0,4
6,1,0.0193279156600043,0,4,1,-13.239866,-75.6172,0,4,7,0,7,-1,-1,2,1482.81,1.0,-1,1,0.0,0.340764331210191,0.0020865363496595,270.0,0.3749772481461449,57.34580043437487,427.5289079229122,8511.426,1445.3929999999996,2008.516,5057.516999999999,1879.579,6631.846999999998,22.08300935706896,1,0,0,23.0,23.0,23.0,1.0,1.0,0.0,0.0,1,0,0.0,0.0,0.0,1.0,0.0,1.0,0.0,1.0,1.0,0.0,0,0,0,0,0,0,0,15,2,2022,9,11,6,1,0,2,2,0,1,0.0,0,1,GRAVE_MORTALIDAD,2,31
1,1,0.0161432022842082,2,2,4,-18.029989,-70.270627,0,1,7,0,2,-1,-1,0,6543.555,2.0,-1,-1,1.0,0.4495936745003294,0.4495936745003294,1198.0,0.6966125262955101,76.67066141771582,74177.24411134903,2650.572,630.6729999999998,487.3610000000001,1532.5379999999998,1068.7019999999998,1581.87,40.31967439480987,1,1,2,37.0,33.0,40.0,0.0,0.0,0.0,0.0,1,1,1.0,0.0,0.0,0.0,0.0,0.0,0.0,0.0,0.0,1.0,1,1,1,1,1,1,1,19,3,2022,9,11,6,1,0,0,2,0,1,1.0,0,0,GRAVE_MORTALIDAD,2,15
3,1,0.0902701515484296,0,4,1,-14.547866,-71.297084,6,5,6,-1,6,-1,-1,0,566.7160000000001,2.0,1,0,0.0,0.340764331210191,0.0057105205359103,137.0,0.2860092739262279,59.94781725321823,5060.0256959314775,17779.13499998999,2097.37099999,2863.123,12818.640999999989,2878.713,14900.421999989989,16.19152450331032,2,0,0,35.5,30.0,41.0,1.0,0.0,0.0,0.0,2,0,0.0,0.0,1.0,1.0,0.0,1.0,1.0,0.0,0.0,0.0,0,0,0,0,0,0,0,23,3,2022,9,11,6,1,0,2,2,0,1,0.0,0,0,LEVE,0,4
6,1,0.2105205359103887,2,4,2,-11.955,-76.936241,0,4,0,1,7,-1,-1,0,6543.555,2.0,-1,-1,1.0,0.4495936745003294,0.4495936745003294,1198.0,0.6831952456039544,78.60873873772867,255143.7301927195,7626.313,1683.4029999999998,1599.0829999999996,4343.827000000001,1814.875,5811.438000000001,23.7975414856432,1,0,0,50.0,50.0,50.0,1.0,0.0,0.0,0.0,1,0,0.0,1.0,0.0,0.0,0.0,0.0,1.0,0.0,0.0,0.0,1,1,1,1,0,0,0,3,0,2022,9,12,0,0,0,0,2,0,1,0.0,1,1,LEVE,0,0
0,0,0.0351416648363716,2,4,1,-6.770169,-79.875999,0,3,7,0,2,-1,-1,0,6543.555,3.0,5,2,1.0,0.1133318690972984,0.1133318690972984,1475.0,0.582874900209372,79.91553229957624,50544.90364025696,3459.691,515.0619999999999,689.7280000000001,2254.901,703.3549999999999,2756.336,20.329994788551925,1,0,1,40.0,40.0,40.0,1.0,0.0,0.0,1.0,1,0,0.0,1.0,0.0,0.0,0.0,0.0,1.0,0.0,0.0,0.0,0,0,0,0,0,0,0,8,1,2022,9,12,0,0,0,0,2,1,1,0.0,0,0,LEVE,0,1
1,1,0.0766527564243356,2,3,4,-16.406090488618368,-71.52999839264429,0,3,7,0,2,0,1,0,6543.555,2.0,-1,-1,1.0,0.4495936745003294,0.4495936745003294,1198.0,0.7621671359922388,78.82549845032362,42333.23340471092,10322.272,1495.236,1749.739,7077.2970000000005,2886.595,7435.677000000001,27.964725207783708,1,0,1,71.0,71.0,71.0,1.0,0.0,0.0,0.0,1,0,0.0,0.0,0.0,1.0,0.0,1.0,0.0,0.0,0.0,0.0,1,1,1,1,0,0,0,11,1,2022,9,12,0,0,0,0,1,0,1,0.0,0,0,LEVE,0,4
7,0,0.0351416648363716,0,4,2,-6.95035,-79.577458,0,4,7,0,7,-1,-1,0,6543.555,2.0,-1,-1,1.0,0.4495936745003294,0.4495936745003294,1198.0,0.5269774463263404,80.68574196150158,9737.584582441114,3459.691,515.0619999999999,689.7280000000001,2254.901,703.3549999999999,2756.336,20.329994788551925,1,0,1,28.0,28.0,28.0,1.0,0.0,0.0,1.0,1,0,0.0,0.0,0.0,0.0,0.0,0.0,0.0,1.0,1.0,1.0,1,1,1,1,0,0,0,12,2,2022,9,12,0,0,0,0,2,0,1,0.0,0,1,LEVE,0,1
3,1,0.0213046343070502,2,4,1,-12.51206576,-73.85891497,0,4,7,0,2,-1,-1,2,1193.808,-1.0,0,1,0.0,0.340764331210191,0.1266198111135515,147.0,0.3866581259783184,77.00938809632027,12290.808931369287,12678.733000000004,1805.074000000001,1774.0339999999994,9099.625000000004,2485.375000000001,10193.358000000002,19.602707936195205,2,0,0,35.5,31.0,40.0,1.0,0.0,0.0,0.0,2,0,0.0,1.0,1.0,0.0,1.0,0.0,1.0,0.0,1.0,0.0,0,0,0,0,0,0,0,17,2,2022,9,12,0,0,0,2,2,0,1,0.0,0,0,LEVE,0,27
0,1,0.0933450472216121,0,4,1,-7.987828,-79.076388,0,2,7,0,2,-1,-1,0,6543.555,3.0,5,2,1.0,0.1133318690972984,0.1133318690972984,1475.0,0.583006771156836,78.2441938961209,76607.295503212,8931.828000000005,1335.5899999999997,1935.9830000000004,5660.255000000005,1219.309,7712.519000000005,13.651281686122925,1,0,1,37.0,37.0,37.0,1.0,0.0,0.0,0.0,1,0,0.0,0.0,0.0,0.0,0.0,0.0,1.0,0.0,0.0,0.0,0,0,0,0,0,0,0,20,3,2022,9,12,0,0,0,0,2,1,1,0.0,0,0,LEVE,0,1
3,2,0.0902701515484296,0,4,1,-14.880277,-71.216049,7,4,0,0,2,-1,-1,2,1780.161,1.0,-1,1,0.0,0.340764331210191,0.1266198111135515,490.0,0.3947357298822749,66.64682076332791,5092.139186295502,17779.13499998999,2097.37099999,2863.123,12818.640999999989,2878.713,14900.421999989989,16.19152450331032,2,0,0,41.0,29.0,53.0,1.0,1.0,0.0,0.0,2,0,0.0,0.0,0.0,1.0,1.0,0.0,1.0,0.0,0.0,1.0,0,0,0,0,0,0,0,13,2,2022,9,13,1,0,0,2,2,0,1,0.0,0,0,LEVE,0,4
0,1,0.2105205359103887,2,2,4,-12.0354463,-77.0640444,0,0,7,0,2,-1,-1,2,6543.555,2.0,-1,-1,1.0,0.4495936745003294,0.4495936745003294,1198.0,0.7646845961658533,80.23682119426338,250806.0877944326,7626.313,1683.4029999999998,1599.0829999999996,4343.827000000001,1814.875,5811.438000000001,23.7975414856432,1,0,1,26.0,26.0,26.0,1.0,0.0,0.0,0.0,1,0,0.0,0.0,0.0,1.0,0.0,1.0,0.0,0.0,0.0,0.0,1,1,1,1,0,0,0,15,2,2022,9,13,1,0,0,0,2,0,1,0.0,0,0,LEVE,0,0
3,2,0.0318471337579617,0,4,1,-9.272423427454903,-77.65352364408837,0,4,0,1,2,-1,-1,2,9936.932,2.0,5,2,1.0,0.340764331210191,0.1266198111135515,3830.0,0.4587978361428124,78.55357819250929,3284.7344753747325,10767.648,1885.0630000000003,1222.721,7659.864000000001,2100.343,8667.305000000002,19.506051832303577,2,0,0,23.5,20.0,27.0,1.0,0.0,0.0,0.0,2,0,0.0,1.0,0.0,1.0,0.0,1.0,1.0,0.0,0.0,0.0,0,0,0,0,0,0,0,18,3,2022,9,13,1,0,0,0,2,0,1,0.0,1,0,LEVE,0,20
6,1,0.2105205359103887,2,2,4,-12.210523826851905,-76.9609990769496,0,0,7,0,2,-1,-1,0,6543.555,2.0,-1,-1,1.0,0.4495936745003294,0.4495936745003294,1198.0,0.6990481232857558,80.14597904142546,459161.0728051392,7626.313,1683.4029999999998,1599.0829999999996,4343.827000000001,1814.875,5811.438000000001,23.7975414856432,1,0,0,22.0,22.0,22.0,1.0,1.0,0.0,0.0,1,0,0.0,0.0,0.0,1.0,1.0,0.0,0.0,0.0,1.0,0.0,1,1,1,1,0,0,0,21,3,2022,9,13,1,0,0,0,2,0,1,0.0,0,0,LEVE,0,0
6,1,0.0318471337579617,0,4,0,-9.10332433757847,-78.06845025203265,0,4,5,1,7,-1,-1,0,6543.555,2.0,-1,-1,1.0,0.4495936745003294,0.4495936745003294,1198.0,0.4259847482247994,77.27744591244635,7238.019271948608,10767.648,1885.0630000000003,1222.721,7659.864000000001,2100.343,8667.305000000002,19.506051832303577,1,0,0,61.0,61.0,61.0,1.0,0.0,0.0,0.0,1,0,0.0,1.0,0.0,0.0,0.0,0.0,1.0,0.0,0.0,0.0,1,1,1,1,0,0,0,1,0,2022,9,14,2,0,0,0,2,0,1,0.0,1,1,GRAVE_MORTALIDAD,2,-1
0,1,0.0293213265978475,0,4,1,-6.166125,-76.835254,0,4,7,0,4,-1,-1,4,7758.33400008,2.0,5,2,1.0,0.340764331210191,0.0464528882055787,2133.0,0.3492524985551798,73.87945975179423,16120.93790149893,5645.136,815.0759999999999,965.298,3864.762,1013.406,4631.73,17.95184385283189,1,0,1,45.0,45.0,45.0,1.0,0.0,0.0,0.0,1,0,0.0,0.0,0.0,1.0,0.0,0.0,1.0,0.0,1.0,0.0,0,0,0,0,0,0,0,5,0,2022,9,14,2,0,0,1,2,0,1,0.0,0,0,LEVE,0,2
4,1,0.0766527564243356,2,7,4,-16.430721,-71.831583,0,4,2,1,4,-1,-1,0,6543.555,2.0,-1,-1,1.0,0.4495936745003294,0.4495936745003294,1198.0,0.6105481451420971,78.10653088113892,35025.678800856535,10322.272,1495.236,1749.739,7077.2970000000005,2886.595,7435.677000000001,27.964725207783708,1,0,0,29.0,29.0,29.0,1.0,0.0,0.0,0.0,1,0,0.0,0.0,0.0,0.0,0.0,0.0,0.0,0.0,0.0,1.0,1,1,1,1,0,0,0,8,1,2022,9,14,2,0,0,0,2,0,1,0.0,0,0,LEVE,0,4
6,1,0.2105205359103887,0,4,1,-10.688409322162904,-76.73704985468738,0,4,0,1,4,-1,-1,1,1422.177,2.0,5,2,0.0,0.340764331210191,0.0024159894575005,698.0,0.6329626849738527,79.69467338238256,14347.565310492504,7626.313,1683.4029999999998,1599.0829999999996,4343.827000000001,1814.875,5811.438000000001,23.7975414856432,1,0,0,45.0,45.0,45.0,1.0,1.0,0.0,0.0,1,0,0.0,0.0,0.0,1.0,0.0,1.0,0.0,0.0,0.0,0.0,0,0,0,0,0,0,0,12,2,2022,9,14,2,0,0,0,2,0,1,0.0,1,0,GRAVE_MORTALIDAD,2,0
0,1,0.0902701515484296,0,4,1,-13.4853890121181,-72.1671185752288,0,4,7,0,2,0,0,2,7586.903,2.0,5,2,1.0,0.340764331210191,0.067428069404788,1198.0,0.4461630003962475,73.21502670801013,18328.770877944324,17779.13499998999,2097.37099999,2863.123,12818.640999999989,2878.713,14900.421999989989,16.19152450331032,1,0,1,36.0,36.0,36.0,1.0,0.0,0.0,0.0,1,0,0.0,0.0,0.0,1.0,0.0,1.0,0.0,0.0,0.0,0.0,0,0,0,0,0,0,0,17,2,2022,9,14,2,0,0,2,0,0,1,0.0,0,0,LEVE,0,4
6,1,0.0072479683725016,2,2,4,-3.75501297744197,-73.2501939514765,0,0,1,0,2,-1,-1,2,6543.555,2.0,-1,-1,1.0,0.4495936745003294,0.4495936745003294,1198.0,0.6598204400488458,74.39325093062702,145540.50535331905,1095.5949999999998,128.87099999999998,320.74700000000007,645.9769999999999,274.214,821.381,25.02877431897737,1,0,0,29.0,29.0,29.0,1.0,1.0,0.0,0.0,1,0,0.0,0.0,0.0,1.0,1.0,0.0,0.0,1.0,1.0,1.0,1,1,1,1,0,0,0,18,3,2022,9,14,2,0,0,1,2,0,1,0.0,0,0,LEVE,0,23
6,1,0.0933450472216121,2,4,1,-8.081512,-79.094993,0,0,7,0,2,-1,-1,2,6543.555,3.0,5,2,1.0,0.1133318690972984,0.1133318690972984,1475.0,0.583006771156836,78.2441938961209,76607.295503212,8931.828000000005,1335.5899999999997,1935.9830000000004,5660.255000000005,1219.309,7712.519000000005,13.651281686122925,1,0,0,34.0,34.0,34.0,1.0,0.0,0.0,0.0,1,0,0.0,0.0,0.0,1.0,0.0,1.0,0.0,0.0,0.0,0.0,0,0,0,0,0,0,0,0,0,2022,9,15,3,0,1,0,2,1,1,0.0,0,0,LEVE,0,1
3,2,0.0351416648363716,0,4,1,-6.092057,-79.702956,0,4,7,0,2,-1,-1,0,1305.18,2.0,5,2,1.0,0.0160333845815945,0.0464528882055787,163.0,0.4974674218418852,75.93907983080418,28734.96573875803,3459.691,515.0619999999999,689.7280000000001,2254.901,703.3549999999999,2756.336,20.329994788551925,2,0,0,48.5,30.0,67.0,1.0,1.0,0.0,1.0,2,0,0.0,0.0,1.0,1.0,0.0,0.0,1.0,1.0,1.0,1.0,0,0,0,0,0,0,0,19,3,2022,9,15,3,0,1,0,2,0,1,0.0,0,0,LEVE,0,1
0,0,0.0597408302218317,2,4,1,-5.69136,-78.796985,0,3,7,0,2,-1,-1,0,7758.33400008,2.0,5,2,1.0,0.340764331210191,0.0464528882055787,2133.0,0.5803239946829384,74.49544278598792,102362.46895074946,15935.565011852366,1733.9250000199986,935.692,13265.948011832368,2000.1670000199988,13935.398011832369,12.551591352627522,1,1,1,37.0,33.0,40.0,0.0,0.0,0.0,0.0,1,1,1.0,0.0,0.0,0.0,0.0,0.0,0.0,0.0,0.0,1.0,0,0,0,0,1,1,1,3,0,2022,9,16,4,0,1,2,2,0,1,1.0,0,0,LEVE,0,1
6,1,0.0933450472216121,0,4,3,-7.741712,-77.61664,0,4,7,0,7,-1,-1,5,6543.555,2.0,-1,-1,1.0,0.4495936745003294,0.4495936745003294,1198.0,0.4686292122960986,72.39347765706144,9440.374732334049,8931.828000000005,1335.5899999999997,1935.9830000000004,5660.255000000005,1219.309,7712.519000000005,13.651281686122925,1,0,0,43.0,43.0,43.0,1.0,0.0,0.0,0.0,1,0,0.0,1.0,0.0,0.0,0.0,0.0,1.0,0.0,1.0,0.0,1,1,1,1,0,0,0,10,1,2022,9,16,4,0,1,0,2,0,1,0.0,0,1,GRAVE_MORTALIDAD,2,1
3,2,0.0933450472216121,0,4,1,-7.28922,-79.318503,0,4,7,0,2,-1,-1,2,887.28,2.0,5,2,1.0,0.0133977597188666,0.0065890621568196,155.0,0.5885704819472196,78.81449187577415,48424.389721627405,8931.828000000005,1335.5899999999997,1935.9830000000004,5660.255000000005,1219.309,7712.519000000005,13.651281686122925,2,0,0,57.5,47.0,68.0,1.0,0.0,0.0,0.0,2,0,0.0,0.0,0.0,1.0,0.0,1.0,0.0,0.0,1.0,1.0,0,0,0,0,0,0,0,12,2,2022,9,16,4,0,1,0,2,0,1,0.0,0,0,LEVE,0,1
0,1,0.0902701515484296,2,4,1,-13.31146,-72.10569,0,3,7,0,2,-1,-1,2,3447.8009999999995,1.0,5,1,0.0,0.340764331210191,0.0101032286404568,1109.0,0.5961225511084856,78.53035911580116,21509.777301927195,17779.13499998999,2097.37099999,2863.123,12818.640999999989,2878.713,14900.421999989989,16.19152450331032,1,0,1,30.0,30.0,30.0,1.0,1.0,1.0,1.0,1,0,0.0,0.0,1.0,0.0,1.0,0.0,0.0,1.0,1.0,1.0,0,0,0,0,0,0,0,19,3,2022,9,16,4,0,1,2,2,0,1,0.0,0,0,LEVE,0,4
3,1,0.0161432022842082,0,4,1,-18.093488,-70.308857,0,4,7,0,2,-1,-1,2,6639.975,2.0,5,2,1.0,0.340764331210191,0.074236766966835,1616.0,0.6966125262955101,76.67066141771582,74177.24411134903,2650.572,630.6729999999998,487.3610000000001,1532.5379999999998,1068.7019999999998,1581.87,40.31967439480987,2,0,0,58.0,53.0,63.0,1.0,0.0,0.0,1.0,2,0,0.0,0.0,0.0,1.0,0.0,1.0,0.0,0.0,1.0,1.0,0,0,0,0,0,0,0,23,3,2022,9,16,4,0,1,0,2,0,1,0.0,0,0,LEVE,0,15
6,1,0.0902701515484296,0,4,1,-14.647346650448808,-71.74718137447346,0,4,0,1,2,1,0,1,363.645,-1.0,2,2,0.0,0.340764331210191,0.1266198111135515,37.0,0.4670263153502933,65.5237709552973,9065.880085653103,17779.13499998999,2097.37099999,2863.123,12818.640999999989,2878.713,14900.421999989989,16.19152450331032,1,0,0,54.0,54.0,54.0,1.0,0.0,0.0,0.0,1,0,0.0,1.0,0.0,0.0,0.0,0.0,1.0,0.0,0.0,0.0,0,0,0,0,0,0,0,1,0,2022,9,17,5,1,1,2,1,0,1,0.0,1,0,LEVE,0,4
3,1,0.0153744783659125,2,4,1,-11.959308,-77.128291,0,2,7,0,2,1,1,2,139.23,-1.0,5,2,0.0,0.340764331210191,0.1266198111135515,69.0,0.5563774842369664,77.00938809632027,27932.19700214133,51.58600000000001,44.68700000000001,6.899000000000001,0.0,49.838000000000015,1.748,96.61148373589734,3,2,0,35.0,35.0,35.0,1.0,0.0,0.0,0.0,3,2,1.0,0.0,0.0,1.0,1.0,0.0,0.0,0.0,0.0,1.0,0,0,0,0,0,0,0,3,0,2022,9,17,5,1,1,2,2,0,0,0.6666666666666666,0,0,LEVE,0,0
1,0,0.0821436415550186,2,4,1,-15.4741577,-70.1138208,0,0,7,0,2,-1,-1,2,1762.84,2.0,-1,2,0.0,0.340764331210191,0.1266198111135515,485.0,0.5225679967471315,73.87568641139362,65445.28409703769,13642.312999999998,2020.7790000000005,2354.117,9267.416999999998,3314.0520000000006,10328.260999999997,24.29244952817019,1,1,1,37.0,33.0,40.0,0.0,0.0,0.0,0.0,1,1,1.0,0.0,0.0,0.0,0.0,0.0,0.0,0.0,0.0,1.0,0,0,0,0,1,1,1,3,0,2022,9,17,5,1,1,2,2,0,1,1.0,0,0,LEVE,0,4
3,2,0.0597408302218317,0,4,1,-5.256299,-78.823819,0,4,0,1,2,0,1,0,7758.33400008,2.0,5,2,1.0,0.340764331210191,0.0464528882055787,2133.0,0.3892940905457197,75.5719627800036,13817.460385438972,15935.565011852366,1733.9250000199986,935.692,13265.948011832368,2000.1670000199988,13935.398011832369,12.551591352627522,2,0,0,34.5,27.0,42.0,1.0,0.0,0.0,0.0,2,0,0.0,1.0,0.0,1.0,1.0,0.0,1.0,0.0,1.0,0.0,0,0,0,0,0,0,0,4,0,2022,9,17,5,1,1,2,1,0,1,0.0,1,0,LEVE,0,1
1,1,0.0318471337579617,2,4,1,-9.141556235369022,-77.74627407668684,0,4,7,0,2,-1,-1,0,9936.932,2.0,5,2,1.0,0.340764331210191,0.1266198111135515,3830.0,0.4225175571417921,72.0073136099048,21231.4068522484,10767.648,1885.0630000000003,1222.721,7659.864000000001,2100.343,8667.305000000002,19.506051832303577,1,1,1,37.0,33.0,40.0,0.0,0.0,0.0,0.0,1,1,1.0,0.0,0.0,0.0,0.0,0.0,0.0,0.0,0.0,1.0,0,0,0,0,1,1,1,7,1,2022,9,17,5,1,1,0,2,0,1,1.0,0,0,LEVE,0,20
6,1,0.0193279156600043,0,4,1,-13.324067,-75.007877,0,4,7,0,7,-1,-1,2,151.11500000000004,1.0,-1,1,0.0,0.340764331210191,0.1266198111135515,37.0,0.2997946406100768,72.83003345209801,3327.8779443254816,8511.426,1445.3929999999996,2008.516,5057.516999999999,1879.579,6631.846999999998,22.08300935706896,1,0,0,31.0,31.0,31.0,1.0,0.0,0.0,0.0,1,0,0.0,0.0,0.0,1.0,0.0,1.0,0.0,0.0,0.0,0.0,0,0,0,0,0,0,0,11,1,2022,9,17,5,1,1,2,2,0,1,0.0,0,1,GRAVE_MORTALIDAD,2,4
3,2,0.0597408302218317,2,4,1,-6.65279051917876,-78.5430953793554,0,3,7,0,2,-1,-1,0,9936.932,2.0,5,2,1.0,0.340764331210191,0.1266198111135515,3830.0,0.3484871558022944,76.33677469666252,76209.5845824411,15935.565011852366,1733.9250000199986,935.692,13265.948011832368,2000.1670000199988,13935.398011832369,12.551591352627522,2,0,0,36.0,33.0,39.0,1.0,0.0,0.0,0.0,2,0,0.0,0.0,1.0,0.0,1.0,0.0,1.0,0.0,0.0,1.0,0,0,0,0,0,0,0,18,3,2022,9,17,5,1,1,2,2,0,1,0.0,0,0,LEVE,0,1
0,1,0.0420601801010322,2,4,1,-11.2436331,-74.6357376,0,0,1,0,2,-1,-1,4,1040.6349999999998,1.0,-1,0,0.0,0.340764331210191,0.1266198111135515,141.0,0.5055535147670205,71.64834806655777,42934.03211991434,12264.545,1826.4639999999995,1105.5389999999998,9332.542,1588.5359999999996,10676.009,12.952261987705208,1,0,1,37.0,37.0,37.0,1.0,0.0,0.0,0.0,1,0,0.0,1.0,0.0,0.0,0.0,0.0,1.0,0.0,0.0,0.0,0,0,0,0,0,0,0,18,3,2022,9,17,5,1,1,2,2,0,1,0.0,0,0,LEVE,0,5
1,1,0.0161432022842082,2,2,4,-18.047503,-70.256461,0,0,1,0,2,-1,-1,0,6543.555,2.0,-1,-1,1.0,0.4495936745003294,0.4495936745003294,1198.0,0.5563774842369664,77.00938809632027,27932.19700214133,2650.572,630.6729999999998,487.3610000000001,1532.5379999999998,1068.7019999999998,1581.87,40.31967439480987,1,1,1,37.0,33.0,40.0,0.0,0.0,0.0,0.0,1,1,1.0,0.0,0.0,0.0,0.0,0.0,0.0,0.0,0.0,1.0,1,1,1,1,1,1,1,21,3,2022,9,17,5,1,1,0,2,0,1,1.0,0,0,LEVE,0,15
6,1,0.0933450472216121,0,4,0,-7.897976195900697,-78.55427114356121,0,4,7,0,2,-1,-1,0,6543.555,2.0,-1,-1,1.0,0.4495936745003294,0.4495936745003294,1198.0,0.3809823047796905,74.4473973089921,26695.141327623125,8931.828000000005,1335.5899999999997,1935.9830000000004,5660.255000000005,1219.309,7712.519000000005,13.651281686122925,1,0,0,40.0,40.0,40.0,1.0,1.0,0.0,0.0,1,0,0.0,1.0,0.0,0.0,0.0,0.0,1.0,0.0,0.0,0.0,1,1,1,1,0,0,0,22,3,2022,9,17,5,1,1,0,2,0,1,0.0,0,0,GRAVE_LESIONADOS,1,1
3,2,0.0293213265978475,2,4,1,-6.053877,-77.163105,0,0,7,0,2,-1,-1,2,7758.33400008,2.0,5,2,1.0,0.340764331210191,0.0464528882055787,2133.0,0.5963332411867256,73.80959983510441,24031.167023554604,5645.136,815.0759999999999,965.298,3864.762,1013.406,4631.73,17.95184385283189,2,0,0,35.0,23.0,47.0,1.0,1.0,0.0,0.0,2,0,0.0,0.0,0.0,1.0,1.0,0.0,1.0,0.0,1.0,1.0,0,0,0,0,0,0,0,23,3,2022,9,17,5,1,1,1,2,0,1,0.0,0,0,LEVE,0,2
2,1,0.0597408302218317,0,4,1,-7.29905,-78.198676,0,4,7,0,2,-1,-1,0,9936.932,2.0,5,2,1.0,0.340764331210191,0.1266198111135515,3830.0,0.4160404978708171,68.76371319246165,21466.32119914347,15935.565011852366,1733.9250000199986,935.692,13265.948011832368,2000.1670000199988,13935.398011832369,12.551591352627522,1,0,0,37.0,33.0,40.0,1.0,1.0,0.0,0.0,1,0,0.0,0.0,1.0,0.0,1.0,0.0,0.0,1.0,1.0,1.0,0,0,0,0,1,1,1,5,0,2022,9,18,6,1,1,2,2,0,1,0.0,0,0,LEVE,0,1
3,1,0.0497474192839885,0,4,1,-5.469913,-80.82344,0,4,7,0,2,-1,-1,2,453.9549999999999,2.0,5,1,0.0,0.340764331210191,0.1266198111135515,133.0,0.4078315256639867,72.18782112824292,15803.916488222698,8965.846000060003,1782.4120000599992,636.9959999999999,6546.438000000004,2214.505000059999,6751.341000000004,24.699342371541725,2,0,0,33.0,22.0,44.0,1.0,0.0,1.0,1.0,2,0,0.0,0.0,0.0,1.0,1.0,1.0,0.0,0.0,1.0,0.0,0,0,0,0,0,0,0,5,0,2022,9,18,6,1,1,0,2,0,1,0.0,0,0,LEVE,0,3