CLASE SINIESTRO,CANTIDAD DE VEHICULOS DAÑADOS,DEPARTAMENTO,ZONA,TIPO DE VÍA,RED VIAL,COORDENADAS LATITUD,COORDENADAS  LONGITUD,CONDICIÓN CLIMÁTICA,ZONIFICACIÓN,CARACTERÍSTICAS DE VÍA,PERFIL LONGITUDINAL VÍA,SUPERFICIE DE CALZADA,¿EXISTE SEÑAL VERTICAL?,¿EXISTE SEÑAL HORIZONTAL?,CAUSA FACTOR PRINCIPAL,MTC_RVN_LONGITUD_KM,MTC_RVN_N_CARRILES_MEDIANA,MTC_RVN_SUPERFICIE_DOMINANTE,MTC_RVN_ESTADO_DOMINANTE,MTC_RVN_ES_CONCESIONADA,MTC_RVN_CONCESION_PRINCIPAL,MTC_RVN_CORREDOR_LOGISTICO,MTC_RVN_N_TRAMOS,IDH_2019,IDH_ESP_VIDA_2019,IDH_POBLACION_2019,MTC_DEP_RED_TOTAL_KM,MTC_DEP_NACIONAL_TOTAL_KM,MTC_DEP_DEPARTAMENTAL_TOTAL_KM,MTC_DEP_VECINAL_TOTAL_KM,MTC_DEP_PAV_TOTAL_KM,MTC_DEP_NO_PAV_TOTAL_KM,MTC_DEP_PCT_PAVIMENTADA,PER_N_CONDUCTORES,PER_N_CONDUCTORES_FUGADOS,PER_N_PEATONES,PER_EDAD_COND_PROM,PER_EDAD_COND_MIN,PER_EDAD_COND_MAX,PER_ANY_COND_MASCULINO,PER_ANY_LIC_PROBLEMA,PER_ANY_DOSAJE_POS,PER_ANY_DOSAJE_EVALUADO,VEH_TOTAL,VEH_N_FUGADOS,VEH_ANY_FUGADO,VEH_ANY_CARGA,VEH_ANY_PUBLICO,VEH_ANY_PARTICULAR,VEH_ANY_MOTO,VEH_ANY_AUTO,VEH_ANY_CAMION_BUS,VEH_ANY_SOAT_PROBLEMA,VEH_ANY_CITV_PROBLEMA,VEH_ANY_SEGURO_PROBLEMA,MTC_RVN_LONGITUD_KM_ERA_NULO,MTC_RVN_N_CARRILES_MEDIANA_ERA_NULO,MTC_RVN_ES_CONCESIONADA_ERA_NULO,MTC_RVN_N_TRAMOS_ERA_NULO,PER_EDAD_COND_PROM_ERA_NULO,PER_EDAD_COND_MIN_ERA_NULO,PER_EDAD_COND_MAX_ERA_NULO,HORA_NUM,FRANJA_HORARIA,ANIO,MES,DIA_MES,DIA_SEMANA,ES_FIN_SEMANA,ES_QUINCENA,REGION_NATURAL,NIVEL_SEÑALIZACION_ORD,ES_VIA_MULTICARRIL,ES_DEPTO_BAJO_PAVIMENTO,RATIO_CONDUCTORES_FUGADOS,ES_CURVA_Y_PENDIENTE,ES_VIA_NO_PAVIMENTADA,CATEGORIA_SEVERIDAD,CATEGORIA_SEVERIDAD_ENC,CLUSTER
6,1,0.0475510652317153,2,4,1,-14.080545190958231,-75.7364876418671,7,0,0,0,2,-1,-1,0,6639.975,2.0,5,2,1.0,0.340764331210191,0.074236766966835,1616.0,0.6637216310803388,79.6446050662278,142450.24411134905,3721.461,698.1859999999996,744.866,2278.409,1102.9029999999996,2618.558,29.636290693359403,1,0,1,42.0,42.0,42.0,1.0,0.0,0.0,1.0,1,0,0.0,0.0,0.0,1.0,0.0,1.0,0.0,0.0,0.0,0.0,0,0,0,0,0,0,0,10,1,2022,9,24,5,1,1,0,2,0,1,0.0,0,0,LEVE,0,7
0,1,0.0420601801010322,2,8,4,-12.08098112961666,-75.19010455229498,0,0,3,1,7,-1,-1,0,6543.555,2.0,-1,-1,1.0,0.4495936745003294,0.4495936745003294,1198.0,0.5505646674026337,73.4133487878793,91775.8886509636,12264.545,1826.4639999999995,1105.5389999999998,9332.542,1588.5359999999996,10676.009,12.952261987705208,1,0,1,28.0,28.0,28.0,1.0,0.0,0.0,1.0,1,0,0.0,0.0,0.0,1.0,0.0,1.0,0.0,0.0,0.0,0.0,1,1,1,1,0,0,0,11,1,2022,9,24,5,1,1,2,2,0,1,0.0,0,1,LEVE,0,4
6,1,0.0420601801010322,0,4,1,-11.542940888342654,-75.88567921078274,0,4,0,0,2,0,1,2,7586.903,2.0,5,2,1.0,0.340764331210191,0.067428069404788,1198.0,0.6211711217784234,75.51508523355102,8996.89721627409,12264.545,1826.4639999999995,1105.5389999999998,9332.542,1588.5359999999996,10676.009,12.952261987705208,1,0,0,38.0,38.0,38.0,1.0,0.0,0.0,1.0,1,0,0.0,0.0,0.0,1.0,0.0,1.0,0.0,1.0,1.0,1.0,0,0,0,0,0,0,0,16,2,2022,9,24,5,1,1,2,1,0,1,0.0,0,0,GRAVE_MORTALIDAD,2,4
6,1,0.0597408302218317,0,4,1,-6.6197644,-79.2930539,0,4,0,0,2,-1,-1,0,919.085,2.0,5,1,0.0,0.340764331210191,0.0037338018888644,218.0,0.4198705264500552,71.07710978950026,7079.2912205567445,15935.565011852366,1733.9250000199986,935.692,13265.948011832368,2000.1670000199988,13935.398011832369,12.551591352627522,1,1,0,55.0,55.0,55.0,1.0,0.0,0.0,0.0,1,0,0.0,0.0,1.0,0.0,0.0,0.0,1.0,0.0,0.0,0.0,0,0,0,0,0,0,0,16,2,2022,9,24,5,1,1,2,2,0,1,1.0,0,0,GRAVE_MORTALIDAD,2,1
3,2,0.0351416648363716,0,4,0,-6.479146,-79.685124,0,4,7,0,2,-1,-1,0,6543.555,2.0,-1,-1,1.0,0.4495936745003294,0.4495936745003294,1198.0,0.4223480801354451,69.21333797191475,22806.316916488224,3459.691,515.0619999999999,689.7280000000001,2254.901,703.3549999999999,2756.336,20.329994788551925,2,0,0,25.0,17.0,33.0,1.0,1.0,0.0,1.0,2,0,0.0,0.0,1.0,0.0,1.0,0.0,0.0,1.0,1.0,1.0,1,1,1,1,0,0,0,19,3,2022,9,24,5,1,1,0,2,0,1,0.0,0,0,LEVE,0,1
3,2,0.0821436415550186,0,4,1,-16.1,-69.614,0,4,7,0,2,-1,-1,2,7586.903,2.0,5,2,1.0,0.340764331210191,0.067428069404788,1198.0,0.4020198374784472,77.80062735845667,50686.62526766595,13642.312999999998,2020.7790000000005,2354.117,9267.416999999998,3314.0520000000006,10328.260999999997,24.29244952817019,2,0,0,44.0,34.0,54.0,1.0,0.0,0.0,0.0,2,0,0.0,1.0,0.0,0.0,1.0,0.0,1.0,1.0,1.0,1.0,0,0,0,0,0,0,0,19,3,2022,9,24,5,1,1,2,2,0,1,0.0,0,0,LEVE,0,4
6,1,0.0131781243136393,0,4,2,-9.759239069455564,-76.21615077111132,0,4,0,1,1,-1,-1,2,6543.555,2.0,-1,-1,1.0,0.4495936745003294,0.4495936745003294,1198.0,0.1985758242270937,77.55714392657784,24762.20985010707,8209.057,1333.4779999999996,791.9770000000001,6083.602,1059.8589999999997,7149.198,12.910849565303296,1,0,0,27.0,27.0,27.0,1.0,0.0,0.0,1.0,1,0,0.0,0.0,0.0,1.0,0.0,1.0,0.0,1.0,1.0,0.0,1,1,1,1,0,0,0,21,3,2022,9,24,5,1,1,2,2,0,1,0.0,1,1,GRAVE_MORTALIDAD,2,4
10,1,0.0420601801010322,0,4,3,-11.20771760395443,-74.65547376935845,2,4,7,0,7,-1,-1,2,6543.555,2.0,-1,-1,1.0,0.4495936745003294,0.4495936745003294,1198.0,0.3896449199426799,73.52944498752588,27485.456102783723,12264.545,1826.4639999999995,1105.5389999999998,9332.542,1588.5359999999996,10676.009,12.952261987705208,1,0,1,37.0,33.0,40.0,1.0,0.0,0.0,0.0,1,0,0.0,0.0,0.0,1.0,1.0,0.0,0.0,1.0,1.0,1.0,1,1,1,1,1,1,1,22,3,2022,9,24,5,1,1,2,2,0,1,0.0,0,1,LEVE,0,5
5,1,0.0497474192839885,0,4,1,-5.235008,-80.643725,6,5,6,-1,6,-1,-1,0,6543.555,3.0,5,2,1.0,0.1133318690972984,0.1133318690972984,1475.0,0.5034350778485951,78.14388603810477,76220.84796573877,8965.846000060003,1782.4120000599992,636.9959999999999,6546.438000000004,2214.505000059999,6751.341000000004,24.699342371541725,1,0,0,31.0,31.0,31.0,1.0,1.0,0.0,0.0,1,0,0.0,0.0,1.0,0.0,1.0,0.0,0.0,0.0,1.0,0.0,0,0,0,0,0,0,0,23,3,2022,9,24,5,1,1,0,2,1,1,0.0,0,0,LEVE,0,3
0,1,0.2105205359103887,2,4,1,-12.161989629466984,-76.98187166679622,0,0,7,0,4,-1,-1,0,6639.975,2.0,5,2,1.0,0.340764331210191,0.074236766966835,1616.0,0.7289998534947872,80.50926319493618,384728.5117773019,7626.313,1683.4029999999998,1599.0829999999996,4343.827000000001,1814.875,5811.438000000001,23.7975414856432,1,0,1,53.0,53.0,53.0,1.0,0.0,0.0,1.0,1,0,0.0,0.0,0.0,1.0,0.0,1.0,0.0,0.0,0.0,0.0,0,0,0,0,0,0,0,23,3,2022,9,24,5,1,1,0,2,0,1,0.0,0,0,LEVE,0,0
6,1,0.0475510652317153,2,4,1,-14.007825733795688,-75.76587204272653,0,0,7,0,2,-1,-1,0,6639.975,2.0,5,2,1.0,0.340764331210191,0.074236766966835,1616.0,0.6350781586942635,79.3721196581268,31104.417558886507,3721.461,698.1859999999996,744.866,2278.409,1102.9029999999996,2618.558,29.636290693359403,1,0,0,33.0,33.0,33.0,1.0,1.0,1.0,1.0,1,0,0.0,0.0,0.0,1.0,1.0,0.0,0.0,1.0,1.0,1.0,0,0,0,0,0,0,0,0,0,2022,9,25,6,1,1,0,2,0,1,0.0,0,0,LEVE,0,7
0,1,0.2105205359103887,0,4,1,-12.02054195933565,-76.92034182449075,0,2,0,0,2,-1,-1,0,875.67,2.0,5,2,1.0,0.0162530199868218,0.0124094003953437,156.0,0.6831952456039544,78.60873873772867,255143.7301927195,7626.313,1683.4029999999998,1599.0829999999996,4343.827000000001,1814.875,5811.438000000001,23.7975414856432,1,0,1,45.0,45.0,45.0,1.0,0.0,0.0,0.0,1,0,0.0,0.0,0.0,1.0,0.0,0.0,1.0,0.0,0.0,0.0,0,0,0,0,0,0,0,0,0,2022,9,25,6,1,1,0,2,0,1,0.0,0,0,LEVE,0,0
0,1,0.0766527564243356,2,4,1,-16.340941,-71.587464,0,3,1,0,2,0,1,0,1504.4250000000002,2.0,5,2,1.0,0.0252580716011421,0.0230617175488688,241.0,0.6411767862503931,77.2408324916572,193412.3169164882,10322.272,1495.236,1749.739,7077.2970000000005,2886.595,7435.677000000001,27.964725207783708,1,0,1,25.0,25.0,25.0,1.0,0.0,0.0,0.0,1,0,0.0,0.0,0.0,1.0,0.0,1.0,0.0,0.0,1.0,0.0,0,0,0,0,0,0,0,3,0,2022,9,25,6,1,1,0,1,0,1,0.0,0,0,LEVE,0,4
1,1,0.0351416648363716,2,4,1,-6.264661,-79.734632,0,4,7,0,2,-1,-1,0,1305.18,2.0,5,2,1.0,0.0160333845815945,0.0464528882055787,163.0,0.4974674218418852,75.93907983080418,28734.96573875803,3459.691,515.0619999999999,689.7280000000001,2254.901,703.3549999999999,2756.336,20.329994788551925,1,1,1,36.0,36.0,36.0,1.0,0.0,1.0,1.0,1,0,0.0,0.0,1.0,0.0,0.0,0.0,1.0,0.0,0.0,0.0,0,0,0,0,0,0,0,3,0,2022,9,25,6,1,1,0,2,0,1,1.0,0,0,LEVE,0,1
1,1,0.0933450472216121,0,4,1,-8.439653,-78.756004,0,4,7,0,2,-1,-1,0,6543.555,3.0,5,2,1.0,0.1133318690972984,0.1133318690972984,1475.0,0.5051395598219868,77.13285387085847,67612.41755888652,8931.828000000005,1335.5899999999997,1935.9830000000004,5660.255000000005,1219.309,7712.519000000005,13.651281686122925,1,1,1,37.0,33.0,40.0,0.0,0.0,0.0,0.0,1,1,1.0,0.0,0.0,0.0,0.0,0.0,0.0,0.0,0.0,1.0,0,0,0,0,1,1,1,5,0,2022,9,25,6,1,1,0,2,1,1,1.0,0,0,LEVE,0,1
6,1,0.0213046343070502,0,4,0,-12.801767339137706,-74.24660320779432,0,4,5,1,7,-1,-1,2,6543.555,2.0,-1,-1,1.0,0.4495936745003294,0.4495936745003294,1198.0,0.1202440620471009,81.77504418381028,1803.0,12678.733000000004,1805.074000000001,1774.0339999999994,9099.625000000004,2485.375000000001,10193.358000000002,19.602707936195205,1,0,1,40.0,40.0,40.0,1.0,0.0,0.0,0.0,1,0,0.0,0.0,0.0,1.0,0.0,1.0,0.0,0.0,0.0,0.0,1,1,1,1,0,0,0,7,1,2022,9,25,6,1,1,2,2,0,1,0.0,1,1,GRAVE_MORTALIDAD,2,4
3,2,0.0902701515484296,0,4,1,-15.134830209200096,-71.11232130724382,0,4,0,1,2,1,1,2,568.5409999999999,1.0,5,1,0.0,0.340764331210191,0.0057105205359103,93.0,0.3491291336434085,68.34579473193322,1114.627408993576,17779.13499998999,2097.37099999,2863.123,12818.640999999989,2878.713,14900.421999989989,16.19152450331032,2,0,0,38.0,28.0,48.0,1.0,0.0,0.0,0.0,2,0,0.0,1.0,0.0,1.0,0.0,1.0,1.0,0.0,0.0,0.0,0,0,0,0,0,0,0,7,1,2022,9,25,6,1,1,2,2,0,1,0.0,1,0,GRAVE_MORTALIDAD,2,4
6,1,0.0597408302218317,0,4,2,-7.297293,-78.332581,0,4,0,1,1,-1,-1,0,6543.555,2.0,-1,-1,1.0,0.4495936745003294,0.4495936745003294,1198.0,0.3122416472701764,76.12604669383316,14228.014989293362,15935.565011852366,1733.9250000199986,935.692,13265.948011832368,2000.1670000199988,13935.398011832369,12.551591352627522,1,0,0,46.0,46.0,46.0,1.0,1.0,0.0,0.0,1,0,0.0,0.0,1.0,0.0,0.0,0.0,1.0,1.0,1.0,1.0,1,1,1,1,0,0,0,8,1,2022,9,25,6,1,1,2,2,0,1,0.0,1,1,GRAVE_MORTALIDAD,2,1
6,1,0.0318471337579617,0,7,4,-8.395739861175327,-77.49095499538745,5,4,0,1,7,-1,-1,2,6543.555,2.0,-1,-1,1.0,0.4495936745003294,0.4495936745003294,1198.0,0.2032320279403825,75.87184473279402,2537.38329764454,10767.648,1885.0630000000003,1222.721,7659.864000000001,2100.343,8667.305000000002,19.506051832303577,1,0,0,31.0,31.0,31.0,1.0,0.0,0.0,0.0,1,0,0.0,0.0,0.0,1.0,0.0,0.0,1.0,0.0,0.0,0.0,1,1,1,1,0,0,0,10,1,2022,9,25,6,1,1,0,2,0,1,0.0,1,1,GRAVE_MORTALIDAD,2,22
3,1,0.0072479683725016,2,3,4,-3.78787421518962,-73.2990271409315,0,4,7,0,2,-1,-1,2,6543.555,2.0,-1,-1,1.0,0.4495936745003294,0.4495936745003294,1198.0,0.578134350962316,72.90307998335238,149460.57173447538,1095.5949999999998,128.87099999999998,320.74700000000007,645.9769999999999,274.214,821.381,25.02877431897737,2,0,0,48.0,29.0,67.0,1.0,1.0,0.0,0.0,2,0,0.0,0.0,0.0,1.0,1.0,0.0,0.0,1.0,1.0,1.0,1,1,1,1,0,0,0,18,3,2022,9,25,6,1,1,1,2,0,1,0.0,0,0,LEVE,0,23
3,2,0.0933450472216121,0,4,1,-7.225261,-79.441864,0,4,7,0,2,-1,-1,0,6543.555,3.0,5,2,1.0,0.1133318690972984,0.1133318690972984,1475.0,0.5885704819472196,78.81449187577415,48424.389721627405,8931.828000000005,1335.5899999999997,1935.9830000000004,5660.255000000005,1219.309,7712.519000000005,13.651281686122925,2,0,0,35.0,28.0,42.0,1.0,1.0,0.0,0.0,2,0,0.0,1.0,0.0,1.0,1.0,0.0,1.0,0.0,0.0,1.0,0,0,0,0,0,0,0,20,3,2022,9,25,6,1,1,0,2,1,1,0.0,0,0,LEVE,0,1
0,1,0.2105205359103887,2,2,4,-11.890279917189588,-77.02667528780582,0,0,7,0,2,-1,-1,0,6543.555,2.0,-1,-1,1.0,0.4495936745003294,0.4495936745003294,1198.0,0.6498693508177541,78.84967382596041,356854.23554603854,7626.313,1683.4029999999998,1599.0829999999996,4343.827000000001,1814.875,5811.438000000001,23.7975414856432,1,0,1,69.0,69.0,69.0,1.0,0.0,1.0,1.0,1,0,0.0,0.0,0.0,0.0,0.0,1.0,0.0,0.0,0.0,0.0,1,1,1,1,0,0,0,20,3,2022,9,25,6,1,1,0,2,0,1,0.0,0,0,LEVE,0,0
0,1,0.0821436415550186,0,4,1,-15.2986737,-70.0041685,0,4,0,0,2,-1,-1,4,1762.84,2.0,-1,2,0.0,0.340764331210191,0.1266198111135515,485.0,0.1810174949558188,69.26889595852893,11217.961456102785,13642.312999999998,2020.7790000000005,2354.117,9267.416999999998,3314.0520000000006,10328.260999999997,24.29244952817019,1,0,1,35.0,35.0,35.0,1.0,0.0,0.0,1.0,1,0,0.0,0.0,0.0,1.0,0.0,1.0,0.0,0.0,0.0,0.0,0,0,0,0,0,0,0,21,3,2022,9,25,6,1,1,2,2,0,1,0.0,0,0,LEVE,0,4
1,1,0.2105205359103887,2,4,1,-12.03096,-77.056493,0,0,7,0,2,-1,-1,0,6543.555,3.0,5,2,1.0,0.1133318690972984,0.1133318690972984,1475.0,0.7419979630670723,80.31822295927182,739416.2413542903,7626.313,1683.4029999999998,1599.0829999999996,4343.827000000001,1814.875,5811.438000000001,23.7975414856432,1,1,1,37.0,33.0,40.0,0.0,0.0,0.0,0.0,1,1,1.0,0.0,0.0,0.0,0.0,0.0,0.0,0.0,0.0,1.0,0,0,0,0,1,1,1,23,3,2022,9,25,6,1,1,0,2,1,1,1.0,0,0,LEVE,0,0
1,1,0.0902701515484296,0,4,1,-13.443094,-72.3258691,0,4,7,0,2,0,0,2,7586.903,2.0,5,2,1.0,0.340764331210191,0.067428069404788,1198.0,0.2811173960891883,77.11100763906057,6402.226980728051,17779.13499998999,2097.37099999,2863.123,12818.640999999989,2878.713,14900.421999989989,16.19152450331032,1,1,1,37.0,33.0,40.0,0.0,0.0,0.0,0.0,1,1,1.0,0.0,0.0,0.0,0.0,0.0,0.0,0.0,0.0,1.0,0,0,0,0,1,1,1,23,3,2022,9,25,6,1,1,2,0,0,1,1.0,0,0,LEVE,0,4
3,2,0.0902701515484296,0,4,0,-14.309519670541135,-72.03555956055767,0,4,7,1,2,1,1,2,6543.555,2.0,-1,-1,1.0,0.4495936745003294,0.4495936745003294,1198.0,0.3582063239468129,73.72125513625039,7210.27408993576,17779.13499998999,2097.37099999,2863.123,12818.640999999989,2878.713,14900.421999989989,16.19152450331032,2,0,0,37.0,33.0,40.0,1.0,1.0,0.0,0.0,2,0,0.0,1.0,0.0,1.0,1.0,0.0,1.0,1.0,1.0,1.0,1,1,1,1,1,1,1,23,3,2022,9,25,6,1,1,2,2,0,1,0.0,0,0,LEVE,0,4
3,2,0.0497474192839885,0,4,1,-5.230762,-80.649735,0,4,7,0,2,-1,-1,0,6543.555,3.0,5,2,1.0,0.1133318690972984,0.1133318690972984,1475.0,0.5034350778485951,78.14388603810477,76220.84796573877,8965.846000060003,1782.4120000599992,636.9959999999999,6546.438000000004,2214.505000059999,6751.341000000004,24.699342371541725,2,0,0,34.0,29.0,39.0,1.0,1.0,1.0,1.0,2,0,0.0,0.0,1.0,1.0,1.0,0.0,0.0,1.0,1.0,1.0,0,0,0,0,0,0,0,23,3,2022,9,25,6,1,1,0,2,1,1,0.0,0,0,LEVE,0,3
3,1,0.2105205359103887,2,2,4,-11.991499397351816,-77.07698281958683,6,5,6,-1,6,-1,-1,0,6543.555,2.0,-1,-1,1.0,0.4495936745003294,0.4495936745003294,1198.0,0.758462599563312,80.5192231989937,363987.54389721627,7626.313,1683.4029999999998,1599.0829999999996,4343.827000000001,1814.875,5811.438000000001,23.7975414856432,1,0,0,37.0,33.0,40.0,0.0,0.0,0.0,0.0,1,0,0.0,0.0,0.0,0.0,0.0,1.0,0.0,1.0,1.0,1.0,1,1,1,1,1,1,1,2,0,2022,9,26,0,0,1,0,2,0,1,0.0,0,0,LEVE,0,0
0,1,0.0902701515484296,2,4,2,-13.55073574501743,-71.89623168881086,0,2,0,0,7,-1,-1,0,6543.555,2.0,-1,-1,1.0,0.4495936745003294,0.4495936745003294,1198.0,0.6549025615332805,78.59637500870319,59698.74304068524,17779.13499998999,2097.37099999,2863.123,12818.640999999989,2878.713,14900.421999989989,16.19152450331032,1,0,1,63.0,63.0,63.0,1.0,0.0,0.0,0.0,1,0,0.0,1.0,0.0,0.0,0.0,0.0,1.0,0.0,0.0,0.0,1,1,1,1,0,0,0,18,3,2022,9,26,0,0,1,2,2,0,1,0.0,0,1,LEVE,0,4
0,1,0.2105205359103887,2,4,1,-11.937325489263406,-77.07183834107147,0,0,7,0,2,-1,-1,0,6543.555,3.0,5,2,1.0,0.1133318690972984,0.1133318690972984,1475.0,0.758462599563312,80.5192231989937,363987.54389721627,7626.313,1683.4029999999998,1599.0829999999996,4343.827000000001,1814.875,5811.438000000001,23.7975414856432,1,0,1,57.0,57.0,57.0,1.0,0.0,0.0,0.0,1,0,0.0,0.0,1.0,0.0,0.0,0.0,1.0,0.0,0.0,0.0,0,0,0,0,0,0,0,18,3,2022,9,26,0,0,1,0,2,1,1,0.0,0,0,LEVE,0,0
6,1,0.0597408302218317,0,4,2,-6.309768,-78.731268,7,4,7,1,1,-1,-1,0,6543.555,2.0,-1,-1,1.0,0.4495936745003294,0.4495936745003294,1198.0,0.3344646673203048,75.74025524831903,9254.372591006424,15935.565011852366,1733.9250000199986,935.692,13265.948011832368,2000.1670000199988,13935.398011832369,12.551591352627522,1,0,0,32.0,32.0,32.0,1.0,1.0,0.0,0.0,1,0,0.0,0.0,0.0,1.0,1.0,0.0,0.0,1.0,0.0,1.0,1,1,1,1,0,0,0,18,3,2022,9,26,0,0,1,2,2,0,1,0.0,0,1,LEVE,0,1
0,1,0.0420601801010322,2,4,1,-11.05513940839344,-75.32507095194653,7,0,1,0,2,-1,-1,2,600.0300000000001,2.0,5,2,0.0,0.340764331210191,0.0032945310784098,178.0,0.587430624814192,75.05837214886559,24595.453961456104,12264.545,1826.4639999999995,1105.5389999999998,9332.542,1588.5359999999996,10676.009,12.952261987705208,1,0,1,25.0,25.0,25.0,1.0,1.0,0.0,0.0,1,0,0.0,0.0,0.0,1.0,1.0,0.0,0.0,1.0,1.0,1.0,0,0,0,0,0,0,0,19,3,2022,9,26,0,0,1,2,2,0,1,0.0,0,0,LEVE,0,4
4,1,0.0821436415550186,0,4,2,-16.023256,-69.46735,0,4,0,0,2,-1,-1,2,6543.555,2.0,-1,-1,1.0,0.4495936745003294,0.4495936745003294,1198.0,0.4020198374784472,77.80062735845667,50686.62526766595,13642.312999999998,2020.7790000000005,2354.117,9267.416999999998,3314.0520000000006,10328.260999999997,24.29244952817019,1,0,0,59.0,59.0,59.0,1.0,0.0,0.0,0.0,1,0,0.0,0.0,0.0,1.0,0.0,0.0,1.0,0.0,0.0,0.0,1,1,1,1,0,0,0,20,3,2022,9,26,0,0,1,2,2,0,1,0.0,0,0,GRAVE_LESIONADOS,1,4
3,2,0.0161432022842082,0,4,1,-17.486377064836503,-70.03535122740591,0,4,0,1,2,-1,-1,2,1139.285,1.0,-1,1,0.0,0.340764331210191,0.1266198111135515,176.0,0.479144354938278,77.10269572406608,3239.852248394004,2650.572,630.6729999999998,487.3610000000001,1532.5379999999998,1068.7019999999998,1581.87,40.31967439480987,2,0,0,42.5,40.0,45.0,1.0,1.0,0.0,0.0,2,0,0.0,0.0,0.0,1.0,1.0,0.0,1.0,0.0,1.0,1.0,0,0,0,0,0,0,0,7,1,2022,9,27,1,0,1,0,2,0,1,0.0,1,0,LEVE,0,9
6,1,0.0318471337579617,0,4,1,-8.554169556512898,-77.63231125198146,0,4,0,0,2,-1,-1,0,1703.219,1.0,2,1,0.0,0.340764331210191,0.0008785416209092,247.0,0.5285143944018423,75.33997185658131,5381.074946466809,10767.648,1885.0630000000003,1222.721,7659.864000000001,2100.343,8667.305000000002,19.506051832303577,1,0,0,56.0,56.0,56.0,1.0,0.0,0.0,0.0,1,0,0.0,0.0,0.0,1.0,0.0,1.0,0.0,0.0,0.0,0.0,0,0,0,0,0,0,0,8,1,2022,9,27,1,0,1,0,2,0,1,0.0,0,0,GRAVE_MORTALIDAD,2,1
6,1,0.0902701515484296,0,4,2,-13.022108,-72.021209,0,4,0,0,7,-1,-1,6,6543.555,2.0,-1,-1,1.0,0.4495936745003294,0.4495936745003294,1198.0,0.2310138329166804,69.70483973976968,5501.668094218416,17779.13499998999,2097.37099999,2863.123,12818.640999999989,2878.713,14900.421999989989,16.19152450331032,1,0,0,39.0,39.0,39.0,1.0,0.0,0.0,0.0,1,0,0.0,0.0,0.0,1.0,0.0,0.0,1.0,0.0,0.0,0.0,1,1,1,1,0,0,0,19,3,2022,9,27,1,0,1,2,2,0,1,0.0,0,1,GRAVE_MORTALIDAD,2,4
3,2,0.0059301559411377,2,2,4,-5.6423699,-78.5289435,0,3,7,0,2,-1,-1,0,6543.555,2.0,-1,-1,1.0,0.4495936745003294,0.4495936745003294,1198.0,0.5840630337731323,73.02563696239686,26946.78823529412,3903.732,1155.121,585.018,2163.5930000000003,943.591,2960.1410000000005,24.17151074920102,2,0,0,45.5,30.0,61.0,1.0,1.0,0.0,0.0,2,0,0.0,0.0,0.0,1.0,1.0,1.0,0.0,1.0,1.0,0.0,1,1,1,1,0,0,0,21,3,2022,9,27,1,0,1,1,2,0,1,0.0,0,0,LEVE,0,1
6,1,0.2105205359103887,0,4,1,-10.539394113562087,-76.9222783487711,0,4,0,0,1,-1,-1,2,1031.172,-1.0,-1,2,0.0,0.340764331210191,0.1266198111135515,405.0,0.4949123837036472,70.52606170870753,1680.4111349036402,7626.313,1683.4029999999998,1599.0829999999996,4343.827000000001,1814.875,5811.438000000001,23.7975414856432,1,0,0,21.0,21.0,21.0,1.0,0.0,0.0,0.0,1,0,0.0,0.0,0.0,1.0,0.0,0.0,1.0,0.0,0.0,0.0,0,0,0,0,0,0,0,2,0,2022,9,28,2,0,1,0,2,0,1,0.0,0,1,GRAVE_MORTALIDAD,2,-1
0,1,0.0351416648363716,2,4,1,-6.800802,-79.85263,0,3,7,0,2,-1,-1,0,6543.555,3.0,5,2,1.0,0.1133318690972984,0.1133318690972984,1475.0,0.5698121065713132,80.7750211042815,96903.36830835116,3459.691,515.0619999999999,689.7280000000001,2254.901,703.3549999999999,2756.336,20.329994788551925,1,0,1,20.0,20.0,20.0,1.0,0.0,0.0,1.0,1,0,0.0,0.0,0.0,1.0,1.0,0.0,0.0,0.0,0.0,0.0,0,0,0,0,0,0,0,8,1,2022,9,28,2,0,1,0,2,1,1,0.0,0,0,LEVE,0,1
6,1,0.0902701515484296,0,4,2,-13.384018988587554,-71.67242819947957,0,4,0,1,7,-1,-1,2,6543.555,2.0,-1,-1,1.0,0.4495936745003294,0.4495936745003294,1198.0,0.1747449791455621,66.07525625481001,9397.970021413275,17779.13499998999,2097.37099999,2863.123,12818.640999999989,2878.713,14900.421999989989,16.19152450331032,1,0,0,21.0,21.0,21.0,1.0,0.0,0.0,0.0,1,0,0.0,0.0,0.0,1.0,0.0,1.0,0.0,0.0,0.0,0.0,1,1,1,1,0,0,0,12,2,2022,9,28,2,0,1,2,2,0,1,0.0,1,1,LEVE,0,4
3,1,0.0318471337579617,2,2,4,-9.116871945416634,-78.53996729874962,0,0,1,0,2,-1,-1,2,6543.555,2.0,-1,-1,1.0,0.4495936745003294,0.4495936745003294,1198.0,0.6459598096056908,78.63908715089502,175440.59743040687,10767.648,1885.0630000000003,1222.721,7659.864000000001,2100.343,8667.305000000002,19.506051832303577,2,0,0,36.0,31.0,41.0,1.0,1.0,0.0,1.0,2,0,0.0,0.0,0.0,1.0,1.0,0.0,0.0,0.0,1.0,1.0,1,1,1,1,0,0,0,12,2,2022,9,28,2,0,1,0,2,0,1,0.0,0,0,LEVE,0,1
6,1,0.0318471337579617,0,4,3,-9.350030592725403,-77.18241985849733,5,4,7,1,4,-1,-1,0,6543.555,2.0,-1,-1,1.0,0.4495936745003294,0.4495936745003294,1198.0,0.4706020961968497,75.17338170095528,9915.20556745182,10767.648,1885.0630000000003,1222.721,7659.864000000001,2100.343,8667.305000000002,19.506051832303577,1,0,0,21.0,21.0,21.0,1.0,0.0,0.0,0.0,1,0,0.0,0.0,0.0,1.0,0.0,0.0,1.0,0.0,0.0,0.0,1,1,1,1,0,0,0,13,2,2022,9,28,2,0,1,0,2,0,1,0.0,0,0,LEVE,0,1