CLASE SINIESTRO,CANTIDAD DE VEHICULOS DAÑADOS,DEPARTAMENTO,ZONA,TIPO DE VÍA,RED VIAL,COORDENADAS LATITUD,COORDENADAS  LONGITUD,CONDICIÓN CLIMÁTICA,ZONIFICACIÓN,CARACTERÍSTICAS DE VÍA,PERFIL LONGITUDINAL VÍA,SUPERFICIE DE CALZADA,¿EXISTE SEÑAL VERTICAL?,¿EXISTE SEÑAL HORIZONTAL?,CAUSA FACTOR PRINCIPAL,MTC_RVN_LONGITUD_KM,MTC_RVN_N_CARRILES_MEDIANA,MTC_RVN_SUPERFICIE_DOMINANTE,MTC_RVN_ESTADO_DOMINANTE,MTC_RVN_ES_CONCESIONADA,MTC_RVN_CONCESION_PRINCIPAL,MTC_RVN_CORREDOR_LOGISTICO,MTC_RVN_N_TRAMOS,IDH_2019,IDH_ESP_VIDA_2019,IDH_POBLACION_2019,MTC_DEP_RED_TOTAL_KM,MTC_DEP_NACIONAL_TOTAL_KM,MTC_DEP_DEPARTAMENTAL_TOTAL_KM,MTC_DEP_VECINAL_TOTAL_KM,MTC_DEP_PAV_TOTAL_KM,MTC_DEP_NO_PAV_TOTAL_KM,MTC_DEP_PCT_PAVIMENTADA,PER_N_CONDUCTORES,PER_N_CONDUCTORES_FUGADOS,PER_N_PEATONES,PER_EDAD_COND_PROM,PER_EDAD_COND_MIN,PER_EDAD_COND_MAX,PER_ANY_COND_MASCULINO,PER_ANY_LIC_PROBLEMA,PER_ANY_DOSAJE_POS,PER_ANY_DOSAJE_EVALUADO,VEH_TOTAL,VEH_N_FUGADOS,VEH_ANY_FUGADO,VEH_ANY_CARGA,VEH_ANY_PUBLICO,VEH_ANY_PARTICULAR,VEH_ANY_MOTO,VEH_ANY_AUTO,VEH_ANY_CAMION_BUS,VEH_ANY_SOAT_PROBLEMA,VEH_ANY_CITV_PROBLEMA,VEH_ANY_SEGURO_PROBLEMA,MTC_RVN_LONGITUD_KM_ERA_NULO,MTC_RVN_N_CARRILES_MEDIANA_ERA_NULO,MTC_RVN_ES_CONCESIONADA_ERA_NULO,MTC_RVN_N_TRAMOS_ERA_NULO,PER_EDAD_COND_PROM_ERA_NULO,PER_EDAD_COND_MIN_ERA_NULO,PER_EDAD_COND_MAX_ERA_NULO,HORA_NUM,FRANJA_HORARIA,ANIO,MES,DIA_MES,DIA_SEMANA,ES_FIN_SEMANA,ES_QUINCENA,REGION_NATURAL,NIVEL_SEÑALIZACION_ORD,ES_VIA_MULTICARRIL,ES_DEPTO_BAJO_PAVIMENTO,RATIO_CONDUCTORES_FUGADOS,ES_CURVA_Y_PENDIENTE,ES_VIA_NO_PAVIMENTADA,CATEGORIA_SEVERIDAD,CATEGORIA_SEVERIDAD_ENC,CLUSTER
6,1,0.0497474192839885,2,2,4,-5.180545,-80.631048,0,4,7,0,1,-1,-1,0,6543.555,2.0,-1,-1,1.0,0.4495936745003294,0.4495936745003294,1198.0,0.6582040223794163,78.74105515718446,178905.3426124197,8965.846000060003,1782.4120000599992,636.9959999999999,6546.438000000004,2214.505000059999,6751.341000000004,24.699342371541725,1,0,0,38.0,38.0,38.0,1.0,0.0,1.0,1.0,1,0,0.0,0.0,0.0,1.0,1.0,0.0,0.0,1.0,1.0,1.0,1,1,1,1,0,0,0,23,3,2022,10,13,3,0,0,0,2,0,1,0.0,0,1,LEVE,0,3
6,1,0.0420601801010322,0,4,2,-11.755389,-75.605817,0,4,0,1,7,-1,-1,2,6543.555,2.0,-1,-1,1.0,0.4495936745003294,0.4495936745003294,1198.0,0.2473720078845581,70.38327850437982,458.31263383297664,12264.545,1826.4639999999995,1105.5389999999998,9332.542,1588.5359999999996,10676.009,12.952261987705208,1,0,0,20.0,20.0,20.0,1.0,0.0,0.0,0.0,1,0,0.0,0.0,0.0,1.0,0.0,1.0,0.0,0.0,0.0,0.0,1,1,1,1,0,0,0,4,0,2022,10,14,4,0,0,2,2,0,1,0.0,1,1,GRAVE_MORTALIDAD,2,4
3,2,0.0420601801010322,2,4,1,-12.016419,-75.243433,0,2,7,1,2,-1,-1,2,7586.903,2.0,5,2,1.0,0.340764331210191,0.067428069404788,1198.0,0.5488941163958694,71.8562826306529,14173.7408993576,12264.545,1826.4639999999995,1105.5389999999998,9332.542,1588.5359999999996,10676.009,12.952261987705208,2,0,0,26.5,22.0,31.0,1.0,1.0,1.0,1.0,2,0,0.0,0.0,0.0,1.0,0.0,1.0,0.0,1.0,1.0,0.0,0,0,0,0,0,0,0,4,0,2022,10,14,4,0,0,2,2,0,1,0.0,0,0,GRAVE_MORTALIDAD,2,4
6,1,0.0933450472216121,0,4,2,-7.585258,-77.778588,0,4,7,0,7,-1,-1,0,6543.555,2.0,-1,-1,1.0,0.4495936745003294,0.4495936745003294,1198.0,0.1577696273838295,73.34939757302345,13367.980728051392,8931.828000000005,1335.5899999999997,1935.9830000000004,5660.255000000005,1219.309,7712.519000000005,13.651281686122925,1,0,0,32.0,32.0,32.0,1.0,0.0,0.0,0.0,1,0,0.0,1.0,0.0,0.0,0.0,0.0,1.0,0.0,0.0,0.0,1,1,1,1,0,0,0,5,0,2022,10,14,4,0,0,0,2,0,1,0.0,0,1,GRAVE_MORTALIDAD,2,1
6,1,0.0182297386338677,2,4,1,-13.489784,-73.813201,0,3,0,0,2,1,1,2,7586.903,2.0,5,2,1.0,0.340764331210191,0.067428069404788,1198.0,0.3687692793347881,69.59860754967796,8149.610278372591,8358.971,1282.451,1298.0969999999998,5778.423,1432.683,6926.288,17.139466089785454,1,0,1,60.0,60.0,60.0,1.0,0.0,0.0,0.0,1,0,0.0,0.0,0.0,1.0,0.0,1.0,0.0,0.0,0.0,0.0,0,0,0,0,0,0,0,10,1,2022,10,14,4,0,0,2,2,0,1,0.0,0,0,LEVE,0,4
6,1,0.0497474192839885,0,4,1,-4.796714912300754,-80.9405978393252,7,4,7,0,2,-1,-1,5,6543.555,3.0,5,2,1.0,0.1133318690972984,0.1133318690972984,1475.0,0.5025299574090488,79.01836286278046,21809.66595289079,8965.846000060003,1782.4120000599992,636.9959999999999,6546.438000000004,2214.505000059999,6751.341000000004,24.699342371541725,1,0,0,65.0,65.0,65.0,1.0,0.0,0.0,0.0,1,0,0.0,0.0,0.0,1.0,0.0,1.0,0.0,1.0,1.0,1.0,0,0,0,0,0,0,0,18,3,2022,10,14,4,0,0,0,2,1,1,0.0,0,0,LEVE,0,3
3,2,0.0351416648363716,0,4,1,-6.4314563,-80.1601104,0,4,7,0,2,-1,-1,0,6543.555,3.0,5,2,1.0,0.1133318690972984,0.1133318690972984,1475.0,0.3879800350664534,75.68222437543551,48902.40256959316,3459.691,515.0619999999999,689.7280000000001,2254.901,703.3549999999999,2756.336,20.329994788551925,2,0,0,45.0,35.0,55.0,1.0,0.0,0.0,0.0,2,0,0.0,1.0,0.0,0.0,0.0,0.0,1.0,0.0,0.0,0.0,0,0,0,0,0,0,0,19,3,2022,10,14,4,0,0,0,2,1,1,0.0,0,0,GRAVE_LESIONADOS,1,1
3,3,0.0161432022842082,2,4,1,-17.995516,-70.221094,7,3,1,1,2,0,1,2,800.5849999999999,2.0,5,2,0.0,0.340764331210191,0.1266198111135515,395.0,0.6459537660139725,77.26780813336003,17645.51391862955,2650.572,630.6729999999998,487.3610000000001,1532.5379999999998,1068.7019999999998,1581.87,40.31967439480987,3,0,1,37.0,26.0,56.0,1.0,0.0,0.0,1.0,3,0,0.0,1.0,0.0,1.0,0.0,1.0,1.0,0.0,0.0,0.0,0,0,0,0,0,0,0,7,1,2022,10,15,5,1,1,0,1,0,1,0.0,0,0,GRAVE_MORTALIDAD,2,15
3,2,0.0045025258071601,0,4,0,-8.606224,-74.99472,0,4,7,1,2,-1,-1,2,6543.555,2.0,-1,-1,1.0,0.4495936745003294,0.4495936745003294,1198.0,0.455819151912579,82.51053870089717,7288.490006576486,2689.139,392.697,1311.5319999999997,984.91,261.598,2427.541,9.727946379863592,2,0,0,28.5,16.0,41.0,1.0,1.0,0.0,0.0,2,0,0.0,1.0,0.0,1.0,1.0,0.0,1.0,0.0,1.0,0.0,1,1,1,1,0,0,0,7,1,2022,10,15,5,1,1,1,2,0,1,0.0,0,0,LEVE,0,18
3,1,0.0497474192839885,0,4,1,-5.129888,-80.120564,0,4,7,0,2,-1,-1,2,892.7650002999999,-1.0,-1,2,0.0,0.340764331210191,0.1266198111135515,790.0,0.4653748048968089,74.19666709322776,75914.02997858672,8965.846000060003,1782.4120000599992,636.9959999999999,6546.438000000004,2214.505000059999,6751.341000000004,24.699342371541725,2,0,0,36.0,36.0,36.0,1.0,1.0,1.0,1.0,2,0,0.0,1.0,0.0,1.0,1.0,0.0,1.0,0.0,1.0,1.0,0,0,0,0,0,0,0,18,3,2022,10,15,5,1,1,0,2,0,1,0.0,0,0,LEVE,0,3
1,1,0.0821436415550186,2,2,4,-15.8470735,-70.0177107,0,1,7,0,2,0,1,2,6543.555,2.0,-1,-1,1.0,0.4495936745003294,0.4495936745003294,1198.0,0.6488901960567479,69.67312345830231,144745.3597430407,13642.312999999998,2020.7790000000005,2354.117,9267.416999999998,3314.0520000000006,10328.260999999997,24.29244952817019,1,1,1,37.0,33.0,40.0,0.0,0.0,0.0,0.0,1,1,1.0,0.0,0.0,0.0,0.0,0.0,0.0,0.0,0.0,1.0,1,1,1,1,1,1,1,19,3,2022,10,15,5,1,1,2,1,0,1,1.0,0,0,LEVE,0,4
0,1,0.2105205359103887,2,2,4,-12.33011711643208,-76.82310101724002,0,2,7,0,2,-1,-1,0,6543.555,2.0,-1,-1,1.0,0.4495936745003294,0.4495936745003294,1198.0,0.6959889140821508,77.1307027422061,12550.856531049252,7626.313,1683.4029999999998,1599.0829999999996,4343.827000000001,1814.875,5811.438000000001,23.7975414856432,1,0,1,24.0,24.0,24.0,1.0,0.0,0.0,0.0,1,0,0.0,0.0,0.0,1.0,0.0,0.0,1.0,0.0,1.0,0.0,1,1,1,1,0,0,0,22,3,2022,10,15,5,1,1,0,2,0,1,0.0,0,0,LEVE,0,0
3,1,0.0420601801010322,2,4,1,-11.067801149852883,-75.33676024143207,0,0,7,0,2,-1,-1,2,600.0300000000001,2.0,5,2,0.0,0.340764331210191,0.0032945310784098,178.0,0.587430624814192,75.05837214886559,24595.453961456104,12264.545,1826.4639999999995,1105.5389999999998,9332.542,1588.5359999999996,10676.009,12.952261987705208,2,0,0,40.0,32.0,48.0,1.0,1.0,0.0,0.0,2,0,0.0,0.0,1.0,1.0,1.0,1.0,0.0,1.0,1.0,1.0,0,0,0,0,0,0,0,1,0,2022,10,16,6,1,1,2,2,0,1,0.0,0,0,LEVE,0,4
6,1,0.0933450472216121,0,4,2,-7.96199573041572,-79.21728982673376,0,4,7,0,2,-1,-1,0,6543.555,2.0,-1,-1,1.0,0.4495936745003294,0.4495936745003294,1198.0,0.6175807721294785,78.68058667122713,19535.08137044968,8931.828000000005,1335.5899999999997,1935.9830000000004,5660.255000000005,1219.309,7712.519000000005,13.651281686122925,1,0,0,25.0,25.0,25.0,1.0,0.0,0.0,0.0,1,0,0.0,0.0,0.0,1.0,0.0,1.0,0.0,0.0,0.0,0.0,1,1,1,1,0,0,0,4,0,2022,10,16,6,1,1,0,2,0,1,0.0,0,0,LEVE,0,1
3,2,0.0902701515484296,0,4,1,-13.731879285753203,-71.60063693181013,0,4,0,0,2,1,1,2,7586.903,2.0,5,2,1.0,0.340764331210191,0.067428069404788,1198.0,0.4629184740681672,65.5665792285447,7985.920770877943,17779.13499998999,2097.37099999,2863.123,12818.640999999989,2878.713,14900.421999989989,16.19152450331032,2,0,0,29.5,29.0,30.0,1.0,0.0,1.0,1.0,2,0,0.0,1.0,0.0,1.0,0.0,1.0,1.0,1.0,0.0,1.0,0,0,0,0,0,0,0,4,0,2022,10,16,6,1,1,2,2,0,1,0.0,0,0,LEVE,0,4
3,2,0.0293213265978475,0,4,1,-6.040358,-77.190356,0,4,7,0,2,-1,-1,2,7758.33400008,2.0,5,2,1.0,0.340764331210191,0.0464528882055787,2133.0,0.5963332411867256,73.80959983510441,24031.167023554604,5645.136,815.0759999999999,965.298,3864.762,1013.406,4631.73,17.95184385283189,2,0,0,37.5,32.0,43.0,1.0,0.0,0.0,0.0,2,0,0.0,0.0,1.0,1.0,0.0,1.0,0.0,0.0,1.0,0.0,0,0,0,0,0,0,0,6,1,2022,10,16,6,1,1,1,2,0,1,0.0,0,0,LEVE,0,2
6,1,0.0318471337579617,0,4,1,-9.770923,-78.234891,0,4,7,0,2,1,0,0,6543.555,3.0,5,2,1.0,0.1133318690972984,0.1133318690972984,1475.0,0.5873460606982213,78.04758132038613,35482.29764453961,10767.648,1885.0630000000003,1222.721,7659.864000000001,2100.343,8667.305000000002,19.506051832303577,1,0,0,34.0,34.0,34.0,1.0,0.0,0.0,1.0,1,0,0.0,0.0,0.0,1.0,0.0,1.0,0.0,0.0,1.0,0.0,0,0,0,0,0,0,0,7,1,2022,10,16,6,1,1,0,1,1,1,0.0,0,0,GRAVE_MORTALIDAD,2,1
6,1,0.0420601801010322,0,4,1,-11.599837,-76.173188,0,4,7,0,2,0,1,2,875.67,2.0,5,2,1.0,0.0162530199868218,0.0124094003953437,156.0,0.727764014102057,80.04798576459473,4146.224839400427,12264.545,1826.4639999999995,1105.5389999999998,9332.542,1588.5359999999996,10676.009,12.952261987705208,1,0,0,27.0,27.0,27.0,1.0,0.0,0.0,1.0,1,0,0.0,0.0,0.0,1.0,0.0,1.0,0.0,0.0,0.0,0.0,0,0,0,0,0,0,0,9,1,2022,10,16,6,1,1,2,1,0,1,0.0,0,0,LEVE,0,4
3,2,0.0902701515484296,0,4,0,-14.284698,-72.038057,0,4,7,0,2,-1,-1,2,6543.555,2.0,-1,-1,1.0,0.4495936745003294,0.4495936745003294,1198.0,0.3582063239468129,73.72125513625039,7210.27408993576,17779.13499998999,2097.37099999,2863.123,12818.640999999989,2878.713,14900.421999989989,16.19152450331032,2,0,0,37.5,22.0,53.0,1.0,0.0,0.0,0.0,2,0,0.0,1.0,0.0,1.0,1.0,0.0,1.0,0.0,1.0,1.0,1,1,1,1,0,0,0,11,1,2022,10,16,6,1,1,2,2,0,1,0.0,0,0,LEVE,0,4
6,1,0.0182297386338677,0,4,1,-14.5016661956099,-73.2561679933871,6,5,6,-1,6,-1,-1,0,2238.6850000000004,2.0,5,2,1.0,0.0036239841862508,0.0036239841862508,115.0,0.3664074671664916,64.98461839600242,4508.062098501071,8358.971,1282.451,1298.0969999999998,5778.423,1432.683,6926.288,17.139466089785454,1,0,0,51.0,51.0,51.0,1.0,0.0,0.0,0.0,1,0,0.0,0.0,1.0,0.0,0.0,0.0,1.0,0.0,0.0,0.0,0,0,0,0,0,0,0,15,2,2022,10,16,6,1,1,2,2,0,1,0.0,0,0,LEVE,0,6
10,1,0.0933450472216121,0,4,0,-8.48203893350164,-78.41339012786472,0,4,7,0,1,-1,-1,0,6543.555,2.0,-1,-1,1.0,0.4495936745003294,0.4495936745003294,1198.0,0.4971504606547645,77.79759708660042,44368.59100642397,8931.828000000005,1335.5899999999997,1935.9830000000004,5660.255000000005,1219.309,7712.519000000005,13.651281686122925,1,0,0,55.0,55.0,55.0,1.0,0.0,0.0,0.0,1,0,0.0,0.0,1.0,0.0,0.0,0.0,1.0,0.0,0.0,0.0,1,1,1,1,0,0,0,16,2,2022,10,16,6,1,1,0,2,0,1,0.0,0,1,GRAVE_LESIONADOS,1,1
3,2,0.0766527564243356,0,4,1,-16.426715,-72.260806,0,4,7,0,2,0,1,0,6639.975,2.0,5,2,1.0,0.340764331210191,0.074236766966835,1616.0,0.6077843615696785,76.53072135400231,74658.55888650964,10322.272,1495.236,1749.739,7077.2970000000005,2886.595,7435.677000000001,27.964725207783708,2,0,0,21.0,16.0,26.0,1.0,1.0,0.0,0.0,2,0,0.0,1.0,0.0,1.0,1.0,0.0,1.0,0.0,1.0,0.0,0,0,0,0,0,0,0,16,2,2022,10,16,6,1,1,0,1,0,1,0.0,0,0,LEVE,0,4
0,1,0.0933450472216121,0,4,1,-8.508694,-78.687557,0,4,7,0,2,-1,-1,4,6543.555,3.0,5,2,1.0,0.1133318690972984,0.1133318690972984,1475.0,0.4971504606547645,77.79759708660042,44368.59100642397,8931.828000000005,1335.5899999999997,1935.9830000000004,5660.255000000005,1219.309,7712.519000000005,13.651281686122925,1,0,1,40.0,40.0,40.0,1.0,0.0,0.0,0.0,1,0,0.0,0.0,0.0,1.0,0.0,1.0,0.0,0.0,0.0,0.0,0,0,0,0,0,0,0,19,3,2022,10,16,6,1,1,0,2,1,1,0.0,0,0,LEVE,0,1
6,1,0.0933450472216121,0,4,1,-8.105556921897492,-78.99334986361261,0,4,7,0,2,-1,-1,2,610.6099999999999,2.0,5,2,1.0,0.0133977597188666,0.0065890621568196,100.0,0.5929579484728337,80.24150924632623,34739.39614561028,8931.828000000005,1335.5899999999997,1935.9830000000004,5660.255000000005,1219.309,7712.519000000005,13.651281686122925,1,0,0,26.0,26.0,26.0,1.0,0.0,0.0,0.0,1,0,0.0,0.0,0.0,1.0,1.0,0.0,0.0,1.0,0.0,0.0,0,0,0,0,0,0,0,22,3,2022,10,16,6,1,1,0,2,0,1,0.0,0,0,LEVE,0,1
3,1,0.0902701515484296,0,4,2,-13.38813221163884,-71.61808936915784,0,4,7,1,1,-1,-1,6,6543.555,2.0,-1,-1,1.0,0.4495936745003294,0.4495936745003294,1198.0,0.1747449791455621,66.07525625481001,9397.970021413275,17779.13499998999,2097.37099999,2863.123,12818.640999999989,2878.713,14900.421999989989,16.19152450331032,2,0,0,34.0,24.0,44.0,1.0,1.0,0.0,1.0,2,0,0.0,1.0,0.0,1.0,0.0,1.0,1.0,1.0,1.0,1.0,1,1,1,1,0,0,0,22,3,2022,10,16,6,1,1,2,2,0,1,0.0,0,1,LEVE,0,4
6,1,0.0933450472216121,2,4,0,-8.033388,-78.535377,0,0,7,0,2,-1,-1,0,6543.555,2.0,-1,-1,1.0,0.4495936745003294,0.4495936745003294,1198.0,0.3207636111801678,78.46606461412092,2776.0064239828694,8931.828000000005,1335.5899999999997,1935.9830000000004,5660.255000000005,1219.309,7712.519000000005,13.651281686122925,1,0,0,55.0,55.0,55.0,1.0,1.0,0.0,0.0,1,0,0.0,0.0,0.0,1.0,1.0,0.0,0.0,1.0,0.0,1.0,1,1,1,1,0,0,0,23,3,2022,10,16,6,1,1,0,2,0,1,0.0,0,0,LEVE,0,1
5,1,0.0351416648363716,0,4,1,-6.5785914,-79.8746824,0,4,7,0,2,-1,-1,0,1305.18,2.0,5,2,1.0,0.0160333845815945,0.0464528882055787,163.0,0.4530607633213016,76.60203660440479,18730.47537473233,3459.691,515.0619999999999,689.7280000000001,2254.901,703.3549999999999,2756.336,20.329994788551925,2,1,0,29.0,29.0,29.0,1.0,0.0,0.0,0.0,2,1,1.0,0.0,1.0,0.0,1.0,0.0,0.0,1.0,1.0,1.0,0,0,0,0,0,0,0,3,0,2022,10,17,0,0,1,0,2,0,1,0.5,0,0,GRAVE_LESIONADOS,1,1
0,1,0.0902701515484296,0,4,1,-13.489434883491962,-72.24052265359757,0,4,7,0,2,1,1,2,7586.903,2.0,5,2,1.0,0.340764331210191,0.067428069404788,1198.0,0.429914756045985,74.25916870636927,3225.312633832976,17779.13499998999,2097.37099999,2863.123,12818.640999999989,2878.713,14900.421999989989,16.19152450331032,1,0,1,25.0,25.0,25.0,1.0,0.0,0.0,1.0,1,0,0.0,0.0,0.0,1.0,1.0,0.0,0.0,0.0,1.0,0.0,0,0,0,0,0,0,0,6,1,2022,10,17,0,0,1,2,2,0,1,0.0,0,0,LEVE,0,4
6,1,0.0318471337579617,0,4,0,-9.473790857008252,-77.14136172349451,0,4,0,1,2,-1,-1,1,6543.555,2.0,-1,-1,1.0,0.4495936745003294,0.4495936745003294,1198.0,0.3794874893089032,76.648045412086,2725.843683083512,10767.648,1885.0630000000003,1222.721,7659.864000000001,2100.343,8667.305000000002,19.506051832303577,1,0,0,47.0,47.0,47.0,1.0,0.0,0.0,0.0,1,0,0.0,0.0,0.0,1.0,0.0,1.0,0.0,0.0,1.0,0.0,1,1,1,1,0,0,0,11,1,2022,10,17,0,0,1,0,2,0,1,0.0,1,0,LEVE,0,1
2,1,0.0153744783659125,2,2,4,-11.9182403,-77.13930413,2,0,7,0,2,-1,-1,2,6543.555,2.0,-1,-1,1.0,0.4495936745003294,0.4495936745003294,1198.0,0.5563774842369664,77.00938809632027,27932.19700214133,51.58600000000001,44.68700000000001,6.899000000000001,0.0,49.838000000000015,1.748,96.61148373589734,1,0,0,42.0,42.0,42.0,1.0,0.0,0.0,0.0,1,0,0.0,1.0,0.0,0.0,0.0,0.0,1.0,0.0,1.0,0.0,1,1,1,1,0,0,0,2,0,2022,10,18,1,0,1,2,2,0,0,0.0,0,0,LEVE,0,0
6,1,0.0933450472216121,0,4,1,-7.778838,-77.76138,0,4,7,0,7,-1,-1,2,1688.589,1.0,-1,1,0.0,0.340764331210191,0.1266198111135515,287.0,0.207075822859255,73.60541053493367,9081.543897216274,8931.828000000005,1335.5899999999997,1935.9830000000004,5660.255000000005,1219.309,7712.519000000005,13.651281686122925,1,0,0,22.0,22.0,22.0,1.0,0.0,0.0,0.0,1,0,0.0,0.0,0.0,1.0,0.0,0.0,1.0,0.0,1.0,0.0,0,0,0,0,0,0,0,5,0,2022,10,18,1,0,1,0,2,0,1,0.0,0,1,GRAVE_MORTALIDAD,2,1
0,1,0.0045025258071601,2,4,1,-8.384031,-74.54604,0,0,7,0,5,-1,-1,4,1169.3919999999998,2.0,3,-1,0.0,0.340764331210191,0.1266198111135515,75.0,0.5634769861561197,73.0016356967691,126065.34475374733,2689.139,392.697,1311.5319999999997,984.91,261.598,2427.541,9.727946379863592,1,0,1,23.0,23.0,23.0,1.0,1.0,0.0,0.0,1,0,0.0,1.0,0.0,0.0,0.0,0.0,0.0,1.0,1.0,1.0,0,0,0,0,0,0,0,11,1,2022,10,18,1,0,1,1,2,0,1,0.0,0,1,LEVE,0,18
0,1,0.0821436415550186,0,4,1,-15.96115275585092,-69.81569065508157,0,4,7,0,2,-1,-1,4,7586.903,2.0,5,2,1.0,0.340764331210191,0.067428069404788,1198.0,0.3247057995130503,73.24682709519536,24872.03426124197,13642.312999999998,2020.7790000000005,2354.117,9267.416999999998,3314.0520000000006,10328.260999999997,24.29244952817019,1,0,1,44.0,44.0,44.0,1.0,0.0,0.0,0.0,1,0,0.0,0.0,0.0,1.0,0.0,1.0,0.0,0.0,0.0,0.0,0,0,0,0,0,0,0,15,2,2022,10,18,1,0,1,2,2,0,1,0.0,0,0,LEVE,0,4
6,1,0.2105205359103887,2,2,4,-12.00789,-77.082345,6,5,6,-1,6,-1,-1,0,6543.555,2.0,-1,-1,1.0,0.4495936745003294,0.4495936745003294,1198.0,0.7419979630670723,80.31822295927182,739416.2413542903,7626.313,1683.4029999999998,1599.0829999999996,4343.827000000001,1814.875,5811.438000000001,23.7975414856432,1,0,0,51.0,51.0,51.0,1.0,0.0,0.0,0.0,1,0,0.0,0.0,0.0,1.0,1.0,0.0,0.0,1.0,1.0,1.0,1,1,1,1,0,0,0,19,3,2022,10,18,1,0,1,0,2,0,1,0.0,0,0,LEVE,0,0
6,1,0.0475510652317153,0,4,1,-14.00055522161072,-75.76813952987881,0,4,7,0,2,-1,-1,0,6639.975,2.0,5,2,1.0,0.340764331210191,0.074236766966835,1616.0,0.6053164595604621,78.88848309050202,27932.19700214133,3721.461,698.1859999999996,744.866,2278.409,1102.9029999999996,2618.558,29.636290693359403,1,0,0,21.0,21.0,21.0,1.0,0.0,0.0,0.0,1,0,0.0,0.0,0.0,0.0,0.0,1.0,0.0,1.0,0.0,1.0,0,0,0,0,0,0,0,19,3,2022,10,19,2,0,1,0,2,0,1,0.0,0,0,GRAVE_LESIONADOS,1,7
4,1,0.0037338018888644,0,4,2,-17.079439816526428,-70.84838394365939,0,4,7,1,2,1,0,2,6543.555,2.0,-1,-1,1.0,0.4495936745003294,0.4495936745003294,1198.0,0.7437783195988382,76.5026824093639,5470.319057815847,2949.174,470.28500000000025,903.055,1575.834,866.4460000000004,2082.728,29.37927704503025,1,0,0,32.0,32.0,32.0,1.0,0.0,1.0,1.0,1,0,0.0,0.0,0.0,1.0,1.0,0.0,0.0,1.0,0.0,0.0,1,1,1,1,0,0,0,22,3,2022,10,19,2,0,1,0,1,0,1,0.0,0,0,LEVE,0,10
6,1,0.0933450472216121,2,2,4,-8.084082903826076,-79.04408476444254,0,0,7,0,2,-1,-1,2,6543.555,2.0,-1,-1,1.0,0.4495936745003294,0.4495936745003294,1198.0,0.5961574154611067,78.8610661942771,197397.5888650964,8931.828000000005,1335.5899999999997,1935.9830000000004,5660.255000000005,1219.309,7712.519000000005,13.651281686122925,1,0,0,31.0,31.0,31.0,1.0,0.0,0.0,0.0,1,0,0.0,0.0,0.0,1.0,1.0,0.0,0.0,0.0,0.0,0.0,1,1,1,1,0,0,0,3,0,2022,10,20,3,0,1,0,2,0,1,0.0,0,0,LEVE,0,1
3,1,0.0072479683725016,2,4,1,-3.7437743,-73.2424293,0,0,7,0,2,-1,-1,2,940.74300002,-1.0,3,-1,0.0,0.340764331210191,0.1266198111135515,41.0,0.6598204400488458,74.39325093062702,145540.50535331905,1095.5949999999998,128.87099999999998,320.74700000000007,645.9769999999999,274.214,821.381,25.02877431897737,2,0,0,30.0,30.0,30.0,1.0,1.0,0.0,0.0,2,1,1.0,0.0,0.0,1.0,1.0,0.0,0.0,1.0,1.0,1.0,0,0,0,0,0,0,0,14,2,2022,10,20,3,0,1,1,2,0,1,0.0,0,0,LEVE,0,23
3,1,0.0420601801010322,0,4,1,-11.19766679326466,-74.66462006310384,0,4,7,0,2,-1,-1,2,5768.608,2.0,3,-1,0.0,0.340764331210191,0.1266198111135515,365.0,0.3896449199426799,73.52944498752588,27485.456102783723,12264.545,1826.4639999999995,1105.5389999999998,9332.542,1588.5359999999996,10676.009,12.952261987705208,2,0,0,32.0,29.0,35.0,1.0,0.0,0.0,0.0,2,0,0.0,0.0,1.0,1.0,1.0,1.0,0.0,0.0,0.0,0.0,0,0,0,0,0,0,0,16,2,2022,10,20,3,0,1,2,2,0,1,0.0,0,0,LEVE,0,5
3,1,0.0420601801010322,2,4,2,-12.05742,-75.272283,0,4,7,0,2,0,1,2,6543.555,2.0,-1,-1,1.0,0.4495936745003294,0.4495936745003294,1198.0,0.5484926229087004,71.68710358104774,21173.26124197002,12264.545,1826.4639999999995,1105.5389999999998,9332.542,1588.5359999999996,10676.009,12.952261987705208,2,0,0,24.5,23.0,26.0,1.0,1.0,0.0,1.0,2,0,0.0,0.0,0.0,1.0,1.0,0.0,1.0,0.0,1.0,1.0,1,1,1,1,0,0,0,18,3,2022,10,20,3,0,1,2,1,0,1,0.0,0,0,LEVE,0,4
0,1,0.0072479683725016,2,3,4,-3.7403536,-73.2517471,0,4,7,0,2,-1,-1,2,6543.555,2.0,-1,-1,1.0,0.4495936745003294,0.4495936745003294,1198.0,0.6598204400488458,74.39325093062702,145540.50535331905,1095.5949999999998,128.87099999999998,320.74700000000007,645.9769999999999,274.214,821.381,25.02877431897737,1,0,1,20.0,20.0,20.0,1.0,1.0,0.0,0.0,1,0,0.0,0.0,0.0,1.0,1.0,0.0,0.0,0.0,1.0,0.0,1,1,1,1,0,0,0,20,3,2022,10,20,3,0,1,1,2,0,1,0.0,0,0,LEVE,0,23
3,2,0.006479244454206,2,4,1,-10.7163567172497,-76.24258502249458,0,0,7,1,2,-1,-1,0,9936.932,2.0,5,2,1.0,0.340764331210191,0.1266198111135515,3830.0,0.5805253598893406,74.66498669929555,24464.70877944325,3677.119863,564.5869999999999,910.845,2201.687863000001,590.8779999999998,3086.2418630000006,16.06904376290656,2,2,0,37.0,33.0,40.0,0.0,0.0,0.0,0.0,2,0,0.0,1.0,0.0,1.0,0.0,1.0,1.0,0.0,0.0,0.0,0,0,0,0,1,1,1,3,0,2022,10,21,4,0,1,2,2,0,1,1.0,0,0,LEVE,0,4