CLASE SINIESTRO,CANTIDAD DE VEHICULOS DAÑADOS,DEPARTAMENTO,ZONA,TIPO DE VÍA,RED VIAL,COORDENADAS LATITUD,COORDENADAS  LONGITUD,CONDICIÓN CLIMÁTICA,ZONIFICACIÓN,CARACTERÍSTICAS DE VÍA,PERFIL LONGITUDINAL VÍA,SUPERFICIE DE CALZADA,¿EXISTE SEÑAL VERTICAL?,¿EXISTE SEÑAL HORIZONTAL?,CAUSA FACTOR PRINCIPAL,MTC_RVN_LONGITUD_KM,MTC_RVN_N_CARRILES_MEDIANA,MTC_RVN_SUPERFICIE_DOMINANTE,MTC_RVN_ESTADO_DOMINANTE,MTC_RVN_ES_CONCESIONADA,MTC_RVN_CONCESION_PRINCIPAL,MTC_RVN_CORREDOR_LOGISTICO,MTC_RVN_N_TRAMOS,IDH_2019,IDH_ESP_VIDA_2019,IDH_POBLACION_2019,MTC_DEP_RED_TOTAL_KM,MTC_DEP_NACIONAL_TOTAL_KM,MTC_DEP_DEPARTAMENTAL_TOTAL_KM,MTC_DEP_VECINAL_TOTAL_KM,MTC_DEP_PAV_TOTAL_KM,MTC_DEP_NO_PAV_TOTAL_KM,MTC_DEP_PCT_PAVIMENTADA,PER_N_CONDUCTORES,PER_N_CONDUCTORES_FUGADOS,PER_N_PEATONES,PER_EDAD_COND_PROM,PER_EDAD_COND_MIN,PER_EDAD_COND_MAX,PER_ANY_COND_MASCULINO,PER_ANY_LIC_PROBLEMA,PER_ANY_DOSAJE_POS,PER_ANY_DOSAJE_EVALUADO,VEH_TOTAL,VEH_N_FUGADOS,VEH_ANY_FUGADO,VEH_ANY_CARGA,VEH_ANY_PUBLICO,VEH_ANY_PARTICULAR,VEH_ANY_MOTO,VEH_ANY_AUTO,VEH_ANY_CAMION_BUS,VEH_ANY_SOAT_PROBLEMA,VEH_ANY_CITV_PROBLEMA,VEH_ANY_SEGURO_PROBLEMA,MTC_RVN_LONGITUD_KM_ERA_NULO,MTC_RVN_N_CARRILES_MEDIANA_ERA_NULO,MTC_RVN_ES_CONCESIONADA_ERA_NULO,MTC_RVN_N_TRAMOS_ERA_NULO,PER_EDAD_COND_PROM_ERA_NULO,PER_EDAD_COND_MIN_ERA_NULO,PER_EDAD_COND_MAX_ERA_NULO,HORA_NUM,FRANJA_HORARIA,ANIO,MES,DIA_MES,DIA_SEMANA,ES_FIN_SEMANA,ES_QUINCENA,REGION_NATURAL,NIVEL_SEÑALIZACION_ORD,ES_VIA_MULTICARRIL,ES_DEPTO_BAJO_PAVIMENTO,RATIO_CONDUCTORES_FUGADOS,ES_CURVA_Y_PENDIENTE,ES_VIA_NO_PAVIMENTADA,CATEGORIA_SEVERIDAD,CATEGORIA_SEVERIDAD_ENC,CLUSTER
6,1,0.0497474192839885,0,4,2,-5.003433088854921,-80.14457688802644,0,4,0,0,1,-1,-1,2,6543.555,2.0,-1,-1,1.0,0.4495936745003294,0.4495936745003294,1198.0,0.4653748048968089,74.19666709322776,75914.02997858672,8965.846000060003,1782.4120000599992,636.9959999999999,6546.438000000004,2214.505000059999,6751.341000000004,24.699342371541725,1,0,0,14.0,14.0,14.0,1.0,1.0,1.0,1.0,1,1,1.0,0.0,0.0,0.0,0.0,0.0,0.0,0.0,0.0,1.0,1,1,1,1,0,0,0,5,0,2022,11,27,6,1,1,0,2,0,1,0.0,0,1,LEVE,0,3
3,2,0.0933450472216121,0,4,1,-8.088592,-78.914284,0,4,7,0,2,-1,-1,2,610.6099999999999,2.0,5,2,1.0,0.0133977597188666,0.0065890621568196,100.0,0.5929579484728337,80.24150924632623,34739.39614561028,8931.828000000005,1335.5899999999997,1935.9830000000004,5660.255000000005,1219.309,7712.519000000005,13.651281686122925,2,0,0,36.0,24.0,48.0,1.0,1.0,0.0,0.0,2,0,0.0,0.0,1.0,0.0,1.0,1.0,0.0,0.0,0.0,1.0,0,0,0,0,0,0,0,5,0,2022,11,27,6,1,1,0,2,0,1,0.0,0,0,LEVE,0,1
6,1,0.2105205359103887,2,3,4,-11.765667,-77.153833,0,3,1,0,1,-1,-1,0,6543.555,2.0,-1,-1,1.0,0.4495936745003294,0.4495936745003294,1198.0,0.6688889885290078,77.65971620762488,54956.252676659526,7626.313,1683.4029999999998,1599.0829999999996,4343.827000000001,1814.875,5811.438000000001,23.7975414856432,1,0,0,33.0,33.0,33.0,1.0,1.0,0.0,0.0,1,0,0.0,0.0,0.0,1.0,1.0,0.0,0.0,0.0,1.0,0.0,1,1,1,1,0,0,0,5,0,2022,11,27,6,1,1,0,2,0,1,0.0,0,1,LEVE,0,0
0,2,0.0497474192839885,2,2,4,-5.207741403829932,-80.62243398708206,0,0,1,0,2,-1,-1,2,6543.555,2.0,-1,-1,1.0,0.4495936745003294,0.4495936745003294,1198.0,0.6220812987247925,80.20155828147696,159840.92719486082,8965.846000060003,1782.4120000599992,636.9959999999999,6546.438000000004,2214.505000059999,6751.341000000004,24.699342371541725,2,0,2,40.0,27.0,53.0,1.0,1.0,1.0,1.0,2,0,0.0,0.0,1.0,1.0,0.0,1.0,1.0,0.0,0.0,0.0,1,1,1,1,0,0,0,6,1,2022,11,27,6,1,1,0,2,0,1,0.0,0,0,LEVE,0,3
3,2,0.0766527564243356,2,4,0,-16.321264,-71.531346,0,3,7,1,2,0,1,0,6543.555,2.0,-1,-1,1.0,0.4495936745003294,0.4495936745003294,1198.0,0.6738551636003771,78.16730405462371,97926.27408993576,10322.272,1495.236,1749.739,7077.2970000000005,2886.595,7435.677000000001,27.964725207783708,2,0,0,34.5,25.0,44.0,1.0,0.0,0.0,0.0,2,0,0.0,0.0,0.0,1.0,1.0,1.0,0.0,1.0,1.0,1.0,1,1,1,1,0,0,0,8,1,2022,11,27,6,1,1,0,1,0,1,0.0,0,0,LEVE,0,4
0,1,0.0153744783659125,2,3,4,-11.8613885,-77.150159717,0,4,2,0,1,-1,-1,2,6543.555,2.0,-1,-1,1.0,0.4495936745003294,0.4495936745003294,1198.0,0.5563774842369664,77.00938809632027,27932.19700214133,51.58600000000001,44.68700000000001,6.899000000000001,0.0,49.838000000000015,1.748,96.61148373589734,1,0,2,35.0,35.0,35.0,0.0,1.0,0.0,0.0,1,0,0.0,0.0,0.0,1.0,0.0,1.0,0.0,0.0,1.0,0.0,1,1,1,1,0,0,0,10,1,2022,11,27,6,1,1,2,2,0,0,0.0,0,1,LEVE,0,0
6,1,0.0597408302218317,0,4,3,-6.562401,-78.589006,7,4,0,0,1,-1,-1,0,6543.555,2.0,-1,-1,1.0,0.4495936745003294,0.4495936745003294,1198.0,0.4700875779194959,72.66081436888122,46090.54817987152,15935.565011852366,1733.9250000199986,935.692,13265.948011832368,2000.1670000199988,13935.398011832369,12.551591352627522,1,0,0,37.0,33.0,40.0,0.0,0.0,0.0,0.0,1,0,0.0,1.0,0.0,0.0,0.0,0.0,1.0,0.0,1.0,0.0,1,1,1,1,1,1,1,11,1,2022,11,27,6,1,1,2,2,0,1,0.0,0,1,GRAVE_MORTALIDAD,2,1
6,1,0.2105205359103887,2,2,4,-12.112008645848649,-77.00674996368099,0,0,7,0,2,-1,-1,0,6543.555,2.0,-1,-1,1.0,0.4495936745003294,0.4495936745003294,1198.0,0.8236163632543221,80.64134543571234,106584.52890792293,7626.313,1683.4029999999998,1599.0829999999996,4343.827000000001,1814.875,5811.438000000001,23.7975414856432,1,0,0,51.0,51.0,51.0,1.0,0.0,0.0,0.0,1,0,0.0,0.0,0.0,1.0,1.0,0.0,0.0,0.0,1.0,0.0,1,1,1,1,0,0,0,15,2,2022,11,27,6,1,1,0,2,0,1,0.0,0,0,LEVE,0,0
3,1,0.0821436415550186,2,4,1,-15.4846997748164,-70.12472922649498,0,0,7,0,2,-1,-1,2,7586.903,2.0,5,2,1.0,0.340764331210191,0.067428069404788,1198.0,0.5759734352119,73.55929462493827,232834.39603082248,13642.312999999998,2020.7790000000005,2354.117,9267.416999999998,3314.0520000000006,10328.260999999997,24.29244952817019,2,0,0,60.0,60.0,60.0,1.0,0.0,0.0,1.0,2,0,0.0,0.0,0.0,1.0,1.0,0.0,1.0,0.0,1.0,1.0,0,0,0,0,0,0,0,15,2,2022,11,27,6,1,1,2,2,0,1,0.0,0,0,LEVE,0,4
1,1,0.0821436415550186,0,4,0,-16.402753,-69.044535,0,4,7,0,7,-1,-1,0,6543.555,2.0,-1,-1,1.0,0.4495936745003294,0.4495936745003294,1198.0,0.2011806987824594,74.4889763180483,4207.04710920771,13642.312999999998,2020.7790000000005,2354.117,9267.416999999998,3314.0520000000006,10328.260999999997,24.29244952817019,1,1,2,37.0,33.0,40.0,0.0,0.0,0.0,0.0,1,1,1.0,0.0,0.0,0.0,0.0,0.0,0.0,0.0,0.0,1.0,1,1,1,1,1,1,1,19,3,2022,11,27,6,1,1,2,2,0,1,1.0,0,1,LEVE,0,4
0,1,0.0351416648363716,0,4,1,-6.59945,-79.9742,0,4,7,0,2,1,0,0,6543.555,3.0,5,2,1.0,0.1133318690972984,0.1133318690972984,1475.0,0.3879800350664534,75.68222437543551,48902.40256959316,3459.691,515.0619999999999,689.7280000000001,2254.901,703.3549999999999,2756.336,20.329994788551925,1,0,1,40.0,40.0,40.0,1.0,0.0,0.0,1.0,1,0,0.0,0.0,1.0,0.0,0.0,0.0,1.0,0.0,0.0,0.0,0,0,0,0,0,0,0,23,3,2022,11,27,6,1,1,0,1,1,1,0.0,0,0,LEVE,0,1
6,1,0.2105205359103887,2,4,1,-12.015476,-77.060042,0,0,7,0,2,-1,-1,0,6543.555,3.0,5,2,1.0,0.1133318690972984,0.1133318690972984,1475.0,0.7419979630670723,80.31822295927182,739416.2413542903,7626.313,1683.4029999999998,1599.0829999999996,4343.827000000001,1814.875,5811.438000000001,23.7975414856432,1,0,0,34.0,34.0,34.0,1.0,1.0,0.0,0.0,1,0,0.0,0.0,0.0,1.0,1.0,0.0,0.0,1.0,1.0,0.0,0,0,0,0,0,0,0,5,0,2022,11,28,0,0,1,0,2,1,1,0.0,0,0,LEVE,0,0
6,1,0.0213046343070502,0,4,2,-13.6518741920166,-74.1347276771314,0,4,0,1,1,-1,-1,2,6543.555,2.0,-1,-1,1.0,0.4495936745003294,0.4495936745003294,1198.0,0.2905650807375371,78.51331724351319,1886.8800856531047,12678.733000000004,1805.074000000001,1774.0339999999994,9099.625000000004,2485.375000000001,10193.358000000002,19.602707936195205,1,0,0,21.0,21.0,21.0,1.0,1.0,1.0,1.0,1,0,0.0,1.0,0.0,0.0,0.0,0.0,1.0,0.0,1.0,0.0,1,1,1,1,0,0,0,17,2,2022,11,28,0,0,1,2,2,0,1,0.0,1,1,LEVE,0,4
3,3,0.0351416648363716,0,4,1,-6.557046,-79.868481,0,4,7,0,2,-1,-1,0,1305.18,2.0,5,2,1.0,0.0160333845815945,0.0464528882055787,163.0,0.4530607633213016,76.60203660440479,18730.47537473233,3459.691,515.0619999999999,689.7280000000001,2254.901,703.3549999999999,2756.336,20.329994788551925,3,0,0,28.0,19.0,39.0,1.0,1.0,0.0,1.0,3,0,0.0,0.0,1.0,1.0,1.0,1.0,1.0,0.0,1.0,1.0,0,0,0,0,0,0,0,19,3,2022,11,28,0,0,1,0,2,0,1,0.0,0,0,LEVE,0,1
6,1,0.0821436415550186,0,4,0,-15.4414788,-70.198891,0,4,0,0,2,-1,-1,2,6543.555,2.0,-1,-1,1.0,0.4495936745003294,0.4495936745003294,1198.0,0.5759734352119,73.55929462493827,232834.39603082248,13642.312999999998,2020.7790000000005,2354.117,9267.416999999998,3314.0520000000006,10328.260999999997,24.29244952817019,1,0,0,22.0,22.0,22.0,1.0,1.0,0.0,0.0,1,0,0.0,0.0,0.0,1.0,1.0,0.0,0.0,1.0,1.0,1.0,1,1,1,1,0,0,0,2,0,2022,11,29,1,0,1,2,2,0,1,0.0,0,0,LEVE,0,4
3,2,0.0821436415550186,0,4,1,-15.79571107077108,-70.03609831460312,0,4,0,0,2,-1,-1,2,7586.903,2.0,5,2,1.0,0.340764331210191,0.067428069404788,1198.0,0.6488901960567479,69.67312345830231,144745.3597430407,13642.312999999998,2020.7790000000005,2354.117,9267.416999999998,3314.0520000000006,10328.260999999997,24.29244952817019,2,0,0,41.0,33.0,49.0,1.0,0.0,0.0,0.0,2,0,0.0,0.0,1.0,1.0,1.0,0.0,1.0,1.0,0.0,1.0,0,0,0,0,0,0,0,11,1,2022,11,29,1,0,1,2,2,0,1,0.0,0,0,LEVE,0,4
6,1,0.2105205359103887,2,4,1,-12.09583,-76.980239,0,0,7,1,2,1,1,2,6639.975,2.0,5,2,1.0,0.340764331210191,0.074236766966835,1616.0,0.8017574897902351,80.48487267736287,359776.608137045,7626.313,1683.4029999999998,1599.0829999999996,4343.827000000001,1814.875,5811.438000000001,23.7975414856432,2,0,0,38.5,29.0,48.0,1.0,0.0,0.0,0.0,2,0,0.0,0.0,0.0,1.0,1.0,0.0,1.0,1.0,1.0,0.0,0,0,0,0,0,0,0,3,0,2022,11,30,2,0,1,0,2,0,1,0.0,0,0,LEVE,0,0
2,0,0.0351416648363716,0,4,2,-6.6893309,-79.9004973,0,4,7,0,7,-1,-1,0,6543.555,2.0,-1,-1,1.0,0.4495936745003294,0.4495936745003294,1198.0,0.5539280527450423,74.69452916859504,79617.09421841543,3459.691,515.0619999999999,689.7280000000001,2254.901,703.3549999999999,2756.336,20.329994788551925,1,0,0,73.0,73.0,73.0,1.0,0.0,0.0,0.0,1,0,0.0,0.0,0.0,0.0,0.0,0.0,0.0,1.0,1.0,1.0,1,1,1,1,0,0,0,7,1,2022,11,30,2,0,1,0,2,0,1,0.0,0,1,LEVE,0,1
3,2,0.0420601801010322,0,4,1,-11.244718413375502,-74.6359741146946,0,0,7,0,2,-1,-1,2,1040.6349999999998,1.0,-1,0,0.0,0.340764331210191,0.1266198111135515,141.0,0.5055535147670205,71.64834806655777,42934.03211991434,12264.545,1826.4639999999995,1105.5389999999998,9332.542,1588.5359999999996,10676.009,12.952261987705208,2,0,0,42.5,29.0,56.0,1.0,0.0,0.0,0.0,2,0,0.0,1.0,0.0,1.0,0.0,1.0,1.0,0.0,0.0,0.0,0,0,0,0,0,0,0,8,1,2022,11,30,2,0,1,2,2,0,1,0.0,0,0,GRAVE_LESIONADOS,1,5
0,0,0.0902701515484296,2,3,4,-13.45579555624085,-72.25418596413121,7,4,7,0,3,-1,-1,2,6543.555,2.0,-1,-1,1.0,0.4495936745003294,0.4495936745003294,1198.0,0.429914756045985,74.25916870636927,3225.312633832976,17779.13499998999,2097.37099999,2863.123,12818.640999999989,2878.713,14900.421999989989,16.19152450331032,1,0,1,61.0,61.0,61.0,1.0,0.0,0.0,0.0,1,0,0.0,1.0,0.0,0.0,0.0,0.0,1.0,0.0,0.0,0.0,1,1,1,1,0,0,0,10,1,2022,11,30,2,0,1,2,2,0,1,0.0,0,1,LEVE,0,4
10,1,0.0072479683725016,2,2,4,-3.7494781,-73.2569224,0,2,7,0,2,-1,-1,2,6543.555,2.0,-1,-1,1.0,0.4495936745003294,0.4495936745003294,1198.0,0.6598204400488458,74.39325093062702,145540.50535331905,1095.5949999999998,128.87099999999998,320.74700000000007,645.9769999999999,274.214,821.381,25.02877431897737,2,0,0,48.5,40.0,57.0,1.0,1.0,0.0,0.0,2,0,0.0,1.0,0.0,0.0,1.0,0.0,1.0,0.0,1.0,1.0,1,1,1,1,0,0,0,13,2,2022,11,30,2,0,1,1,2,0,1,0.0,0,0,LEVE,0,23
1,1,0.0902701515484296,2,4,1,-13.4730593,-72.1321214,0,3,7,0,2,1,1,2,7586.903,2.0,5,2,1.0,0.340764331210191,0.067428069404788,1198.0,0.4461630003962475,73.21502670801013,18328.770877944324,17779.13499998999,2097.37099999,2863.123,12818.640999999989,2878.713,14900.421999989989,16.19152450331032,1,0,1,24.0,24.0,24.0,1.0,0.0,0.0,1.0,1,0,0.0,0.0,0.0,1.0,1.0,0.0,0.0,0.0,1.0,0.0,0,0,0,0,0,0,0,18,3,2022,11,30,2,0,1,2,2,0,1,0.0,0,0,LEVE,0,4
5,1,0.0420601801010322,0,4,1,-10.98545057789502,-76.03603285812332,0,4,7,0,2,0,1,2,9936.932,2.0,5,2,1.0,0.340764331210191,0.1266198111135515,3830.0,0.4881320822942266,69.77252062725891,6833.000000000002,12264.545,1826.4639999999995,1105.5389999999998,9332.542,1588.5359999999996,10676.009,12.952261987705208,2,1,0,33.0,33.0,33.0,1.0,0.0,0.0,1.0,2,1,1.0,0.0,0.0,0.0,0.0,1.0,0.0,0.0,0.0,1.0,0,0,0,0,0,0,0,22,3,2022,11,30,2,0,1,2,1,0,1,0.5,0,0,GRAVE_MORTALIDAD,2,4
6,1,0.0933450472216121,0,4,1,-7.522421,-77.730014,0,4,7,0,7,-1,-1,0,1483.374,1.0,3,-1,0.0,0.340764331210191,0.1266198111135515,253.0,0.1577696273838295,73.34939757302345,13367.980728051392,8931.828000000005,1335.5899999999997,1935.9830000000004,5660.255000000005,1219.309,7712.519000000005,13.651281686122925,1,0,0,33.0,33.0,33.0,1.0,0.0,0.0,0.0,1,0,0.0,1.0,0.0,0.0,0.0,0.0,1.0,0.0,1.0,0.0,0,0,0,0,0,0,0,1,0,2022,12,1,3,0,0,0,2,0,1,0.0,0,1,GRAVE_LESIONADOS,1,1
6,1,0.0131781243136393,2,4,1,-9.168768,-75.965217,0,3,7,0,2,-1,-1,2,7758.33400008,2.0,5,2,1.0,0.340764331210191,0.0464528882055787,2133.0,0.3085086005377726,73.29097991556696,3653.167023554604,8209.057,1333.4779999999996,791.9770000000001,6083.602,1059.8589999999997,7149.198,12.910849565303296,1,0,2,29.0,29.0,29.0,1.0,1.0,0.0,1.0,1,0,0.0,0.0,0.0,0.0,0.0,1.0,0.0,1.0,1.0,1.0,0,0,0,0,0,0,0,6,1,2022,12,1,3,0,0,2,2,0,1,0.0,0,0,LEVE,0,4
3,1,0.0420601801010322,0,4,1,-10.924733571008897,-74.87667399210798,2,4,7,0,2,-1,-1,0,5768.608,2.0,3,-1,0.0,0.340764331210191,0.1266198111135515,365.0,0.4504704361939795,78.21109613042135,61517.46466809421,12264.545,1826.4639999999995,1105.5389999999998,9332.542,1588.5359999999996,10676.009,12.952261987705208,2,0,0,40.5,34.0,47.0,1.0,0.0,0.0,0.0,2,0,0.0,0.0,0.0,1.0,1.0,1.0,0.0,0.0,0.0,0.0,0,0,0,0,0,0,0,9,1,2022,12,1,3,0,0,2,2,0,1,0.0,0,0,LEVE,0,5
3,2,0.0497474192839885,0,4,1,-5.230776,-80.049811,0,4,7,0,2,-1,-1,2,722.9000000000002,2.0,-1,2,1.0,0.0017570832418185,0.1266198111135515,123.0,0.3893523155396837,73.6911779276771,12720.513918629553,8965.846000060003,1782.4120000599992,636.9959999999999,6546.438000000004,2214.505000059999,6751.341000000004,24.699342371541725,2,0,0,33.5,23.0,44.0,1.0,0.0,1.0,1.0,2,0,0.0,0.0,0.0,1.0,1.0,0.0,0.0,0.0,1.0,1.0,0,0,0,0,0,0,0,20,3,2022,12,1,3,0,0,0,2,0,1,0.0,0,0,LEVE,0,3
6,1,0.0193279156600043,0,4,0,-13.032612,-74.957484,0,4,0,1,3,1,0,0,6543.555,2.0,-1,-1,1.0,0.4495936745003294,0.4495936745003294,1198.0,0.488230635263319,69.43676718997209,2302.593147751606,8511.426,1445.3929999999996,2008.516,5057.516999999999,1879.579,6631.846999999998,22.08300935706896,1,0,0,37.0,33.0,40.0,1.0,1.0,0.0,1.0,1,0,0.0,0.0,0.0,1.0,0.0,1.0,0.0,1.0,0.0,0.0,1,1,1,1,1,1,1,2,0,2022,12,2,4,0,0,2,1,0,1,0.0,1,1,LEVE,0,4
0,1,0.0351416648363716,0,4,1,-6.337246,-79.765726,0,4,7,0,2,-1,-1,0,1305.18,2.0,5,2,1.0,0.0160333845815945,0.0464528882055787,163.0,0.5059173540051534,75.20849370321716,18529.839400428264,3459.691,515.0619999999999,689.7280000000001,2254.901,703.3549999999999,2756.336,20.329994788551925,1,0,1,27.0,27.0,27.0,1.0,1.0,0.0,1.0,1,0,0.0,0.0,0.0,1.0,0.0,0.0,1.0,0.0,0.0,0.0,0,0,0,0,0,0,0,5,0,2022,12,2,4,0,0,0,2,0,1,0.0,0,0,LEVE,0,1
3,1,0.0821436415550186,0,4,1,-15.681142490713002,-70.5560874746419,0,4,0,0,2,-1,-1,2,1504.4250000000002,2.0,5,2,1.0,0.0252580716011421,0.0230617175488688,241.0,0.4698599762559323,78.4228993312338,6938.8501070663815,13642.312999999998,2020.7790000000005,2354.117,9267.416999999998,3314.0520000000006,10328.260999999997,24.29244952817019,2,0,0,49.0,47.0,51.0,1.0,0.0,0.0,1.0,2,0,0.0,0.0,0.0,1.0,0.0,1.0,1.0,0.0,1.0,0.0,0,0,0,0,0,0,0,7,1,2022,12,2,4,0,0,2,2,0,1,0.0,0,0,GRAVE_LESIONADOS,1,4
3,1,0.2105205359103887,2,4,1,-12.01503277091015,-76.90017695554093,0,0,7,0,2,-1,-1,0,875.67,2.0,5,2,1.0,0.0162530199868218,0.0124094003953437,156.0,0.6868549636939637,79.62363164345142,684921.8484148846,7626.313,1683.4029999999998,1599.0829999999996,4343.827000000001,1814.875,5811.438000000001,23.7975414856432,2,0,0,33.5,24.0,43.0,1.0,1.0,0.0,0.0,2,0,0.0,1.0,0.0,1.0,1.0,0.0,1.0,1.0,1.0,0.0,0,0,0,0,0,0,0,8,1,2022,12,2,4,0,0,0,2,0,1,0.0,0,0,LEVE,0,0
6,1,0.0318471337579617,0,4,3,-9.142778615478662,-77.74702647393447,0,4,0,1,1,-1,-1,2,6543.555,2.0,-1,-1,1.0,0.4495936745003294,0.4495936745003294,1198.0,0.4225175571417921,72.0073136099048,21231.4068522484,10767.648,1885.0630000000003,1222.721,7659.864000000001,2100.343,8667.305000000002,19.506051832303577,1,0,0,25.0,25.0,25.0,1.0,1.0,0.0,0.0,1,0,0.0,0.0,0.0,0.0,0.0,1.0,0.0,0.0,0.0,0.0,1,1,1,1,0,0,0,10,1,2022,12,2,4,0,0,0,2,0,1,0.0,1,1,LEVE,0,20
6,1,0.0821436415550186,0,4,2,-15.80226651273694,-70.36272155974484,0,4,7,0,7,-1,-1,2,6543.555,2.0,-1,-1,1.0,0.4495936745003294,0.4495936745003294,1198.0,0.4360760481245086,71.86716529022274,5132.002141327624,13642.312999999998,2020.7790000000005,2354.117,9267.416999999998,3314.0520000000006,10328.260999999997,24.29244952817019,2,0,0,33.0,30.0,36.0,1.0,1.0,0.0,0.0,2,0,0.0,0.0,0.0,1.0,1.0,0.0,1.0,1.0,1.0,1.0,1,1,1,1,0,0,0,16,2,2022,12,2,4,0,0,2,2,0,1,0.0,0,1,LEVE,0,4
3,1,0.0318471337579617,0,4,1,-9.00736985783495,-78.61861512295174,0,4,7,0,2,-1,-1,2,6543.555,3.0,5,2,1.0,0.1133318690972984,0.1133318690972984,1475.0,0.5751416396314166,79.13313360862875,20995.070663811563,10767.648,1885.0630000000003,1222.721,7659.864000000001,2100.343,8667.305000000002,19.506051832303577,2,0,0,37.0,25.0,49.0,1.0,0.0,0.0,0.0,2,0,0.0,1.0,0.0,1.0,0.0,0.0,1.0,0.0,0.0,1.0,0,0,0,0,0,0,0,17,2,2022,12,2,4,0,0,0,2,1,1,0.0,0,0,LEVE,0,1
3,2,0.0351416648363716,0,4,0,-6.4737448,-79.6349695,0,4,7,0,7,-1,-1,0,6543.555,2.0,-1,-1,1.0,0.4495936745003294,0.4495936745003294,1198.0,0.4223480801354451,69.21333797191475,22806.316916488224,3459.691,515.0619999999999,689.7280000000001,2254.901,703.3549999999999,2756.336,20.329994788551925,2,0,0,46.5,35.0,58.0,1.0,0.0,0.0,0.0,2,0,0.0,1.0,0.0,1.0,1.0,0.0,0.0,1.0,0.0,1.0,1,1,1,1,0,0,0,19,3,2022,12,2,4,0,0,0,2,0,1,0.0,0,1,LEVE,0,1
1,1,0.0766527564243356,2,2,4,-16.402719829329364,-71.5083360504874,0,3,7,1,2,0,1,0,6543.555,2.0,-1,-1,1.0,0.4495936745003294,0.4495936745003294,1198.0,0.6695059447902582,78.31157187229299,56182.85653104924,10322.272,1495.236,1749.739,7077.2970000000005,2886.595,7435.677000000001,27.964725207783708,1,1,1,37.0,33.0,40.0,0.0,0.0,0.0,0.0,1,1,1.0,0.0,0.0,0.0,0.0,0.0,0.0,0.0,0.0,1.0,1,1,1,1,1,1,1,21,3,2022,12,2,4,0,0,0,1,0,1,1.0,0,0,LEVE,0,4
6,1,0.2105205359103887,2,4,1,-11.944786203706464,-76.7097334987167,0,0,0,0,2,1,0,0,875.67,2.0,5,2,1.0,0.0162530199868218,0.0124094003953437,156.0,0.6831952456039544,78.60873873772867,255143.7301927195,7626.313,1683.4029999999998,1599.0829999999996,4343.827000000001,1814.875,5811.438000000001,23.7975414856432,1,0,0,22.0,22.0,22.0,1.0,0.0,0.0,0.0,1,0,0.0,0.0,0.0,1.0,1.0,0.0,0.0,0.0,0.0,0.0,0,0,0,0,0,0,0,22,3,2022,12,2,4,0,0,0,1,0,1,0.0,0,0,LEVE,0,0
10,1,0.0821436415550186,0,4,1,-16.557421618333436,-69.04112213057007,0,4,0,0,2,-1,-1,2,7586.903,2.0,5,2,1.0,0.340764331210191,0.067428069404788,1198.0,0.4241160460464029,74.28732425011668,28095.749464668093,13642.312999999998,2020.7790000000005,2354.117,9267.416999999998,3314.0520000000006,10328.260999999997,24.29244952817019,1,0,0,28.0,28.0,28.0,1.0,1.0,0.0,0.0,1,0,0.0,0.0,0.0,1.0,1.0,0.0,0.0,1.0,1.0,1.0,0,0,0,0,0,0,0,0,0,2022,12,3,5,1,0,2,2,0,1,0.0,0,0,LEVE,0,4
0,1,0.2105205359103887,2,2,4,-11.87342,-77.01557,0,0,1,0,2,-1,-1,0,6543.555,2.0,-1,-1,1.0,0.4495936745003294,0.4495936745003294,1198.0,0.6498693508177541,78.84967382596041,356854.23554603854,7626.313,1683.4029999999998,1599.0829999999996,4343.827000000001,1814.875,5811.438000000001,23.7975414856432,1,0,1,33.0,33.0,33.0,1.0,0.0,0.0,0.0,1,0,0.0,1.0,0.0,0.0,0.0,0.0,1.0,0.0,0.0,0.0,1,1,1,1,0,0,0,7,1,2022,12,3,5,1,0,0,2,0,1,0.0,0,0,LEVE,0,0
3,2,0.0933450472216121,2,2,4,-8.04052662881612,-79.05930692022208,0,2,1,0,2,-1,-1,2,6543.555,2.0,-1,-1,1.0,0.4495936745003294,0.4495936745003294,1198.0,0.583006771156836,78.2441938961209,76607.295503212,8931.828000000005,1335.5899999999997,1935.9830000000004,5660.255000000005,1219.309,7712.519000000005,13.651281686122925,2,0,0,28.0,26.0,30.0,1.0,0.0,0.0,0.0,2,0,0.0,1.0,0.0,1.0,1.0,0.0,1.0,0.0,1.0,0.0,1,1,1,1,0,0,0,9,1,2022,12,3,5,1,0,0,2,0,1,0.0,0,0,LEVE,0,1
4,1,0.0597408302218317,2,6,4,-6.69322524739075,-78.5324613771701,7,3,1,1,4,-1,-1,4,6543.555,2.0,-1,-1,1.0,0.4495936745003294,0.4495936745003294,1198.0,0.3484871558022944,76.33677469666252,76209.5845824411,15935.565011852366,1733.9250000199986,935.692,13265.948011832368,2000.1670000199988,13935.398011832369,12.551591352627522,1,0,0,21.0,21.0,21.0,1.0,0.0,0.0,0.0,1,0,0.0,1.0,0.0,0.0,1.0,0.0,0.0,0.0,0.0,0.0,1,1,1,1,0,0,0,10,1,2022,12,3,5,1,0,2,2,0,1,0.0,0,0,LEVE,0,1
2,1,0.0902701515484296,0,4,2,-14.062627600159036,-71.48901467400691,0,4,0,1,7,1,0,3,6543.555,2.0,-1,-1,1.0,0.4495936745003294,0.4495936745003294,1198.0,0.2868848693968708,64.19224905142373,2123.259100642398,17779.13499998999,2097.37099999,2863.123,12818.640999999989,2878.713,14900.421999989989,16.19152450331032,1,0,0,32.0,32.0,32.0,1.0,0.0,0.0,0.0,1,0,0.0,0.0,0.0,1.0,1.0,0.0,0.0,1.0,1.0,1.0,1,1,1,1,0,0,0,10,1,2022,12,3,5,1,0,2,1,0,1,0.0,1,1,LEVE,0,4