CLASE SINIESTRO,CANTIDAD DE VEHICULOS DAÑADOS,DEPARTAMENTO,ZONA,TIPO DE VÍA,RED VIAL,COORDENADAS LATITUD,COORDENADAS  LONGITUD,CONDICIÓN CLIMÁTICA,ZONIFICACIÓN,CARACTERÍSTICAS DE VÍA,PERFIL LONGITUDINAL VÍA,SUPERFICIE DE CALZADA,¿EXISTE SEÑAL VERTICAL?,¿EXISTE SEÑAL HORIZONTAL?,CAUSA FACTOR PRINCIPAL,MTC_RVN_LONGITUD_KM,MTC_RVN_N_CARRILES_MEDIANA,MTC_RVN_SUPERFICIE_DOMINANTE,MTC_RVN_ESTADO_DOMINANTE,MTC_RVN_ES_CONCESIONADA,MTC_RVN_CONCESION_PRINCIPAL,MTC_RVN_CORREDOR_LOGISTICO,MTC_RVN_N_TRAMOS,IDH_2019,IDH_ESP_VIDA_2019,IDH_POBLACION_2019,MTC_DEP_RED_TOTAL_KM,MTC_DEP_NACIONAL_TOTAL_KM,MTC_DEP_DEPARTAMENTAL_TOTAL_KM,MTC_DEP_VECINAL_TOTAL_KM,MTC_DEP_PAV_TOTAL_KM,MTC_DEP_NO_PAV_TOTAL_KM,MTC_DEP_PCT_PAVIMENTADA,PER_N_CONDUCTORES,PER_N_CONDUCTORES_FUGADOS,PER_N_PEATONES,PER_EDAD_COND_PROM,PER_EDAD_COND_MIN,PER_EDAD_COND_MAX,PER_ANY_COND_MASCULINO,PER_ANY_LIC_PROBLEMA,PER_ANY_DOSAJE_POS,PER_ANY_DOSAJE_EVALUADO,VEH_TOTAL,VEH_N_FUGADOS,VEH_ANY_FUGADO,VEH_ANY_CARGA,VEH_ANY_PUBLICO,VEH_ANY_PARTICULAR,VEH_ANY_MOTO,VEH_ANY_AUTO,VEH_ANY_CAMION_BUS,VEH_ANY_SOAT_PROBLEMA,VEH_ANY_CITV_PROBLEMA,VEH_ANY_SEGURO_PROBLEMA,MTC_RVN_LONGITUD_KM_ERA_NULO,MTC_RVN_N_CARRILES_MEDIANA_ERA_NULO,MTC_RVN_ES_CONCESIONADA_ERA_NULO,MTC_RVN_N_TRAMOS_ERA_NULO,PER_EDAD_COND_PROM_ERA_NULO,PER_EDAD_COND_MIN_ERA_NULO,PER_EDAD_COND_MAX_ERA_NULO,HORA_NUM,FRANJA_HORARIA,ANIO,MES,DIA_MES,DIA_SEMANA,ES_FIN_SEMANA,ES_QUINCENA,REGION_NATURAL,NIVEL_SEÑALIZACION_ORD,ES_VIA_MULTICARRIL,ES_DEPTO_BAJO_PAVIMENTO,RATIO_CONDUCTORES_FUGADOS,ES_CURVA_Y_PENDIENTE,ES_VIA_NO_PAVIMENTADA,CATEGORIA_SEVERIDAD,CATEGORIA_SEVERIDAD_ENC,CLUSTER
0,1,0.2105205359103887,2,2,4,-12.25298748930224,-76.89355283461006,0,0,7,0,2,-1,-1,0,6543.555,2.0,-1,-1,1.0,0.4495936745003294,0.4495936745003294,1198.0,0.6909236767275176,78.41626133969348,95908.53319057816,7626.313,1683.4029999999998,1599.0829999999996,4343.827000000001,1814.875,5811.438000000001,23.7975414856432,1,0,1,37.0,37.0,37.0,1.0,0.0,0.0,0.0,1,0,0.0,0.0,1.0,0.0,0.0,0.0,1.0,0.0,0.0,0.0,1,1,1,1,0,0,0,12,2,2022,12,3,5,1,0,0,2,0,1,0.0,0,0,LEVE,0,0
3,3,0.006479244454206,0,4,1,-10.695710050194045,-76.23564348831137,0,4,0,1,2,1,0,2,9936.932,2.0,5,2,1.0,0.340764331210191,0.1266198111135515,3830.0,0.6193421604458235,76.39017950195935,31875.248394004284,3677.119863,564.5869999999999,910.845,2201.687863000001,590.8779999999998,3086.2418630000006,16.06904376290656,3,0,0,42.333333333333336,29.0,63.0,1.0,0.0,0.0,1.0,3,0,0.0,1.0,0.0,1.0,0.0,1.0,1.0,0.0,0.0,0.0,0,0,0,0,0,0,0,14,2,2022,12,3,5,1,0,2,1,0,1,0.0,1,0,LEVE,0,4
3,2,0.0351416648363716,0,4,1,-6.4390482,-79.8487323,0,4,7,0,2,-1,-1,0,1305.18,2.0,5,2,1.0,0.0160333845815945,0.0464528882055787,163.0,0.4608056952818921,75.07525388209395,7702.053533190578,3459.691,515.0619999999999,689.7280000000001,2254.901,703.3549999999999,2756.336,20.329994788551925,2,0,0,49.5,36.0,63.0,1.0,0.0,0.0,0.0,2,0,0.0,1.0,0.0,0.0,0.0,0.0,1.0,0.0,0.0,0.0,0,0,0,0,0,0,0,16,2,2022,12,3,5,1,0,0,2,0,1,0.0,0,0,LEVE,0,1
1,1,0.0902701515484296,2,4,0,-13.410079835634498,-72.2072404863384,0,4,7,0,2,-1,-1,2,6543.555,2.0,-1,-1,1.0,0.4495936745003294,0.4495936745003294,1198.0,0.3348371658521636,78.42846227006076,4926.6017130620985,17779.13499998999,2097.37099999,2863.123,12818.640999999989,2878.713,14900.421999989989,16.19152450331032,1,0,1,30.0,30.0,30.0,1.0,0.0,0.0,0.0,1,0,0.0,0.0,0.0,1.0,0.0,1.0,0.0,0.0,0.0,0.0,1,1,1,1,0,0,0,19,3,2022,12,3,5,1,0,2,2,0,1,0.0,0,0,LEVE,0,4
6,1,0.0902701515484296,0,4,1,-14.096407674043547,-71.43777373554188,7,4,7,0,2,1,1,2,7586.903,2.0,5,2,1.0,0.340764331210191,0.067428069404788,1198.0,0.3717239528846259,76.4422742356139,4791.610278372591,17779.13499998999,2097.37099999,2863.123,12818.640999999989,2878.713,14900.421999989989,16.19152450331032,1,0,0,31.0,31.0,31.0,1.0,0.0,0.0,0.0,1,0,0.0,1.0,0.0,0.0,0.0,0.0,1.0,0.0,0.0,0.0,0,0,0,0,0,0,0,19,3,2022,12,3,5,1,0,2,2,0,1,0.0,0,0,LEVE,0,4
0,1,0.0933450472216121,2,3,4,-8.049076,-78.989966,0,0,7,0,2,-1,-1,0,6543.555,2.0,-1,-1,1.0,0.4495936745003294,0.4495936745003294,1198.0,0.5628682280502054,79.35078533424159,209189.32119914345,8931.828000000005,1335.5899999999997,1935.9830000000004,5660.255000000005,1219.309,7712.519000000005,13.651281686122925,1,0,1,35.0,35.0,35.0,1.0,0.0,0.0,0.0,1,0,0.0,0.0,0.0,1.0,0.0,1.0,0.0,0.0,0.0,0.0,1,1,1,1,0,0,0,20,3,2022,12,3,5,1,0,0,2,0,1,0.0,0,0,LEVE,0,1
6,1,0.2105205359103887,2,7,4,-12.124826741634587,-77.03950830798374,0,0,7,0,2,1,1,0,6543.555,2.0,-1,-1,1.0,0.4495936745003294,0.4495936745003294,1198.0,0.8326399351216524,80.31446032722859,87898.66595289079,7626.313,1683.4029999999998,1599.0829999999996,4343.827000000001,1814.875,5811.438000000001,23.7975414856432,1,0,0,28.0,28.0,28.0,1.0,1.0,0.0,0.0,1,0,0.0,0.0,0.0,1.0,1.0,0.0,0.0,0.0,1.0,0.0,1,1,1,1,0,0,0,2,0,2022,12,4,6,1,0,0,2,0,1,0.0,0,0,LEVE,0,0
6,1,0.0766527564243356,0,4,1,-16.370604,-72.137765,0,4,0,0,2,0,1,0,6639.975,2.0,5,2,1.0,0.340764331210191,0.074236766966835,1616.0,0.5796346224596807,77.5661107176013,1227.436830835118,10322.272,1495.236,1749.739,7077.2970000000005,2886.595,7435.677000000001,27.964725207783708,1,0,0,29.0,29.0,29.0,1.0,0.0,0.0,0.0,1,0,0.0,0.0,0.0,1.0,0.0,1.0,0.0,0.0,0.0,0.0,0,0,0,0,0,0,0,6,1,2022,12,4,6,1,0,0,1,0,1,0.0,0,0,LEVE,0,4
6,1,0.0213046343070502,0,4,0,-13.372259859606,-74.3378963266827,0,4,0,1,1,1,0,2,6543.555,2.0,-1,-1,1.0,0.4495936745003294,0.4495936745003294,1198.0,0.1859776092837948,69.85250115366037,15617.884368308352,12678.733000000004,1805.074000000001,1774.0339999999994,9099.625000000004,2485.375000000001,10193.358000000002,19.602707936195205,1,0,0,43.0,43.0,43.0,1.0,0.0,0.0,0.0,1,0,0.0,0.0,0.0,1.0,0.0,0.0,1.0,0.0,0.0,0.0,1,1,1,1,0,0,0,13,2,2022,12,4,6,1,0,2,1,0,1,0.0,1,1,LEVE,0,4
7,1,0.0139468482319349,0,4,2,-3.527121685414673,-80.21257093344128,0,4,7,0,7,-1,-1,0,6543.555,2.0,-1,-1,1.0,0.4495936745003294,0.4495936745003294,1198.0,0.4809550242578706,73.07176248806164,22758.41541755889,1009.101,138.47399999999996,287.471,583.156,276.972,732.129,27.447401201663663,1,0,0,28.0,28.0,28.0,1.0,1.0,0.0,0.0,1,1,1.0,0.0,0.0,0.0,0.0,0.0,0.0,0.0,0.0,1.0,1,1,1,1,0,0,0,13,2,2022,12,4,6,1,0,0,2,0,1,0.0,0,1,LEVE,0,13
3,1,0.0318471337579617,0,4,2,-9.195805105652852,-78.47421644463167,0,4,7,0,2,-1,-1,2,6543.555,2.0,-1,-1,1.0,0.4495936745003294,0.4495936745003294,1198.0,0.5575370467693914,78.64118956943892,4692.985010706639,10767.648,1885.0630000000003,1222.721,7659.864000000001,2100.343,8667.305000000002,19.506051832303577,2,0,0,40.5,36.0,45.0,1.0,1.0,0.0,0.0,2,0,0.0,0.0,0.0,1.0,0.0,1.0,0.0,1.0,1.0,1.0,1,1,1,1,0,0,0,13,2,2022,12,4,6,1,0,0,2,0,1,0.0,0,0,LEVE,0,1
0,0,0.0153744783659125,2,2,4,-12.0414112,-77.101385617,0,3,7,0,2,0,1,2,6543.555,2.0,-1,-1,1.0,0.4495936745003294,0.4495936745003294,1198.0,0.5563774842369664,77.00938809632027,27932.19700214133,51.58600000000001,44.68700000000001,6.899000000000001,0.0,49.838000000000015,1.748,96.61148373589734,1,0,1,60.0,60.0,60.0,1.0,0.0,1.0,1.0,1,0,0.0,0.0,0.0,1.0,0.0,1.0,0.0,0.0,1.0,0.0,1,1,1,1,0,0,0,19,3,2022,12,4,6,1,0,2,1,0,0,0.0,0,0,LEVE,0,0
6,1,0.0821436415550186,0,4,0,-16.27029692020428,-69.19996259369469,0,4,7,0,2,-1,-1,2,6543.555,2.0,-1,-1,1.0,0.4495936745003294,0.4495936745003294,1198.0,0.2877340121227977,76.22289581398884,708.2526766595288,13642.312999999998,2020.7790000000005,2354.117,9267.416999999998,3314.0520000000006,10328.260999999997,24.29244952817019,1,0,0,54.0,54.0,54.0,1.0,1.0,0.0,0.0,1,0,0.0,0.0,0.0,1.0,1.0,0.0,0.0,1.0,1.0,1.0,1,1,1,1,0,0,0,23,3,2022,12,4,6,1,0,2,2,0,1,0.0,0,0,LEVE,0,4
1,0,0.0821436415550186,0,4,1,-15.130574637961988,-70.21605306603558,0,4,7,0,2,-1,-1,5,1761.8050000000003,2.0,5,2,1.0,0.005820338238524,0.005820338238524,410.0,0.192208961369019,68.76766266610497,4011.042826552462,13642.312999999998,2020.7790000000005,2354.117,9267.416999999998,3314.0520000000006,10328.260999999997,24.29244952817019,1,1,1,37.0,33.0,40.0,0.0,0.0,0.0,0.0,1,1,1.0,0.0,0.0,0.0,0.0,0.0,0.0,0.0,0.0,1.0,0,0,0,0,1,1,1,23,3,2022,12,4,6,1,0,2,2,0,1,1.0,0,0,LEVE,0,4
3,2,0.0933450472216121,0,4,1,-7.248407,-79.476552,0,4,7,0,2,-1,-1,2,6543.555,3.0,5,2,1.0,0.1133318690972984,0.1133318690972984,1475.0,0.5650979329787121,81.32490571897102,43897.946466809415,8931.828000000005,1335.5899999999997,1935.9830000000004,5660.255000000005,1219.309,7712.519000000005,13.651281686122925,2,0,0,39.5,32.0,47.0,1.0,1.0,0.0,0.0,2,0,0.0,0.0,0.0,1.0,0.0,1.0,1.0,0.0,1.0,0.0,0,0,0,0,0,0,0,1,0,2022,12,5,0,0,0,0,2,1,1,0.0,0,0,LEVE,0,1
6,1,0.0597408302218317,2,6,4,-7.157707303527157,-78.50901717978292,7,3,1,1,4,0,1,0,6543.555,2.0,-1,-1,1.0,0.4495936745003294,0.4495936745003294,1198.0,0.6070175276741574,73.19224654097276,257380.9443254818,15935.565011852366,1733.9250000199986,935.692,13265.948011832368,2000.1670000199988,13935.398011832369,12.551591352627522,2,1,0,36.0,36.0,36.0,1.0,1.0,0.0,0.0,2,1,1.0,0.0,0.0,1.0,0.0,1.0,0.0,0.0,1.0,1.0,1,1,1,1,0,0,0,8,1,2022,12,5,0,0,0,2,1,0,1,0.5,0,0,LEVE,0,1
6,1,0.0821436415550186,0,4,1,-16.254420133597243,-69.34710849877888,0,4,7,0,2,-1,-1,1,7586.903,2.0,5,2,1.0,0.340764331210191,0.067428069404788,1198.0,0.4138545322335047,72.42365757071663,19964.802997858675,13642.312999999998,2020.7790000000005,2354.117,9267.416999999998,3314.0520000000006,10328.260999999997,24.29244952817019,1,0,0,68.0,68.0,68.0,1.0,0.0,0.0,0.0,1,0,0.0,0.0,0.0,1.0,1.0,0.0,0.0,0.0,0.0,0.0,0,0,0,0,0,0,0,12,2,2022,12,5,0,0,0,2,2,0,1,0.0,0,0,LEVE,0,4
3,1,0.0062596090489786,0,4,1,-12.644865,-69.277755,7,4,7,0,2,-1,-1,2,3263.58,2.0,5,2,1.0,0.0080166922907972,0.0080166922907972,566.0,0.6331639735785386,72.20641129524063,88506.68094218415,2090.391,399.431,340.021,1350.9389999999996,493.824,1596.5669999999996,23.62352306338862,3,0,0,43.66666666666666,35.0,57.0,1.0,0.0,0.0,0.0,3,0,0.0,1.0,0.0,1.0,0.0,1.0,1.0,0.0,0.0,0.0,0,0,0,0,0,0,0,12,2,2022,12,5,0,0,0,1,2,0,1,0.0,0,0,LEVE,0,21
6,1,0.0318471337579617,0,4,2,-10.15626290485088,-77.43815053603346,0,4,0,1,7,-1,-1,0,6543.555,2.0,-1,-1,1.0,0.4495936745003294,0.4495936745003294,1198.0,0.4531157308049352,69.6069712983507,1594.8458244111348,10767.648,1885.0630000000003,1222.721,7659.864000000001,2100.343,8667.305000000002,19.506051832303577,1,0,0,35.0,35.0,35.0,1.0,0.0,0.0,0.0,1,0,0.0,0.0,0.0,1.0,0.0,0.0,1.0,0.0,0.0,0.0,1,1,1,1,0,0,0,12,2,2022,12,5,0,0,0,0,2,0,1,0.0,1,1,GRAVE_MORTALIDAD,2,20
6,1,0.0193279156600043,0,4,2,-12.556023,-75.205258,0,4,0,1,1,-1,-1,0,6543.555,2.0,-1,-1,1.0,0.4495936745003294,0.4495936745003294,1198.0,0.2262367303746667,61.59940068530968,2079.06852248394,8511.426,1445.3929999999996,2008.516,5057.516999999999,1879.579,6631.846999999998,22.08300935706896,1,0,0,37.0,33.0,40.0,1.0,1.0,0.0,0.0,1,0,0.0,0.0,0.0,1.0,0.0,1.0,0.0,0.0,0.0,0.0,1,1,1,1,1,1,1,15,2,2022,12,5,0,0,0,2,2,0,1,0.0,1,1,LEVE,0,-1
6,1,0.0902701515484296,0,4,1,-14.61397281432543,-71.28630941514878,5,4,7,0,2,-1,-1,2,566.7160000000001,2.0,1,0,0.0,0.340764331210191,0.0057105205359103,137.0,0.2860092739262279,59.94781725321823,5060.0256959314775,17779.13499998999,2097.37099999,2863.123,12818.640999999989,2878.713,14900.421999989989,16.19152450331032,1,0,0,46.0,46.0,46.0,1.0,0.0,0.0,0.0,1,0,0.0,0.0,0.0,1.0,0.0,1.0,0.0,0.0,1.0,0.0,0,0,0,0,0,0,0,15,2,2022,12,5,0,0,0,2,2,0,1,0.0,0,0,LEVE,0,4
3,3,0.2105205359103887,0,4,1,-10.98525573145307,-77.64325434119341,0,0,7,0,2,-1,-1,2,6543.555,3.0,5,2,1.0,0.1133318690972984,0.1133318690972984,1475.0,0.6058977644686256,75.86009868534626,26242.524625267662,7626.313,1683.4029999999998,1599.0829999999996,4343.827000000001,1814.875,5811.438000000001,23.7975414856432,3,0,1,44.66666666666666,25.0,63.0,1.0,0.0,0.0,1.0,3,0,0.0,1.0,0.0,1.0,0.0,0.0,1.0,0.0,0.0,0.0,0,0,0,0,0,0,0,17,2,2022,12,5,0,0,0,0,2,1,1,0.0,0,0,LEVE,0,0
6,1,0.2105205359103887,2,2,4,-11.97631213196792,-76.78678259760014,0,3,7,0,1,-1,-1,0,6543.555,2.0,-1,-1,1.0,0.4495936745003294,0.4495936745003294,1198.0,0.6831952456039544,78.60873873772867,255143.7301927195,7626.313,1683.4029999999998,1599.0829999999996,4343.827000000001,1814.875,5811.438000000001,23.7975414856432,1,0,0,34.0,34.0,34.0,0.0,1.0,0.0,0.0,1,0,0.0,0.0,1.0,0.0,1.0,0.0,0.0,1.0,1.0,1.0,1,1,1,1,0,0,0,18,3,2022,12,5,0,0,0,0,2,0,1,0.0,0,1,LEVE,0,0
0,1,0.2105205359103887,2,4,2,-12.149398443350512,-76.87106961727629,0,3,1,0,2,-1,-1,0,6543.555,2.0,-1,-1,1.0,0.4495936745003294,0.4495936745003294,1198.0,0.6463106547105882,77.51872248135703,140977.61456102785,7626.313,1683.4029999999998,1599.0829999999996,4343.827000000001,1814.875,5811.438000000001,23.7975414856432,1,0,1,31.0,31.0,31.0,1.0,0.0,0.0,0.0,1,0,0.0,0.0,0.0,0.0,0.0,1.0,0.0,0.0,1.0,0.0,1,1,1,1,0,0,0,20,3,2022,12,5,0,0,0,0,2,0,1,0.0,0,0,LEVE,0,0
6,1,0.2105205359103887,2,2,4,-11.985932,-77.086157,0,3,7,0,2,-1,-1,0,6543.555,2.0,-1,-1,1.0,0.4495936745003294,0.4495936745003294,1198.0,0.7419979630670723,80.31822295927182,739416.2413542903,7626.313,1683.4029999999998,1599.0829999999996,4343.827000000001,1814.875,5811.438000000001,23.7975414856432,1,0,0,42.0,42.0,42.0,1.0,1.0,0.0,0.0,1,0,0.0,0.0,0.0,1.0,1.0,0.0,0.0,0.0,1.0,0.0,1,1,1,1,0,0,0,23,3,2022,12,5,0,0,0,0,2,0,1,0.0,0,0,LEVE,0,0
1,1,0.0182297386338677,0,4,1,-13.500488,-73.808641,0,4,7,0,2,1,1,2,7586.903,2.0,5,2,1.0,0.340764331210191,0.067428069404788,1198.0,0.4192164217293653,68.17945161913431,6209.351177730193,8358.971,1282.451,1298.0969999999998,5778.423,1432.683,6926.288,17.139466089785454,1,1,1,37.0,33.0,40.0,0.0,0.0,0.0,0.0,1,1,1.0,0.0,0.0,0.0,0.0,0.0,0.0,0.0,0.0,1.0,0,0,0,0,1,1,1,4,0,2022,12,6,1,0,0,2,2,0,1,1.0,0,0,LEVE,0,4
3,2,0.0351416648363716,0,4,1,-6.8444147,-79.8293059,0,4,7,0,2,-1,-1,0,6543.555,3.0,5,2,1.0,0.1133318690972984,0.1133318690972984,1475.0,0.4741120956135246,82.20413595948395,32071.66595289079,3459.691,515.0619999999999,689.7280000000001,2254.901,703.3549999999999,2756.336,20.329994788551925,2,0,0,35.5,23.0,48.0,1.0,0.0,0.0,0.0,2,0,0.0,0.0,1.0,0.0,1.0,0.0,1.0,0.0,1.0,1.0,0,0,0,0,0,0,0,6,1,2022,12,6,1,0,0,0,2,1,1,0.0,0,0,GRAVE_LESIONADOS,1,1
3,2,0.0475510652317153,0,4,1,-13.50844825,-76.18486274,0,4,7,0,2,-1,-1,2,205.54999999999995,-1.0,5,2,1.0,0.0040632549967054,0.074236766966835,15.0,0.575108675542622,80.48751485041296,12460.550321199144,3721.461,698.1859999999996,744.866,2278.409,1102.9029999999996,2618.558,29.636290693359403,2,0,0,51.0,46.0,56.0,1.0,0.0,0.0,0.0,2,0,0.0,1.0,0.0,0.0,0.0,0.0,1.0,0.0,0.0,0.0,0,0,0,0,0,0,0,7,1,2022,12,6,1,0,0,0,2,0,1,0.0,0,0,LEVE,0,7
6,1,0.0131781243136393,0,4,1,-9.89185574757498,-75.97310896254768,0,4,0,1,2,1,0,2,926.7690000000002,2.0,3,1,0.0,0.340764331210191,0.1266198111135515,124.0,0.2488101415616882,69.007841453463,22296.95503211992,8209.057,1333.4779999999996,791.9770000000001,6083.602,1059.8589999999997,7149.198,12.910849565303296,1,0,0,37.0,37.0,37.0,1.0,1.0,0.0,1.0,1,0,0.0,0.0,0.0,1.0,0.0,1.0,0.0,0.0,1.0,0.0,0,0,0,0,0,0,0,8,1,2022,12,6,1,0,0,2,1,0,1,0.0,1,0,LEVE,0,4
6,1,0.2105205359103887,2,7,4,-12.124395043907858,-77.04037845797377,0,0,7,0,2,1,1,0,6543.555,2.0,-1,-1,1.0,0.4495936745003294,0.4495936745003294,1198.0,0.8326399351216524,80.31446032722859,87898.66595289079,7626.313,1683.4029999999998,1599.0829999999996,4343.827000000001,1814.875,5811.438000000001,23.7975414856432,1,0,0,39.0,39.0,39.0,1.0,0.0,0.0,0.0,1,0,0.0,0.0,0.0,1.0,1.0,0.0,0.0,0.0,1.0,0.0,1,1,1,1,0,0,0,10,1,2022,12,6,1,0,0,0,2,0,1,0.0,0,0,LEVE,0,0
0,1,0.2105205359103887,2,2,4,-12.091149255233129,-77.00845235698405,0,0,7,0,2,-1,-1,0,6543.555,2.0,-1,-1,1.0,0.4495936745003294,0.4495936745003294,1198.0,0.7888324174847985,80.35414029442592,53212.44111349037,7626.313,1683.4029999999998,1599.0829999999996,4343.827000000001,1814.875,5811.438000000001,23.7975414856432,3,0,1,33.0,30.0,39.0,1.0,0.0,0.0,0.0,3,0,0.0,1.0,1.0,0.0,0.0,0.0,1.0,1.0,0.0,0.0,1,1,1,1,0,0,0,11,1,2022,12,6,1,0,0,0,2,0,1,0.0,0,0,LEVE,0,0
3,3,0.0902701515484296,0,4,1,-13.595739065519709,-71.78046881939404,0,4,7,0,2,1,1,2,7586.903,2.0,5,2,1.0,0.340764331210191,0.067428069404788,1198.0,0.5065580412535501,64.79370905469777,8658.316916488222,17779.13499998999,2097.37099999,2863.123,12818.640999999989,2878.713,14900.421999989989,16.19152450331032,4,0,0,43.0,35.0,57.0,1.0,0.0,0.0,0.0,4,1,1.0,0.0,0.0,1.0,0.0,1.0,1.0,0.0,0.0,1.0,0,0,0,0,0,0,0,16,2,2022,12,6,1,0,0,2,2,0,1,0.0,0,0,GRAVE_LESIONADOS,1,4
3,1,0.0318471337579617,2,2,4,-9.118276868,-78.52968191,0,0,1,0,2,-1,-1,0,6543.555,2.0,-1,-1,1.0,0.4495936745003294,0.4495936745003294,1198.0,0.6459598096056908,78.63908715089502,175440.59743040687,10767.648,1885.0630000000003,1222.721,7659.864000000001,2100.343,8667.305000000002,19.506051832303577,2,0,0,58.5,57.0,60.0,1.0,0.0,0.0,0.0,2,0,0.0,0.0,0.0,0.0,0.0,1.0,0.0,1.0,1.0,1.0,1,1,1,1,0,0,0,16,2,2022,12,6,1,0,0,0,2,0,1,0.0,0,0,LEVE,0,1
3,2,0.0902701515484296,2,4,0,-14.783971,-71.4111533,5,3,7,0,2,1,1,2,6543.555,2.0,-1,-1,1.0,0.4495936745003294,0.4495936745003294,1198.0,0.553052655456334,69.21726434550523,33976.192719486084,17779.13499998999,2097.37099999,2863.123,12818.640999999989,2878.713,14900.421999989989,16.19152450331032,2,0,0,32.0,27.0,37.0,1.0,0.0,0.0,1.0,2,0,0.0,0.0,0.0,1.0,1.0,0.0,1.0,1.0,1.0,1.0,1,1,1,1,0,0,0,19,3,2022,12,6,1,0,0,2,2,0,1,0.0,0,0,LEVE,0,4
0,1,0.0037338018888644,2,4,1,-17.193508550840217,-70.91759698233433,6,5,6,-1,6,-1,-1,0,1529.105,2.0,5,2,1.0,0.340764331210191,0.0038436195914781,200.0,0.7019393796398946,77.75173796903684,64680.35760171306,2949.174,470.28500000000025,903.055,1575.834,866.4460000000004,2082.728,29.37927704503025,1,0,1,38.0,38.0,38.0,1.0,0.0,0.0,0.0,1,0,0.0,0.0,0.0,1.0,0.0,1.0,0.0,0.0,0.0,0.0,0,0,0,0,0,0,0,20,3,2022,12,6,1,0,0,0,2,0,1,0.0,0,0,LEVE,0,10
3,2,0.0475510652317153,2,4,2,-14.067722,-75.683214,0,3,7,0,2,-1,-1,0,6543.555,2.0,-1,-1,1.0,0.4495936745003294,0.4495936745003294,1198.0,0.616344289610642,80.7965682315964,54312.19271948608,3721.461,698.1859999999996,744.866,2278.409,1102.9029999999996,2618.558,29.636290693359403,2,0,0,56.0,24.0,88.0,1.0,0.0,0.0,1.0,2,0,0.0,0.0,0.0,1.0,1.0,0.0,0.0,0.0,0.0,1.0,1,1,1,1,0,0,0,5,0,2022,12,7,2,0,0,0,2,0,1,0.0,0,0,LEVE,0,7
6,1,0.0933450472216121,0,4,1,-7.961210168746557,-78.636891555716,0,4,7,0,2,-1,-1,6,610.6099999999999,2.0,5,2,1.0,0.0133977597188666,0.0065890621568196,100.0,0.3809823047796905,74.4473973089921,26695.141327623125,8931.828000000005,1335.5899999999997,1935.9830000000004,5660.255000000005,1219.309,7712.519000000005,13.651281686122925,1,0,0,46.0,46.0,46.0,1.0,0.0,0.0,0.0,1,0,0.0,0.0,0.0,1.0,0.0,0.0,1.0,0.0,1.0,0.0,0,0,0,0,0,0,0,8,1,2022,12,7,2,0,0,0,2,0,1,0.0,0,0,LEVE,0,1
3,5,0.0497474192839885,0,4,1,-6.0892981,-80.5001784,0,4,7,0,2,-1,-1,0,6543.555,3.0,5,2,1.0,0.1133318690972984,0.1133318690972984,1475.0,0.4860724693701166,72.15814961491549,48691.10064239828,8965.846000060003,1782.4120000599992,636.9959999999999,6546.438000000004,2214.505000059999,6751.341000000004,24.699342371541725,5,0,0,49.2,33.0,66.0,1.0,0.0,0.0,1.0,5,0,0.0,1.0,0.0,1.0,0.0,0.0,1.0,0.0,1.0,0.0,0,0,0,0,0,0,0,13,2,2022,12,7,2,0,0,0,2,1,1,0.0,0,0,GRAVE_MORTALIDAD,2,42
10,1,0.0318471337579617,0,4,1,-9.528202970424427,-77.54444130242483,0,4,5,1,2,-1,-1,0,729.0909999999999,1.0,5,2,0.0,0.340764331210191,0.0007687239182956,195.0,0.5849977076393457,75.29860916717843,78605.04710920772,10767.648,1885.0630000000003,1222.721,7659.864000000001,2100.343,8667.305000000002,19.506051832303577,1,0,0,20.0,20.0,20.0,1.0,0.0,0.0,0.0,1,0,0.0,0.0,1.0,0.0,1.0,0.0,0.0,0.0,1.0,0.0,0,0,0,0,0,0,0,15,2,2022,12,7,2,0,0,0,2,0,1,0.0,1,0,LEVE,0,20
6,1,0.0821436415550186,0,4,3,-16.758,-69.325,0,4,0,0,7,-1,-1,2,6543.555,2.0,-1,-1,1.0,0.4495936745003294,0.4495936745003294,1198.0,0.3395425415266465,75.63312664085699,20389.45182012848,13642.312999999998,2020.7790000000005,2354.117,9267.416999999998,3314.0520000000006,10328.260999999997,24.29244952817019,1,0,0,42.0,42.0,42.0,1.0,1.0,0.0,0.0,1,0,0.0,0.0,0.0,1.0,1.0,0.0,0.0,1.0,1.0,1.0,1,1,1,1,0,0,0,19,3,2022,12,7,2,0,0,2,2,0,1,0.0,0,1,LEVE,0,4
0,1,0.0059301559411377,0,4,1,-5.883872401994309,-78.20081233978273,0,4,5,0,2,-1,-1,0,7758.33400008,2.0,5,2,1.0,0.340764331210191,0.0464528882055787,2133.0,0.4075997077501307,70.99108840660561,6951.764453961456,3903.732,1155.121,585.018,2163.5930000000003,943.591,2960.1410000000005,24.17151074920102,1,0,1,45.0,45.0,45.0,1.0,0.0,0.0,0.0,1,0,0.0,0.0,1.0,0.0,0.0,0.0,1.0,0.0,0.0,0.0,0,0,0,0,0,0,0,20,3,2022,12,7,2,0,0,1,2,0,1,0.0,0,0,LEVE,0,1