CLASE SINIESTRO,CANTIDAD DE VEHICULOS DAÑADOS,DEPARTAMENTO,ZONA,TIPO DE VÍA,RED VIAL,COORDENADAS LATITUD,COORDENADAS  LONGITUD,CONDICIÓN CLIMÁTICA,ZONIFICACIÓN,CARACTERÍSTICAS DE VÍA,PERFIL LONGITUDINAL VÍA,SUPERFICIE DE CALZADA,¿EXISTE SEÑAL VERTICAL?,¿EXISTE SEÑAL HORIZONTAL?,CAUSA FACTOR PRINCIPAL,MTC_RVN_LONGITUD_KM,MTC_RVN_N_CARRILES_MEDIANA,MTC_RVN_SUPERFICIE_DOMINANTE,MTC_RVN_ESTADO_DOMINANTE,MTC_RVN_ES_CONCESIONADA,MTC_RVN_CONCESION_PRINCIPAL,MTC_RVN_CORREDOR_LOGISTICO,MTC_RVN_N_TRAMOS,IDH_2019,IDH_ESP_VIDA_2019,IDH_POBLACION_2019,MTC_DEP_RED_TOTAL_KM,MTC_DEP_NACIONAL_TOTAL_KM,MTC_DEP_DEPARTAMENTAL_TOTAL_KM,MTC_DEP_VECINAL_TOTAL_KM,MTC_DEP_PAV_TOTAL_KM,MTC_DEP_NO_PAV_TOTAL_KM,MTC_DEP_PCT_PAVIMENTADA,PER_N_CONDUCTORES,PER_N_CONDUCTORES_FUGADOS,PER_N_PEATONES,PER_EDAD_COND_PROM,PER_EDAD_COND_MIN,PER_EDAD_COND_MAX,PER_ANY_COND_MASCULINO,PER_ANY_LIC_PROBLEMA,PER_ANY_DOSAJE_POS,PER_ANY_DOSAJE_EVALUADO,VEH_TOTAL,VEH_N_FUGADOS,VEH_ANY_FUGADO,VEH_ANY_CARGA,VEH_ANY_PUBLICO,VEH_ANY_PARTICULAR,VEH_ANY_MOTO,VEH_ANY_AUTO,VEH_ANY_CAMION_BUS,VEH_ANY_SOAT_PROBLEMA,VEH_ANY_CITV_PROBLEMA,VEH_ANY_SEGURO_PROBLEMA,MTC_RVN_LONGITUD_KM_ERA_NULO,MTC_RVN_N_CARRILES_MEDIANA_ERA_NULO,MTC_RVN_ES_CONCESIONADA_ERA_NULO,MTC_RVN_N_TRAMOS_ERA_NULO,PER_EDAD_COND_PROM_ERA_NULO,PER_EDAD_COND_MIN_ERA_NULO,PER_EDAD_COND_MAX_ERA_NULO,HORA_NUM,FRANJA_HORARIA,ANIO,MES,DIA_MES,DIA_SEMANA,ES_FIN_SEMANA,ES_QUINCENA,REGION_NATURAL,NIVEL_SEÑALIZACION_ORD,ES_VIA_MULTICARRIL,ES_DEPTO_BAJO_PAVIMENTO,RATIO_CONDUCTORES_FUGADOS,ES_CURVA_Y_PENDIENTE,ES_VIA_NO_PAVIMENTADA,CATEGORIA_SEVERIDAD,CATEGORIA_SEVERIDAD_ENC,CLUSTER
6,1,0.0597408302218317,0,4,2,-6.49356833,-78.87548333,0,4,0,1,1,-1,-1,6,6543.555,2.0,-1,-1,1.0,0.4495936745003294,0.4495936745003294,1198.0,0.3011301347839704,71.97114344661169,5264.304068522484,15935.565011852366,1733.9250000199986,935.692,13265.948011832368,2000.1670000199988,13935.398011832369,12.551591352627522,1,0,0,40.0,40.0,40.0,1.0,1.0,0.0,0.0,1,0,0.0,0.0,0.0,1.0,0.0,0.0,1.0,1.0,1.0,0.0,1,1,1,1,0,0,0,1,0,2022,12,8,3,0,0,2,2,0,1,0.0,1,1,GRAVE_LESIONADOS,1,1
6,1,0.2105205359103887,2,2,4,-12.1961847637265,-77.00054599573585,0,0,7,0,2,-1,-1,0,6543.555,2.0,-1,-1,1.0,0.4495936745003294,0.4495936745003294,1198.0,0.7583553928164398,79.82595632107274,333655.3618843683,7626.313,1683.4029999999998,1599.0829999999996,4343.827000000001,1814.875,5811.438000000001,23.7975414856432,1,0,0,49.0,49.0,49.0,1.0,1.0,0.0,0.0,1,0,0.0,0.0,0.0,1.0,1.0,0.0,0.0,0.0,1.0,0.0,1,1,1,1,0,0,0,4,0,2022,12,8,3,0,0,0,2,0,1,0.0,0,0,LEVE,0,0
7,1,0.0213046343070502,0,4,1,-14.64194,-74.047936,0,4,0,1,2,1,0,5,2238.6850000000004,2.0,5,2,1.0,0.0036239841862508,0.0036239841862508,115.0,0.4950731249259912,69.7513864790014,14073.599571734474,12678.733000000004,1805.074000000001,1774.0339999999994,9099.625000000004,2485.375000000001,10193.358000000002,19.602707936195205,1,0,1,28.0,28.0,28.0,1.0,0.0,0.0,1.0,1,0,0.0,1.0,0.0,0.0,0.0,0.0,1.0,0.0,1.0,0.0,0,0,0,0,0,0,0,9,1,2022,12,8,3,0,0,2,1,0,1,0.0,1,0,LEVE,0,46
10,1,0.0902701515484296,0,4,1,-13.124599798851245,-72.33221523548895,0,4,0,1,2,1,1,0,3447.8009999999995,1.0,5,1,0.0,0.340764331210191,0.0101032286404568,1109.0,0.4706944943299555,76.79406176595778,3282.6252676659524,17779.13499998999,2097.37099999,2863.123,12818.640999999989,2878.713,14900.421999989989,16.19152450331032,1,0,0,30.0,30.0,30.0,1.0,0.0,0.0,1.0,1,0,0.0,0.0,0.0,1.0,0.0,1.0,0.0,0.0,0.0,0.0,0,0,0,0,0,0,0,13,2,2022,12,8,3,0,0,2,2,0,1,0.0,1,0,GRAVE_MORTALIDAD,2,4
6,1,0.0597408302218317,0,4,1,-6.49894333,-78.82061,0,4,0,0,2,1,1,0,9936.932,2.0,5,2,1.0,0.340764331210191,0.1266198111135515,3830.0,0.3011301347839704,71.97114344661169,5264.304068522484,15935.565011852366,1733.9250000199986,935.692,13265.948011832368,2000.1670000199988,13935.398011832369,12.551591352627522,1,0,0,52.0,52.0,52.0,1.0,0.0,0.0,0.0,1,0,0.0,1.0,0.0,0.0,0.0,0.0,1.0,0.0,1.0,0.0,0,0,0,0,0,0,0,14,2,2022,12,8,3,0,0,2,2,0,1,0.0,0,0,LEVE,0,1
3,2,0.0821436415550186,0,4,2,-16.19722114894739,-70.13273287750263,2,4,7,0,2,-1,-1,2,6543.555,2.0,-1,-1,1.0,0.4495936745003294,0.4495936745003294,1198.0,0.3279226888241855,68.17036545870775,5184.3083511777295,13642.312999999998,2020.7790000000005,2354.117,9267.416999999998,3314.0520000000006,10328.260999999997,24.29244952817019,2,0,2,59.5,54.0,65.0,1.0,0.0,0.0,0.0,2,0,0.0,0.0,1.0,0.0,0.0,0.0,1.0,0.0,0.0,0.0,1,1,1,1,0,0,0,22,3,2022,12,8,3,0,0,2,2,0,1,0.0,0,0,GRAVE_MORTALIDAD,2,4
6,1,0.0821436415550186,0,4,1,-15.299009076997503,-69.98580957023911,0,4,7,0,2,-1,-1,2,1762.84,2.0,-1,2,0.0,0.340764331210191,0.1266198111135515,485.0,0.3120136684565522,74.56643070176949,12390.518201284798,13642.312999999998,2020.7790000000005,2354.117,9267.416999999998,3314.0520000000006,10328.260999999997,24.29244952817019,1,0,0,30.0,30.0,30.0,1.0,0.0,0.0,0.0,1,0,0.0,0.0,0.0,1.0,1.0,0.0,0.0,1.0,1.0,1.0,0,0,0,0,0,0,0,23,3,2022,12,8,3,0,0,2,2,0,1,0.0,0,0,LEVE,0,4
6,1,0.0475510652317153,0,4,1,-13.931783,-75.914188,0,4,7,0,2,-1,-1,0,6639.975,2.0,5,2,1.0,0.340764331210191,0.074236766966835,1616.0,0.6053164595604621,78.88848309050202,27932.19700214133,3721.461,698.1859999999996,744.866,2278.409,1102.9029999999996,2618.558,29.636290693359403,1,0,0,30.0,30.0,30.0,1.0,0.0,0.0,0.0,1,0,0.0,0.0,0.0,1.0,1.0,0.0,0.0,1.0,1.0,1.0,0,0,0,0,0,0,0,1,0,2022,12,9,4,0,0,0,2,0,1,0.0,0,0,LEVE,0,7
6,1,0.0902701515484296,0,4,2,-14.346908513778695,-72.16547963483764,0,4,7,1,1,-1,-1,2,6543.555,2.0,-1,-1,1.0,0.4495936745003294,0.4495936745003294,1198.0,0.2411536248675914,71.16845637511706,4403.670235546038,17779.13499998999,2097.37099999,2863.123,12818.640999999989,2878.713,14900.421999989989,16.19152450331032,1,0,0,36.0,36.0,36.0,1.0,0.0,0.0,0.0,1,0,0.0,0.0,0.0,1.0,0.0,0.0,1.0,0.0,0.0,0.0,1,1,1,1,0,0,0,16,2,2022,12,9,4,0,0,2,2,0,1,0.0,0,1,LEVE,0,4
0,1,0.0821436415550186,0,4,1,-16.5830728,-69.2295886,0,4,7,0,2,-1,-1,4,1529.105,2.0,5,2,1.0,0.340764331210191,0.0038436195914781,200.0,0.2394362064959017,73.4288503002124,17422.250535331903,13642.312999999998,2020.7790000000005,2354.117,9267.416999999998,3314.0520000000006,10328.260999999997,24.29244952817019,1,0,1,30.0,30.0,30.0,1.0,0.0,0.0,0.0,1,0,0.0,1.0,0.0,0.0,0.0,0.0,1.0,0.0,0.0,0.0,0,0,0,0,0,0,0,20,3,2022,12,9,4,0,0,2,2,0,1,0.0,0,0,LEVE,0,4
1,1,0.0293213265978475,2,4,1,-5.80581,-77.39851,0,4,7,0,2,-1,-1,0,7758.33400008,2.0,5,2,1.0,0.340764331210191,0.0464528882055787,2133.0,0.4789759027469384,73.43778249935497,47552.6295503212,5645.136,815.0759999999999,965.298,3864.762,1013.406,4631.73,17.95184385283189,1,1,1,37.0,33.0,40.0,0.0,0.0,0.0,0.0,1,1,1.0,0.0,0.0,0.0,0.0,0.0,0.0,0.0,0.0,1.0,0,0,0,0,1,1,1,20,3,2022,12,9,4,0,0,1,2,0,1,1.0,0,0,LEVE,0,2
4,1,0.0293213265978475,0,4,1,-6.115332,-77.094342,0,4,7,0,2,-1,-1,0,2760.8550000000005,1.0,-1,1,0.0,0.340764331210191,0.1266198111135515,1208.0,0.4911852204744946,74.58350394796228,1878.9700214132763,5645.136,815.0759999999999,965.298,3864.762,1013.406,4631.73,17.95184385283189,1,0,0,29.0,29.0,29.0,0.0,1.0,0.0,0.0,1,0,0.0,0.0,0.0,1.0,1.0,0.0,0.0,0.0,1.0,0.0,0,0,0,0,0,0,0,1,0,2022,12,10,5,1,0,1,2,0,1,0.0,0,0,LEVE,0,2
3,2,0.0420601801010322,0,4,1,-11.788858,-75.668149,0,4,0,1,2,-1,-1,2,7586.903,2.0,5,2,1.0,0.340764331210191,0.067428069404788,1198.0,0.4545643050211295,68.73444804749025,1424.8051391862955,12264.545,1826.4639999999995,1105.5389999999998,9332.542,1588.5359999999996,10676.009,12.952261987705208,2,0,0,37.0,30.0,44.0,1.0,1.0,0.0,1.0,2,0,0.0,0.0,1.0,1.0,0.0,1.0,1.0,0.0,1.0,0.0,0,0,0,0,0,0,0,3,0,2022,12,10,5,1,0,2,2,0,1,0.0,1,0,GRAVE_MORTALIDAD,2,4
6,1,0.2105205359103887,2,6,4,-12.044576173781527,-77.0457080251964,0,0,7,0,2,-1,-1,0,6543.555,2.0,-1,-1,1.0,0.4495936745003294,0.4495936745003294,1198.0,0.7646845961658533,80.23682119426338,250806.0877944326,7626.313,1683.4029999999998,1599.0829999999996,4343.827000000001,1814.875,5811.438000000001,23.7975414856432,1,0,2,59.0,59.0,59.0,1.0,0.0,0.0,0.0,1,0,0.0,0.0,0.0,1.0,0.0,1.0,0.0,0.0,0.0,0.0,1,1,1,1,0,0,0,10,1,2022,12,10,5,1,0,0,2,0,1,0.0,0,0,LEVE,0,0
6,1,0.0059301559411377,2,4,0,-5.76165,-78.4021,7,4,7,0,2,-1,-1,0,6543.555,2.0,-1,-1,1.0,0.4495936745003294,0.4495936745003294,1198.0,0.451709642936526,71.53289088984752,24816.633832976444,3903.732,1155.121,585.018,2163.5930000000003,943.591,2960.1410000000005,24.17151074920102,1,0,0,21.0,21.0,21.0,1.0,1.0,0.0,0.0,1,0,0.0,0.0,1.0,0.0,1.0,0.0,0.0,0.0,1.0,0.0,1,1,1,1,0,0,0,11,1,2022,12,10,5,1,0,1,2,0,1,0.0,0,0,LEVE,0,1
4,1,0.0153744783659125,2,4,1,-12.0386153180246,-77.099686344007,0,0,7,0,4,0,1,2,50.53,2.0,5,1,1.0,0.340764331210191,0.1266198111135515,128.0,0.5563774842369664,77.00938809632027,27932.19700214133,51.58600000000001,44.68700000000001,6.899000000000001,0.0,49.838000000000015,1.748,96.61148373589734,1,0,0,23.0,23.0,23.0,1.0,0.0,0.0,0.0,1,0,0.0,0.0,0.0,1.0,1.0,0.0,0.0,0.0,0.0,0.0,0,0,0,0,0,0,0,14,2,2022,12,10,5,1,0,2,1,0,0,0.0,0,0,LEVE,0,0
6,1,0.0318471337579617,0,4,0,-10.01960875114767,-78.06741046248136,0,4,0,1,2,-1,-1,0,6543.555,2.0,-1,-1,1.0,0.4495936745003294,0.4495936745003294,1198.0,0.594329796273136,79.51274210494626,25729.80728051392,10767.648,1885.0630000000003,1222.721,7659.864000000001,2100.343,8667.305000000002,19.506051832303577,1,0,0,20.0,20.0,20.0,1.0,1.0,0.0,0.0,1,0,0.0,0.0,0.0,1.0,1.0,0.0,0.0,0.0,1.0,0.0,1,1,1,1,0,0,0,22,3,2022,12,10,5,1,0,0,2,0,1,0.0,1,0,LEVE,0,35
1,1,0.2105205359103887,2,4,1,-12.183602550323704,-76.97522781345661,0,0,7,0,2,-1,-1,0,6639.975,2.0,5,2,1.0,0.340764331210191,0.074236766966835,1616.0,0.7289998534947872,80.50926319493618,384728.5117773019,7626.313,1683.4029999999998,1599.0829999999996,4343.827000000001,1814.875,5811.438000000001,23.7975414856432,2,1,1,37.0,33.0,40.0,0.0,0.0,0.0,0.0,2,1,1.0,0.0,0.0,1.0,0.0,1.0,0.0,0.0,0.0,1.0,0,0,0,0,1,1,1,23,3,2022,12,10,5,1,0,0,2,0,1,0.5,0,0,LEVE,0,0
0,1,0.2105205359103887,2,4,1,-11.951577,-76.726837,0,4,7,0,2,-1,-1,0,875.67,2.0,5,2,1.0,0.0162530199868218,0.0124094003953437,156.0,0.6831952456039544,78.60873873772867,255143.7301927195,7626.313,1683.4029999999998,1599.0829999999996,4343.827000000001,1814.875,5811.438000000001,23.7975414856432,1,0,1,41.0,41.0,41.0,1.0,0.0,0.0,0.0,1,0,0.0,0.0,1.0,0.0,0.0,0.0,1.0,0.0,0.0,0.0,0,0,0,0,0,0,0,0,0,2022,12,11,6,1,0,0,2,0,1,0.0,0,0,LEVE,0,0
0,1,0.0420601801010322,2,4,1,-12.054954,-75.283905,0,4,7,0,2,-1,-1,2,1452.982,1.0,-1,1,1.0,0.340764331210191,0.0006589062156819,441.0,0.5285636336071157,73.42501182291251,13113.002141327624,12264.545,1826.4639999999995,1105.5389999999998,9332.542,1588.5359999999996,10676.009,12.952261987705208,1,0,1,28.0,28.0,28.0,1.0,0.0,1.0,1.0,1,0,0.0,0.0,1.0,0.0,0.0,0.0,1.0,0.0,0.0,0.0,0,0,0,0,0,0,0,5,0,2022,12,11,6,1,0,2,2,0,1,0.0,0,0,LEVE,0,4
6,1,0.0161432022842082,0,4,1,-17.7816758,-69.960725,0,4,0,1,2,-1,-1,2,800.5849999999999,2.0,5,2,0.0,0.340764331210191,0.1266198111135515,395.0,0.5200597875929114,75.48128825556356,1891.687366167024,2650.572,630.6729999999998,487.3610000000001,1532.5379999999998,1068.7019999999998,1581.87,40.31967439480987,1,0,0,46.0,46.0,46.0,1.0,0.0,0.0,1.0,1,0,0.0,0.0,0.0,1.0,0.0,0.0,1.0,0.0,0.0,0.0,0,0,0,0,0,0,0,7,1,2022,12,11,6,1,0,0,2,0,1,0.0,1,0,GRAVE_MORTALIDAD,2,9
1,1,0.0497474192839885,2,6,4,-5.183082788205004,-79.97179906624112,0,4,7,0,0,-1,-1,0,6543.555,2.0,-1,-1,1.0,0.4495936745003294,0.4495936745003294,1198.0,0.4969002366620188,75.54645400071168,13757.368308351177,8965.846000060003,1782.4120000599992,636.9959999999999,6546.438000000004,2214.505000059999,6751.341000000004,24.699342371541725,1,1,1,37.0,33.0,40.0,0.0,0.0,0.0,0.0,1,1,1.0,0.0,0.0,0.0,0.0,0.0,0.0,0.0,0.0,1.0,1,1,1,1,1,1,1,9,1,2022,12,11,6,1,0,0,2,0,1,1.0,0,0,LEVE,0,3
0,1,0.2105205359103887,2,4,1,-11.924983900113457,-77.07292633774752,0,2,7,0,2,-1,-1,0,6543.555,3.0,5,2,1.0,0.1133318690972984,0.1133318690972984,1475.0,0.7218926988400113,80.0902077245261,530000.3426124197,7626.313,1683.4029999999998,1599.0829999999996,4343.827000000001,1814.875,5811.438000000001,23.7975414856432,1,0,1,37.0,37.0,37.0,1.0,0.0,0.0,0.0,1,0,0.0,0.0,0.0,1.0,0.0,1.0,0.0,0.0,0.0,0.0,0,0,0,0,0,0,0,12,2,2022,12,11,6,1,0,0,2,1,1,0.0,0,0,LEVE,0,0
6,1,0.0318471337579617,0,4,1,-8.424965607503932,-78.01537559310515,0,4,0,1,2,-1,-1,0,9936.932,2.0,5,2,1.0,0.340764331210191,0.1266198111135515,3830.0,0.3037800567900134,68.33773772958087,2817.6531049250534,10767.648,1885.0630000000003,1222.721,7659.864000000001,2100.343,8667.305000000002,19.506051832303577,1,0,0,80.0,80.0,80.0,1.0,0.0,0.0,0.0,1,0,0.0,0.0,0.0,1.0,0.0,0.0,1.0,0.0,1.0,0.0,0,0,0,0,0,0,0,15,2,2022,12,11,6,1,0,0,2,0,1,0.0,1,0,LEVE,0,1
3,1,0.0420601801010322,2,4,1,-12.083191,-75.203209,0,0,7,0,2,0,1,2,200.335,2.0,-1,1,0.0,0.340764331210191,0.1266198111135515,113.0,0.5505646674026337,73.4133487878793,91775.8886509636,12264.545,1826.4639999999995,1105.5389999999998,9332.542,1588.5359999999996,10676.009,12.952261987705208,2,0,0,45.5,25.0,66.0,1.0,1.0,0.0,1.0,2,0,0.0,0.0,1.0,1.0,1.0,0.0,1.0,1.0,1.0,1.0,0,0,0,0,0,0,0,16,2,2022,12,11,6,1,0,2,1,0,1,0.0,0,0,LEVE,0,4
0,1,0.0497474192839885,0,4,2,-5.1641789925816814,-80.14089228164413,0,4,7,0,2,-1,-1,4,6543.555,2.0,-1,-1,1.0,0.4495936745003294,0.4495936745003294,1198.0,0.4653748048968089,74.19666709322776,75914.02997858672,8965.846000060003,1782.4120000599992,636.9959999999999,6546.438000000004,2214.505000059999,6751.341000000004,24.699342371541725,1,0,1,48.0,48.0,48.0,1.0,0.0,0.0,1.0,1,0,0.0,0.0,0.0,1.0,0.0,1.0,0.0,0.0,0.0,0.0,1,1,1,1,0,0,0,21,3,2022,12,11,6,1,0,0,2,0,1,0.0,0,0,LEVE,0,3
6,1,0.0933450472216121,0,4,2,-7.134118338608683,-79.57560070186892,0,4,7,0,1,-1,-1,2,6543.555,2.0,-1,-1,1.0,0.4495936745003294,0.4495936745003294,1198.0,0.5269858676904433,78.6949982483802,14505.91006423983,8931.828000000005,1335.5899999999997,1935.9830000000004,5660.255000000005,1219.309,7712.519000000005,13.651281686122925,1,0,0,30.0,30.0,30.0,1.0,1.0,0.0,0.0,1,0,0.0,0.0,0.0,1.0,1.0,0.0,0.0,1.0,0.0,1.0,1,1,1,1,0,0,0,22,3,2022,12,11,6,1,0,0,2,0,1,0.0,0,1,LEVE,0,1
6,1,0.0497474192839885,0,4,1,-5.1307716,-80.8296016,0,4,7,0,2,-1,-1,0,245.29,2.0,5,2,1.0,0.0160333845815945,0.0464528882055787,18.0,0.5214892169331304,81.30000138777692,9423.963597430407,8965.846000060003,1782.4120000599992,636.9959999999999,6546.438000000004,2214.505000059999,6751.341000000004,24.699342371541725,1,0,0,38.0,38.0,38.0,1.0,0.0,0.0,1.0,1,0,0.0,0.0,0.0,1.0,0.0,1.0,0.0,0.0,0.0,0.0,0,0,0,0,0,0,0,23,3,2022,12,11,6,1,0,0,2,0,1,0.0,0,0,GRAVE_MORTALIDAD,2,3
6,1,0.2105205359103887,2,4,0,-11.075882266303871,-77.59806092770323,0,0,7,0,2,-1,-1,2,6543.555,2.0,-1,-1,1.0,0.4495936745003294,0.4495936745003294,1198.0,0.6256541286888256,76.866876725279,37972.95074946467,7626.313,1683.4029999999998,1599.0829999999996,4343.827000000001,1814.875,5811.438000000001,23.7975414856432,1,0,0,20.0,20.0,20.0,1.0,1.0,0.0,1.0,1,0,0.0,0.0,0.0,1.0,0.0,1.0,0.0,0.0,0.0,0.0,1,1,1,1,0,0,0,0,0,2022,12,12,0,0,0,0,2,0,1,0.0,0,0,LEVE,0,0
6,1,0.0420601801010322,0,4,1,-10.955558578167285,-75.22837130424345,0,4,7,0,2,-1,-1,2,5768.608,2.0,3,-1,0.0,0.340764331210191,0.1266198111135515,365.0,0.4295860411633357,74.52920034355449,73767.52890792291,12264.545,1826.4639999999995,1105.5389999999998,9332.542,1588.5359999999996,10676.009,12.952261987705208,1,0,0,23.0,23.0,23.0,1.0,1.0,0.0,0.0,1,0,0.0,0.0,0.0,1.0,1.0,0.0,0.0,1.0,1.0,1.0,0,0,0,0,0,0,0,2,0,2022,12,12,0,0,0,2,2,0,1,0.0,0,0,LEVE,0,4
6,1,0.006479244454206,0,4,2,-10.477271666840013,-76.35200326989789,2,4,3,0,7,-1,-1,6,6543.555,2.0,-1,-1,1.0,0.4495936745003294,0.4495936745003294,1198.0,0.5563774842369664,77.00938809632027,27932.19700214133,3677.119863,564.5869999999999,910.845,2201.687863000001,590.8779999999998,3086.2418630000006,16.06904376290656,1,0,0,46.0,46.0,46.0,1.0,0.0,0.0,1.0,1,0,0.0,0.0,0.0,0.0,0.0,1.0,0.0,0.0,0.0,0.0,1,1,1,1,0,0,0,10,1,2022,12,12,0,0,0,2,2,0,1,0.0,0,1,LEVE,0,4
0,1,0.0420601801010322,2,4,1,-12.116658,-75.180572,2,0,7,0,2,0,1,2,200.335,2.0,-1,1,0.0,0.340764331210191,0.1266198111135515,113.0,0.4928687519261139,71.44878444957367,26022.21199143469,12264.545,1826.4639999999995,1105.5389999999998,9332.542,1588.5359999999996,10676.009,12.952261987705208,1,0,1,28.0,28.0,28.0,0.0,0.0,0.0,1.0,1,0,0.0,0.0,0.0,1.0,0.0,1.0,0.0,0.0,0.0,0.0,0,0,0,0,0,0,0,17,2,2022,12,12,0,0,0,2,1,0,1,0.0,0,0,LEVE,0,4
0,1,0.2105205359103887,2,2,4,-12.029883924894245,-77.06106400049627,0,0,7,0,2,-1,-1,0,6543.555,2.0,-1,-1,1.0,0.4495936745003294,0.4495936745003294,1198.0,0.7419979630670723,80.31822295927182,739416.2413542903,7626.313,1683.4029999999998,1599.0829999999996,4343.827000000001,1814.875,5811.438000000001,23.7975414856432,1,0,1,37.0,33.0,40.0,1.0,0.0,0.0,0.0,1,0,0.0,0.0,0.0,1.0,1.0,0.0,0.0,0.0,0.0,0.0,1,1,1,1,1,1,1,18,3,2022,12,12,0,0,0,0,2,0,1,0.0,0,0,LEVE,0,0
1,1,0.0497474192839885,2,4,1,-5.182648240572088,-80.57897714696101,0,4,7,0,1,-1,-1,0,1305.18,2.0,5,2,1.0,0.0160333845815945,0.0464528882055787,163.0,0.6220812987247925,80.20155828147696,159840.92719486082,8965.846000060003,1782.4120000599992,636.9959999999999,6546.438000000004,2214.505000059999,6751.341000000004,24.699342371541725,1,1,1,37.0,33.0,40.0,0.0,0.0,0.0,0.0,1,1,1.0,0.0,0.0,0.0,0.0,0.0,0.0,0.0,0.0,1.0,0,0,0,0,1,1,1,5,0,2022,12,13,1,0,0,0,2,0,1,1.0,0,1,LEVE,0,3
0,1,0.2105205359103887,2,2,4,-11.9879312,-77.1144248,0,0,1,0,2,-1,-1,0,6543.555,2.0,-1,-1,1.0,0.4495936745003294,0.4495936745003294,1198.0,0.7419979630670723,80.31822295927182,739416.2413542903,7626.313,1683.4029999999998,1599.0829999999996,4343.827000000001,1814.875,5811.438000000001,23.7975414856432,1,0,1,38.0,38.0,38.0,1.0,0.0,0.0,0.0,1,0,0.0,1.0,0.0,0.0,0.0,0.0,1.0,0.0,0.0,0.0,1,1,1,1,0,0,0,13,2,2022,12,13,1,0,0,0,2,0,1,0.0,0,0,LEVE,0,0
10,1,0.0766527564243356,2,2,4,-16.4217923,-71.4842916,2,3,0,1,2,0,1,0,6543.555,2.0,-1,-1,1.0,0.4495936745003294,0.4495936745003294,1198.0,0.6497628344872909,78.50677470622946,126056.75374732334,10322.272,1495.236,1749.739,7077.2970000000005,2886.595,7435.677000000001,27.964725207783708,1,0,0,55.0,55.0,55.0,1.0,0.0,0.0,0.0,1,0,0.0,0.0,0.0,1.0,0.0,0.0,0.0,1.0,1.0,1.0,1,1,1,1,0,0,0,14,2,2022,12,13,1,0,0,0,1,0,1,0.0,1,0,LEVE,0,4
0,0,0.0420601801010322,2,2,4,-12.07296804078324,-75.19755815694708,2,0,1,0,2,1,1,2,6543.555,2.0,-1,-1,1.0,0.4495936745003294,0.4495936745003294,1198.0,0.6083413875375813,71.66982597817598,119236.36616702356,12264.545,1826.4639999999995,1105.5389999999998,9332.542,1588.5359999999996,10676.009,12.952261987705208,1,0,1,24.0,24.0,24.0,1.0,0.0,0.0,1.0,1,0,0.0,0.0,0.0,1.0,0.0,0.0,1.0,0.0,0.0,0.0,1,1,1,1,0,0,0,17,2,2022,12,13,1,0,0,2,2,0,1,0.0,0,0,LEVE,0,4
1,1,0.2105205359103887,2,2,4,-11.975885,-77.083015,0,0,7,0,2,-1,-1,0,6543.555,2.0,-1,-1,1.0,0.4495936745003294,0.4495936745003294,1198.0,0.758462599563312,80.5192231989937,363987.54389721627,7626.313,1683.4029999999998,1599.0829999999996,4343.827000000001,1814.875,5811.438000000001,23.7975414856432,1,1,1,37.0,33.0,40.0,0.0,0.0,0.0,0.0,1,1,1.0,0.0,0.0,0.0,0.0,0.0,0.0,0.0,0.0,1.0,1,1,1,1,1,1,1,21,3,2022,12,13,1,0,0,0,2,0,1,1.0,0,0,LEVE,0,0
6,1,0.0597408302218317,0,4,0,-7.053935,-79.093381,5,4,0,0,1,-1,-1,0,6543.555,2.0,-1,-1,1.0,0.4495936745003294,0.4495936745003294,1198.0,0.4356792111399616,74.61655904744578,1965.072805139186,15935.565011852366,1733.9250000199986,935.692,13265.948011832368,2000.1670000199988,13935.398011832369,12.551591352627522,1,0,0,48.0,48.0,48.0,1.0,0.0,0.0,0.0,1,0,0.0,0.0,0.0,1.0,0.0,0.0,1.0,1.0,1.0,1.0,1,1,1,1,0,0,0,22,3,2022,12,13,1,0,0,2,2,0,1,0.0,0,1,LEVE,0,1
3,1,0.0933450472216121,0,4,1,-8.013975,-78.832225,0,4,7,0,2,-1,-1,2,610.6099999999999,2.0,5,2,1.0,0.0133977597188666,0.0065890621568196,100.0,0.4511366358384425,77.59010744042445,4289.124197002141,8931.828000000005,1335.5899999999997,1935.9830000000004,5660.255000000005,1219.309,7712.519000000005,13.651281686122925,2,0,1,32.0,30.0,34.0,1.0,1.0,0.0,0.0,2,0,0.0,1.0,0.0,1.0,0.0,1.0,1.0,0.0,1.0,0.0,0,0,0,0,0,0,0,16,2,2022,12,14,2,0,0,0,2,0,1,0.0,0,0,LEVE,0,1
10,1,0.0902701515484296,0,4,1,-14.012664,-71.457956,0,4,7,1,2,1,1,2,7586.903,2.0,5,2,1.0,0.340764331210191,0.067428069404788,1198.0,0.3409107564841972,74.2782790389362,4833.456102783726,17779.13499998999,2097.37099999,2863.123,12818.640999999989,2878.713,14900.421999989989,16.19152450331032,1,0,0,45.0,45.0,45.0,1.0,0.0,0.0,0.0,1,0,0.0,0.0,0.0,1.0,1.0,0.0,0.0,1.0,0.0,1.0,0,0,0,0,0,0,0,22,3,2022,12,14,2,0,0,2,2,0,1,0.0,0,0,LEVE,0,4