CLASE SINIESTRO,CANTIDAD DE VEHICULOS DAÑADOS,DEPARTAMENTO,ZONA,TIPO DE VÍA,RED VIAL,COORDENADAS LATITUD,COORDENADAS  LONGITUD,CONDICIÓN CLIMÁTICA,ZONIFICACIÓN,CARACTERÍSTICAS DE VÍA,PERFIL LONGITUDINAL VÍA,SUPERFICIE DE CALZADA,¿EXISTE SEÑAL VERTICAL?,¿EXISTE SEÑAL HORIZONTAL?,CAUSA FACTOR PRINCIPAL,MTC_RVN_LONGITUD_KM,MTC_RVN_N_CARRILES_MEDIANA,MTC_RVN_SUPERFICIE_DOMINANTE,MTC_RVN_ESTADO_DOMINANTE,MTC_RVN_ES_CONCESIONADA,MTC_RVN_CONCESION_PRINCIPAL,MTC_RVN_CORREDOR_LOGISTICO,MTC_RVN_N_TRAMOS,IDH_2019,IDH_ESP_VIDA_2019,IDH_POBLACION_2019,MTC_DEP_RED_TOTAL_KM,MTC_DEP_NACIONAL_TOTAL_KM,MTC_DEP_DEPARTAMENTAL_TOTAL_KM,MTC_DEP_VECINAL_TOTAL_KM,MTC_DEP_PAV_TOTAL_KM,MTC_DEP_NO_PAV_TOTAL_KM,MTC_DEP_PCT_PAVIMENTADA,PER_N_CONDUCTORES,PER_N_CONDUCTORES_FUGADOS,PER_N_PEATONES,PER_EDAD_COND_PROM,PER_EDAD_COND_MIN,PER_EDAD_COND_MAX,PER_ANY_COND_MASCULINO,PER_ANY_LIC_PROBLEMA,PER_ANY_DOSAJE_POS,PER_ANY_DOSAJE_EVALUADO,VEH_TOTAL,VEH_N_FUGADOS,VEH_ANY_FUGADO,VEH_ANY_CARGA,VEH_ANY_PUBLICO,VEH_ANY_PARTICULAR,VEH_ANY_MOTO,VEH_ANY_AUTO,VEH_ANY_CAMION_BUS,VEH_ANY_SOAT_PROBLEMA,VEH_ANY_CITV_PROBLEMA,VEH_ANY_SEGURO_PROBLEMA,MTC_RVN_LONGITUD_KM_ERA_NULO,MTC_RVN_N_CARRILES_MEDIANA_ERA_NULO,MTC_RVN_ES_CONCESIONADA_ERA_NULO,MTC_RVN_N_TRAMOS_ERA_NULO,PER_EDAD_COND_PROM_ERA_NULO,PER_EDAD_COND_MIN_ERA_NULO,PER_EDAD_COND_MAX_ERA_NULO,HORA_NUM,FRANJA_HORARIA,ANIO,MES,DIA_MES,DIA_SEMANA,ES_FIN_SEMANA,ES_QUINCENA,REGION_NATURAL,NIVEL_SEÑALIZACION_ORD,ES_VIA_MULTICARRIL,ES_DEPTO_BAJO_PAVIMENTO,RATIO_CONDUCTORES_FUGADOS,ES_CURVA_Y_PENDIENTE,ES_VIA_NO_PAVIMENTADA,CATEGORIA_SEVERIDAD,CATEGORIA_SEVERIDAD_ENC,CLUSTER
1,0,0.0933450472216121,0,4,1,-8.412123662190222,-78.8008278148734,0,4,7,0,2,-1,-1,0,6543.555,3.0,5,2,1.0,0.1133318690972984,0.1133318690972984,1475.0,0.5051395598219868,77.13285387085847,67612.41755888652,8931.828000000005,1335.5899999999997,1935.9830000000004,5660.255000000005,1219.309,7712.519000000005,13.651281686122925,1,1,1,37.0,33.0,40.0,0.0,0.0,0.0,0.0,1,1,1.0,0.0,0.0,0.0,0.0,0.0,0.0,0.0,0.0,1.0,0,0,0,0,1,1,1,23,3,2022,12,14,2,0,0,0,2,1,1,1.0,0,0,LEVE,0,1
1,1,0.0351416648363716,0,4,1,-6.673127,-79.90011,0,4,7,0,2,-1,-1,0,1305.18,2.0,5,2,1.0,0.0160333845815945,0.0464528882055787,163.0,0.5539280527450423,74.69452916859504,79617.09421841543,3459.691,515.0619999999999,689.7280000000001,2254.901,703.3549999999999,2756.336,20.329994788551925,1,1,1,37.0,33.0,40.0,0.0,0.0,0.0,0.0,1,1,1.0,0.0,0.0,0.0,0.0,0.0,0.0,0.0,0.0,1.0,0,0,0,0,1,1,1,1,0,2022,12,15,3,0,1,0,2,0,1,1.0,0,0,LEVE,0,1
6,1,0.0933450472216121,2,4,1,-8.178108,-78.992894,0,0,7,0,2,-1,-1,2,6543.555,3.0,5,2,1.0,0.1133318690972984,0.1133318690972984,1475.0,0.5704872313485707,78.73040511828864,20630.58672376873,8931.828000000005,1335.5899999999997,1935.9830000000004,5660.255000000005,1219.309,7712.519000000005,13.651281686122925,1,0,1,54.0,54.0,54.0,1.0,0.0,0.0,0.0,1,0,0.0,1.0,0.0,0.0,0.0,0.0,1.0,0.0,0.0,0.0,0,0,0,0,0,0,0,15,2,2022,12,15,3,0,1,0,2,1,1,0.0,0,0,LEVE,0,1
10,1,0.0420601801010322,0,4,1,-11.6706701,-75.57409,2,4,7,0,2,0,1,2,311.82,2.0,5,2,0.0,0.340764331210191,0.1266198111135515,74.0,0.4846609581848212,71.70970037684953,5696.379014989293,12264.545,1826.4639999999995,1105.5389999999998,9332.542,1588.5359999999996,10676.009,12.952261987705208,1,0,0,38.0,38.0,38.0,1.0,0.0,1.0,1.0,1,0,0.0,0.0,0.0,1.0,1.0,0.0,0.0,1.0,1.0,1.0,0,0,0,0,0,0,0,19,3,2022,12,15,3,0,1,2,1,0,1,0.0,0,0,LEVE,0,4
10,1,0.0902701515484296,0,4,1,-15.0379146,-71.1376333,2,4,7,0,2,-1,-1,0,568.5409999999999,1.0,5,1,0.0,0.340764331210191,0.0057105205359103,93.0,0.3491291336434085,68.34579473193322,1114.627408993576,17779.13499998999,2097.37099999,2863.123,12818.640999999989,2878.713,14900.421999989989,16.19152450331032,1,0,0,15.0,15.0,15.0,1.0,1.0,0.0,1.0,1,0,0.0,0.0,0.0,1.0,1.0,0.0,0.0,1.0,0.0,1.0,0,0,0,0,0,0,0,19,3,2022,12,15,3,0,1,2,2,0,1,0.0,0,0,LEVE,0,4
3,2,0.006479244454206,0,4,1,-10.842177547433543,-76.26215447471071,0,4,7,0,2,-1,-1,2,1084.715,2.0,5,1,0.0,0.340764331210191,0.0016472655392049,1025.0,0.5504119035884192,75.43230905365627,2500.653104925054,3677.119863,564.5869999999999,910.845,2201.687863000001,590.8779999999998,3086.2418630000006,16.06904376290656,2,0,0,36.0,35.0,37.0,1.0,0.0,0.0,1.0,2,0,0.0,1.0,0.0,1.0,0.0,0.0,1.0,0.0,0.0,0.0,0,0,0,0,0,0,0,20,3,2022,12,15,3,0,1,2,2,0,1,0.0,0,0,GRAVE_MORTALIDAD,2,4
0,1,0.2105205359103887,2,2,4,-11.92179259,-77.03542497,0,3,7,0,2,-1,-1,0,6543.555,2.0,-1,-1,1.0,0.4495936745003294,0.4495936745003294,1198.0,0.7218926988400113,80.0902077245261,530000.3426124197,7626.313,1683.4029999999998,1599.0829999999996,4343.827000000001,1814.875,5811.438000000001,23.7975414856432,1,0,1,69.0,69.0,69.0,1.0,0.0,0.0,0.0,1,0,0.0,0.0,1.0,0.0,1.0,0.0,0.0,1.0,1.0,1.0,1,1,1,1,0,0,0,21,3,2022,12,15,3,0,1,0,2,0,1,0.0,0,0,LEVE,0,0
3,2,0.0933450472216121,0,4,1,-7.1187,-79.48835,0,4,7,0,2,-1,-1,2,6543.555,3.0,5,2,1.0,0.1133318690972984,0.1133318690972984,1475.0,0.5114727232493018,78.60606800160349,24701.19700214133,8931.828000000005,1335.5899999999997,1935.9830000000004,5660.255000000005,1219.309,7712.519000000005,13.651281686122925,2,0,0,38.5,26.0,51.0,1.0,0.0,0.0,0.0,2,0,0.0,1.0,0.0,1.0,1.0,0.0,1.0,1.0,1.0,1.0,0,0,0,0,0,0,0,0,0,2022,12,16,4,0,1,0,2,1,1,0.0,0,0,LEVE,0,1
6,1,0.0902701515484296,0,4,2,-14.478974619273773,-71.53463365004313,0,4,0,0,7,-1,-1,2,6543.555,2.0,-1,-1,1.0,0.4495936745003294,0.4495936745003294,1198.0,0.1548867386502985,64.5917716662409,5532.92505353319,17779.13499998999,2097.37099999,2863.123,12818.640999999989,2878.713,14900.421999989989,16.19152450331032,1,0,0,34.0,34.0,34.0,1.0,0.0,0.0,0.0,1,0,0.0,0.0,0.0,1.0,0.0,0.0,1.0,0.0,0.0,0.0,1,1,1,1,0,0,0,3,0,2022,12,16,4,0,1,2,2,0,1,0.0,0,1,LEVE,0,4
7,1,0.0902701515484296,0,4,0,-13.038977224331129,-72.81404612229271,5,4,0,1,7,-1,-1,2,6543.555,2.0,-1,-1,1.0,0.4495936745003294,0.4495936745003294,1198.0,0.3248653336818013,75.79998450453292,14163.826552462526,17779.13499998999,2097.37099999,2863.123,12818.640999999989,2878.713,14900.421999989989,16.19152450331032,1,0,0,38.0,38.0,38.0,1.0,0.0,0.0,0.0,1,0,0.0,0.0,0.0,1.0,0.0,0.0,0.0,0.0,0.0,1.0,1,1,1,1,0,0,0,7,1,2022,12,16,4,0,1,2,2,0,1,0.0,1,1,LEVE,0,4
3,3,0.0351416648363716,0,4,1,-6.6365542,-79.8906636,0,4,7,0,2,-1,-1,0,1305.18,2.0,5,2,1.0,0.0160333845815945,0.0464528882055787,163.0,0.5539280527450423,74.69452916859504,79617.09421841543,3459.691,515.0619999999999,689.7280000000001,2254.901,703.3549999999999,2756.336,20.329994788551925,3,0,0,44.0,24.0,70.0,1.0,0.0,1.0,1.0,3,0,0.0,1.0,1.0,1.0,0.0,1.0,1.0,0.0,1.0,0.0,0,0,0,0,0,0,0,10,1,2022,12,16,4,0,1,0,2,0,1,0.0,0,0,GRAVE_MORTALIDAD,2,1
0,1,0.0497474192839885,2,4,1,-4.915,-80.691,0,4,1,0,1,-1,-1,4,640.6200000000001,2.0,5,1,0.0,0.340764331210191,0.1266198111135515,72.0,0.5657000696312142,79.93504063107561,181599.8115631692,8965.846000060003,1782.4120000599992,636.9959999999999,6546.438000000004,2214.505000059999,6751.341000000004,24.699342371541725,1,0,1,52.0,52.0,52.0,1.0,1.0,0.0,1.0,1,0,0.0,1.0,0.0,0.0,0.0,0.0,1.0,1.0,1.0,1.0,0,0,0,0,0,0,0,11,1,2022,12,16,4,0,1,0,2,0,1,0.0,0,1,LEVE,0,3
6,1,0.0933450472216121,0,4,1,-7.594535020727171,-78.88960892189267,0,4,7,0,2,-1,-1,2,748.6850000000001,2.0,5,2,0.0,0.340764331210191,0.1266198111135515,215.0,0.4144948105238412,73.49794254671177,13394.107066381155,8931.828000000005,1335.5899999999997,1935.9830000000004,5660.255000000005,1219.309,7712.519000000005,13.651281686122925,1,0,0,15.0,15.0,15.0,1.0,1.0,0.0,0.0,1,0,0.0,0.0,0.0,1.0,1.0,0.0,0.0,1.0,0.0,1.0,0,0,0,0,0,0,0,19,3,2022,12,16,4,0,1,0,2,0,1,0.0,0,0,LEVE,0,1
3,2,0.0351416648363716,0,4,1,-6.6572423,-79.4276372,0,4,7,0,2,-1,-1,0,919.085,2.0,5,1,0.0,0.340764331210191,0.0037338018888644,218.0,0.5503029539517347,79.99127591066559,18003.3426124197,3459.691,515.0619999999999,689.7280000000001,2254.901,703.3549999999999,2756.336,20.329994788551925,2,0,0,45.0,33.0,57.0,1.0,0.0,0.0,0.0,2,0,0.0,1.0,1.0,0.0,1.0,0.0,1.0,1.0,1.0,0.0,0,0,0,0,0,0,0,20,3,2022,12,16,4,0,1,0,2,0,1,0.0,0,0,LEVE,0,1
6,1,0.0072479683725016,2,2,4,-3.7791599,-73.279583,0,4,0,1,2,-1,-1,2,6543.555,2.0,-1,-1,1.0,0.4495936745003294,0.4495936745003294,1198.0,0.578134350962316,72.90307998335238,149460.57173447538,1095.5949999999998,128.87099999999998,320.74700000000007,645.9769999999999,274.214,821.381,25.02877431897737,1,0,0,17.0,17.0,17.0,1.0,1.0,0.0,0.0,1,0,0.0,0.0,0.0,1.0,1.0,0.0,0.0,1.0,1.0,1.0,1,1,1,1,0,0,0,2,0,2022,12,17,5,1,1,1,2,0,1,0.0,1,0,LEVE,0,23
6,1,0.0497474192839885,2,2,4,-5.16419502051092,-80.64683133915902,0,2,7,0,2,0,1,2,6543.555,2.0,-1,-1,1.0,0.4495936745003294,0.4495936745003294,1198.0,0.6582040223794163,78.74105515718446,178905.3426124197,8965.846000060003,1782.4120000599992,636.9959999999999,6546.438000000004,2214.505000059999,6751.341000000004,24.699342371541725,1,0,0,42.0,42.0,42.0,1.0,1.0,1.0,1.0,1,0,0.0,0.0,0.0,1.0,1.0,0.0,0.0,1.0,1.0,1.0,1,1,1,1,0,0,0,4,0,2022,12,17,5,1,1,0,1,0,1,0.0,0,0,LEVE,0,3
6,1,0.0318471337579617,0,4,1,-9.946212455525938,-77.3817788327808,2,4,7,0,2,1,1,0,9936.932,2.0,5,2,1.0,0.340764331210191,0.1266198111135515,3830.0,0.4654799331603382,71.10800342011737,3873.366167023554,10767.648,1885.0630000000003,1222.721,7659.864000000001,2100.343,8667.305000000002,19.506051832303577,1,0,0,38.0,38.0,38.0,0.0,0.0,0.0,0.0,1,0,0.0,0.0,0.0,1.0,0.0,1.0,0.0,0.0,0.0,0.0,0,0,0,0,0,0,0,8,1,2022,12,17,5,1,1,0,2,0,1,0.0,0,0,LEVE,0,20
6,1,0.0213046343070502,0,4,1,-13.986602,-73.850651,0,4,0,1,2,1,0,2,1682.702,1.0,-1,2,0.0,0.340764331210191,0.1266198111135515,305.0,0.4666425080552502,72.78790794555484,2556.291220556745,12678.733000000004,1805.074000000001,1774.0339999999994,9099.625000000004,2485.375000000001,10193.358000000002,19.602707936195205,1,0,0,32.0,32.0,32.0,1.0,0.0,0.0,1.0,1,0,0.0,0.0,0.0,0.0,1.0,0.0,0.0,1.0,1.0,1.0,0,0,0,0,0,0,0,10,1,2022,12,17,5,1,1,2,1,0,1,0.0,1,0,LEVE,0,4
6,1,0.0351416648363716,0,4,2,-6.7710257,-79.7874357,0,4,7,0,2,-1,-1,0,6543.555,2.0,-1,-1,1.0,0.4495936745003294,0.4495936745003294,1198.0,0.5620975674023033,82.12463805178847,25484.141327623125,3459.691,515.0619999999999,689.7280000000001,2254.901,703.3549999999999,2756.336,20.329994788551925,1,0,0,22.0,22.0,22.0,1.0,0.0,0.0,0.0,1,0,0.0,0.0,0.0,1.0,1.0,0.0,0.0,1.0,0.0,1.0,1,1,1,1,0,0,0,20,3,2022,12,17,5,1,1,0,2,0,1,0.0,0,0,LEVE,0,1
1,1,0.2105205359103887,2,4,1,-12.250006357950348,-76.93125838153544,0,0,7,0,2,-1,-1,0,6639.975,2.0,5,2,1.0,0.340764331210191,0.074236766966835,1616.0,0.6909236767275176,78.41626133969348,95908.53319057816,7626.313,1683.4029999999998,1599.0829999999996,4343.827000000001,1814.875,5811.438000000001,23.7975414856432,1,1,1,37.0,33.0,40.0,0.0,0.0,0.0,0.0,1,1,1.0,0.0,0.0,0.0,0.0,0.0,0.0,0.0,0.0,1.0,0,0,0,0,1,1,1,3,0,2022,12,18,6,1,1,0,2,0,1,1.0,0,0,LEVE,0,0
7,1,0.2105205359103887,2,1,4,-12.007382682308082,-76.87868439810828,0,0,2,1,7,-1,-1,0,6543.555,2.0,-1,-1,1.0,0.4495936745003294,0.4495936745003294,1198.0,0.6831952456039544,78.60873873772867,255143.7301927195,7626.313,1683.4029999999998,1599.0829999999996,4343.827000000001,1814.875,5811.438000000001,23.7975414856432,1,0,1,69.0,69.0,69.0,1.0,1.0,0.0,0.0,1,0,0.0,0.0,0.0,0.0,0.0,0.0,0.0,1.0,1.0,1.0,1,1,1,1,0,0,0,7,1,2022,12,18,6,1,1,0,2,0,1,0.0,0,1,LEVE,0,0
3,2,0.0766527564243356,0,4,1,-16.29621,-71.642363,0,4,0,1,2,0,1,0,1504.4250000000002,2.0,5,2,1.0,0.0252580716011421,0.0230617175488688,241.0,0.6005060748875158,78.21704200773246,33335.45824411135,10322.272,1495.236,1749.739,7077.2970000000005,2886.595,7435.677000000001,27.964725207783708,2,0,0,46.0,46.0,46.0,1.0,0.0,0.0,0.0,2,0,0.0,1.0,0.0,1.0,0.0,1.0,1.0,0.0,0.0,0.0,0,0,0,0,0,0,0,14,2,2022,12,18,6,1,1,0,1,0,1,0.0,1,0,LEVE,0,4
6,1,0.2105205359103887,2,4,1,-11.8627248,-77.0772256,0,0,7,0,2,-1,-1,0,6543.555,3.0,5,2,1.0,0.1133318690972984,0.1133318690972984,1475.0,0.6632628912836565,79.15155564666024,383699.2119914347,7626.313,1683.4029999999998,1599.0829999999996,4343.827000000001,1814.875,5811.438000000001,23.7975414856432,1,0,0,25.0,25.0,25.0,1.0,0.0,0.0,0.0,1,0,0.0,0.0,0.0,1.0,1.0,0.0,0.0,0.0,0.0,0.0,0,0,0,0,0,0,0,2,0,2022,12,19,0,0,1,0,2,1,1,0.0,0,0,LEVE,0,0
3,2,0.0139468482319349,0,4,0,-3.627679843371056,-80.1971590481813,0,4,7,0,2,1,0,2,6543.555,2.0,-1,-1,1.0,0.4495936745003294,0.4495936745003294,1198.0,0.3739065183088536,68.4141813909333,3282.683083511777,1009.101,138.47399999999996,287.471,583.156,276.972,732.129,27.447401201663663,2,0,0,33.0,27.0,39.0,1.0,1.0,1.0,1.0,2,0,0.0,0.0,1.0,1.0,1.0,0.0,0.0,1.0,1.0,1.0,1,1,1,1,0,0,0,2,0,2022,12,19,0,0,1,0,1,0,1,0.0,0,0,LEVE,0,13
10,1,0.0902701515484296,0,4,2,-14.179242,-71.595118,0,4,7,1,7,-1,-1,2,6543.555,2.0,-1,-1,1.0,0.4495936745003294,0.4495936745003294,1198.0,0.3019380525213365,67.820248318162,12588.336188436831,17779.13499998999,2097.37099999,2863.123,12818.640999999989,2878.713,14900.421999989989,16.19152450331032,1,0,0,40.0,40.0,40.0,1.0,0.0,1.0,1.0,1,0,0.0,0.0,1.0,0.0,0.0,0.0,1.0,0.0,0.0,0.0,1,1,1,1,0,0,0,5,0,2022,12,19,0,0,1,2,2,0,1,0.0,0,1,GRAVE_MORTALIDAD,2,4
10,1,0.2105205359103887,2,4,1,-11.900399,-77.067679,0,0,7,0,2,-1,-1,0,6543.555,3.0,5,2,1.0,0.1133318690972984,0.1133318690972984,1475.0,0.6632628912836565,79.15155564666024,383699.2119914347,7626.313,1683.4029999999998,1599.0829999999996,4343.827000000001,1814.875,5811.438000000001,23.7975414856432,2,0,0,31.0,26.0,36.0,1.0,0.0,0.0,0.0,2,0,0.0,0.0,0.0,1.0,1.0,0.0,1.0,0.0,1.0,0.0,0,0,0,0,0,0,0,9,1,2022,12,19,0,0,1,0,2,1,1,0.0,0,0,LEVE,0,0
0,1,0.0420601801010322,2,4,1,-12.053305,-75.233278,7,0,1,0,2,0,1,4,1452.982,1.0,-1,1,1.0,0.340764331210191,0.0006589062156819,441.0,0.6349620447591086,73.34739425042062,167365.50535331905,12264.545,1826.4639999999995,1105.5389999999998,9332.542,1588.5359999999996,10676.009,12.952261987705208,1,0,1,46.0,46.0,46.0,1.0,0.0,0.0,1.0,1,0,0.0,1.0,0.0,0.0,0.0,0.0,1.0,0.0,0.0,0.0,0,0,0,0,0,0,0,11,1,2022,12,19,0,0,1,2,1,0,1,0.0,0,0,LEVE,0,4
1,1,0.0497474192839885,2,4,1,-4.903164773382002,-80.34626822118075,0,4,7,0,2,-1,-1,0,640.6200000000001,2.0,5,1,0.0,0.340764331210191,0.1266198111135515,72.0,0.459857589992435,80.72202071327797,125429.93361884369,8965.846000060003,1782.4120000599992,636.9959999999999,6546.438000000004,2214.505000059999,6751.341000000004,24.699342371541725,1,1,1,37.0,33.0,40.0,0.0,0.0,0.0,0.0,1,1,1.0,0.0,0.0,0.0,0.0,0.0,0.0,0.0,0.0,1.0,0,0,0,0,1,1,1,15,2,2022,12,19,0,0,1,0,2,0,1,1.0,0,0,LEVE,0,3
6,1,0.0351416648363716,0,4,0,-6.835819,-79.927081,0,4,0,0,2,-1,-1,0,6543.555,2.0,-1,-1,1.0,0.4495936745003294,0.4495936745003294,1198.0,0.582874900209372,79.91553229957624,50544.90364025696,3459.691,515.0619999999999,689.7280000000001,2254.901,703.3549999999999,2756.336,20.329994788551925,1,0,0,19.0,19.0,19.0,1.0,1.0,0.0,0.0,1,0,0.0,0.0,0.0,1.0,1.0,0.0,0.0,1.0,0.0,0.0,1,1,1,1,0,0,0,15,2,2022,12,19,0,0,1,0,2,0,1,0.0,0,0,LEVE,0,1
0,2,0.0497474192839885,0,4,1,-5.127405,-80.834232,0,4,7,0,2,-1,-1,0,245.29,2.0,5,2,1.0,0.0160333845815945,0.0464528882055787,18.0,0.5214892169331304,81.30000138777692,9423.963597430407,8965.846000060003,1782.4120000599992,636.9959999999999,6546.438000000004,2214.505000059999,6751.341000000004,24.699342371541725,2,0,2,22.0,22.0,22.0,1.0,0.0,0.0,1.0,2,1,1.0,0.0,1.0,0.0,1.0,0.0,0.0,0.0,1.0,1.0,0,0,0,0,0,0,0,20,3,2022,12,19,0,0,1,0,2,0,1,0.0,0,0,LEVE,0,3
0,1,0.2105205359103887,2,2,4,-11.9886123,-77.08101323,0,0,1,0,2,-1,-1,0,6543.555,2.0,-1,-1,1.0,0.4495936745003294,0.4495936745003294,1198.0,0.7419979630670723,80.31822295927182,739416.2413542903,7626.313,1683.4029999999998,1599.0829999999996,4343.827000000001,1814.875,5811.438000000001,23.7975414856432,1,0,1,24.0,24.0,24.0,1.0,0.0,0.0,0.0,1,0,0.0,0.0,0.0,1.0,1.0,0.0,0.0,0.0,1.0,0.0,1,1,1,1,0,0,0,22,3,2022,12,19,0,0,1,0,2,0,1,0.0,0,0,LEVE,0,0
1,1,0.2105205359103887,2,2,4,-12.005509,-76.864542,0,3,7,0,1,-1,-1,0,6543.555,2.0,-1,-1,1.0,0.4495936745003294,0.4495936745003294,1198.0,0.6831952456039544,78.60873873772867,255143.7301927195,7626.313,1683.4029999999998,1599.0829999999996,4343.827000000001,1814.875,5811.438000000001,23.7975414856432,1,1,1,37.0,33.0,40.0,0.0,0.0,0.0,0.0,1,1,1.0,0.0,0.0,0.0,0.0,0.0,0.0,0.0,0.0,1.0,1,1,1,1,1,1,1,23,3,2022,12,19,0,0,1,0,2,0,1,1.0,0,1,LEVE,0,0
3,1,0.0213046343070502,0,4,1,-13.262814,-74.313207,0,4,0,0,7,-1,-1,2,1679.5849999999998,2.0,5,1,1.0,0.340764331210191,0.0082363276960245,315.0,0.1859776092837948,69.85250115366037,15617.884368308352,12678.733000000004,1805.074000000001,1774.0339999999994,9099.625000000004,2485.375000000001,10193.358000000002,19.602707936195205,2,0,0,31.0,29.0,33.0,1.0,1.0,1.0,1.0,2,0,0.0,1.0,0.0,0.0,1.0,0.0,1.0,0.0,1.0,1.0,0,0,0,0,0,0,0,3,0,2022,12,20,1,0,1,2,2,0,1,0.0,0,1,LEVE,0,4
10,1,0.2105205359103887,2,4,1,-12.04102990326416,-77.03330573589118,0,3,7,0,2,-1,-1,0,6543.555,3.0,5,2,1.0,0.1133318690972984,0.1133318690972984,1475.0,0.7300036506368504,80.21724456394445,156759.78800856532,7626.313,1683.4029999999998,1599.0829999999996,4343.827000000001,1814.875,5811.438000000001,23.7975414856432,1,0,0,38.0,38.0,38.0,1.0,0.0,0.0,0.0,1,0,0.0,0.0,0.0,1.0,1.0,0.0,0.0,0.0,1.0,0.0,0,0,0,0,0,0,0,6,1,2022,12,20,1,0,1,0,2,1,1,0.0,0,0,LEVE,0,0
6,1,0.0420601801010322,0,4,1,-11.522878,-75.896354,0,4,0,1,2,-1,-1,2,7586.903,2.0,5,2,1.0,0.340764331210191,0.067428069404788,1198.0,0.6211711217784234,75.51508523355102,8996.89721627409,12264.545,1826.4639999999995,1105.5389999999998,9332.542,1588.5359999999996,10676.009,12.952261987705208,1,0,0,30.0,30.0,30.0,1.0,0.0,0.0,0.0,1,0,0.0,0.0,0.0,1.0,0.0,0.0,1.0,0.0,1.0,0.0,0,0,0,0,0,0,0,7,1,2022,12,20,1,0,1,2,2,0,1,0.0,1,0,GRAVE_MORTALIDAD,2,4
1,1,0.2105205359103887,2,2,4,-11.853195628398918,-77.00321274235941,0,0,7,1,2,-1,-1,0,6543.555,2.0,-1,-1,1.0,0.4495936745003294,0.4495936745003294,1198.0,0.6498693508177541,78.84967382596041,356854.23554603854,7626.313,1683.4029999999998,1599.0829999999996,4343.827000000001,1814.875,5811.438000000001,23.7975414856432,1,1,1,37.0,33.0,40.0,0.0,0.0,0.0,0.0,1,1,1.0,0.0,0.0,0.0,0.0,0.0,0.0,0.0,0.0,1.0,1,1,1,1,1,1,1,11,1,2022,12,20,1,0,1,0,2,0,1,1.0,0,0,LEVE,0,0
0,1,0.2105205359103887,2,4,1,-12.450924,-76.75534,0,4,7,0,2,-1,-1,0,6639.975,2.0,5,2,1.0,0.340764331210191,0.074236766966835,1616.0,0.5989399421098186,77.00744531585744,19083.880085653105,7626.313,1683.4029999999998,1599.0829999999996,4343.827000000001,1814.875,5811.438000000001,23.7975414856432,1,0,1,47.0,47.0,47.0,1.0,0.0,0.0,0.0,1,0,0.0,0.0,0.0,1.0,0.0,1.0,0.0,0.0,0.0,0.0,0,0,0,0,0,0,0,14,2,2022,12,20,1,0,1,0,2,0,1,0.0,0,0,LEVE,0,0
3,2,0.0933450472216121,0,4,1,-7.311197,-79.480883,0,4,7,0,2,-1,-1,0,6543.555,3.0,5,2,1.0,0.1133318690972984,0.1133318690972984,1475.0,0.5650979329787121,81.32490571897102,43897.946466809415,8931.828000000005,1335.5899999999997,1935.9830000000004,5660.255000000005,1219.309,7712.519000000005,13.651281686122925,2,0,0,47.0,40.0,54.0,1.0,1.0,0.0,0.0,2,0,0.0,1.0,0.0,1.0,0.0,1.0,1.0,0.0,0.0,0.0,0,0,0,0,0,0,0,15,2,2022,12,20,1,0,1,0,2,1,1,0.0,0,0,LEVE,0,1
3,2,0.0821436415550186,0,4,1,-15.90013409668344,-69.88882902488676,0,4,7,0,2,-1,-1,5,7586.903,2.0,5,2,1.0,0.340764331210191,0.067428069404788,1198.0,0.3492776286092784,69.0024577433395,6084.453961456104,13642.312999999998,2020.7790000000005,2354.117,9267.416999999998,3314.0520000000006,10328.260999999997,24.29244952817019,2,0,0,52.5,46.0,59.0,1.0,1.0,0.0,0.0,2,0,0.0,0.0,0.0,1.0,1.0,1.0,0.0,1.0,1.0,1.0,0,0,0,0,0,0,0,5,0,2022,12,21,2,0,1,2,2,0,1,0.0,0,0,LEVE,0,4
0,1,0.2105205359103887,2,2,4,-12.0894287546733,-77.05854595639885,0,0,7,0,2,1,0,0,6543.555,2.0,-1,-1,1.0,0.4495936745003294,0.4495936745003294,1198.0,0.8371895927825478,80.41920952305908,74873.16916488222,7626.313,1683.4029999999998,1599.0829999999996,4343.827000000001,1814.875,5811.438000000001,23.7975414856432,1,0,1,39.0,39.0,39.0,1.0,0.0,0.0,0.0,1,0,0.0,1.0,0.0,0.0,0.0,0.0,1.0,0.0,0.0,0.0,1,1,1,1,0,0,0,7,1,2022,12,21,2,0,1,0,1,0,1,0.0,0,0,LEVE,0,0
0,1,0.0420601801010322,2,4,1,-12.044905,-75.252199,0,4,7,0,2,0,1,4,196.88,2.0,5,2,1.0,0.0162530199868218,0.1266198111135515,35.0,0.570857606214118,71.93419820356702,20078.124197002144,12264.545,1826.4639999999995,1105.5389999999998,9332.542,1588.5359999999996,10676.009,12.952261987705208,1,0,1,29.0,29.0,29.0,1.0,0.0,0.0,1.0,1,0,0.0,0.0,0.0,1.0,0.0,1.0,0.0,0.0,0.0,0.0,0,0,0,0,0,0,0,8,1,2022,12,21,2,0,1,2,1,0,1,0.0,0,0,LEVE,0,4
2,0,0.0766527564243356,2,2,4,-16.405651,-71.540207,7,1,7,1,2,0,1,0,6543.555,2.0,-1,-1,1.0,0.4495936745003294,0.4495936745003294,1198.0,0.7621671359922388,78.82549845032362,42333.23340471092,10322.272,1495.236,1749.739,7077.2970000000005,2886.595,7435.677000000001,27.964725207783708,1,0,0,35.0,35.0,35.0,1.0,0.0,0.0,0.0,1,0,0.0,0.0,1.0,0.0,0.0,0.0,1.0,0.0,0.0,0.0,1,1,1,1,0,0,0,11,1,2022,12,21,2,0,1,0,1,0,1,0.0,0,0,LEVE,0,4