CLASE SINIESTRO,CANTIDAD DE VEHICULOS DAÑADOS,DEPARTAMENTO,ZONA,TIPO DE VÍA,RED VIAL,COORDENADAS LATITUD,COORDENADAS  LONGITUD,CONDICIÓN CLIMÁTICA,ZONIFICACIÓN,CARACTERÍSTICAS DE VÍA,PERFIL LONGITUDINAL VÍA,SUPERFICIE DE CALZADA,¿EXISTE SEÑAL VERTICAL?,¿EXISTE SEÑAL HORIZONTAL?,CAUSA FACTOR PRINCIPAL,MTC_RVN_LONGITUD_KM,MTC_RVN_N_CARRILES_MEDIANA,MTC_RVN_SUPERFICIE_DOMINANTE,MTC_RVN_ESTADO_DOMINANTE,MTC_RVN_ES_CONCESIONADA,MTC_RVN_CONCESION_PRINCIPAL,MTC_RVN_CORREDOR_LOGISTICO,MTC_RVN_N_TRAMOS,IDH_2019,IDH_ESP_VIDA_2019,IDH_POBLACION_2019,MTC_DEP_RED_TOTAL_KM,MTC_DEP_NACIONAL_TOTAL_KM,MTC_DEP_DEPARTAMENTAL_TOTAL_KM,MTC_DEP_VECINAL_TOTAL_KM,MTC_DEP_PAV_TOTAL_KM,MTC_DEP_NO_PAV_TOTAL_KM,MTC_DEP_PCT_PAVIMENTADA,PER_N_CONDUCTORES,PER_N_CONDUCTORES_FUGADOS,PER_N_PEATONES,PER_EDAD_COND_PROM,PER_EDAD_COND_MIN,PER_EDAD_COND_MAX,PER_ANY_COND_MASCULINO,PER_ANY_LIC_PROBLEMA,PER_ANY_DOSAJE_POS,PER_ANY_DOSAJE_EVALUADO,VEH_TOTAL,VEH_N_FUGADOS,VEH_ANY_FUGADO,VEH_ANY_CARGA,VEH_ANY_PUBLICO,VEH_ANY_PARTICULAR,VEH_ANY_MOTO,VEH_ANY_AUTO,VEH_ANY_CAMION_BUS,VEH_ANY_SOAT_PROBLEMA,VEH_ANY_CITV_PROBLEMA,VEH_ANY_SEGURO_PROBLEMA,MTC_RVN_LONGITUD_KM_ERA_NULO,MTC_RVN_N_CARRILES_MEDIANA_ERA_NULO,MTC_RVN_ES_CONCESIONADA_ERA_NULO,MTC_RVN_N_TRAMOS_ERA_NULO,PER_EDAD_COND_PROM_ERA_NULO,PER_EDAD_COND_MIN_ERA_NULO,PER_EDAD_COND_MAX_ERA_NULO,HORA_NUM,FRANJA_HORARIA,ANIO,MES,DIA_MES,DIA_SEMANA,ES_FIN_SEMANA,ES_QUINCENA,REGION_NATURAL,NIVEL_SEÑALIZACION_ORD,ES_VIA_MULTICARRIL,ES_DEPTO_BAJO_PAVIMENTO,RATIO_CONDUCTORES_FUGADOS,ES_CURVA_Y_PENDIENTE,ES_VIA_NO_PAVIMENTADA,CATEGORIA_SEVERIDAD,CATEGORIA_SEVERIDAD_ENC,CLUSTER
0,1,0.2105205359103887,2,2,4,-11.95293236,-77.05133771,0,1,1,1,2,0,1,0,6543.555,2.0,-1,-1,1.0,0.4495936745003294,0.4495936745003294,1198.0,0.7218926988400113,80.0902077245261,530000.3426124197,7626.313,1683.4029999999998,1599.0829999999996,4343.827000000001,1814.875,5811.438000000001,23.7975414856432,1,0,1,42.0,42.0,42.0,1.0,0.0,0.0,0.0,1,0,0.0,0.0,1.0,0.0,0.0,0.0,1.0,1.0,0.0,1.0,1,1,1,1,0,0,0,15,2,2023,1,29,6,1,1,0,1,0,1,0.0,0,0,LEVE,0,0
6,1,0.0351416648363716,0,4,0,-6.5958054,-79.7866521,0,4,7,0,2,-1,-1,0,6543.555,2.0,-1,-1,1.0,0.4495936745003294,0.4495936745003294,1198.0,0.5110846256157147,68.87191436583258,35704.93147751606,3459.691,515.0619999999999,689.7280000000001,2254.901,703.3549999999999,2756.336,20.329994788551925,1,0,0,57.0,57.0,57.0,1.0,0.0,0.0,0.0,1,0,0.0,0.0,0.0,1.0,1.0,0.0,0.0,1.0,0.0,0.0,1,1,1,1,0,0,0,16,2,2023,1,29,6,1,1,0,2,0,1,0.0,0,0,LEVE,0,1
3,2,0.0351416648363716,0,4,0,-6.7743365,-79.6101911,0,4,7,0,2,-1,-1,0,6543.555,2.0,-1,-1,1.0,0.4495936745003294,0.4495936745003294,1198.0,0.5099824343854071,80.92772497096554,9540.398286937902,3459.691,515.0619999999999,689.7280000000001,2254.901,703.3549999999999,2756.336,20.329994788551925,2,0,0,48.0,24.0,72.0,1.0,1.0,0.0,0.0,2,0,0.0,0.0,1.0,1.0,1.0,0.0,1.0,1.0,1.0,1.0,1,1,1,1,0,0,0,19,3,2023,1,29,6,1,1,0,2,0,1,0.0,0,0,LEVE,0,1
5,2,0.0597408302218317,0,4,2,-5.66332,-78.65324833,0,4,7,0,2,0,1,0,6543.555,2.0,-1,-1,1.0,0.4495936745003294,0.4495936745003294,1198.0,0.4823525101155781,74.68609013731242,13071.734475374731,15935.565011852366,1733.9250000199986,935.692,13265.948011832368,2000.1670000199988,13935.398011832369,12.551591352627522,2,0,0,21.0,20.0,22.0,1.0,1.0,0.0,0.0,2,0,0.0,0.0,1.0,1.0,1.0,0.0,0.0,1.0,0.0,1.0,1,1,1,1,0,0,0,21,3,2023,1,29,6,1,1,2,1,0,1,0.0,0,0,LEVE,0,1
6,1,0.0933450472216121,2,4,1,-8.45586055986174,-78.728059441547,0,4,7,0,2,-1,-1,2,6543.555,3.0,5,2,1.0,0.1133318690972984,0.1133318690972984,1475.0,0.5051395598219868,77.13285387085847,67612.41755888652,8931.828000000005,1335.5899999999997,1935.9830000000004,5660.255000000005,1219.309,7712.519000000005,13.651281686122925,1,0,0,27.0,27.0,27.0,1.0,0.0,0.0,0.0,1,0,0.0,0.0,0.0,1.0,1.0,0.0,0.0,0.0,0.0,0.0,0,0,0,0,0,0,0,23,3,2023,1,29,6,1,1,0,2,1,1,0.0,0,0,LEVE,0,1
1,1,0.2105205359103887,0,4,1,-12.231327467703029,-76.96538686033865,0,2,0,0,2,-1,-1,2,6639.975,2.0,5,2,1.0,0.340764331210191,0.074236766966835,1616.0,0.6990481232857558,80.14597904142546,459161.0728051392,7626.313,1683.4029999999998,1599.0829999999996,4343.827000000001,1814.875,5811.438000000001,23.7975414856432,1,1,1,37.0,33.0,40.0,0.0,0.0,0.0,0.0,1,1,1.0,0.0,0.0,0.0,0.0,0.0,0.0,0.0,0.0,1.0,0,0,0,0,1,1,1,1,0,2023,1,30,0,0,1,0,2,0,1,1.0,0,0,LEVE,0,0
5,1,0.0933450472216121,0,4,2,-7.729282309935309,-79.16461584631057,0,4,7,0,4,-1,-1,0,6543.555,2.0,-1,-1,1.0,0.4495936745003294,0.4495936745003294,1198.0,0.6188510848290703,78.5193798976671,30558.111349036404,8931.828000000005,1335.5899999999997,1935.9830000000004,5660.255000000005,1219.309,7712.519000000005,13.651281686122925,2,1,0,73.0,73.0,73.0,1.0,0.0,0.0,0.0,2,1,1.0,0.0,0.0,1.0,0.0,0.0,0.0,0.0,0.0,1.0,1,1,1,1,0,0,0,5,0,2023,1,30,0,0,1,0,2,0,1,0.5,0,0,LEVE,0,1
6,1,0.0182297386338677,0,4,1,-13.872184,-73.398548,0,4,0,0,7,-1,-1,2,890.338,1.0,-1,2,0.0,0.340764331210191,0.1266198111135515,295.0,0.5127888132519094,75.56818459680073,48362.40899357601,8358.971,1282.451,1298.0969999999998,5778.423,1432.683,6926.288,17.139466089785454,1,0,0,42.0,42.0,42.0,1.0,1.0,0.0,0.0,1,0,0.0,0.0,0.0,1.0,1.0,0.0,0.0,1.0,1.0,1.0,0,0,0,0,0,0,0,9,1,2023,1,30,0,0,1,2,2,0,1,0.0,0,1,LEVE,0,4
2,1,0.0597408302218317,2,6,4,-7.15731667,-78.52361,0,3,1,1,2,-1,-1,0,6543.555,2.0,-1,-1,1.0,0.4495936745003294,0.4495936745003294,1198.0,0.6070175276741574,73.19224654097276,257380.9443254818,15935.565011852366,1733.9250000199986,935.692,13265.948011832368,2000.1670000199988,13935.398011832369,12.551591352627522,1,0,0,33.0,33.0,33.0,1.0,0.0,0.0,0.0,1,0,0.0,0.0,0.0,1.0,0.0,0.0,0.0,0.0,0.0,1.0,1,1,1,1,0,0,0,9,1,2023,1,30,0,0,1,2,2,0,1,0.0,0,0,LEVE,0,1
3,2,0.0318471337579617,0,4,1,-9.62729801785534,-77.4987975439949,0,4,0,0,2,1,1,2,9936.932,2.0,5,2,1.0,0.340764331210191,0.1266198111135515,3830.0,0.3221880038524312,74.4958654901739,1871.4304068522488,10767.648,1885.0630000000003,1222.721,7659.864000000001,2100.343,8667.305000000002,19.506051832303577,2,0,0,50.5,30.0,71.0,1.0,1.0,0.0,0.0,2,0,0.0,0.0,1.0,1.0,1.0,0.0,1.0,0.0,1.0,1.0,0,0,0,0,0,0,0,9,1,2023,1,30,0,0,1,0,2,0,1,0.0,0,0,GRAVE_LESIONADOS,1,20
6,1,0.0597408302218317,0,4,2,-6.1451333,-79.01643833,0,4,5,1,1,-1,-1,2,6543.555,2.0,-1,-1,1.0,0.4495936745003294,0.4495936745003294,1198.0,0.2742253135147108,74.59588535012482,14725.552462526768,15935.565011852366,1733.9250000199986,935.692,13265.948011832368,2000.1670000199988,13935.398011832369,12.551591352627522,1,0,0,36.0,36.0,36.0,1.0,0.0,0.0,0.0,1,0,0.0,1.0,0.0,0.0,0.0,0.0,1.0,0.0,1.0,0.0,1,1,1,1,0,0,0,10,1,2023,1,30,0,0,1,2,2,0,1,0.0,1,1,GRAVE_MORTALIDAD,2,1
3,1,0.0062596090489786,0,4,1,-11.95189,-69.130112,6,5,6,-1,6,-1,-1,0,3263.58,2.0,5,2,1.0,0.0080166922907972,0.0080166922907972,566.0,0.525748215792057,74.03823732580896,9162.706638115633,2090.391,399.431,340.021,1350.9389999999996,493.824,1596.5669999999996,23.62352306338862,1,0,0,44.0,44.0,44.0,1.0,0.0,0.0,0.0,1,0,0.0,0.0,0.0,1.0,1.0,0.0,0.0,1.0,1.0,1.0,0,0,0,0,0,0,0,19,3,2023,1,30,0,0,1,1,2,0,1,0.0,0,0,LEVE,0,47
4,1,0.0902701515484296,2,4,1,-13.278097,-72.187868,0,3,7,0,2,1,0,6,3447.8009999999995,1.0,5,1,0.0,0.340764331210191,0.0101032286404568,1109.0,0.5961225511084856,78.53035911580116,21509.777301927195,17779.13499998999,2097.37099999,2863.123,12818.640999999989,2878.713,14900.421999989989,16.19152450331032,1,0,0,17.0,17.0,17.0,1.0,1.0,0.0,0.0,1,0,0.0,0.0,0.0,1.0,1.0,0.0,0.0,1.0,1.0,1.0,0,0,0,0,0,0,0,19,3,2023,1,30,0,0,1,2,1,0,1,0.0,0,0,LEVE,0,4
3,1,0.0153744783659125,2,2,4,-12.0447968,-77.138117617,0,3,7,0,2,-1,-1,2,6543.555,2.0,-1,-1,1.0,0.4495936745003294,0.4495936745003294,1198.0,0.5563774842369664,77.00938809632027,27932.19700214133,51.58600000000001,44.68700000000001,6.899000000000001,0.0,49.838000000000015,1.748,96.61148373589734,2,0,0,39.0,33.0,45.0,1.0,1.0,0.0,0.0,2,0,0.0,1.0,0.0,1.0,1.0,0.0,1.0,1.0,1.0,1.0,1,1,1,1,0,0,0,20,3,2023,1,30,0,0,1,2,2,0,0,0.0,0,0,LEVE,0,0
3,0,0.2105205359103887,2,2,4,-12.006141198990106,-76.82987693056809,0,3,7,0,2,-1,-1,2,6543.555,2.0,-1,-1,1.0,0.4495936745003294,0.4495936745003294,1198.0,0.6868549636939637,79.62363164345142,684921.8484148846,7626.313,1683.4029999999998,1599.0829999999996,4343.827000000001,1814.875,5811.438000000001,23.7975414856432,2,0,0,44.0,25.0,63.0,1.0,1.0,0.0,0.0,2,0,0.0,0.0,1.0,1.0,1.0,0.0,0.0,0.0,1.0,1.0,1,1,1,1,0,0,0,2,0,2023,1,31,1,0,1,0,2,0,1,0.0,0,0,LEVE,0,0
6,1,0.0420601801010322,0,4,1,-12.211415,-75.174176,0,4,7,0,2,-1,-1,2,145.125,-1.0,5,1,0.0,0.340764331210191,0.1266198111135515,35.0,0.1854661422104703,75.42543174369051,1421.4218415417567,12264.545,1826.4639999999995,1105.5389999999998,9332.542,1588.5359999999996,10676.009,12.952261987705208,1,0,0,27.0,27.0,27.0,1.0,1.0,0.0,1.0,1,0,0.0,0.0,0.0,1.0,0.0,1.0,0.0,0.0,0.0,0.0,0,0,0,0,0,0,0,9,1,2023,1,31,1,0,1,2,2,0,1,0.0,0,0,LEVE,0,4
6,1,0.0597408302218317,2,4,1,-7.19434,-78.346385,0,4,7,1,2,0,1,2,9936.932,2.0,5,2,1.0,0.340764331210191,0.1266198111135515,3830.0,0.2723221878437338,73.9254469105048,10335.051391862957,15935.565011852366,1733.9250000199986,935.692,13265.948011832368,2000.1670000199988,13935.398011832369,12.551591352627522,1,0,0,20.0,20.0,20.0,1.0,1.0,0.0,0.0,1,0,0.0,0.0,0.0,1.0,1.0,0.0,0.0,1.0,0.0,1.0,0,0,0,0,0,0,0,17,2,2023,1,31,1,0,1,2,1,0,1,0.0,0,0,LEVE,0,1
0,1,0.0597408302218317,2,4,1,-6.606444,-78.623498,0,3,7,0,2,1,1,0,9936.932,2.0,5,2,1.0,0.340764331210191,0.1266198111135515,3830.0,0.4700875779194959,72.66081436888122,46090.54817987152,15935.565011852366,1733.9250000199986,935.692,13265.948011832368,2000.1670000199988,13935.398011832369,12.551591352627522,1,0,0,36.0,36.0,36.0,1.0,0.0,0.0,0.0,1,0,0.0,0.0,0.0,1.0,1.0,0.0,0.0,1.0,0.0,0.0,0,0,0,0,0,0,0,23,3,2023,1,31,1,0,1,2,2,0,1,0.0,0,0,LEVE,0,1
0,1,0.0475510652317153,0,4,1,-13.555881,-76.133432,0,4,7,0,2,-1,-1,0,6639.975,2.0,5,2,1.0,0.340764331210191,0.074236766966835,1616.0,0.533712318797331,79.3365989923595,13863.817987152031,3721.461,698.1859999999996,744.866,2278.409,1102.9029999999996,2618.558,29.636290693359403,1,1,1,37.0,33.0,40.0,0.0,0.0,0.0,0.0,1,1,1.0,0.0,0.0,0.0,0.0,0.0,0.0,0.0,0.0,1.0,0,0,0,0,1,1,1,5,0,2023,2,1,2,0,0,0,2,0,1,1.0,0,0,LEVE,0,7
1,1,0.0139468482319349,0,4,1,-3.608802608870834,-80.50536626830808,0,4,7,0,2,-1,-1,2,6543.555,3.0,5,2,1.0,0.1133318690972984,0.1133318690972984,1475.0,0.5691277377037675,76.83860361118322,23971.755888650965,1009.101,138.47399999999996,287.471,583.156,276.972,732.129,27.447401201663663,1,1,1,37.0,33.0,40.0,0.0,0.0,0.0,0.0,1,1,1.0,0.0,0.0,0.0,0.0,0.0,0.0,0.0,0.0,1.0,0,0,0,0,1,1,1,6,1,2023,2,1,2,0,0,0,2,1,1,1.0,0,0,LEVE,0,13
1,0,0.0933450472216121,0,4,1,-8.020921,-78.838109,0,4,7,0,2,-1,-1,0,610.6099999999999,2.0,5,2,1.0,0.0133977597188666,0.0065890621568196,100.0,0.5929579484728337,80.24150924632623,34739.39614561028,8931.828000000005,1335.5899999999997,1935.9830000000004,5660.255000000005,1219.309,7712.519000000005,13.651281686122925,1,1,1,37.0,33.0,40.0,0.0,0.0,0.0,0.0,1,1,1.0,0.0,0.0,0.0,0.0,0.0,0.0,0.0,0.0,1.0,0,0,0,0,1,1,1,5,0,2023,2,2,3,0,0,0,2,0,1,1.0,0,0,LEVE,0,1
3,1,0.2105205359103887,2,2,4,-12.22761005,-76.91558296,0,0,1,0,2,-1,-1,2,6543.555,2.0,-1,-1,1.0,0.4495936745003294,0.4495936745003294,1198.0,0.6990481232857558,80.14597904142546,459161.0728051392,7626.313,1683.4029999999998,1599.0829999999996,4343.827000000001,1814.875,5811.438000000001,23.7975414856432,2,0,0,33.0,23.0,43.0,1.0,1.0,0.0,0.0,2,0,0.0,0.0,0.0,1.0,1.0,1.0,0.0,0.0,1.0,0.0,1,1,1,1,0,0,0,17,2,2023,2,2,3,0,0,0,2,0,1,0.0,0,0,LEVE,0,0
3,2,0.0420601801010322,0,4,2,-11.2757786,-76.4418053,3,4,0,1,2,1,0,2,6543.555,2.0,-1,-1,1.0,0.4495936745003294,0.4495936745003294,1198.0,0.5563774842369664,77.00938809632027,27932.19700214133,12264.545,1826.4639999999995,1105.5389999999998,9332.542,1588.5359999999996,10676.009,12.952261987705208,2,0,0,51.0,36.0,66.0,1.0,0.0,0.0,0.0,2,0,0.0,1.0,0.0,0.0,1.0,0.0,1.0,0.0,1.0,0.0,1,1,1,1,0,0,0,17,2,2023,2,2,3,0,0,2,1,0,1,0.0,1,0,LEVE,0,-1
4,1,0.2105205359103887,0,4,2,-11.23685,-77.39496,0,4,0,0,2,-1,-1,2,6543.555,2.0,-1,-1,1.0,0.4495936745003294,0.4495936745003294,1198.0,0.625259356790912,76.00710856837651,24684.304068522484,7626.313,1683.4029999999998,1599.0829999999996,4343.827000000001,1814.875,5811.438000000001,23.7975414856432,1,0,0,24.0,24.0,24.0,1.0,0.0,0.0,0.0,1,0,0.0,0.0,0.0,1.0,1.0,0.0,0.0,1.0,0.0,1.0,1,1,1,1,0,0,0,4,0,2023,2,3,4,0,0,0,2,0,1,0.0,0,0,LEVE,0,0
10,1,0.0182297386338677,0,4,3,-14.219099232586109,-73.08585079290788,6,5,6,-1,6,-1,-1,0,6543.555,2.0,-1,-1,1.0,0.4495936745003294,0.4495936745003294,1198.0,0.3105589412953486,63.41798673505576,1016.4903640256958,8358.971,1282.451,1298.0969999999998,5778.423,1432.683,6926.288,17.139466089785454,1,0,0,33.0,33.0,33.0,1.0,0.0,0.0,0.0,1,0,0.0,0.0,0.0,1.0,0.0,0.0,1.0,0.0,0.0,0.0,1,1,1,1,0,0,0,22,3,2023,2,3,4,0,0,2,2,0,1,0.0,0,0,GRAVE_MORTALIDAD,2,-1
6,1,0.0597408302218317,0,4,1,-6.48030333,-78.87960333,0,4,5,0,2,0,1,0,9936.932,2.0,5,2,1.0,0.340764331210191,0.1266198111135515,3830.0,0.3011301347839704,71.97114344661169,5264.304068522484,15935.565011852366,1733.9250000199986,935.692,13265.948011832368,2000.1670000199988,13935.398011832369,12.551591352627522,1,0,0,42.0,42.0,42.0,1.0,0.0,0.0,0.0,1,0,0.0,1.0,0.0,0.0,0.0,0.0,1.0,0.0,0.0,0.0,0,0,0,0,0,0,0,5,0,2023,2,4,5,1,0,2,1,0,1,0.0,0,0,GRAVE_LESIONADOS,1,1
6,1,0.0766527564243356,0,4,1,-16.9204153,-72.0492302,0,4,2,0,2,1,1,0,289.55,2.0,5,2,1.0,0.0252580716011421,0.0230617175488688,10.0,0.5784035125051519,74.737535639558,7264.014989293362,10322.272,1495.236,1749.739,7077.2970000000005,2886.595,7435.677000000001,27.964725207783708,1,0,0,54.0,54.0,54.0,1.0,0.0,1.0,1.0,1,0,0.0,0.0,0.0,1.0,0.0,0.0,1.0,1.0,0.0,0.0,0,0,0,0,0,0,0,11,1,2023,2,4,5,1,0,0,2,0,1,0.0,0,0,GRAVE_MORTALIDAD,2,4
3,2,0.0293213265978475,2,4,1,-6.041167,-77.134194,0,3,7,0,2,1,0,2,74.14,-1.0,-1,1,0.0,0.340764331210191,0.1266198111135515,30.0,0.5147882301210585,74.70882653725891,4267.862955032119,5645.136,815.0759999999999,965.298,3864.762,1013.406,4631.73,17.95184385283189,2,0,0,56.0,55.0,57.0,1.0,1.0,0.0,0.0,2,0,0.0,1.0,0.0,1.0,0.0,1.0,1.0,0.0,1.0,1.0,0,0,0,0,0,0,0,17,2,2023,2,4,5,1,0,1,1,0,1,0.0,0,0,LEVE,0,2
1,1,0.0420601801010322,2,4,1,-11.792625,-75.462974,2,4,7,0,2,-1,-1,0,7586.903,2.0,5,2,1.0,0.340764331210191,0.067428069404788,1198.0,0.5558701089933298,70.76932224691235,1096.0877944325482,12264.545,1826.4639999999995,1105.5389999999998,9332.542,1588.5359999999996,10676.009,12.952261987705208,1,0,1,38.0,38.0,38.0,1.0,0.0,0.0,0.0,1,0,0.0,0.0,0.0,1.0,0.0,1.0,0.0,0.0,0.0,0.0,0,0,0,0,0,0,0,19,3,2023,2,4,5,1,0,2,2,0,1,0.0,0,0,LEVE,0,4
1,1,0.0597408302218317,0,4,1,-7.20721063347287,-78.3870052610324,0,4,7,1,2,1,1,0,9936.932,2.0,5,2,1.0,0.340764331210191,0.1266198111135515,3830.0,0.3658867820676106,77.61736312988027,5469.092077087795,15935.565011852366,1733.9250000199986,935.692,13265.948011832368,2000.1670000199988,13935.398011832369,12.551591352627522,1,1,1,37.0,33.0,40.0,0.0,0.0,0.0,0.0,2,1,1.0,0.0,0.0,1.0,1.0,0.0,0.0,0.0,1.0,1.0,0,0,0,0,1,1,1,20,3,2023,2,4,5,1,0,2,2,0,1,1.0,0,0,LEVE,0,1
1,1,0.0597408302218317,0,4,1,-5.01839740966754,-79.0873508050405,0,4,5,1,2,-1,-1,0,9936.932,2.0,5,2,1.0,0.340764331210191,0.1266198111135515,3830.0,0.3151477911505985,73.36449184704787,9812.95289079229,15935.565011852366,1733.9250000199986,935.692,13265.948011832368,2000.1670000199988,13935.398011832369,12.551591352627522,1,1,1,37.0,33.0,40.0,0.0,0.0,0.0,0.0,1,1,1.0,0.0,0.0,0.0,0.0,0.0,0.0,0.0,0.0,1.0,0,0,0,0,1,1,1,2,0,2023,2,5,6,1,0,2,2,0,1,1.0,1,0,LEVE,0,1
3,1,0.2105205359103887,2,2,4,-10.769341,-77.76097,6,5,6,-1,6,-1,-1,0,6543.555,2.0,-1,-1,1.0,0.4495936745003294,0.4495936745003294,1198.0,0.6351794046894105,80.8024412070713,74926.62740899358,7626.313,1683.4029999999998,1599.0829999999996,4343.827000000001,1814.875,5811.438000000001,23.7975414856432,1,0,0,22.0,22.0,22.0,1.0,0.0,0.0,0.0,1,0,0.0,0.0,0.0,0.0,0.0,1.0,0.0,1.0,0.0,1.0,1,1,1,1,0,0,0,7,1,2023,2,5,6,1,0,0,2,0,1,0.0,0,0,LEVE,0,0
6,1,0.0351416648363716,0,4,0,-6.7396095,-79.6405712,0,4,7,0,2,-1,-1,0,6543.555,2.0,-1,-1,1.0,0.4495936745003294,0.4495936745003294,1198.0,0.5368990377599975,81.14791216819076,23182.03854389721,3459.691,515.0619999999999,689.7280000000001,2254.901,703.3549999999999,2756.336,20.329994788551925,1,1,0,37.0,33.0,40.0,0.0,0.0,0.0,0.0,1,0,0.0,0.0,1.0,0.0,0.0,1.0,0.0,0.0,0.0,0.0,1,1,1,1,1,1,1,10,1,2023,2,5,6,1,0,0,2,0,1,1.0,0,0,LEVE,0,1
3,3,0.0766527564243356,0,4,1,-16.62429,-71.87165,0,4,7,0,2,0,1,0,289.55,2.0,5,2,1.0,0.0252580716011421,0.0230617175488688,10.0,0.6105481451420971,78.10653088113892,35025.678800856535,10322.272,1495.236,1749.739,7077.2970000000005,2886.595,7435.677000000001,27.964725207783708,3,0,0,52.0,40.0,66.0,1.0,0.0,0.0,0.0,3,0,0.0,1.0,0.0,1.0,0.0,1.0,1.0,0.0,0.0,0.0,0,0,0,0,0,0,0,16,2,2023,2,5,6,1,0,0,1,0,1,0.0,0,0,LEVE,0,4
6,1,0.0497474192839885,2,4,2,-5.1876936,-80.626569,0,4,7,0,2,-1,-1,2,6543.555,2.0,-1,-1,1.0,0.4495936745003294,0.4495936745003294,1198.0,0.6582040223794163,78.74105515718446,178905.3426124197,8965.846000060003,1782.4120000599992,636.9959999999999,6546.438000000004,2214.505000059999,6751.341000000004,24.699342371541725,1,0,0,60.0,60.0,60.0,1.0,0.0,1.0,1.0,1,0,0.0,0.0,0.0,1.0,1.0,0.0,0.0,0.0,1.0,0.0,1,1,1,1,0,0,0,17,2,2023,2,5,6,1,0,0,2,0,1,0.0,0,0,LEVE,0,3
0,1,0.0902701515484296,0,4,1,-13.605801870107378,-71.72711387009552,0,4,7,0,2,0,0,2,3447.8009999999995,1.0,5,1,0.0,0.340764331210191,0.0101032286404568,1109.0,0.4479676236050441,63.30882145145972,5653.304068522484,17779.13499998999,2097.37099999,2863.123,12818.640999999989,2878.713,14900.421999989989,16.19152450331032,1,0,1,39.0,39.0,39.0,1.0,0.0,0.0,0.0,1,0,0.0,1.0,0.0,0.0,0.0,0.0,1.0,0.0,0.0,0.0,0,0,0,0,0,0,0,19,3,2023,2,5,6,1,0,2,0,0,1,0.0,0,0,LEVE,0,4
0,1,0.0933450472216121,0,4,1,-8.003237,-79.071385,0,0,7,0,2,-1,-1,4,6543.555,3.0,5,2,1.0,0.1133318690972984,0.1133318690972984,1475.0,0.583006771156836,78.2441938961209,76607.295503212,8931.828000000005,1335.5899999999997,1935.9830000000004,5660.255000000005,1219.309,7712.519000000005,13.651281686122925,1,0,1,52.0,52.0,52.0,1.0,0.0,0.0,0.0,1,0,0.0,0.0,0.0,1.0,0.0,1.0,0.0,0.0,0.0,0.0,0,0,0,0,0,0,0,19,3,2023,2,5,6,1,0,0,2,1,1,0.0,0,0,LEVE,0,1
6,1,0.0902701515484296,0,4,1,-13.425327,-71.861593,0,4,0,0,2,1,1,2,168.34499999999997,2.0,5,1,0.0,0.340764331210191,0.1266198111135515,55.0,0.3854606520670675,78.88797910851082,4673.113490364026,17779.13499998999,2097.37099999,2863.123,12818.640999999989,2878.713,14900.421999989989,16.19152450331032,1,0,0,47.0,47.0,47.0,1.0,0.0,0.0,0.0,1,0,0.0,0.0,0.0,1.0,0.0,1.0,0.0,0.0,0.0,0.0,0,0,0,0,0,0,0,22,3,2023,2,5,6,1,0,2,2,0,1,0.0,0,0,LEVE,0,4
3,2,0.0293213265978475,2,4,1,-5.970251,-77.292919,0,0,7,0,2,-1,-1,2,7758.33400008,2.0,5,2,1.0,0.340764331210191,0.0464528882055787,2133.0,0.3873075948511574,72.98119449957349,17629.94004282655,5645.136,815.0759999999999,965.298,3864.762,1013.406,4631.73,17.95184385283189,2,0,0,34.5,33.0,36.0,1.0,0.0,0.0,0.0,2,0,0.0,0.0,1.0,1.0,0.0,0.0,1.0,1.0,1.0,1.0,0,0,0,0,0,0,0,1,0,2023,2,6,0,0,0,1,2,0,1,0.0,0,0,LEVE,0,2
3,2,0.0318471337579617,2,4,1,-9.234863491354368,-78.4485196935065,0,4,7,0,2,1,1,2,6543.555,3.0,5,2,1.0,0.1133318690972984,0.1133318690972984,1475.0,0.568820669072786,79.34476661557915,15652.0278372591,10767.648,1885.0630000000003,1222.721,7659.864000000001,2100.343,8667.305000000002,19.506051832303577,2,0,0,27.0,19.0,35.0,1.0,1.0,0.0,1.0,2,0,0.0,0.0,1.0,1.0,1.0,0.0,1.0,0.0,1.0,1.0,0,0,0,0,0,0,0,3,0,2023,2,6,0,0,0,0,2,1,1,0.0,0,0,LEVE,0,1
6,1,0.0766527564243356,0,4,1,-17.1690929,-71.7867987,0,4,7,0,2,0,1,0,1926.94,2.0,5,2,1.0,0.340764331210191,0.1266198111135515,393.0,0.6064020802559494,77.82737834960788,6370.241970021414,10322.272,1495.236,1749.739,7077.2970000000005,2886.595,7435.677000000001,27.964725207783708,1,0,0,61.0,61.0,61.0,1.0,1.0,0.0,0.0,1,0,0.0,0.0,0.0,1.0,0.0,1.0,0.0,0.0,1.0,0.0,0,0,0,0,0,0,0,12,2,2023,2,6,0,0,0,0,1,0,1,0.0,0,0,LEVE,0,4
3,2,0.0933450472216121,2,4,1,-7.237837,-79.458427,0,2,7,0,2,-1,-1,2,6543.555,3.0,5,2,1.0,0.1133318690972984,0.1133318690972984,1475.0,0.5650979329787121,81.32490571897102,43897.946466809415,8931.828000000005,1335.5899999999997,1935.9830000000004,5660.255000000005,1219.309,7712.519000000005,13.651281686122925,2,0,0,44.0,25.0,63.0,1.0,1.0,0.0,0.0,2,0,0.0,0.0,1.0,1.0,1.0,0.0,0.0,1.0,0.0,1.0,0,0,0,0,0,0,0,19,3,2023,2,6,0,0,0,0,2,1,1,0.0,0,0,LEVE,0,1
6,1,0.0318471337579617,0,4,0,-9.66429274469711,-77.1989777849882,0,4,0,1,4,1,0,2,6543.555,2.0,-1,-1,1.0,0.4495936745003294,0.4495936745003294,1198.0,0.333316881053218,75.71786922929233,8332.717344753746,10767.648,1885.0630000000003,1222.721,7659.864000000001,2100.343,8667.305000000002,19.506051832303577,1,0,0,59.0,59.0,59.0,1.0,0.0,0.0,0.0,1,0,0.0,0.0,0.0,0.0,0.0,0.0,1.0,0.0,1.0,0.0,1,1,1,1,0,0,0,4,0,2023,2,7,1,0,0,0,1,0,1,0.0,1,0,GRAVE_LESIONADOS,1,1