CLASE SINIESTRO,CANTIDAD DE VEHICULOS DAÑADOS,DEPARTAMENTO,ZONA,TIPO DE VÍA,RED VIAL,COORDENADAS LATITUD,COORDENADAS  LONGITUD,CONDICIÓN CLIMÁTICA,ZONIFICACIÓN,CARACTERÍSTICAS DE VÍA,PERFIL LONGITUDINAL VÍA,SUPERFICIE DE CALZADA,¿EXISTE SEÑAL VERTICAL?,¿EXISTE SEÑAL HORIZONTAL?,CAUSA FACTOR PRINCIPAL,MTC_RVN_LONGITUD_KM,MTC_RVN_N_CARRILES_MEDIANA,MTC_RVN_SUPERFICIE_DOMINANTE,MTC_RVN_ESTADO_DOMINANTE,MTC_RVN_ES_CONCESIONADA,MTC_RVN_CONCESION_PRINCIPAL,MTC_RVN_CORREDOR_LOGISTICO,MTC_RVN_N_TRAMOS,IDH_2019,IDH_ESP_VIDA_2019,IDH_POBLACION_2019,MTC_DEP_RED_TOTAL_KM,MTC_DEP_NACIONAL_TOTAL_KM,MTC_DEP_DEPARTAMENTAL_TOTAL_KM,MTC_DEP_VECINAL_TOTAL_KM,MTC_DEP_PAV_TOTAL_KM,MTC_DEP_NO_PAV_TOTAL_KM,MTC_DEP_PCT_PAVIMENTADA,PER_N_CONDUCTORES,PER_N_CONDUCTORES_FUGADOS,PER_N_PEATONES,PER_EDAD_COND_PROM,PER_EDAD_COND_MIN,PER_EDAD_COND_MAX,PER_ANY_COND_MASCULINO,PER_ANY_LIC_PROBLEMA,PER_ANY_DOSAJE_POS,PER_ANY_DOSAJE_EVALUADO,VEH_TOTAL,VEH_N_FUGADOS,VEH_ANY_FUGADO,VEH_ANY_CARGA,VEH_ANY_PUBLICO,VEH_ANY_PARTICULAR,VEH_ANY_MOTO,VEH_ANY_AUTO,VEH_ANY_CAMION_BUS,VEH_ANY_SOAT_PROBLEMA,VEH_ANY_CITV_PROBLEMA,VEH_ANY_SEGURO_PROBLEMA,MTC_RVN_LONGITUD_KM_ERA_NULO,MTC_RVN_N_CARRILES_MEDIANA_ERA_NULO,MTC_RVN_ES_CONCESIONADA_ERA_NULO,MTC_RVN_N_TRAMOS_ERA_NULO,PER_EDAD_COND_PROM_ERA_NULO,PER_EDAD_COND_MIN_ERA_NULO,PER_EDAD_COND_MAX_ERA_NULO,HORA_NUM,FRANJA_HORARIA,ANIO,MES,DIA_MES,DIA_SEMANA,ES_FIN_SEMANA,ES_QUINCENA,REGION_NATURAL,NIVEL_SEÑALIZACION_ORD,ES_VIA_MULTICARRIL,ES_DEPTO_BAJO_PAVIMENTO,RATIO_CONDUCTORES_FUGADOS,ES_CURVA_Y_PENDIENTE,ES_VIA_NO_PAVIMENTADA,CATEGORIA_SEVERIDAD,CATEGORIA_SEVERIDAD_ENC,CLUSTER
6,1,0.0497474192839885,0,4,1,-5.336733,-80.073728,0,4,7,0,2,-1,-1,2,1305.18,2.0,5,2,1.0,0.0160333845815945,0.0464528882055787,163.0,0.3893523155396837,73.6911779276771,12720.513918629553,8965.846000060003,1782.4120000599992,636.9959999999999,6546.438000000004,2214.505000059999,6751.341000000004,24.699342371541725,1,0,0,38.0,38.0,38.0,1.0,0.0,0.0,1.0,1,0,0.0,0.0,0.0,1.0,0.0,0.0,1.0,0.0,0.0,0.0,0,0,0,0,0,0,0,8,1,2023,2,7,1,0,0,0,2,0,1,0.0,0,0,LEVE,0,3
3,1,0.2105205359103887,2,4,1,-11.850768,-77.091932,0,0,7,0,2,-1,-1,0,6543.555,3.0,5,2,1.0,0.1133318690972984,0.1133318690972984,1475.0,0.6632628912836565,79.15155564666024,383699.2119914347,7626.313,1683.4029999999998,1599.0829999999996,4343.827000000001,1814.875,5811.438000000001,23.7975414856432,2,0,0,22.0,15.0,29.0,1.0,0.0,0.0,0.0,2,0,0.0,1.0,0.0,1.0,1.0,0.0,1.0,0.0,1.0,1.0,0,0,0,0,0,0,0,9,1,2023,2,7,1,0,0,0,2,1,1,0.0,0,0,LEVE,0,0
3,2,0.0597408302218317,2,2,4,-7.14775811053,-78.5183507407451,7,3,1,0,2,-1,-1,0,6543.555,2.0,-1,-1,1.0,0.4495936745003294,0.4495936745003294,1198.0,0.6070175276741574,73.19224654097276,257380.9443254818,15935.565011852366,1733.9250000199986,935.692,13265.948011832368,2000.1670000199988,13935.398011832369,12.551591352627522,2,0,0,35.5,29.0,42.0,1.0,1.0,0.0,0.0,2,0,0.0,0.0,1.0,1.0,1.0,0.0,1.0,0.0,1.0,0.0,1,1,1,1,0,0,0,14,2,2023,2,7,1,0,0,2,2,0,1,0.0,0,0,LEVE,0,1
0,1,0.2105205359103887,2,4,1,-11.835905,-77.110451,0,3,4,0,2,-1,-1,4,6543.555,3.0,5,2,1.0,0.1133318690972984,0.1133318690972984,1475.0,0.6632628912836565,79.15155564666024,383699.2119914347,7626.313,1683.4029999999998,1599.0829999999996,4343.827000000001,1814.875,5811.438000000001,23.7975414856432,1,0,1,36.0,36.0,36.0,1.0,0.0,0.0,0.0,1,0,0.0,0.0,0.0,1.0,0.0,1.0,0.0,0.0,0.0,0.0,0,0,0,0,0,0,0,20,3,2023,2,7,1,0,0,0,2,1,1,0.0,0,0,LEVE,0,0
0,1,0.2105205359103887,2,4,1,-12.458473,-76.753223,0,4,7,0,2,-1,-1,4,6639.975,2.0,5,2,1.0,0.340764331210191,0.074236766966835,1616.0,0.5989399421098186,77.00744531585744,19083.880085653105,7626.313,1683.4029999999998,1599.0829999999996,4343.827000000001,1814.875,5811.438000000001,23.7975414856432,1,0,1,38.0,38.0,38.0,1.0,0.0,0.0,0.0,1,0,0.0,0.0,0.0,1.0,0.0,1.0,0.0,0.0,0.0,0.0,0,0,0,0,0,0,0,20,3,2023,2,7,1,0,0,0,2,0,1,0.0,0,0,LEVE,0,0
0,1,0.2105205359103887,2,4,1,-12.053680727636,-76.97535993996986,0,0,7,0,2,-1,-1,4,6543.555,3.0,5,2,1.0,0.1133318690972984,0.1133318690972984,1475.0,0.7347309224519117,80.70014842215761,229834.5310492505,7626.313,1683.4029999999998,1599.0829999999996,4343.827000000001,1814.875,5811.438000000001,23.7975414856432,1,0,1,25.0,25.0,25.0,1.0,0.0,0.0,0.0,1,0,0.0,0.0,0.0,1.0,0.0,1.0,0.0,0.0,0.0,0.0,0,0,0,0,0,0,0,21,3,2023,2,7,1,0,0,0,2,1,1,0.0,0,0,LEVE,0,0
3,1,0.0420601801010322,0,4,3,-10.8723366271618,-74.9187544055246,6,5,6,-1,6,-1,-1,0,6543.555,2.0,-1,-1,1.0,0.4495936745003294,0.4495936745003294,1198.0,0.4295860411633357,74.52920034355449,73767.52890792291,12264.545,1826.4639999999995,1105.5389999999998,9332.542,1588.5359999999996,10676.009,12.952261987705208,2,0,0,35.0,25.0,45.0,1.0,1.0,0.0,0.0,2,0,0.0,0.0,0.0,1.0,1.0,0.0,1.0,0.0,1.0,1.0,1,1,1,1,0,0,0,14,2,2023,2,8,2,0,0,2,2,0,1,0.0,0,0,LEVE,0,5
3,1,0.2105205359103887,2,2,4,-12.19332227,-76.96688369,0,0,7,0,2,-1,-1,0,6543.555,2.0,-1,-1,1.0,0.4495936745003294,0.4495936745003294,1198.0,0.6990481232857558,80.14597904142546,459161.0728051392,7626.313,1683.4029999999998,1599.0829999999996,4343.827000000001,1814.875,5811.438000000001,23.7975414856432,2,0,0,48.0,37.0,59.0,1.0,1.0,0.0,0.0,2,0,0.0,0.0,1.0,1.0,0.0,1.0,1.0,0.0,0.0,0.0,1,1,1,1,0,0,0,15,2,2023,2,8,2,0,0,0,2,0,1,0.0,0,0,LEVE,0,0
6,1,0.0497474192839885,2,4,2,-5.576148,-80.821413,0,0,7,0,2,-1,-1,2,6543.555,2.0,-1,-1,1.0,0.4495936745003294,0.4495936745003294,1198.0,0.4860724693701166,72.15814961491549,48691.10064239828,8965.846000060003,1782.4120000599992,636.9959999999999,6546.438000000004,2214.505000059999,6751.341000000004,24.699342371541725,1,0,0,38.0,38.0,38.0,0.0,1.0,0.0,0.0,1,0,0.0,0.0,0.0,1.0,1.0,0.0,0.0,0.0,1.0,0.0,1,1,1,1,0,0,0,18,3,2023,2,8,2,0,0,0,2,0,1,0.0,0,0,LEVE,0,3
6,1,0.0420601801010322,0,4,1,-11.2325400467819,-75.9393639449429,0,4,7,0,2,1,0,2,9936.932,2.0,5,2,1.0,0.340764331210191,0.1266198111135515,3830.0,0.3806721892335712,78.77245225217325,4341.336188436831,12264.545,1826.4639999999995,1105.5389999999998,9332.542,1588.5359999999996,10676.009,12.952261987705208,1,0,0,46.0,46.0,46.0,1.0,0.0,0.0,0.0,1,0,0.0,0.0,1.0,0.0,0.0,0.0,1.0,0.0,0.0,0.0,0,0,0,0,0,0,0,4,0,2023,2,9,3,0,0,2,1,0,1,0.0,0,0,GRAVE_LESIONADOS,1,4
1,1,0.0420601801010322,2,4,1,-11.817768,-75.456077,0,4,7,0,2,1,0,0,196.88,2.0,5,2,1.0,0.0162530199868218,0.1266198111135515,35.0,0.5422965434809673,74.9653227922473,2198.1498929336194,12264.545,1826.4639999999995,1105.5389999999998,9332.542,1588.5359999999996,10676.009,12.952261987705208,1,1,1,37.0,33.0,40.0,0.0,0.0,0.0,0.0,1,1,1.0,0.0,0.0,0.0,0.0,0.0,0.0,0.0,0.0,1.0,0,0,0,0,1,1,1,9,1,2023,2,9,3,0,0,2,1,0,1,1.0,0,0,LEVE,0,4
2,1,0.0902701515484296,2,4,2,-13.549953,-71.891092,0,0,7,0,2,0,1,3,6543.555,2.0,-1,-1,1.0,0.4495936745003294,0.4495936745003294,1198.0,0.6549025615332805,78.59637500870319,59698.74304068524,17779.13499998999,2097.37099999,2863.123,12818.640999999989,2878.713,14900.421999989989,16.19152450331032,1,0,0,34.0,34.0,34.0,1.0,0.0,0.0,1.0,1,0,0.0,0.0,1.0,0.0,0.0,0.0,1.0,0.0,0.0,0.0,1,1,1,1,0,0,0,10,1,2023,2,10,4,0,0,2,1,0,1,0.0,0,0,LEVE,0,4
3,2,0.0933450472216121,0,4,1,-7.704554,-78.020546,0,4,0,1,7,-1,-1,2,9936.932,2.0,5,2,1.0,0.340764331210191,0.1266198111135515,3830.0,0.1405167107902591,78.51359748127314,13896.82226980728,8931.828000000005,1335.5899999999997,1935.9830000000004,5660.255000000005,1219.309,7712.519000000005,13.651281686122925,2,0,0,42.0,36.0,48.0,1.0,1.0,0.0,0.0,2,0,0.0,1.0,0.0,1.0,1.0,0.0,1.0,0.0,0.0,1.0,0,0,0,0,0,0,0,11,1,2023,2,10,4,0,0,0,2,0,1,0.0,1,1,LEVE,0,1
3,2,0.0351416648363716,0,4,1,-5.7528335,-79.8637888,0,4,1,0,2,-1,-1,0,1305.18,2.0,5,2,1.0,0.0160333845815945,0.0464528882055787,163.0,0.4703091457296942,74.91176543888524,44335.321199143465,3459.691,515.0619999999999,689.7280000000001,2254.901,703.3549999999999,2756.336,20.329994788551925,2,0,0,49.0,29.0,69.0,1.0,0.0,0.0,0.0,2,0,0.0,1.0,0.0,1.0,0.0,1.0,1.0,0.0,0.0,0.0,0,0,0,0,0,0,0,11,1,2023,2,10,4,0,0,0,2,0,1,0.0,0,0,LEVE,0,1
3,2,0.0475510652317153,0,4,1,-13.5531479,-76.1808916,0,4,7,0,2,-1,-1,6,205.54999999999995,-1.0,5,2,1.0,0.0040632549967054,0.074236766966835,15.0,0.533712318797331,79.3365989923595,13863.817987152031,3721.461,698.1859999999996,744.866,2278.409,1102.9029999999996,2618.558,29.636290693359403,2,0,0,46.5,30.0,63.0,1.0,1.0,0.0,0.0,2,0,0.0,0.0,0.0,1.0,0.0,1.0,0.0,0.0,1.0,0.0,0,0,0,0,0,0,0,15,2,2023,2,10,4,0,0,0,2,0,1,0.0,0,0,GRAVE_MORTALIDAD,2,7
4,1,0.0182297386338677,0,4,1,-13.546849,-73.652318,5,4,0,0,2,1,1,5,7586.903,2.0,5,2,1.0,0.340764331210191,0.067428069404788,1198.0,0.5563774842369664,77.00938809632027,27932.19700214133,8358.971,1282.451,1298.0969999999998,5778.423,1432.683,6926.288,17.139466089785454,1,0,0,52.0,52.0,52.0,1.0,0.0,0.0,0.0,1,0,0.0,0.0,1.0,0.0,1.0,0.0,0.0,1.0,1.0,0.0,0,0,0,0,0,0,0,5,0,2023,2,11,5,1,0,2,2,0,1,0.0,0,0,LEVE,0,4
3,3,0.0821436415550186,0,4,1,-15.6716812,-70.3756205,0,4,0,0,2,-1,-1,2,1504.4250000000002,2.0,5,2,1.0,0.0252580716011421,0.0230617175488688,241.0,0.4387767884413746,74.08026937973001,4885.396145610278,13642.312999999998,2020.7790000000005,2354.117,9267.416999999998,3314.0520000000006,10328.260999999997,24.29244952817019,3,0,0,41.0,31.0,51.0,1.0,0.0,0.0,0.0,3,0,0.0,1.0,0.0,1.0,0.0,1.0,1.0,0.0,0.0,0.0,0,0,0,0,0,0,0,5,0,2023,2,11,5,1,0,2,2,0,1,0.0,0,0,LEVE,0,4
2,1,0.0597408302218317,2,4,1,-7.16844810049675,-78.5000551295241,0,4,7,0,2,0,1,0,9936.932,2.0,5,2,1.0,0.340764331210191,0.1266198111135515,3830.0,0.6070175276741574,73.19224654097276,257380.9443254818,15935.565011852366,1733.9250000199986,935.692,13265.948011832368,2000.1670000199988,13935.398011832369,12.551591352627522,1,0,0,48.0,48.0,48.0,1.0,0.0,0.0,0.0,1,0,0.0,1.0,0.0,0.0,0.0,0.0,1.0,0.0,0.0,0.0,0,0,0,0,0,0,0,5,0,2023,2,11,5,1,0,2,1,0,1,0.0,0,0,LEVE,0,1
2,1,0.0933450472216121,0,4,1,-7.107442,-79.502711,0,4,7,0,2,-1,-1,4,6543.555,3.0,5,2,1.0,0.1133318690972984,0.1133318690972984,1475.0,0.5114727232493018,78.60606800160349,24701.19700214133,8931.828000000005,1335.5899999999997,1935.9830000000004,5660.255000000005,1219.309,7712.519000000005,13.651281686122925,1,0,0,36.0,36.0,36.0,1.0,0.0,0.0,0.0,1,0,0.0,1.0,0.0,0.0,0.0,0.0,1.0,0.0,0.0,0.0,0,0,0,0,0,0,0,11,1,2023,2,11,5,1,0,0,2,1,1,0.0,0,0,LEVE,0,1
0,1,0.0902701515484296,2,4,1,-14.5104862527707,-71.8846521955976,6,5,6,-1,6,-1,-1,0,1780.161,1.0,-1,1,0.0,0.340764331210191,0.1266198111135515,490.0,0.4670263153502933,65.5237709552973,9065.880085653103,17779.13499998999,2097.37099999,2863.123,12818.640999999989,2878.713,14900.421999989989,16.19152450331032,1,0,1,31.0,31.0,31.0,1.0,0.0,0.0,0.0,1,0,0.0,0.0,0.0,1.0,0.0,0.0,1.0,0.0,0.0,0.0,0,0,0,0,0,0,0,11,1,2023,2,11,5,1,0,2,2,0,1,0.0,0,0,LEVE,0,4
0,1,0.2105205359103887,2,2,4,-11.97889144,-77.07699822,0,0,7,0,2,1,1,0,6543.555,2.0,-1,-1,1.0,0.4495936745003294,0.4495936745003294,1198.0,0.758462599563312,80.5192231989937,363987.54389721627,7626.313,1683.4029999999998,1599.0829999999996,4343.827000000001,1814.875,5811.438000000001,23.7975414856432,1,0,1,44.0,44.0,44.0,1.0,0.0,0.0,0.0,1,0,0.0,1.0,0.0,0.0,0.0,0.0,1.0,0.0,0.0,0.0,1,1,1,1,0,0,0,11,1,2023,2,11,5,1,0,0,2,0,1,0.0,0,0,LEVE,0,0
0,1,0.0821436415550186,2,6,4,-15.469164245400664,-70.14080638570546,0,3,2,0,2,-1,-1,6,6543.555,2.0,-1,-1,1.0,0.4495936745003294,0.4495936745003294,1198.0,0.5759734352119,73.55929462493827,232834.39603082248,13642.312999999998,2020.7790000000005,2354.117,9267.416999999998,3314.0520000000006,10328.260999999997,24.29244952817019,1,0,1,32.0,32.0,32.0,1.0,0.0,0.0,1.0,1,0,0.0,0.0,0.0,1.0,0.0,1.0,0.0,0.0,0.0,0.0,1,1,1,1,0,0,0,18,3,2023,2,11,5,1,0,2,2,0,1,0.0,0,0,LEVE,0,4
3,2,0.0766527564243356,0,4,1,-17.17519227,-71.7683892,0,4,7,0,2,0,1,0,1926.94,2.0,5,2,1.0,0.340764331210191,0.1266198111135515,393.0,0.6064020802559494,77.82737834960788,6370.241970021414,10322.272,1495.236,1749.739,7077.2970000000005,2886.595,7435.677000000001,27.964725207783708,2,0,0,52.5,46.0,59.0,1.0,1.0,0.0,1.0,2,0,0.0,1.0,0.0,0.0,0.0,0.0,1.0,0.0,1.0,1.0,0,0,0,0,0,0,0,19,3,2023,2,11,5,1,0,0,1,0,1,0.0,0,0,LEVE,0,4
0,1,0.0318471337579617,0,4,1,-9.559331324511644,-77.5391381909354,5,4,7,0,2,1,0,0,9936.932,2.0,5,2,1.0,0.340764331210191,0.1266198111135515,3830.0,0.6030793015789164,74.32152956359432,64284.002141327626,10767.648,1885.0630000000003,1222.721,7659.864000000001,2100.343,8667.305000000002,19.506051832303577,1,0,1,37.0,37.0,37.0,1.0,0.0,0.0,0.0,1,0,0.0,0.0,1.0,0.0,0.0,0.0,1.0,0.0,0.0,0.0,0,0,0,0,0,0,0,20,3,2023,2,11,5,1,0,0,1,0,1,0.0,0,0,LEVE,0,20
3,1,0.006479244454206,2,6,4,-10.583475625844148,-75.40106932509597,6,5,6,-1,6,-1,-1,0,6543.555,2.0,-1,-1,1.0,0.4495936745003294,0.4495936745003294,1198.0,0.5341944882701687,69.42667706266779,15116.044967880083,3677.119863,564.5869999999999,910.845,2201.687863000001,590.8779999999998,3086.2418630000006,16.06904376290656,2,0,0,33.0,24.0,42.0,1.0,1.0,0.0,0.0,2,0,0.0,0.0,0.0,1.0,1.0,0.0,0.0,1.0,1.0,1.0,1,1,1,1,0,0,0,23,3,2023,2,11,5,1,0,2,2,0,1,0.0,0,0,LEVE,0,43
6,1,0.0497474192839885,0,4,1,-5.00297,-80.22238,0,4,0,0,2,1,0,0,892.7650002999999,-1.0,-1,2,0.0,0.340764331210191,0.1266198111135515,790.0,0.4653748048968089,74.19666709322776,75914.02997858672,8965.846000060003,1782.4120000599992,636.9959999999999,6546.438000000004,2214.505000059999,6751.341000000004,24.699342371541725,1,0,0,37.0,33.0,40.0,0.0,0.0,0.0,0.0,1,1,1.0,0.0,0.0,0.0,0.0,0.0,0.0,0.0,0.0,1.0,0,0,0,0,1,1,1,1,0,2023,2,12,6,1,0,0,1,0,1,0.0,0,0,LEVE,0,3
5,1,0.0497474192839885,2,4,1,-5.215316,-80.653421,0,4,7,0,2,-1,-1,0,6543.555,3.0,5,2,1.0,0.1133318690972984,0.1133318690972984,1475.0,0.5997462042553465,78.40793944726823,183875.0,8965.846000060003,1782.4120000599992,636.9959999999999,6546.438000000004,2214.505000059999,6751.341000000004,24.699342371541725,2,1,0,22.0,22.0,22.0,1.0,1.0,0.0,0.0,2,1,1.0,0.0,1.0,0.0,1.0,0.0,0.0,0.0,1.0,1.0,0,0,0,0,0,0,0,4,0,2023,2,12,6,1,0,0,2,1,1,0.5,0,0,LEVE,0,3
1,1,0.0351416648363716,0,4,1,-6.6232301,-79.9594697,0,4,7,0,2,-1,-1,0,6543.555,3.0,5,2,1.0,0.1133318690972984,0.1133318690972984,1475.0,0.3879800350664534,75.68222437543551,48902.40256959316,3459.691,515.0619999999999,689.7280000000001,2254.901,703.3549999999999,2756.336,20.329994788551925,1,1,1,37.0,33.0,40.0,0.0,0.0,0.0,0.0,1,1,1.0,0.0,0.0,0.0,0.0,0.0,0.0,0.0,0.0,1.0,0,0,0,0,1,1,1,4,0,2023,2,12,6,1,0,0,2,1,1,1.0,0,0,LEVE,0,1
0,1,0.0933450472216121,0,4,1,-7.418904,-79.508174,0,4,0,0,2,-1,-1,2,6543.555,3.0,5,2,1.0,0.1133318690972984,0.1133318690972984,1475.0,0.6138517538553948,80.84826225715301,16852.97430406852,8931.828000000005,1335.5899999999997,1935.9830000000004,5660.255000000005,1219.309,7712.519000000005,13.651281686122925,1,0,1,35.0,35.0,35.0,1.0,0.0,0.0,0.0,1,0,0.0,0.0,1.0,0.0,0.0,0.0,1.0,0.0,0.0,0.0,0,0,0,0,0,0,0,6,1,2023,2,12,6,1,0,0,2,1,1,0.0,0,0,LEVE,0,1
1,1,0.0933450472216121,2,2,4,-8.071887,-79.021005,0,0,1,0,2,-1,-1,0,6543.555,2.0,-1,-1,1.0,0.4495936745003294,0.4495936745003294,1198.0,0.5628682280502054,79.35078533424159,209189.32119914345,8931.828000000005,1335.5899999999997,1935.9830000000004,5660.255000000005,1219.309,7712.519000000005,13.651281686122925,1,1,1,37.0,33.0,40.0,0.0,0.0,0.0,0.0,1,1,1.0,0.0,0.0,0.0,0.0,0.0,0.0,0.0,0.0,1.0,1,1,1,1,1,1,1,6,1,2023,2,12,6,1,0,0,2,0,1,1.0,0,0,LEVE,0,1
0,1,0.0182297386338677,2,3,4,-14.365396353275935,-72.87687602872857,6,5,6,-1,6,-1,-1,0,6543.555,2.0,-1,-1,1.0,0.4495936745003294,0.4495936745003294,1198.0,0.3187913318835241,54.2987924038521,2702.629550321199,8358.971,1282.451,1298.0969999999998,5778.423,1432.683,6926.288,17.139466089785454,1,0,1,21.0,21.0,21.0,1.0,1.0,0.0,0.0,1,0,0.0,0.0,0.0,1.0,1.0,0.0,0.0,1.0,1.0,1.0,1,1,1,1,0,0,0,20,3,2023,2,12,6,1,0,2,2,0,1,0.0,0,0,LEVE,0,32
0,1,0.0475510652317153,2,4,1,-13.413549,-76.119516,0,3,7,0,2,-1,-1,4,1482.81,1.0,-1,1,0.0,0.340764331210191,0.0020865363496595,270.0,0.6055729655078196,80.58213764502653,66625.16488222699,3721.461,698.1859999999996,744.866,2278.409,1102.9029999999996,2618.558,29.636290693359403,1,0,1,49.0,49.0,49.0,1.0,0.0,0.0,0.0,1,0,0.0,0.0,0.0,0.0,0.0,1.0,0.0,0.0,0.0,0.0,0,0,0,0,0,0,0,22,3,2023,2,12,6,1,0,0,2,0,1,0.0,0,0,LEVE,0,7
7,1,0.0766527564243356,2,2,4,-16.4435945,-71.5556462,0,0,7,1,4,-1,-1,0,6543.555,2.0,-1,-1,1.0,0.4495936745003294,0.4495936745003294,1198.0,0.6631745849019589,78.63253022415783,46994.9721627409,10322.272,1495.236,1749.739,7077.2970000000005,2886.595,7435.677000000001,27.964725207783708,1,0,0,77.0,77.0,77.0,1.0,0.0,0.0,0.0,1,0,0.0,0.0,0.0,1.0,0.0,1.0,0.0,0.0,0.0,0.0,1,1,1,1,0,0,0,13,2,2023,2,13,0,0,0,0,2,0,1,0.0,0,0,LEVE,0,4
10,1,0.0182297386338677,0,4,2,-13.84172503427599,-72.57831755202824,6,5,6,-1,6,-1,-1,0,6543.555,2.0,-1,-1,1.0,0.4495936745003294,0.4495936745003294,1198.0,0.1824877464520417,67.10059231589754,3073.7130620985013,8358.971,1282.451,1298.0969999999998,5778.423,1432.683,6926.288,17.139466089785454,1,0,0,58.0,58.0,58.0,1.0,0.0,0.0,0.0,1,0,0.0,0.0,1.0,0.0,0.0,0.0,1.0,0.0,0.0,0.0,1,1,1,1,0,0,0,15,2,2023,2,13,0,0,0,2,2,0,1,0.0,0,0,LEVE,0,4
0,1,0.0131781243136393,0,4,1,-8.799882,-76.124235,0,4,7,0,2,1,1,0,7758.33400008,2.0,5,2,1.0,0.340764331210191,0.0464528882055787,2133.0,0.3327512625619986,70.03323242660845,3608.4891044538335,8209.057,1333.4779999999996,791.9770000000001,6083.602,1059.8589999999997,7149.198,12.910849565303296,1,1,3,37.0,33.0,40.0,1.0,0.0,0.0,0.0,1,0,0.0,0.0,1.0,0.0,1.0,0.0,0.0,1.0,1.0,1.0,0,0,0,0,1,1,1,19,3,2023,2,13,0,0,0,2,2,0,1,1.0,0,0,GRAVE_LESIONADOS,1,4
1,1,0.0933450472216121,2,3,4,-7.231204,-79.422057,0,0,7,0,2,-1,-1,0,6543.555,2.0,-1,-1,1.0,0.4495936745003294,0.4495936745003294,1198.0,0.5885704819472196,78.81449187577415,48424.389721627405,8931.828000000005,1335.5899999999997,1935.9830000000004,5660.255000000005,1219.309,7712.519000000005,13.651281686122925,1,1,1,37.0,33.0,40.0,0.0,0.0,0.0,0.0,1,1,1.0,0.0,0.0,0.0,0.0,0.0,0.0,0.0,0.0,1.0,1,1,1,1,1,1,1,23,3,2023,2,13,0,0,0,0,2,0,1,1.0,0,0,LEVE,0,1
6,1,0.0766527564243356,2,2,4,-16.3431233,-72.175876,0,3,1,0,2,-1,-1,0,6543.555,2.0,-1,-1,1.0,0.4495936745003294,0.4495936745003294,1198.0,0.6077843615696785,76.53072135400231,74658.55888650964,10322.272,1495.236,1749.739,7077.2970000000005,2886.595,7435.677000000001,27.964725207783708,1,0,0,21.0,21.0,21.0,1.0,1.0,0.0,0.0,1,0,0.0,0.0,0.0,1.0,1.0,0.0,0.0,1.0,1.0,1.0,1,1,1,1,0,0,0,0,0,2023,2,14,1,0,0,0,2,0,1,0.0,0,0,LEVE,0,4
6,1,0.0139468482319349,0,4,1,-3.6859205240924737,-80.69030458774681,7,4,7,0,2,-1,-1,2,6543.555,3.0,5,2,1.0,0.1133318690972984,0.1133318690972984,1475.0,0.568342833663152,74.37886913017682,11360.244111349037,1009.101,138.47399999999996,287.471,583.156,276.972,732.129,27.447401201663663,1,0,0,35.0,35.0,35.0,1.0,0.0,0.0,0.0,1,0,0.0,1.0,0.0,0.0,0.0,0.0,1.0,0.0,0.0,0.0,0,0,0,0,0,0,0,9,1,2023,2,14,1,0,0,0,2,1,1,0.0,0,0,LEVE,0,13
6,1,0.2105205359103887,2,3,4,-12.19771641,-77.02461312,0,3,1,0,2,-1,-1,2,6543.555,2.0,-1,-1,1.0,0.4495936745003294,0.4495936745003294,1198.0,0.7583553928164398,79.82595632107274,333655.3618843683,7626.313,1683.4029999999998,1599.0829999999996,4343.827000000001,1814.875,5811.438000000001,23.7975414856432,1,0,0,61.0,61.0,61.0,1.0,0.0,0.0,0.0,1,0,0.0,1.0,0.0,0.0,0.0,0.0,1.0,0.0,0.0,0.0,1,1,1,1,0,0,0,13,2,2023,2,14,1,0,0,0,2,0,1,0.0,0,0,LEVE,0,0
3,2,0.0933450472216121,2,4,1,-8.180820935495795,-78.98939246653913,0,0,7,0,2,-1,-1,2,6543.555,3.0,5,2,1.0,0.1133318690972984,0.1133318690972984,1475.0,0.5704872313485707,78.73040511828864,20630.58672376873,8931.828000000005,1335.5899999999997,1935.9830000000004,5660.255000000005,1219.309,7712.519000000005,13.651281686122925,2,0,0,31.5,19.0,44.0,1.0,1.0,0.0,1.0,2,0,0.0,1.0,0.0,1.0,1.0,0.0,1.0,0.0,0.0,0.0,0,0,0,0,0,0,0,18,3,2023,2,14,1,0,0,0,2,1,1,0.0,0,0,LEVE,0,1
3,2,0.0766527564243356,0,4,1,-16.710369,-71.93324,0,4,7,0,2,1,1,0,289.55,2.0,5,2,1.0,0.0252580716011421,0.0230617175488688,10.0,0.6456305778571253,75.67334095395331,21630.747323340474,10322.272,1495.236,1749.739,7077.2970000000005,2886.595,7435.677000000001,27.964725207783708,2,0,0,30.0,23.0,37.0,1.0,1.0,0.0,1.0,2,0,0.0,0.0,0.0,1.0,1.0,1.0,0.0,0.0,1.0,0.0,0,0,0,0,0,0,0,19,3,2023,2,14,1,0,0,0,2,0,1,0.0,0,0,LEVE,0,4
3,1,0.2105205359103887,2,4,1,-12.259001,-76.917202,0,2,7,0,2,-1,-1,2,6639.975,2.0,5,2,1.0,0.340764331210191,0.074236766966835,1616.0,0.6909236767275176,78.41626133969348,95908.53319057816,7626.313,1683.4029999999998,1599.0829999999996,4343.827000000001,1814.875,5811.438000000001,23.7975414856432,2,0,0,29.0,27.0,31.0,1.0,1.0,0.0,0.0,2,0,0.0,1.0,0.0,1.0,1.0,0.0,1.0,0.0,1.0,0.0,0,0,0,0,0,0,0,23,3,2023,2,14,1,0,0,0,2,0,1,0.0,0,0,LEVE,0,0