CLASE SINIESTRO,CANTIDAD DE VEHICULOS DAÑADOS,DEPARTAMENTO,ZONA,TIPO DE VÍA,RED VIAL,COORDENADAS LATITUD,COORDENADAS  LONGITUD,CONDICIÓN CLIMÁTICA,ZONIFICACIÓN,CARACTERÍSTICAS DE VÍA,PERFIL LONGITUDINAL VÍA,SUPERFICIE DE CALZADA,¿EXISTE SEÑAL VERTICAL?,¿EXISTE SEÑAL HORIZONTAL?,CAUSA FACTOR PRINCIPAL,MTC_RVN_LONGITUD_KM,MTC_RVN_N_CARRILES_MEDIANA,MTC_RVN_SUPERFICIE_DOMINANTE,MTC_RVN_ESTADO_DOMINANTE,MTC_RVN_ES_CONCESIONADA,MTC_RVN_CONCESION_PRINCIPAL,MTC_RVN_CORREDOR_LOGISTICO,MTC_RVN_N_TRAMOS,IDH_2019,IDH_ESP_VIDA_2019,IDH_POBLACION_2019,MTC_DEP_RED_TOTAL_KM,MTC_DEP_NACIONAL_TOTAL_KM,MTC_DEP_DEPARTAMENTAL_TOTAL_KM,MTC_DEP_VECINAL_TOTAL_KM,MTC_DEP_PAV_TOTAL_KM,MTC_DEP_NO_PAV_TOTAL_KM,MTC_DEP_PCT_PAVIMENTADA,PER_N_CONDUCTORES,PER_N_CONDUCTORES_FUGADOS,PER_N_PEATONES,PER_EDAD_COND_PROM,PER_EDAD_COND_MIN,PER_EDAD_COND_MAX,PER_ANY_COND_MASCULINO,PER_ANY_LIC_PROBLEMA,PER_ANY_DOSAJE_POS,PER_ANY_DOSAJE_EVALUADO,VEH_TOTAL,VEH_N_FUGADOS,VEH_ANY_FUGADO,VEH_ANY_CARGA,VEH_ANY_PUBLICO,VEH_ANY_PARTICULAR,VEH_ANY_MOTO,VEH_ANY_AUTO,VEH_ANY_CAMION_BUS,VEH_ANY_SOAT_PROBLEMA,VEH_ANY_CITV_PROBLEMA,VEH_ANY_SEGURO_PROBLEMA,MTC_RVN_LONGITUD_KM_ERA_NULO,MTC_RVN_N_CARRILES_MEDIANA_ERA_NULO,MTC_RVN_ES_CONCESIONADA_ERA_NULO,MTC_RVN_N_TRAMOS_ERA_NULO,PER_EDAD_COND_PROM_ERA_NULO,PER_EDAD_COND_MIN_ERA_NULO,PER_EDAD_COND_MAX_ERA_NULO,HORA_NUM,FRANJA_HORARIA,ANIO,MES,DIA_MES,DIA_SEMANA,ES_FIN_SEMANA,ES_QUINCENA,REGION_NATURAL,NIVEL_SEÑALIZACION_ORD,ES_VIA_MULTICARRIL,ES_DEPTO_BAJO_PAVIMENTO,RATIO_CONDUCTORES_FUGADOS,ES_CURVA_Y_PENDIENTE,ES_VIA_NO_PAVIMENTADA,CATEGORIA_SEVERIDAD,CATEGORIA_SEVERIDAD_ENC,CLUSTER
1,1,0.0420601801010322,0,4,1,-11.933564,-75.314174,2,4,0,0,2,1,0,0,7586.903,2.0,5,2,1.0,0.340764331210191,0.067428069404788,1198.0,0.5590037134540016,69.16521918655411,14877.426124197002,12264.545,1826.4639999999995,1105.5389999999998,9332.542,1588.5359999999996,10676.009,12.952261987705208,1,1,1,37.0,33.0,40.0,0.0,0.0,0.0,0.0,1,1,1.0,0.0,0.0,0.0,0.0,0.0,0.0,0.0,0.0,1.0,0,0,0,0,1,1,1,1,0,2023,2,15,2,0,1,2,1,0,1,1.0,0,0,LEVE,0,4
6,1,0.0933450472216121,2,3,4,-7.8202042,-78.0389994,0,0,1,0,2,-1,-1,0,6543.555,2.0,-1,-1,1.0,0.4495936745003294,0.4495936745003294,1198.0,0.3986882084754764,72.97869269132666,69564.29978586723,8931.828000000005,1335.5899999999997,1935.9830000000004,5660.255000000005,1219.309,7712.519000000005,13.651281686122925,1,0,0,19.0,19.0,19.0,1.0,1.0,0.0,0.0,1,0,0.0,0.0,0.0,1.0,1.0,0.0,0.0,1.0,0.0,0.0,1,1,1,1,0,0,0,11,1,2023,2,15,2,0,1,0,2,0,1,0.0,0,0,LEVE,0,1
0,1,0.2105205359103887,2,2,4,-11.981531303201123,-77.0722466886651,0,3,7,0,2,-1,-1,2,6543.555,2.0,-1,-1,1.0,0.4495936745003294,0.4495936745003294,1198.0,0.758462599563312,80.5192231989937,363987.54389721627,7626.313,1683.4029999999998,1599.0829999999996,4343.827000000001,1814.875,5811.438000000001,23.7975414856432,1,0,1,27.0,27.0,27.0,1.0,1.0,0.0,0.0,1,0,0.0,0.0,0.0,1.0,1.0,0.0,0.0,0.0,0.0,0.0,1,1,1,1,0,0,0,19,3,2023,2,15,2,0,1,0,2,0,1,0.0,0,0,LEVE,0,0
3,2,0.0045025258071601,2,2,4,-8.3805422,-74.569043,0,3,1,0,4,-1,-1,2,6543.555,2.0,-1,-1,1.0,0.4495936745003294,0.4495936745003294,1198.0,0.5478371208327225,74.17370407104559,113671.11777301929,2689.139,392.697,1311.5319999999997,984.91,261.598,2427.541,9.727946379863592,2,0,0,31.0,20.0,42.0,1.0,0.0,0.0,0.0,2,0,0.0,0.0,1.0,1.0,1.0,0.0,1.0,1.0,1.0,1.0,1,1,1,1,0,0,0,4,0,2023,2,16,3,0,1,1,2,0,1,0.0,0,0,LEVE,0,18
6,1,0.0318471337579617,0,4,1,-9.803765383656309,-77.43352384188863,5,4,7,0,2,-1,-1,0,114.25,2.0,5,2,1.0,0.0008785416209092,0.1266198111135515,15.0,0.4654799331603382,71.10800342011737,3873.366167023554,10767.648,1885.0630000000003,1222.721,7659.864000000001,2100.343,8667.305000000002,19.506051832303577,1,0,0,52.0,52.0,52.0,1.0,0.0,0.0,0.0,1,0,0.0,0.0,0.0,1.0,0.0,1.0,0.0,0.0,0.0,0.0,0,0,0,0,0,0,0,7,1,2023,2,16,3,0,1,0,2,0,1,0.0,0,0,LEVE,0,20
0,1,0.0821436415550186,0,4,1,-15.537445,-70.113837,0,4,7,0,2,-1,-1,2,7586.903,2.0,5,2,1.0,0.340764331210191,0.067428069404788,1198.0,0.5759734352119,73.55929462493827,232834.39603082248,13642.312999999998,2020.7790000000005,2354.117,9267.416999999998,3314.0520000000006,10328.260999999997,24.29244952817019,1,0,1,33.0,33.0,33.0,1.0,0.0,0.0,0.0,1,0,0.0,0.0,1.0,0.0,0.0,0.0,1.0,0.0,1.0,0.0,0,0,0,0,0,0,0,8,1,2023,2,16,3,0,1,2,2,0,1,0.0,0,0,LEVE,0,4
0,1,0.2105205359103887,2,6,4,-12.0484562,-77.01967504,0,0,7,0,2,-1,-1,2,6543.555,2.0,-1,-1,1.0,0.4495936745003294,0.4495936745003294,1198.0,0.7646845961658533,80.23682119426338,250806.0877944326,7626.313,1683.4029999999998,1599.0829999999996,4343.827000000001,1814.875,5811.438000000001,23.7975414856432,1,0,3,55.0,55.0,55.0,1.0,0.0,0.0,0.0,1,0,0.0,1.0,0.0,0.0,0.0,0.0,1.0,0.0,0.0,0.0,1,1,1,1,0,0,0,11,1,2023,2,16,3,0,1,0,2,0,1,0.0,0,0,LEVE,0,0
0,0,0.0161432022842082,2,2,4,-18.046956,-70.256301,0,0,7,0,2,0,1,2,6543.555,2.0,-1,-1,1.0,0.4495936745003294,0.4495936745003294,1198.0,0.5563774842369664,77.00938809632027,27932.19700214133,2650.572,630.6729999999998,487.3610000000001,1532.5379999999998,1068.7019999999998,1581.87,40.31967439480987,1,0,1,29.0,29.0,29.0,1.0,0.0,0.0,1.0,1,0,0.0,0.0,0.0,0.0,0.0,0.0,1.0,0.0,0.0,0.0,1,1,1,1,0,0,0,12,2,2023,2,16,3,0,1,0,1,0,1,0.0,0,0,LEVE,0,15
10,1,0.0821436415550186,0,4,1,-15.907341340571223,-70.0292319138402,0,4,7,0,2,-1,-1,5,779.525,2.0,5,2,1.0,0.0252580716011421,0.0021963540522732,163.0,0.6488901960567479,69.67312345830231,144745.3597430407,13642.312999999998,2020.7790000000005,2354.117,9267.416999999998,3314.0520000000006,10328.260999999997,24.29244952817019,1,0,0,21.0,21.0,21.0,1.0,0.0,0.0,0.0,1,0,0.0,0.0,0.0,1.0,1.0,0.0,0.0,1.0,0.0,1.0,0,0,0,0,0,0,0,21,3,2023,2,16,3,0,1,2,2,0,1,0.0,0,0,LEVE,0,4
6,0,0.0182297386338677,0,4,1,-13.65197,-73.525866,0,4,7,1,2,1,1,2,7586.903,2.0,5,2,1.0,0.340764331210191,0.067428069404788,1198.0,0.3610279270511565,75.90553564458692,8562.334047109209,8358.971,1282.451,1298.0969999999998,5778.423,1432.683,6926.288,17.139466089785454,1,0,0,38.0,38.0,38.0,1.0,0.0,0.0,0.0,1,0,0.0,0.0,0.0,1.0,1.0,0.0,0.0,0.0,0.0,0.0,0,0,0,0,0,0,0,1,0,2023,2,17,4,0,1,2,2,0,1,0.0,0,0,LEVE,0,4
3,1,0.2105205359103887,2,2,4,-12.02551833,-76.98389413,0,3,7,0,2,-1,-1,2,6543.555,2.0,-1,-1,1.0,0.4495936745003294,0.4495936745003294,1198.0,0.701053025277506,79.62867561460851,1150285.0494171206,7626.313,1683.4029999999998,1599.0829999999996,4343.827000000001,1814.875,5811.438000000001,23.7975414856432,2,0,0,32.0,19.0,45.0,1.0,1.0,0.0,0.0,2,0,0.0,1.0,0.0,1.0,1.0,0.0,1.0,0.0,1.0,0.0,1,1,1,1,0,0,0,6,1,2023,2,17,4,0,1,0,2,0,1,0.0,0,0,LEVE,0,0
3,2,0.0351416648363716,0,4,1,-6.9501631,-79.7050193,0,4,7,0,2,-1,-1,0,6543.555,3.0,5,2,1.0,0.1133318690972984,0.1133318690972984,1475.0,0.5328313946151968,80.14557682903842,10221.605995717344,3459.691,515.0619999999999,689.7280000000001,2254.901,703.3549999999999,2756.336,20.329994788551925,2,0,0,60.5,55.0,66.0,1.0,0.0,0.0,0.0,2,0,0.0,1.0,1.0,0.0,0.0,0.0,1.0,0.0,0.0,0.0,0,0,0,0,0,0,0,7,1,2023,2,17,4,0,1,0,2,1,1,0.0,0,0,GRAVE_LESIONADOS,1,1
6,1,0.0933450472216121,2,4,1,-8.197440354374862,-78.98890430124881,0,0,7,0,2,-1,-1,6,29.81,3.0,5,2,1.0,0.0005490885130683,0.1266198111135515,10.0,0.5704872313485707,78.73040511828864,20630.58672376873,8931.828000000005,1335.5899999999997,1935.9830000000004,5660.255000000005,1219.309,7712.519000000005,13.651281686122925,1,0,2,26.0,26.0,26.0,0.0,0.0,0.0,0.0,1,0,0.0,0.0,0.0,1.0,0.0,1.0,0.0,0.0,0.0,0.0,0,0,0,0,0,0,0,11,1,2023,2,17,4,0,1,0,2,1,1,0.0,0,0,LEVE,0,1
5,1,0.0902701515484296,2,4,1,-14.28866,-71.22268,0,3,7,0,2,-1,-1,2,7586.903,2.0,5,2,1.0,0.340764331210191,0.067428069404788,1198.0,0.5265643824923771,76.3202150422939,59032.11777301927,17779.13499998999,2097.37099999,2863.123,12818.640999999989,2878.713,14900.421999989989,16.19152450331032,2,1,0,44.0,44.0,44.0,1.0,0.0,0.0,0.0,2,1,1.0,0.0,0.0,1.0,0.0,0.0,0.0,0.0,0.0,1.0,0,0,0,0,0,0,0,17,2,2023,2,17,4,0,1,2,2,0,1,0.5,0,0,LEVE,0,4
5,1,0.0902701515484296,2,4,0,-14.307131,-72.035791,0,3,7,0,2,-1,-1,2,6543.555,2.0,-1,-1,1.0,0.4495936745003294,0.4495936745003294,1198.0,0.3582063239468129,73.72125513625039,7210.27408993576,17779.13499998999,2097.37099999,2863.123,12818.640999999989,2878.713,14900.421999989989,16.19152450331032,2,1,0,41.0,41.0,41.0,1.0,1.0,0.0,0.0,2,1,1.0,0.0,0.0,1.0,1.0,0.0,0.0,0.0,0.0,1.0,1,1,1,1,0,0,0,19,3,2023,2,17,4,0,1,2,2,0,1,0.5,0,0,LEVE,0,4
0,1,0.0475510652317153,0,4,0,-14.071841292909255,-75.79445475939943,0,4,7,0,2,-1,-1,0,6543.555,2.0,-1,-1,1.0,0.4495936745003294,0.4495936745003294,1198.0,0.6637216310803388,79.6446050662278,142450.24411134905,3721.461,698.1859999999996,744.866,2278.409,1102.9029999999996,2618.558,29.636290693359403,1,0,1,21.0,21.0,21.0,1.0,0.0,0.0,1.0,1,0,0.0,0.0,0.0,1.0,0.0,0.0,1.0,0.0,0.0,0.0,1,1,1,1,0,0,0,20,3,2023,2,17,4,0,1,0,2,0,1,0.0,0,0,LEVE,0,7
3,1,0.2105205359103887,2,2,4,-11.92580306,-77.0520857,0,3,1,0,2,-1,-1,0,6543.555,2.0,-1,-1,1.0,0.4495936745003294,0.4495936745003294,1198.0,0.7218926988400113,80.0902077245261,530000.3426124197,7626.313,1683.4029999999998,1599.0829999999996,4343.827000000001,1814.875,5811.438000000001,23.7975414856432,2,0,0,41.5,41.0,42.0,1.0,1.0,0.0,0.0,2,0,0.0,1.0,1.0,0.0,1.0,0.0,1.0,0.0,1.0,1.0,1,1,1,1,0,0,0,6,1,2023,2,18,5,1,1,0,2,0,1,0.0,0,0,LEVE,0,0
0,1,0.0933450472216121,0,4,1,-7.320516,-79.368589,0,4,7,0,2,-1,-1,0,887.28,2.0,5,2,1.0,0.0133977597188666,0.0065890621568196,155.0,0.5885704819472196,78.81449187577415,48424.389721627405,8931.828000000005,1335.5899999999997,1935.9830000000004,5660.255000000005,1219.309,7712.519000000005,13.651281686122925,1,0,1,47.0,47.0,47.0,1.0,0.0,0.0,0.0,1,0,0.0,0.0,0.0,1.0,0.0,1.0,0.0,0.0,0.0,0.0,0,0,0,0,0,0,0,9,1,2023,2,18,5,1,1,0,2,0,1,0.0,0,0,LEVE,0,1
3,2,0.0933450472216121,0,4,1,-8.916976,-78.638052,0,4,7,0,2,-1,-1,2,6543.555,3.0,5,2,1.0,0.1133318690972984,0.1133318690972984,1475.0,0.4867987483268106,77.5825534369154,9838.736616702356,8931.828000000005,1335.5899999999997,1935.9830000000004,5660.255000000005,1219.309,7712.519000000005,13.651281686122925,2,0,0,46.0,36.0,56.0,1.0,0.0,0.0,0.0,2,0,0.0,1.0,0.0,0.0,0.0,0.0,1.0,0.0,1.0,0.0,0,0,0,0,0,0,0,16,2,2023,2,18,5,1,1,0,2,1,1,0.0,0,0,LEVE,0,1
6,1,0.0420601801010322,0,4,1,-11.589779,-76.069946,2,4,7,1,2,1,0,2,875.67,2.0,5,2,1.0,0.0162530199868218,0.0124094003953437,156.0,0.4881320822942266,69.77252062725891,6833.000000000002,12264.545,1826.4639999999995,1105.5389999999998,9332.542,1588.5359999999996,10676.009,12.952261987705208,1,0,0,46.0,46.0,46.0,1.0,0.0,0.0,0.0,1,0,0.0,0.0,0.0,1.0,0.0,0.0,1.0,0.0,0.0,0.0,0,0,0,0,0,0,0,19,3,2023,2,18,5,1,1,2,1,0,1,0.0,0,0,LEVE,0,4
3,1,0.0420601801010322,0,4,1,-11.264311344610896,-74.6507902733359,6,5,6,-1,6,-1,-1,0,50.0,1.0,2,2,0.0,0.340764331210191,0.1266198111135515,20.0,0.5055535147670205,71.64834806655777,42934.03211991434,12264.545,1826.4639999999995,1105.5389999999998,9332.542,1588.5359999999996,10676.009,12.952261987705208,2,0,0,32.0,30.0,34.0,1.0,1.0,0.0,0.0,2,0,0.0,0.0,0.0,1.0,1.0,0.0,0.0,0.0,1.0,1.0,0,0,0,0,0,0,0,21,3,2023,2,18,5,1,1,2,2,0,1,0.0,0,0,LEVE,0,5
3,2,0.0766527564243356,0,4,1,-16.603001210382747,-71.856422323722,0,4,7,1,2,0,1,0,6639.975,2.0,5,2,1.0,0.340764331210191,0.074236766966835,1616.0,0.6105481451420971,78.10653088113892,35025.678800856535,10322.272,1495.236,1749.739,7077.2970000000005,2886.595,7435.677000000001,27.964725207783708,2,0,0,32.0,29.0,35.0,1.0,0.0,0.0,0.0,2,0,0.0,1.0,0.0,1.0,0.0,1.0,1.0,0.0,0.0,0.0,0,0,0,0,0,0,0,5,0,2023,2,19,6,1,1,0,1,0,1,0.0,0,0,GRAVE_MORTALIDAD,2,4
3,1,0.0420601801010322,0,4,1,-11.814635,-75.492336,0,4,0,0,2,-1,-1,2,7586.903,2.0,5,2,1.0,0.340764331210191,0.067428069404788,1198.0,0.5440372489854538,73.04439912570733,734.5653104925052,12264.545,1826.4639999999995,1105.5389999999998,9332.542,1588.5359999999996,10676.009,12.952261987705208,2,0,0,37.0,17.0,57.0,1.0,0.0,0.0,1.0,2,0,0.0,0.0,0.0,1.0,1.0,1.0,0.0,0.0,1.0,0.0,0,0,0,0,0,0,0,13,2,2023,2,19,6,1,1,2,2,0,1,0.0,0,0,GRAVE_LESIONADOS,1,4
6,1,0.0193279156600043,0,4,1,-12.721039002976054,-74.65324223969996,0,4,5,1,2,1,0,2,778.685,-1.0,-1,2,0.0,0.340764331210191,0.1266198111135515,160.0,0.2215265046905056,74.81473766188749,6747.850107066381,8511.426,1445.3929999999996,2008.516,5057.516999999999,1879.579,6631.846999999998,22.08300935706896,1,0,0,53.0,53.0,53.0,1.0,1.0,0.0,0.0,1,0,0.0,1.0,0.0,0.0,1.0,0.0,0.0,0.0,1.0,0.0,0,0,0,0,0,0,0,16,2,2023,2,19,6,1,1,2,1,0,1,0.0,1,0,LEVE,0,4
3,1,0.0497474192839885,2,2,4,-5.190447,-80.627932,0,4,7,0,2,-1,-1,0,6543.555,2.0,-1,-1,1.0,0.4495936745003294,0.4495936745003294,1198.0,0.6582040223794163,78.74105515718446,178905.3426124197,8965.846000060003,1782.4120000599992,636.9959999999999,6546.438000000004,2214.505000059999,6751.341000000004,24.699342371541725,2,0,0,34.5,32.0,37.0,1.0,1.0,1.0,1.0,2,0,0.0,0.0,0.0,1.0,1.0,1.0,0.0,1.0,1.0,1.0,1,1,1,1,0,0,0,16,2,2023,2,19,6,1,1,0,2,0,1,0.0,0,0,LEVE,0,3
6,1,0.0420601801010322,0,4,1,-11.763482,-75.713338,0,4,0,0,2,-1,-1,2,7586.903,2.0,5,2,1.0,0.340764331210191,0.067428069404788,1198.0,0.4545643050211295,68.73444804749025,1424.8051391862955,12264.545,1826.4639999999995,1105.5389999999998,9332.542,1588.5359999999996,10676.009,12.952261987705208,1,0,0,21.0,21.0,21.0,1.0,0.0,0.0,0.0,1,0,0.0,0.0,0.0,1.0,1.0,0.0,0.0,0.0,1.0,0.0,0,0,0,0,0,0,0,22,3,2023,2,19,6,1,1,2,2,0,1,0.0,0,0,LEVE,0,4
1,1,0.0420601801010322,2,4,1,-12.04074,-75.256145,0,4,7,0,2,0,1,0,196.88,2.0,5,2,1.0,0.0162530199868218,0.1266198111135515,35.0,0.570857606214118,71.93419820356702,20078.124197002144,12264.545,1826.4639999999995,1105.5389999999998,9332.542,1588.5359999999996,10676.009,12.952261987705208,1,1,1,37.0,33.0,40.0,0.0,0.0,0.0,0.0,1,1,1.0,0.0,0.0,0.0,0.0,0.0,0.0,0.0,0.0,1.0,0,0,0,0,1,1,1,1,0,2023,2,20,0,0,1,2,1,0,1,1.0,0,0,LEVE,0,4
4,1,0.0902701515484296,0,4,1,-15.061951155471377,-71.12463943903795,0,4,0,0,2,-1,-1,2,568.5409999999999,1.0,5,1,0.0,0.340764331210191,0.0057105205359103,93.0,0.3491291336434085,68.34579473193322,1114.627408993576,17779.13499998999,2097.37099999,2863.123,12818.640999999989,2878.713,14900.421999989989,16.19152450331032,1,0,0,23.0,23.0,23.0,1.0,0.0,0.0,0.0,1,0,0.0,0.0,0.0,1.0,1.0,0.0,0.0,1.0,0.0,1.0,0,0,0,0,0,0,0,4,0,2023,2,20,0,0,1,2,2,0,1,0.0,0,0,LEVE,0,4
0,1,0.2105205359103887,2,2,4,-11.87538044,-77.01680986,0,0,7,0,2,-1,-1,0,6543.555,2.0,-1,-1,1.0,0.4495936745003294,0.4495936745003294,1198.0,0.6498693508177541,78.84967382596041,356854.23554603854,7626.313,1683.4029999999998,1599.0829999999996,4343.827000000001,1814.875,5811.438000000001,23.7975414856432,1,0,1,46.0,46.0,46.0,1.0,0.0,0.0,0.0,1,0,0.0,0.0,1.0,0.0,0.0,0.0,1.0,0.0,0.0,0.0,1,1,1,1,0,0,0,5,0,2023,2,20,0,0,1,0,2,0,1,0.0,0,0,LEVE,0,0
0,1,0.2105205359103887,2,4,1,-12.148067,-76.982726,0,3,7,0,2,-1,-1,4,6639.975,2.0,5,2,1.0,0.340764331210191,0.074236766966835,1616.0,0.8017574897902351,80.48487267736287,359776.608137045,7626.313,1683.4029999999998,1599.0829999999996,4343.827000000001,1814.875,5811.438000000001,23.7975414856432,1,0,1,40.0,40.0,40.0,1.0,0.0,0.0,0.0,1,0,0.0,0.0,0.0,0.0,0.0,1.0,0.0,0.0,0.0,0.0,0,0,0,0,0,0,0,7,1,2023,2,20,0,0,1,0,2,0,1,0.0,0,0,LEVE,0,0
6,1,0.0318471337579617,0,4,2,-10.387838364417323,-77.21910708346016,2,4,5,1,7,-1,-1,1,6543.555,2.0,-1,-1,1.0,0.4495936745003294,0.4495936745003294,1198.0,0.4746105443639641,80.48520987963572,566.8929336188437,10767.648,1885.0630000000003,1222.721,7659.864000000001,2100.343,8667.305000000002,19.506051832303577,1,0,0,25.0,25.0,25.0,1.0,1.0,0.0,0.0,1,0,0.0,1.0,0.0,0.0,0.0,0.0,1.0,0.0,0.0,0.0,1,1,1,1,0,0,0,8,1,2023,2,20,0,0,1,0,2,0,1,0.0,1,1,LEVE,0,-1
6,1,0.0933450472216121,0,4,3,-7.73945639901126,-78.0679460241053,0,4,0,1,7,-1,-1,0,6543.555,2.0,-1,-1,1.0,0.4495936745003294,0.4495936745003294,1198.0,0.3986882084754764,72.97869269132666,69564.29978586723,8931.828000000005,1335.5899999999997,1935.9830000000004,5660.255000000005,1219.309,7712.519000000005,13.651281686122925,1,0,0,43.0,43.0,43.0,1.0,1.0,0.0,0.0,1,0,0.0,1.0,0.0,0.0,0.0,0.0,1.0,1.0,1.0,0.0,1,1,1,1,0,0,0,11,1,2023,2,20,0,0,1,0,2,0,1,0.0,1,1,LEVE,0,1
0,1,0.0153744783659125,2,4,1,-12.0381007227926,-77.1270561033516,0,2,7,0,2,0,1,2,50.53,2.0,5,1,1.0,0.340764331210191,0.1266198111135515,128.0,0.5563774842369664,77.00938809632027,27932.19700214133,51.58600000000001,44.68700000000001,6.899000000000001,0.0,49.838000000000015,1.748,96.61148373589734,1,0,1,67.0,67.0,67.0,1.0,0.0,0.0,0.0,1,0,0.0,1.0,0.0,0.0,0.0,0.0,1.0,0.0,0.0,0.0,0,0,0,0,0,0,0,16,2,2023,2,20,0,0,1,2,1,0,0,0.0,0,0,LEVE,0,0
6,1,0.0597408302218317,2,4,1,-7.277752,-78.595073,0,3,0,1,2,1,1,0,887.28,2.0,5,2,1.0,0.0133977597188666,0.0065890621568196,155.0,0.3499131122933449,74.39401817945264,8462.284796573875,15935.565011852366,1733.9250000199986,935.692,13265.948011832368,2000.1670000199988,13935.398011832369,12.551591352627522,1,0,0,71.0,71.0,71.0,1.0,0.0,0.0,0.0,1,0,0.0,0.0,1.0,0.0,1.0,0.0,0.0,1.0,0.0,1.0,0,0,0,0,0,0,0,19,3,2023,2,20,0,0,1,2,2,0,1,0.0,1,0,LEVE,0,1
1,1,0.2105205359103887,2,2,4,-12.08060291,-77.05837579,0,3,1,0,2,-1,-1,4,6543.555,2.0,-1,-1,1.0,0.4495936745003294,0.4495936745003294,1198.0,0.5563774842369664,77.00938809632027,27932.19700214133,7626.313,1683.4029999999998,1599.0829999999996,4343.827000000001,1814.875,5811.438000000001,23.7975414856432,1,0,1,44.0,44.0,44.0,1.0,0.0,0.0,0.0,1,0,0.0,0.0,0.0,1.0,0.0,0.0,1.0,0.0,0.0,0.0,1,1,1,1,0,0,0,19,3,2023,2,20,0,0,1,0,2,0,1,0.0,0,0,LEVE,0,0
10,1,0.0902701515484296,0,4,2,-14.29041,-72.037758,0,4,0,0,1,1,0,0,6543.555,2.0,-1,-1,1.0,0.4495936745003294,0.4495936745003294,1198.0,0.3582063239468129,73.72125513625039,7210.27408993576,17779.13499998999,2097.37099999,2863.123,12818.640999999989,2878.713,14900.421999989989,16.19152450331032,1,0,0,46.0,46.0,46.0,1.0,1.0,0.0,0.0,1,0,0.0,1.0,0.0,0.0,0.0,0.0,1.0,0.0,1.0,0.0,1,1,1,1,0,0,0,21,3,2023,2,20,0,0,1,2,1,0,1,0.0,0,1,LEVE,0,4
0,1,0.0420601801010322,2,4,1,-12.021569,-75.272421,2,4,7,0,2,1,0,2,196.88,2.0,5,2,1.0,0.0162530199868218,0.1266198111135515,35.0,0.5285636336071157,73.42501182291251,13113.002141327624,12264.545,1826.4639999999995,1105.5389999999998,9332.542,1588.5359999999996,10676.009,12.952261987705208,1,0,1,44.0,44.0,44.0,1.0,0.0,0.0,0.0,1,0,0.0,0.0,0.0,1.0,0.0,1.0,0.0,0.0,0.0,0.0,0,0,0,0,0,0,0,15,2,2023,2,21,1,0,1,2,1,0,1,0.0,0,0,LEVE,0,4
0,0,0.0351416648363716,0,3,4,-6.7537453,-79.8420787,0,3,7,0,2,-1,-1,0,6543.555,2.0,-1,-1,1.0,0.4495936745003294,0.4495936745003294,1198.0,0.5415697888341857,80.94178299597955,183060.58029978588,3459.691,515.0619999999999,689.7280000000001,2254.901,703.3549999999999,2756.336,20.329994788551925,1,0,1,64.0,64.0,64.0,1.0,1.0,0.0,0.0,1,0,0.0,1.0,0.0,0.0,0.0,0.0,1.0,0.0,0.0,0.0,1,1,1,1,0,0,0,16,2,2023,2,21,1,0,1,0,2,0,1,0.0,0,0,LEVE,0,1
0,1,0.2105205359103887,2,2,4,-12.0840789,-77.00415585,0,3,1,0,2,-1,-1,6,6543.555,2.0,-1,-1,1.0,0.4495936745003294,0.4495936745003294,1198.0,0.8236163632543221,80.64134543571234,106584.52890792293,7626.313,1683.4029999999998,1599.0829999999996,4343.827000000001,1814.875,5811.438000000001,23.7975414856432,1,0,1,50.0,50.0,50.0,1.0,1.0,0.0,0.0,1,0,0.0,0.0,1.0,0.0,0.0,0.0,1.0,0.0,0.0,0.0,1,1,1,1,0,0,0,10,1,2023,2,22,2,0,1,0,2,0,1,0.0,0,0,LEVE,0,0
0,1,0.0933450472216121,2,2,4,-8.55003084023529,-78.67263452194135,0,4,7,0,2,-1,-1,0,6543.555,2.0,-1,-1,1.0,0.4495936745003294,0.4495936745003294,1198.0,0.4971504606547645,77.79759708660042,44368.59100642397,8931.828000000005,1335.5899999999997,1935.9830000000004,5660.255000000005,1219.309,7712.519000000005,13.651281686122925,1,0,1,36.0,36.0,36.0,1.0,0.0,0.0,0.0,1,0,0.0,1.0,0.0,0.0,0.0,0.0,1.0,0.0,0.0,0.0,1,1,1,1,0,0,0,18,3,2023,2,22,2,0,1,0,2,0,1,0.0,0,0,LEVE,0,1
3,1,0.2105205359103887,2,4,1,-12.04125616,-77.03300977,0,0,7,0,2,-1,-1,2,6543.555,3.0,5,2,1.0,0.1133318690972984,0.1133318690972984,1475.0,0.7300036506368504,80.21724456394445,156759.78800856532,7626.313,1683.4029999999998,1599.0829999999996,4343.827000000001,1814.875,5811.438000000001,23.7975414856432,2,0,0,36.5,25.0,48.0,1.0,0.0,0.0,0.0,2,0,0.0,1.0,0.0,1.0,1.0,0.0,1.0,0.0,1.0,0.0,0,0,0,0,0,0,0,21,3,2023,2,22,2,0,1,0,2,1,1,0.0,0,0,LEVE,0,0
3,1,0.0153744783659125,2,4,1,-11.8493148704598,-77.1215267256503,0,0,7,0,2,1,1,0,139.23,-1.0,5,2,0.0,0.340764331210191,0.1266198111135515,69.0,0.5563774842369664,77.00938809632027,27932.19700214133,51.58600000000001,44.68700000000001,6.899000000000001,0.0,49.838000000000015,1.748,96.61148373589734,2,0,0,38.0,30.0,46.0,1.0,0.0,0.0,0.0,2,0,0.0,0.0,0.0,1.0,0.0,0.0,1.0,0.0,0.0,1.0,0,0,0,0,0,0,0,6,1,2023,2,23,3,0,1,2,2,0,0,0.0,0,0,LEVE,0,0