CLASE SINIESTRO,CANTIDAD DE VEHICULOS DAÑADOS,DEPARTAMENTO,ZONA,TIPO DE VÍA,RED VIAL,COORDENADAS LATITUD,COORDENADAS  LONGITUD,CONDICIÓN CLIMÁTICA,ZONIFICACIÓN,CARACTERÍSTICAS DE VÍA,PERFIL LONGITUDINAL VÍA,SUPERFICIE DE CALZADA,¿EXISTE SEÑAL VERTICAL?,¿EXISTE SEÑAL HORIZONTAL?,CAUSA FACTOR PRINCIPAL,MTC_RVN_LONGITUD_KM,MTC_RVN_N_CARRILES_MEDIANA,MTC_RVN_SUPERFICIE_DOMINANTE,MTC_RVN_ESTADO_DOMINANTE,MTC_RVN_ES_CONCESIONADA,MTC_RVN_CONCESION_PRINCIPAL,MTC_RVN_CORREDOR_LOGISTICO,MTC_RVN_N_TRAMOS,IDH_2019,IDH_ESP_VIDA_2019,IDH_POBLACION_2019,MTC_DEP_RED_TOTAL_KM,MTC_DEP_NACIONAL_TOTAL_KM,MTC_DEP_DEPARTAMENTAL_TOTAL_KM,MTC_DEP_VECINAL_TOTAL_KM,MTC_DEP_PAV_TOTAL_KM,MTC_DEP_NO_PAV_TOTAL_KM,MTC_DEP_PCT_PAVIMENTADA,PER_N_CONDUCTORES,PER_N_CONDUCTORES_FUGADOS,PER_N_PEATONES,PER_EDAD_COND_PROM,PER_EDAD_COND_MIN,PER_EDAD_COND_MAX,PER_ANY_COND_MASCULINO,PER_ANY_LIC_PROBLEMA,PER_ANY_DOSAJE_POS,PER_ANY_DOSAJE_EVALUADO,VEH_TOTAL,VEH_N_FUGADOS,VEH_ANY_FUGADO,VEH_ANY_CARGA,VEH_ANY_PUBLICO,VEH_ANY_PARTICULAR,VEH_ANY_MOTO,VEH_ANY_AUTO,VEH_ANY_CAMION_BUS,VEH_ANY_SOAT_PROBLEMA,VEH_ANY_CITV_PROBLEMA,VEH_ANY_SEGURO_PROBLEMA,MTC_RVN_LONGITUD_KM_ERA_NULO,MTC_RVN_N_CARRILES_MEDIANA_ERA_NULO,MTC_RVN_ES_CONCESIONADA_ERA_NULO,MTC_RVN_N_TRAMOS_ERA_NULO,PER_EDAD_COND_PROM_ERA_NULO,PER_EDAD_COND_MIN_ERA_NULO,PER_EDAD_COND_MAX_ERA_NULO,HORA_NUM,FRANJA_HORARIA,ANIO,MES,DIA_MES,DIA_SEMANA,ES_FIN_SEMANA,ES_QUINCENA,REGION_NATURAL,NIVEL_SEÑALIZACION_ORD,ES_VIA_MULTICARRIL,ES_DEPTO_BAJO_PAVIMENTO,RATIO_CONDUCTORES_FUGADOS,ES_CURVA_Y_PENDIENTE,ES_VIA_NO_PAVIMENTADA,CATEGORIA_SEVERIDAD,CATEGORIA_SEVERIDAD_ENC,CLUSTER
3,1,0.0597408302218317,2,6,4,-7.15959,-78.514515,2,0,1,1,1,1,1,2,6543.555,2.0,-1,-1,1.0,0.4495936745003294,0.4495936745003294,1198.0,0.6070175276741574,73.19224654097276,257380.9443254818,15935.565011852366,1733.9250000199986,935.692,13265.948011832368,2000.1670000199988,13935.398011832369,12.551591352627522,2,1,0,21.0,21.0,21.0,1.0,1.0,1.0,1.0,2,1,1.0,0.0,0.0,1.0,1.0,1.0,0.0,1.0,0.0,1.0,1,1,1,1,0,0,0,4,0,2023,3,8,2,0,0,2,2,0,1,0.5,0,1,LEVE,0,1
5,1,0.0902701515484296,0,4,1,-14.2263873,-71.282296,0,4,7,0,2,-1,-1,0,7586.903,2.0,5,2,1.0,0.340764331210191,0.067428069404788,1198.0,0.5265643824923771,76.3202150422939,59032.11777301927,17779.13499998999,2097.37099999,2863.123,12818.640999999989,2878.713,14900.421999989989,16.19152450331032,2,1,0,44.0,44.0,44.0,1.0,0.0,0.0,0.0,2,1,1.0,0.0,0.0,1.0,0.0,0.0,0.0,0.0,0.0,1.0,0,0,0,0,0,0,0,6,1,2023,3,8,2,0,0,2,2,0,1,0.5,0,0,LEVE,0,4
0,0,0.0193279156600043,2,2,4,-12.56733320410152,-74.94995344023523,0,1,7,0,2,-1,-1,0,6543.555,2.0,-1,-1,1.0,0.4495936745003294,0.4495936745003294,1198.0,0.2801642166208027,68.87893983955698,6425.578158458245,8511.426,1445.3929999999996,2008.516,5057.516999999999,1879.579,6631.846999999998,22.08300935706896,1,0,1,26.0,26.0,26.0,1.0,0.0,0.0,1.0,1,0,0.0,1.0,0.0,0.0,0.0,0.0,1.0,0.0,0.0,0.0,1,1,1,1,0,0,0,9,1,2023,3,8,2,0,0,2,2,0,1,0.0,0,0,LEVE,0,4
6,1,0.0497474192839885,0,4,1,-5.139239044625019,-80.44386807118774,0,4,7,0,2,-1,-1,6,145.125,-1.0,5,1,0.0,0.340764331210191,0.1266198111135515,35.0,0.6220812987247925,80.20155828147696,159840.92719486082,8965.846000060003,1782.4120000599992,636.9959999999999,6546.438000000004,2214.505000059999,6751.341000000004,24.699342371541725,1,0,0,42.0,42.0,42.0,1.0,0.0,0.0,1.0,1,0,0.0,0.0,0.0,1.0,0.0,0.0,1.0,0.0,0.0,0.0,0,0,0,0,0,0,0,14,2,2023,3,8,2,0,0,0,2,0,1,0.0,0,0,GRAVE_MORTALIDAD,2,3
3,1,0.2105205359103887,2,4,1,-12.24646301046602,-76.93613311515227,0,2,7,0,2,-1,-1,2,6639.975,2.0,5,2,1.0,0.340764331210191,0.074236766966835,1616.0,0.6909236767275176,78.41626133969348,95908.53319057816,7626.313,1683.4029999999998,1599.0829999999996,4343.827000000001,1814.875,5811.438000000001,23.7975414856432,2,0,0,37.0,29.0,45.0,1.0,0.0,0.0,0.0,2,0,0.0,0.0,1.0,1.0,1.0,0.0,1.0,0.0,1.0,0.0,0,0,0,0,0,0,0,15,2,2023,3,8,2,0,0,0,2,0,1,0.0,0,0,LEVE,0,0
0,1,0.0182297386338677,0,4,2,-14.001840472222597,-72.2451444188574,6,5,6,-1,6,-1,-1,0,6543.555,2.0,-1,-1,1.0,0.4495936745003294,0.4495936745003294,1198.0,0.3130371284751079,67.4980351690805,10487.042826552462,8358.971,1282.451,1298.0969999999998,5778.423,1432.683,6926.288,17.139466089785454,1,0,1,33.0,33.0,33.0,1.0,0.0,0.0,0.0,1,0,0.0,0.0,0.0,1.0,0.0,1.0,0.0,0.0,0.0,0.0,1,1,1,1,0,0,0,21,3,2023,3,8,2,0,0,2,2,0,1,0.0,0,0,LEVE,0,4
3,3,0.0597408302218317,2,6,4,-6.567786,-78.648946,7,3,7,1,4,-1,-1,0,6543.555,2.0,-1,-1,1.0,0.4495936745003294,0.4495936745003294,1198.0,0.4700875779194959,72.66081436888122,46090.54817987152,15935.565011852366,1733.9250000199986,935.692,13265.948011832368,2000.1670000199988,13935.398011832369,12.551591352627522,3,0,0,26.5,21.0,32.0,1.0,1.0,0.0,0.0,3,0,0.0,0.0,0.0,1.0,1.0,1.0,1.0,1.0,1.0,0.0,1,1,1,1,0,0,0,10,1,2023,3,9,3,0,0,2,2,0,1,0.0,0,0,LEVE,0,1
0,1,0.2105205359103887,2,2,4,-11.94773263399341,-77.04965790805825,0,0,7,0,2,-1,-1,2,6543.555,2.0,-1,-1,1.0,0.4495936745003294,0.4495936745003294,1198.0,0.7218926988400113,80.0902077245261,530000.3426124197,7626.313,1683.4029999999998,1599.0829999999996,4343.827000000001,1814.875,5811.438000000001,23.7975414856432,1,0,1,23.0,23.0,23.0,1.0,0.0,0.0,0.0,1,0,0.0,0.0,0.0,1.0,1.0,0.0,0.0,0.0,1.0,0.0,1,1,1,1,0,0,0,11,1,2023,3,9,3,0,0,0,2,0,1,0.0,0,0,LEVE,0,0
3,1,0.2105205359103887,2,2,4,-12.01803437,-77.00198335,0,0,1,0,2,-1,-1,2,6543.555,2.0,-1,-1,1.0,0.4495936745003294,0.4495936745003294,1198.0,0.701053025277506,79.62867561460851,1150285.0494171206,7626.313,1683.4029999999998,1599.0829999999996,4343.827000000001,1814.875,5811.438000000001,23.7975414856432,2,0,0,38.0,37.0,39.0,1.0,1.0,0.0,0.0,2,0,0.0,0.0,1.0,1.0,1.0,0.0,1.0,0.0,1.0,0.0,1,1,1,1,0,0,0,13,2,2023,3,9,3,0,0,0,2,0,1,0.0,0,0,LEVE,0,0
1,1,0.2105205359103887,2,2,4,-12.01920608,-76.98685732,0,3,7,0,2,-1,-1,4,6543.555,2.0,-1,-1,1.0,0.4495936745003294,0.4495936745003294,1198.0,0.701053025277506,79.62867561460851,1150285.0494171206,7626.313,1683.4029999999998,1599.0829999999996,4343.827000000001,1814.875,5811.438000000001,23.7975414856432,1,0,1,46.0,46.0,46.0,1.0,0.0,0.0,0.0,1,0,0.0,1.0,0.0,0.0,0.0,0.0,1.0,0.0,0.0,0.0,1,1,1,1,0,0,0,14,2,2023,3,9,3,0,0,0,2,0,1,0.0,0,0,LEVE,0,0
3,2,0.0902701515484296,2,4,1,-13.477006,-72.120795,0,0,0,1,2,1,1,2,7586.903,2.0,5,2,1.0,0.340764331210191,0.067428069404788,1198.0,0.4461630003962475,73.21502670801013,18328.770877944324,17779.13499998999,2097.37099999,2863.123,12818.640999999989,2878.713,14900.421999989989,16.19152450331032,2,0,0,53.5,36.0,71.0,1.0,0.0,0.0,1.0,2,0,0.0,0.0,1.0,1.0,0.0,1.0,1.0,0.0,0.0,0.0,0,0,0,0,0,0,0,14,2,2023,3,9,3,0,0,2,2,0,1,0.0,1,0,LEVE,0,4
6,1,0.0933450472216121,0,4,1,-7.774657,-77.776896,0,4,0,0,1,-1,-1,0,1688.589,1.0,-1,1,0.0,0.340764331210191,0.1266198111135515,287.0,0.207075822859255,73.60541053493367,9081.543897216274,8931.828000000005,1335.5899999999997,1935.9830000000004,5660.255000000005,1219.309,7712.519000000005,13.651281686122925,1,0,0,36.0,36.0,36.0,1.0,0.0,0.0,0.0,1,0,0.0,0.0,0.0,1.0,0.0,0.0,1.0,0.0,1.0,0.0,0,0,0,0,0,0,0,17,2,2023,3,9,3,0,0,0,2,0,1,0.0,0,1,GRAVE_MORTALIDAD,2,1
0,1,0.0161432022842082,2,4,2,-18.28434,-70.4373,0,0,7,0,2,-1,-1,4,6543.555,2.0,-1,-1,1.0,0.4495936745003294,0.4495936745003294,1198.0,0.5551799999072031,75.37994385062687,6114.0,2650.572,630.6729999999998,487.3610000000001,1532.5379999999998,1068.7019999999998,1581.87,40.31967439480987,1,0,1,40.0,40.0,40.0,1.0,0.0,0.0,1.0,1,0,0.0,1.0,0.0,0.0,0.0,0.0,1.0,1.0,0.0,1.0,1,1,1,1,0,0,0,18,3,2023,3,10,4,0,0,0,2,0,1,0.0,0,0,LEVE,0,15
10,1,0.0072479683725016,0,3,4,-3.767798,-73.291104,0,4,1,0,1,-1,-1,2,6543.555,2.0,-1,-1,1.0,0.4495936745003294,0.4495936745003294,1198.0,0.578134350962316,72.90307998335238,149460.57173447538,1095.5949999999998,128.87099999999998,320.74700000000007,645.9769999999999,274.214,821.381,25.02877431897737,1,0,0,43.0,43.0,43.0,1.0,0.0,1.0,1.0,1,0,0.0,0.0,0.0,0.0,1.0,0.0,0.0,1.0,1.0,1.0,1,1,1,1,0,0,0,19,3,2023,3,10,4,0,0,1,2,0,1,0.0,0,1,LEVE,0,23
3,2,0.0475510652317153,0,4,1,-13.71068482,-75.982976,8,4,7,0,2,-1,-1,0,1679.5849999999998,2.0,5,1,1.0,0.340764331210191,0.0082363276960245,315.0,0.5368583996363854,74.61272186125923,14789.134903640255,3721.461,698.1859999999996,744.866,2278.409,1102.9029999999996,2618.558,29.636290693359403,2,0,0,37.5,32.0,43.0,1.0,1.0,0.0,1.0,2,0,0.0,0.0,0.0,1.0,1.0,1.0,0.0,1.0,1.0,1.0,0,0,0,0,0,0,0,20,3,2023,3,10,4,0,0,0,2,0,1,0.0,0,0,LEVE,0,7
1,1,0.0933450472216121,0,4,1,-7.5310834,-79.3937702,0,4,7,0,2,-1,-1,2,6543.555,3.0,5,2,1.0,0.1133318690972984,0.1133318690972984,1475.0,0.6138517538553948,80.84826225715301,16852.97430406852,8931.828000000005,1335.5899999999997,1935.9830000000004,5660.255000000005,1219.309,7712.519000000005,13.651281686122925,1,1,1,37.0,33.0,40.0,0.0,0.0,0.0,0.0,1,1,1.0,0.0,0.0,0.0,0.0,0.0,0.0,0.0,0.0,1.0,0,0,0,0,1,1,1,5,0,2023,3,11,5,1,0,0,2,1,1,1.0,0,0,LEVE,0,1
0,1,0.0420601801010322,2,4,1,-12.071543,-75.214018,0,4,1,0,2,1,1,4,7586.903,2.0,5,2,1.0,0.340764331210191,0.067428069404788,1198.0,0.6083413875375813,71.66982597817598,119236.36616702356,12264.545,1826.4639999999995,1105.5389999999998,9332.542,1588.5359999999996,10676.009,12.952261987705208,1,0,1,39.0,39.0,39.0,1.0,0.0,0.0,1.0,1,0,0.0,1.0,0.0,0.0,0.0,0.0,1.0,0.0,0.0,0.0,0,0,0,0,0,0,0,12,2,2023,3,11,5,1,0,2,2,0,1,0.0,0,0,LEVE,0,4
6,1,0.0933450472216121,0,4,0,-8.479337840485625,-78.57308145229328,0,4,7,0,2,-1,-1,0,6543.555,2.0,-1,-1,1.0,0.4495936745003294,0.4495936745003294,1198.0,0.4971504606547645,77.79759708660042,44368.59100642397,8931.828000000005,1335.5899999999997,1935.9830000000004,5660.255000000005,1219.309,7712.519000000005,13.651281686122925,1,0,0,58.0,58.0,58.0,1.0,1.0,0.0,0.0,1,0,0.0,0.0,0.0,1.0,1.0,0.0,0.0,1.0,0.0,1.0,1,1,1,1,0,0,0,17,2,2023,3,11,5,1,0,0,2,0,1,0.0,0,0,LEVE,0,1
6,1,0.0933450472216121,0,4,1,-8.4587126,-78.7252153,0,4,7,0,2,-1,-1,2,6543.555,3.0,5,2,1.0,0.1133318690972984,0.1133318690972984,1475.0,0.5051395598219868,77.13285387085847,67612.41755888652,8931.828000000005,1335.5899999999997,1935.9830000000004,5660.255000000005,1219.309,7712.519000000005,13.651281686122925,1,0,0,22.0,22.0,22.0,1.0,0.0,0.0,0.0,1,0,0.0,1.0,0.0,0.0,0.0,0.0,1.0,0.0,0.0,0.0,0,0,0,0,0,0,0,22,3,2023,3,11,5,1,0,0,2,1,1,0.0,0,0,GRAVE_LESIONADOS,1,1
1,1,0.0351416648363716,0,4,1,-6.6889868,-79.9037983,0,4,7,0,2,-1,-1,0,6543.555,3.0,5,2,1.0,0.1133318690972984,0.1133318690972984,1475.0,0.5539280527450423,74.69452916859504,79617.09421841543,3459.691,515.0619999999999,689.7280000000001,2254.901,703.3549999999999,2756.336,20.329994788551925,1,1,1,37.0,33.0,40.0,0.0,0.0,0.0,0.0,1,1,1.0,0.0,0.0,0.0,0.0,0.0,0.0,0.0,0.0,1.0,0,0,0,0,1,1,1,7,1,2023,3,12,6,1,0,0,2,1,1,1.0,0,0,LEVE,0,1
3,2,0.0766527564243356,0,4,1,-15.986356,-71.254004,2,4,0,1,2,0,1,0,1504.4250000000002,2.0,5,2,1.0,0.0252580716011421,0.0230617175488688,241.0,0.4498224071382834,81.63336343193146,1358.612419700214,10322.272,1495.236,1749.739,7077.2970000000005,2886.595,7435.677000000001,27.964725207783708,2,0,0,39.0,32.0,46.0,1.0,1.0,0.0,0.0,2,0,0.0,1.0,0.0,0.0,0.0,0.0,1.0,0.0,0.0,0.0,0,0,0,0,0,0,0,13,2,2023,3,12,6,1,0,0,1,0,1,0.0,1,0,GRAVE_LESIONADOS,1,4
1,1,0.0351416648363716,0,4,1,-6.7393081,-79.6362104,0,4,7,0,2,-1,-1,0,919.085,2.0,5,1,0.0,0.340764331210191,0.0037338018888644,218.0,0.5368990377599975,81.14791216819076,23182.03854389721,3459.691,515.0619999999999,689.7280000000001,2254.901,703.3549999999999,2756.336,20.329994788551925,1,1,1,37.0,33.0,40.0,0.0,0.0,0.0,0.0,1,1,1.0,0.0,1.0,0.0,0.0,0.0,0.0,0.0,0.0,1.0,0,0,0,0,1,1,1,15,2,2023,3,12,6,1,0,0,2,0,1,1.0,0,0,LEVE,0,1
0,1,0.2105205359103887,2,4,1,-12.218937,-76.977076,0,2,7,0,2,1,0,4,6639.975,2.0,5,2,1.0,0.340764331210191,0.074236766966835,1616.0,0.7583553928164398,79.82595632107274,333655.3618843683,7626.313,1683.4029999999998,1599.0829999999996,4343.827000000001,1814.875,5811.438000000001,23.7975414856432,1,0,1,46.0,46.0,46.0,1.0,0.0,0.0,0.0,1,0,0.0,0.0,0.0,1.0,0.0,1.0,0.0,0.0,0.0,0.0,0,0,0,0,0,0,0,22,3,2023,3,12,6,1,0,0,1,0,1,0.0,0,0,LEVE,0,0
3,1,0.0475510652317153,2,4,1,-14.8405,-74.93178,0,4,7,0,2,-1,-1,0,2238.6850000000004,2.0,5,2,1.0,0.0036239841862508,0.0036239841862508,115.0,0.5563774842369664,77.00938809632027,27932.19700214133,3721.461,698.1859999999996,744.866,2278.409,1102.9029999999996,2618.558,29.636290693359403,2,0,0,57.5,47.0,68.0,1.0,0.0,0.0,1.0,2,0,0.0,0.0,0.0,1.0,0.0,0.0,1.0,0.0,0.0,1.0,0,0,0,0,0,0,0,5,0,2023,3,13,0,0,0,0,2,0,1,0.0,0,0,LEVE,0,8
2,1,0.2105205359103887,2,4,1,-11.812734,-77.12962,0,0,7,0,2,-1,-1,0,6543.555,3.0,5,2,1.0,0.1133318690972984,0.1133318690972984,1475.0,0.6688889885290078,77.65971620762488,54956.252676659526,7626.313,1683.4029999999998,1599.0829999999996,4343.827000000001,1814.875,5811.438000000001,23.7975414856432,1,0,0,56.0,56.0,56.0,1.0,0.0,0.0,0.0,1,0,0.0,0.0,1.0,0.0,0.0,0.0,1.0,0.0,0.0,0.0,0,0,0,0,0,0,0,15,2,2023,3,13,0,0,0,0,2,1,1,0.0,0,0,LEVE,0,0
6,1,0.0059301559411377,0,4,1,-6.3699019,-77.5221742,2,4,0,1,1,-1,-1,0,2760.8550000000005,1.0,-1,1,0.0,0.340764331210191,0.1266198111135515,1208.0,0.4184521470833516,71.87029111732674,1569.76017130621,3903.732,1155.121,585.018,2163.5930000000003,943.591,2960.1410000000005,24.17151074920102,1,0,0,85.0,85.0,85.0,1.0,0.0,0.0,1.0,1,0,0.0,0.0,0.0,1.0,0.0,1.0,0.0,0.0,0.0,0.0,0,0,0,0,0,0,0,20,3,2023,3,13,0,0,0,1,2,0,1,0.0,1,1,LEVE,0,19
1,1,0.2105205359103887,2,6,4,-12.04945744,-77.01956828,0,3,7,0,2,-1,-1,4,6543.555,2.0,-1,-1,1.0,0.4495936745003294,0.4495936745003294,1198.0,0.7646845961658533,80.23682119426338,250806.0877944326,7626.313,1683.4029999999998,1599.0829999999996,4343.827000000001,1814.875,5811.438000000001,23.7975414856432,1,0,1,47.0,47.0,47.0,1.0,0.0,0.0,0.0,1,0,0.0,1.0,0.0,0.0,0.0,0.0,1.0,0.0,0.0,0.0,1,1,1,1,0,0,0,23,3,2023,3,13,0,0,0,0,2,0,1,0.0,0,0,LEVE,0,0
3,2,0.0821436415550186,0,4,1,-15.876976,-69.926815,0,4,7,0,2,-1,-1,5,7586.903,2.0,5,2,1.0,0.340764331210191,0.067428069404788,1198.0,0.6488901960567479,69.67312345830231,144745.3597430407,13642.312999999998,2020.7790000000005,2354.117,9267.416999999998,3314.0520000000006,10328.260999999997,24.29244952817019,2,0,0,41.5,33.0,50.0,1.0,0.0,0.0,0.0,2,0,0.0,0.0,1.0,1.0,0.0,1.0,1.0,1.0,1.0,1.0,0,0,0,0,0,0,0,23,3,2023,3,13,0,0,0,2,2,0,1,0.0,0,0,GRAVE_MORTALIDAD,2,4
3,1,0.2105205359103887,2,4,1,-12.10486683,-76.9790993,5,3,7,0,2,-1,-1,2,6639.975,2.0,5,2,1.0,0.340764331210191,0.074236766966835,1616.0,0.8236163632543221,80.64134543571234,106584.52890792293,7626.313,1683.4029999999998,1599.0829999999996,4343.827000000001,1814.875,5811.438000000001,23.7975414856432,2,0,0,41.5,26.0,57.0,1.0,0.0,0.0,0.0,2,0,0.0,0.0,1.0,1.0,1.0,0.0,1.0,0.0,1.0,0.0,0,0,0,0,0,0,0,0,0,2023,3,15,2,0,1,0,2,0,1,0.0,0,0,LEVE,0,0
3,2,0.0933450472216121,2,4,1,-8.122764353828762,-79.00702002867499,0,4,1,0,2,-1,-1,2,610.6099999999999,2.0,5,2,1.0,0.0133977597188666,0.0065890621568196,100.0,0.7151155191839451,79.57652607829836,331253.00214132766,8931.828000000005,1335.5899999999997,1935.9830000000004,5660.255000000005,1219.309,7712.519000000005,13.651281686122925,2,0,0,52.5,40.0,65.0,1.0,1.0,0.0,0.0,2,0,0.0,1.0,0.0,1.0,1.0,0.0,1.0,0.0,0.0,0.0,0,0,0,0,0,0,0,8,1,2023,3,15,2,0,1,0,2,0,1,0.0,0,0,LEVE,0,1
3,2,0.0902701515484296,0,4,1,-13.46172,-72.42498,0,4,7,1,2,1,1,2,7586.903,2.0,5,2,1.0,0.340764331210191,0.067428069404788,1198.0,0.3401816617977222,71.10991456121904,8685.158458244112,17779.13499998999,2097.37099999,2863.123,12818.640999999989,2878.713,14900.421999989989,16.19152450331032,2,0,0,42.5,32.0,53.0,1.0,1.0,0.0,1.0,2,0,0.0,0.0,0.0,0.0,0.0,0.0,1.0,0.0,0.0,0.0,0,0,0,0,0,0,0,16,2,2023,3,15,2,0,1,2,2,0,1,0.0,0,0,LEVE,0,4
0,1,0.0153744783659125,2,2,4,-11.8282122,-77.124005617,6,5,6,-1,6,-1,-1,0,6543.555,2.0,-1,-1,1.0,0.4495936745003294,0.4495936745003294,1198.0,0.5563774842369664,77.00938809632027,27932.19700214133,51.58600000000001,44.68700000000001,6.899000000000001,0.0,49.838000000000015,1.748,96.61148373589734,1,0,3,37.0,37.0,37.0,1.0,0.0,0.0,0.0,3,0,0.0,0.0,0.0,1.0,0.0,1.0,0.0,1.0,1.0,0.0,1,1,1,1,0,0,0,20,3,2023,3,15,2,0,1,2,2,0,0,0.0,0,0,LEVE,0,0
3,2,0.0933450472216121,0,4,1,-8.703279,-78.639559,0,4,7,0,2,-1,-1,2,6543.555,3.0,5,2,1.0,0.1133318690972984,0.1133318690972984,1475.0,0.4867987483268106,77.5825534369154,9838.736616702356,8931.828000000005,1335.5899999999997,1935.9830000000004,5660.255000000005,1219.309,7712.519000000005,13.651281686122925,2,0,0,29.0,27.0,31.0,1.0,0.0,0.0,0.0,2,0,0.0,1.0,0.0,1.0,0.0,1.0,1.0,0.0,1.0,0.0,0,0,0,0,0,0,0,5,0,2023,3,16,3,0,1,0,2,1,1,0.0,0,0,GRAVE_MORTALIDAD,2,1
6,1,0.0059301559411377,2,6,4,-6.372585,-77.91969,7,4,0,1,1,-1,-1,0,6543.555,2.0,-1,-1,1.0,0.4495936745003294,0.4495936745003294,1198.0,0.4040243427664201,67.07330590321597,1264.3126338329764,3903.732,1155.121,585.018,2163.5930000000003,943.591,2960.1410000000005,24.17151074920102,1,0,0,40.0,40.0,40.0,1.0,0.0,0.0,1.0,1,0,0.0,1.0,0.0,0.0,1.0,0.0,0.0,1.0,1.0,1.0,1,1,1,1,0,0,0,7,1,2023,3,16,3,0,1,1,2,0,1,0.0,1,1,LEVE,0,33
6,1,0.0902701515484296,0,4,0,-13.557643,-71.708535,0,4,7,0,2,-1,-1,0,6543.555,2.0,-1,-1,1.0,0.4495936745003294,0.4495936745003294,1198.0,0.2453332454181003,63.62240979432437,2731.8715203426127,17779.13499998999,2097.37099999,2863.123,12818.640999999989,2878.713,14900.421999989989,16.19152450331032,1,0,0,47.0,47.0,47.0,1.0,0.0,0.0,0.0,1,0,0.0,0.0,0.0,0.0,0.0,0.0,1.0,0.0,0.0,0.0,1,1,1,1,0,0,0,7,1,2023,3,16,3,0,1,2,2,0,1,0.0,0,0,GRAVE_MORTALIDAD,2,4
0,1,0.0420601801010322,2,4,1,-11.734159642247311,-75.5435030793657,0,4,7,0,2,0,1,0,311.82,2.0,5,2,0.0,0.340764331210191,0.1266198111135515,74.0,0.4846609581848212,71.70970037684953,5696.379014989293,12264.545,1826.4639999999995,1105.5389999999998,9332.542,1588.5359999999996,10676.009,12.952261987705208,1,0,1,37.0,37.0,37.0,1.0,0.0,0.0,1.0,1,0,0.0,1.0,0.0,0.0,0.0,0.0,1.0,0.0,0.0,0.0,0,0,0,0,0,0,0,11,1,2023,3,16,3,0,1,2,1,0,1,0.0,0,0,LEVE,0,4
6,1,0.0131781243136393,0,4,3,-9.141821,-75.991229,0,4,0,1,1,-1,-1,1,6543.555,2.0,-1,-1,1.0,0.4495936745003294,0.4495936745003294,1198.0,0.4184171487202614,72.18805630075194,4014.492577806722,8209.057,1333.4779999999996,791.9770000000001,6083.602,1059.8589999999997,7149.198,12.910849565303296,1,0,0,44.0,44.0,44.0,1.0,0.0,0.0,1.0,1,0,0.0,0.0,0.0,0.0,0.0,0.0,0.0,1.0,1.0,1.0,1,1,1,1,0,0,0,12,2,2023,3,16,3,0,1,2,2,0,1,0.0,1,1,LEVE,0,4
3,2,0.0821436415550186,0,4,2,-15.9942195,-69.7620055,0,4,7,0,7,-1,-1,2,6543.555,2.0,-1,-1,1.0,0.4495936745003294,0.4495936745003294,1198.0,0.3247057995130503,73.24682709519536,24872.03426124197,13642.312999999998,2020.7790000000005,2354.117,9267.416999999998,3314.0520000000006,10328.260999999997,24.29244952817019,2,0,0,36.0,30.0,42.0,1.0,0.0,0.0,0.0,2,0,0.0,1.0,0.0,1.0,1.0,0.0,1.0,0.0,0.0,1.0,1,1,1,1,0,0,0,14,2,2023,3,16,3,0,1,2,2,0,1,0.0,0,1,LEVE,0,4
5,1,0.0933450472216121,0,4,1,-8.096748,-78.933935,0,0,7,0,2,-1,-1,0,610.6099999999999,2.0,5,2,1.0,0.0133977597188666,0.0065890621568196,100.0,0.5929579484728337,80.24150924632623,34739.39614561028,8931.828000000005,1335.5899999999997,1935.9830000000004,5660.255000000005,1219.309,7712.519000000005,13.651281686122925,2,1,0,21.0,21.0,21.0,1.0,0.0,0.0,0.0,2,1,1.0,0.0,1.0,0.0,1.0,0.0,0.0,0.0,0.0,1.0,0,0,0,0,0,0,0,20,3,2023,3,16,3,0,1,0,2,0,1,0.5,0,0,LEVE,0,1
10,1,0.2105205359103887,2,2,4,-12.02998879,-77.02038547,0,0,7,0,2,-1,-1,2,6543.555,2.0,-1,-1,1.0,0.4495936745003294,0.4495936745003294,1198.0,0.701053025277506,79.62867561460851,1150285.0494171206,7626.313,1683.4029999999998,1599.0829999999996,4343.827000000001,1814.875,5811.438000000001,23.7975414856432,1,0,0,29.0,29.0,29.0,1.0,0.0,0.0,0.0,1,0,0.0,0.0,0.0,1.0,1.0,0.0,0.0,0.0,1.0,0.0,1,1,1,1,0,0,0,22,3,2023,3,16,3,0,1,0,2,0,1,0.0,0,0,LEVE,0,0
3,2,0.0933450472216121,0,4,1,-8.4535225,-78.7307148,0,4,7,0,2,-1,-1,0,6543.555,3.0,5,2,1.0,0.1133318690972984,0.1133318690972984,1475.0,0.5051395598219868,77.13285387085847,67612.41755888652,8931.828000000005,1335.5899999999997,1935.9830000000004,5660.255000000005,1219.309,7712.519000000005,13.651281686122925,2,0,0,51.0,49.0,53.0,1.0,1.0,0.0,0.0,2,0,0.0,0.0,1.0,1.0,1.0,0.0,1.0,0.0,0.0,1.0,0,0,0,0,0,0,0,5,0,2023,3,17,4,0,1,0,2,1,1,0.0,0,0,LEVE,0,1
6,1,0.0318471337579617,0,4,1,-9.309308,-78.404054,0,4,7,1,2,-1,-1,5,6543.555,3.0,5,2,1.0,0.1133318690972984,0.1133318690972984,1475.0,0.5575370467693914,78.64118956943892,4692.985010706639,10767.648,1885.0630000000003,1222.721,7659.864000000001,2100.343,8667.305000000002,19.506051832303577,1,0,0,38.0,38.0,38.0,1.0,0.0,0.0,1.0,1,0,0.0,1.0,0.0,0.0,0.0,0.0,1.0,0.0,0.0,0.0,0,0,0,0,0,0,0,9,1,2023,3,17,4,0,1,0,2,1,1,0.0,0,0,LEVE,0,1