CLASE SINIESTRO,CANTIDAD DE VEHICULOS DAÑADOS,DEPARTAMENTO,ZONA,TIPO DE VÍA,RED VIAL,COORDENADAS LATITUD,COORDENADAS  LONGITUD,CONDICIÓN CLIMÁTICA,ZONIFICACIÓN,CARACTERÍSTICAS DE VÍA,PERFIL LONGITUDINAL VÍA,SUPERFICIE DE CALZADA,¿EXISTE SEÑAL VERTICAL?,¿EXISTE SEÑAL HORIZONTAL?,CAUSA FACTOR PRINCIPAL,MTC_RVN_LONGITUD_KM,MTC_RVN_N_CARRILES_MEDIANA,MTC_RVN_SUPERFICIE_DOMINANTE,MTC_RVN_ESTADO_DOMINANTE,MTC_RVN_ES_CONCESIONADA,MTC_RVN_CONCESION_PRINCIPAL,MTC_RVN_CORREDOR_LOGISTICO,MTC_RVN_N_TRAMOS,IDH_2019,IDH_ESP_VIDA_2019,IDH_POBLACION_2019,MTC_DEP_RED_TOTAL_KM,MTC_DEP_NACIONAL_TOTAL_KM,MTC_DEP_DEPARTAMENTAL_TOTAL_KM,MTC_DEP_VECINAL_TOTAL_KM,MTC_DEP_PAV_TOTAL_KM,MTC_DEP_NO_PAV_TOTAL_KM,MTC_DEP_PCT_PAVIMENTADA,PER_N_CONDUCTORES,PER_N_CONDUCTORES_FUGADOS,PER_N_PEATONES,PER_EDAD_COND_PROM,PER_EDAD_COND_MIN,PER_EDAD_COND_MAX,PER_ANY_COND_MASCULINO,PER_ANY_LIC_PROBLEMA,PER_ANY_DOSAJE_POS,PER_ANY_DOSAJE_EVALUADO,VEH_TOTAL,VEH_N_FUGADOS,VEH_ANY_FUGADO,VEH_ANY_CARGA,VEH_ANY_PUBLICO,VEH_ANY_PARTICULAR,VEH_ANY_MOTO,VEH_ANY_AUTO,VEH_ANY_CAMION_BUS,VEH_ANY_SOAT_PROBLEMA,VEH_ANY_CITV_PROBLEMA,VEH_ANY_SEGURO_PROBLEMA,MTC_RVN_LONGITUD_KM_ERA_NULO,MTC_RVN_N_CARRILES_MEDIANA_ERA_NULO,MTC_RVN_ES_CONCESIONADA_ERA_NULO,MTC_RVN_N_TRAMOS_ERA_NULO,PER_EDAD_COND_PROM_ERA_NULO,PER_EDAD_COND_MIN_ERA_NULO,PER_EDAD_COND_MAX_ERA_NULO,HORA_NUM,FRANJA_HORARIA,ANIO,MES,DIA_MES,DIA_SEMANA,ES_FIN_SEMANA,ES_QUINCENA,REGION_NATURAL,NIVEL_SEÑALIZACION_ORD,ES_VIA_MULTICARRIL,ES_DEPTO_BAJO_PAVIMENTO,RATIO_CONDUCTORES_FUGADOS,ES_CURVA_Y_PENDIENTE,ES_VIA_NO_PAVIMENTADA,CATEGORIA_SEVERIDAD,CATEGORIA_SEVERIDAD_ENC,CLUSTER
3,1,0.0153744783659125,2,4,1,-12.0356703147664,-77.1275317486346,0,2,7,0,2,1,1,2,139.23,-1.0,5,2,0.0,0.340764331210191,0.1266198111135515,69.0,0.5563774842369664,77.00938809632027,27932.19700214133,51.58600000000001,44.68700000000001,6.899000000000001,0.0,49.838000000000015,1.748,96.61148373589734,2,0,0,41.5,33.0,50.0,1.0,1.0,0.0,0.0,2,0,0.0,1.0,0.0,1.0,1.0,0.0,1.0,0.0,0.0,0.0,0,0,0,0,0,0,0,9,1,2023,3,17,4,0,1,2,2,0,0,0.0,0,0,LEVE,0,0
6,1,0.0902701515484296,0,4,1,-14.594712454714225,-71.69237393059306,5,4,0,1,2,-1,-1,0,1780.161,1.0,-1,1,0.0,0.340764331210191,0.1266198111135515,490.0,0.2895499003381874,68.53788948078248,14410.650963597433,17779.13499998999,2097.37099999,2863.123,12818.640999999989,2878.713,14900.421999989989,16.19152450331032,1,0,0,29.0,29.0,29.0,1.0,0.0,0.0,0.0,1,0,0.0,0.0,0.0,0.0,0.0,0.0,1.0,0.0,0.0,0.0,0,0,0,0,0,0,0,14,2,2023,3,17,4,0,1,2,2,0,1,0.0,1,0,GRAVE_MORTALIDAD,2,4
3,1,0.2105205359103887,2,2,4,-11.913066255519231,-77.00300212566364,0,3,7,0,2,-1,-1,0,6543.555,2.0,-1,-1,1.0,0.4495936745003294,0.4495936745003294,1198.0,0.7218926988400113,80.0902077245261,530000.3426124197,7626.313,1683.4029999999998,1599.0829999999996,4343.827000000001,1814.875,5811.438000000001,23.7975414856432,2,0,0,47.0,41.0,53.0,1.0,1.0,0.0,0.0,2,0,0.0,0.0,1.0,1.0,0.0,0.0,1.0,0.0,0.0,0.0,1,1,1,1,0,0,0,19,3,2023,3,17,4,0,1,0,2,0,1,0.0,0,0,LEVE,0,0
1,1,0.0902701515484296,0,4,3,-14.8022643364473,-71.4415394127246,0,4,7,0,1,-1,-1,0,6543.555,2.0,-1,-1,1.0,0.4495936745003294,0.4495936745003294,1198.0,0.553052655456334,69.21726434550523,33976.192719486084,17779.13499998999,2097.37099999,2863.123,12818.640999999989,2878.713,14900.421999989989,16.19152450331032,1,1,1,37.0,33.0,40.0,0.0,0.0,0.0,0.0,1,1,1.0,0.0,0.0,0.0,0.0,0.0,0.0,0.0,0.0,1.0,1,1,1,1,1,1,1,4,0,2023,3,18,5,1,1,2,2,0,1,1.0,0,1,LEVE,0,4
10,1,0.0902701515484296,0,4,0,-13.62378,-71.39203,0,4,0,0,2,1,1,2,6543.555,2.0,-1,-1,1.0,0.4495936745003294,0.4495936745003294,1198.0,0.2701433460922377,67.03086854576458,16118.58886509636,17779.13499998999,2097.37099999,2863.123,12818.640999999989,2878.713,14900.421999989989,16.19152450331032,1,0,0,34.0,34.0,34.0,1.0,1.0,0.0,0.0,1,0,0.0,0.0,0.0,1.0,1.0,0.0,0.0,1.0,0.0,1.0,1,1,1,1,0,0,0,8,1,2023,3,18,5,1,1,2,2,0,1,0.0,0,0,LEVE,0,4
0,1,0.0420601801010322,0,4,2,-11.272255466706588,-75.65967675565224,6,5,6,-1,6,-1,-1,0,6543.555,2.0,-1,-1,1.0,0.4495936745003294,0.4495936745003294,1198.0,0.4094314403899762,74.63978889880055,11960.32976445396,12264.545,1826.4639999999995,1105.5389999999998,9332.542,1588.5359999999996,10676.009,12.952261987705208,1,0,1,36.0,36.0,36.0,1.0,0.0,0.0,0.0,1,0,0.0,1.0,0.0,0.0,0.0,0.0,1.0,0.0,0.0,0.0,1,1,1,1,0,0,0,10,1,2023,3,18,5,1,1,2,2,0,1,0.0,0,0,LEVE,0,4
0,1,0.0213046343070502,2,3,4,-13.157552473825,-74.2365129281001,0,3,7,1,2,-1,-1,2,6543.555,2.0,-1,-1,1.0,0.4495936745003294,0.4495936745003294,1198.0,0.5506252633070053,69.90928763641818,104520.79871520343,12678.733000000004,1805.074000000001,1774.0339999999994,9099.625000000004,2485.375000000001,10193.358000000002,19.602707936195205,1,0,1,38.0,38.0,38.0,1.0,0.0,0.0,1.0,1,0,0.0,0.0,0.0,1.0,0.0,0.0,1.0,0.0,1.0,0.0,1,1,1,1,0,0,0,11,1,2023,3,18,5,1,1,2,2,0,1,0.0,0,0,LEVE,0,4
6,1,0.0902701515484296,0,4,2,-14.047174,-71.509228,0,4,0,1,7,-1,-1,0,6543.555,2.0,-1,-1,1.0,0.4495936745003294,0.4495936745003294,1198.0,0.2868848693968708,64.19224905142373,2123.259100642398,17779.13499998999,2097.37099999,2863.123,12818.640999999989,2878.713,14900.421999989989,16.19152450331032,1,0,0,33.0,33.0,33.0,1.0,0.0,0.0,0.0,1,0,0.0,1.0,0.0,0.0,0.0,0.0,1.0,0.0,0.0,0.0,1,1,1,1,0,0,0,14,2,2023,3,18,5,1,1,2,2,0,1,0.0,1,1,LEVE,0,4
3,1,0.2105205359103887,2,2,4,-11.97644482,-77.00207644,0,0,7,0,2,-1,-1,2,6543.555,2.0,-1,-1,1.0,0.4495936745003294,0.4495936745003294,1198.0,0.701053025277506,79.62867561460851,1150285.0494171206,7626.313,1683.4029999999998,1599.0829999999996,4343.827000000001,1814.875,5811.438000000001,23.7975414856432,2,0,0,48.5,46.0,51.0,1.0,1.0,0.0,0.0,2,0,0.0,0.0,1.0,1.0,1.0,0.0,1.0,0.0,1.0,1.0,1,1,1,1,0,0,0,16,2,2023,3,18,5,1,1,0,2,0,1,0.0,0,0,LEVE,0,0
3,2,0.2105205359103887,0,4,0,-10.816028,-77.704268,0,4,7,0,2,-1,-1,2,6543.555,2.0,-1,-1,1.0,0.4495936745003294,0.4495936745003294,1198.0,0.6308271130775358,79.95164649343668,24646.92291220557,7626.313,1683.4029999999998,1599.0829999999996,4343.827000000001,1814.875,5811.438000000001,23.7975414856432,2,0,2,54.5,42.0,67.0,1.0,0.0,0.0,1.0,2,0,0.0,0.0,0.0,1.0,1.0,1.0,0.0,0.0,0.0,1.0,1,1,1,1,0,0,0,19,3,2023,3,18,5,1,1,0,2,0,1,0.0,0,0,LEVE,0,0
0,1,0.0420601801010322,2,4,1,-11.341346571971489,-74.5264837042514,6,5,6,-1,6,-1,-1,0,1337.175,1.0,-1,1,0.0,0.340764331210191,0.1266198111135515,315.0,0.3570817332180048,73.74932476832508,66993.35796966725,12264.545,1826.4639999999995,1105.5389999999998,9332.542,1588.5359999999996,10676.009,12.952261987705208,1,0,1,21.0,21.0,21.0,1.0,1.0,0.0,0.0,1,0,0.0,0.0,1.0,0.0,1.0,0.0,0.0,1.0,1.0,1.0,0,0,0,0,0,0,0,21,3,2023,3,18,5,1,1,2,2,0,1,0.0,0,0,LEVE,0,5
3,1,0.006479244454206,2,4,2,-10.576077292457027,-75.40983442182457,6,5,6,-1,6,-1,-1,0,6543.555,2.0,-1,-1,1.0,0.4495936745003294,0.4495936745003294,1198.0,0.5038558689779855,72.28759641582717,4552.528907922912,3677.119863,564.5869999999999,910.845,2201.687863000001,590.8779999999998,3086.2418630000006,16.06904376290656,2,0,0,34.5,31.0,38.0,1.0,1.0,0.0,0.0,2,0,0.0,0.0,0.0,1.0,1.0,0.0,0.0,1.0,1.0,1.0,1,1,1,1,0,0,0,5,0,2023,3,19,6,1,1,2,2,0,1,0.0,0,0,LEVE,0,43
1,1,0.2105205359103887,2,4,1,-11.872306,-77.069443,0,0,7,0,2,-1,-1,0,6543.555,3.0,5,2,1.0,0.1133318690972984,0.1133318690972984,1475.0,0.6632628912836565,79.15155564666024,383699.2119914347,7626.313,1683.4029999999998,1599.0829999999996,4343.827000000001,1814.875,5811.438000000001,23.7975414856432,1,1,1,37.0,33.0,40.0,0.0,0.0,0.0,0.0,1,1,1.0,0.0,0.0,0.0,0.0,0.0,0.0,0.0,0.0,1.0,0,0,0,0,1,1,1,5,0,2023,3,19,6,1,1,0,2,1,1,1.0,0,0,LEVE,0,0
6,1,0.2105205359103887,2,4,1,-11.894874,-77.068026,0,0,7,0,2,-1,-1,2,6543.555,3.0,5,2,1.0,0.1133318690972984,0.1133318690972984,1475.0,0.6632628912836565,79.15155564666024,383699.2119914347,7626.313,1683.4029999999998,1599.0829999999996,4343.827000000001,1814.875,5811.438000000001,23.7975414856432,1,0,0,24.0,24.0,24.0,1.0,1.0,0.0,0.0,1,0,0.0,0.0,0.0,1.0,1.0,0.0,0.0,0.0,0.0,0.0,0,0,0,0,0,0,0,6,1,2023,3,19,6,1,1,0,2,1,1,0.0,0,0,LEVE,0,0
0,1,0.2105205359103887,2,2,4,-12.23215271,-76.92550453,0,3,7,0,2,-1,-1,4,6543.555,2.0,-1,-1,1.0,0.4495936745003294,0.4495936745003294,1198.0,0.6990481232857558,80.14597904142546,459161.0728051392,7626.313,1683.4029999999998,1599.0829999999996,4343.827000000001,1814.875,5811.438000000001,23.7975414856432,1,0,1,34.0,34.0,34.0,1.0,0.0,0.0,0.0,1,0,0.0,0.0,0.0,1.0,0.0,1.0,0.0,0.0,0.0,0.0,1,1,1,1,0,0,0,6,1,2023,3,19,6,1,1,0,2,0,1,0.0,0,0,LEVE,0,0
3,1,0.2105205359103887,2,2,4,-12.103769417849724,-77.00134451399319,0,0,7,0,2,-1,-1,6,6543.555,2.0,-1,-1,1.0,0.4495936745003294,0.4495936745003294,1198.0,0.8236163632543221,80.64134543571234,106584.52890792293,7626.313,1683.4029999999998,1599.0829999999996,4343.827000000001,1814.875,5811.438000000001,23.7975414856432,2,0,0,39.5,30.0,49.0,1.0,0.0,0.0,0.0,2,0,0.0,0.0,0.0,1.0,1.0,1.0,0.0,0.0,1.0,0.0,1,1,1,1,0,0,0,10,1,2023,3,19,6,1,1,0,2,0,1,0.0,0,0,LEVE,0,0
6,1,0.0182297386338677,0,4,1,-13.648404652881789,-72.91160080326752,6,5,6,-1,6,-1,-1,0,7586.903,2.0,5,2,1.0,0.340764331210191,0.067428069404788,1198.0,0.6003753883715995,73.99932572301547,57983.6573875803,8358.971,1282.451,1298.0969999999998,5778.423,1432.683,6926.288,17.139466089785454,1,0,0,22.0,22.0,22.0,1.0,0.0,0.0,0.0,1,0,0.0,0.0,0.0,0.0,1.0,0.0,0.0,0.0,0.0,0.0,0,0,0,0,0,0,0,10,1,2023,3,19,6,1,1,2,2,0,1,0.0,0,0,LEVE,0,4
5,1,0.0933450472216121,0,4,1,-7.3015006,-79.40920413,0,4,7,0,2,-1,-1,2,887.28,2.0,5,2,1.0,0.0133977597188666,0.0065890621568196,155.0,0.5650979329787121,81.32490571897102,43897.946466809415,8931.828000000005,1335.5899999999997,1935.9830000000004,5660.255000000005,1219.309,7712.519000000005,13.651281686122925,2,1,0,30.0,30.0,30.0,1.0,0.0,0.0,0.0,2,1,1.0,0.0,0.0,1.0,0.0,0.0,0.0,0.0,0.0,1.0,0,0,0,0,0,0,0,19,3,2023,3,19,6,1,1,0,2,0,1,0.5,0,0,LEVE,0,1
3,2,0.0475510652317153,2,4,1,-13.710448864541,-76.1526324164968,8,4,7,0,2,-1,-1,0,6639.975,2.0,5,2,1.0,0.340764331210191,0.074236766966835,1616.0,0.5696694820585885,76.2909275323045,19052.702355460384,3721.461,698.1859999999996,744.866,2278.409,1102.9029999999996,2618.558,29.636290693359403,2,0,0,46.0,46.0,46.0,1.0,0.0,0.0,1.0,2,0,0.0,1.0,0.0,1.0,1.0,0.0,1.0,0.0,1.0,1.0,0,0,0,0,0,0,0,20,3,2023,3,19,6,1,1,0,2,0,1,0.0,0,0,LEVE,0,7
6,1,0.0766527564243356,0,4,0,-16.5328184,-71.7370535,0,4,7,0,2,0,1,0,6543.555,2.0,-1,-1,1.0,0.4495936745003294,0.4495936745003294,1198.0,0.6105481451420971,78.10653088113892,35025.678800856535,10322.272,1495.236,1749.739,7077.2970000000005,2886.595,7435.677000000001,27.964725207783708,1,0,0,23.0,23.0,23.0,0.0,1.0,0.0,0.0,1,0,0.0,0.0,0.0,1.0,0.0,0.0,1.0,0.0,0.0,0.0,1,1,1,1,0,0,0,22,3,2023,3,19,6,1,1,0,1,0,1,0.0,0,0,LEVE,0,4
3,2,0.0902701515484296,0,4,1,-15.080543,-71.118673,0,4,7,0,2,-1,-1,0,568.5409999999999,1.0,5,1,0.0,0.340764331210191,0.0057105205359103,93.0,0.3491291336434085,68.34579473193322,1114.627408993576,17779.13499998999,2097.37099999,2863.123,12818.640999999989,2878.713,14900.421999989989,16.19152450331032,2,0,0,33.0,22.0,44.0,1.0,0.0,0.0,1.0,2,0,0.0,0.0,1.0,1.0,0.0,1.0,1.0,0.0,0.0,0.0,0,0,0,0,0,0,0,0,0,2023,3,20,0,0,1,2,2,0,1,0.0,0,0,GRAVE_MORTALIDAD,2,4
6,1,0.0902701515484296,0,4,1,-13.081439,-72.372732,0,4,0,1,2,1,1,2,3447.8009999999995,1.0,5,1,0.0,0.340764331210191,0.0101032286404568,1109.0,0.4706944943299555,76.79406176595778,3282.6252676659524,17779.13499998999,2097.37099999,2863.123,12818.640999999989,2878.713,14900.421999989989,16.19152450331032,1,0,0,65.0,65.0,65.0,1.0,0.0,0.0,1.0,1,0,0.0,0.0,0.0,0.0,0.0,1.0,0.0,0.0,0.0,0.0,0,0,0,0,0,0,0,11,1,2023,3,20,0,0,1,2,2,0,1,0.0,1,0,LEVE,0,4
3,2,0.0037338018888644,0,4,1,-16.867802,-70.174824,1,4,7,0,2,-1,-1,2,1529.105,2.0,5,2,1.0,0.340764331210191,0.0038436195914781,200.0,0.5419876249473067,75.01928818373936,4186.792291220558,2949.174,470.28500000000025,903.055,1575.834,866.4460000000004,2082.728,29.37927704503025,2,0,0,44.0,38.0,50.0,1.0,0.0,1.0,1.0,2,0,0.0,1.0,0.0,1.0,0.0,0.0,1.0,0.0,1.0,0.0,0,0,0,0,0,0,0,15,2,2023,3,20,0,0,1,0,2,0,1,0.0,0,0,GRAVE_MORTALIDAD,2,48
3,1,0.2105205359103887,2,2,4,-11.920433,-77.041833,0,0,7,0,2,-1,-1,0,6543.555,2.0,-1,-1,1.0,0.4495936745003294,0.4495936745003294,1198.0,0.7218926988400113,80.0902077245261,530000.3426124197,7626.313,1683.4029999999998,1599.0829999999996,4343.827000000001,1814.875,5811.438000000001,23.7975414856432,2,0,0,45.0,44.0,46.0,1.0,0.0,0.0,0.0,2,0,0.0,0.0,0.0,1.0,0.0,1.0,1.0,0.0,1.0,1.0,1,1,1,1,0,0,0,16,2,2023,3,20,0,0,1,0,2,0,1,0.0,0,0,LEVE,0,0
3,1,0.0351416648363716,0,4,1,-6.5401119,-79.8654315,0,4,7,0,2,-1,-1,0,1305.18,2.0,5,2,1.0,0.0160333845815945,0.0464528882055787,163.0,0.4530607633213016,76.60203660440479,18730.47537473233,3459.691,515.0619999999999,689.7280000000001,2254.901,703.3549999999999,2756.336,20.329994788551925,3,0,0,52.66666666666666,40.0,65.0,1.0,0.0,0.0,0.0,3,0,0.0,0.0,1.0,1.0,1.0,0.0,1.0,1.0,0.0,1.0,0,0,0,0,0,0,0,17,2,2023,3,20,0,0,1,0,2,0,1,0.0,0,0,LEVE,0,1
3,2,0.0139468482319349,0,4,1,-3.61890513694658,-80.5230475166071,7,4,0,0,2,-1,-1,2,6543.555,3.0,5,2,1.0,0.1133318690972984,0.1133318690972984,1475.0,0.5691277377037675,76.83860361118322,23971.755888650965,1009.101,138.47399999999996,287.471,583.156,276.972,732.129,27.447401201663663,2,0,0,41.5,32.0,51.0,1.0,1.0,0.0,1.0,2,0,0.0,1.0,0.0,1.0,1.0,0.0,1.0,0.0,0.0,0.0,0,0,0,0,0,0,0,18,3,2023,3,20,0,0,1,0,2,1,1,0.0,0,0,LEVE,0,13
3,1,0.2105205359103887,2,2,4,-12.07380405,-77.04644437,0,3,7,0,2,-1,-1,0,6543.555,2.0,-1,-1,1.0,0.4495936745003294,0.4495936745003294,1198.0,0.8371895927825478,80.41920952305908,74873.16916488222,7626.313,1683.4029999999998,1599.0829999999996,4343.827000000001,1814.875,5811.438000000001,23.7975414856432,2,0,0,28.0,26.0,30.0,1.0,0.0,0.0,0.0,2,0,0.0,1.0,0.0,1.0,0.0,0.0,1.0,0.0,0.0,1.0,1,1,1,1,0,0,0,8,1,2023,3,21,1,0,1,0,2,0,1,0.0,0,0,LEVE,0,0
10,1,0.0182297386338677,0,4,2,-14.221512052733155,-72.62696213696749,6,5,6,-1,6,-1,-1,0,6543.555,2.0,-1,-1,1.0,0.4495936745003294,0.4495936745003294,1198.0,0.3519683597448794,62.74571461316028,636.8051391862955,8358.971,1282.451,1298.0969999999998,5778.423,1432.683,6926.288,17.139466089785454,1,0,0,29.0,29.0,29.0,1.0,0.0,0.0,0.0,1,0,0.0,0.0,0.0,1.0,0.0,0.0,1.0,0.0,1.0,0.0,1,1,1,1,0,0,0,0,0,2023,3,22,2,0,1,2,2,0,1,0.0,0,0,GRAVE_MORTALIDAD,2,4
6,1,0.0131781243136393,0,4,1,-9.318745693285788,-75.99399260364935,0,4,0,0,2,-1,-1,2,693.175,2.0,5,1,0.0,0.340764331210191,0.0037338018888644,249.0,0.5818337288935853,73.84436545241161,59227.28479657388,8209.057,1333.4779999999996,791.9770000000001,6083.602,1059.8589999999997,7149.198,12.910849565303296,1,0,0,26.0,26.0,26.0,1.0,0.0,1.0,1.0,1,0,0.0,0.0,1.0,0.0,1.0,0.0,0.0,0.0,0.0,0.0,0,0,0,0,0,0,0,0,0,2023,3,22,2,0,1,2,2,0,1,0.0,0,0,LEVE,0,4
6,1,0.0318471337579617,0,4,2,-8.70602344900389,-77.4475284841365,0,4,0,1,1,-1,-1,0,6543.555,2.0,-1,-1,1.0,0.4495936745003294,0.4495936745003294,1198.0,0.1283858945190261,76.22287017508863,6325.9122055674525,10767.648,1885.0630000000003,1222.721,7659.864000000001,2100.343,8667.305000000002,19.506051832303577,1,0,0,54.0,54.0,54.0,1.0,0.0,0.0,0.0,1,0,0.0,0.0,1.0,0.0,0.0,0.0,1.0,0.0,0.0,0.0,1,1,1,1,0,0,0,17,2,2023,3,22,2,0,1,0,2,0,1,0.0,1,1,GRAVE_MORTALIDAD,2,1
3,1,0.2105205359103887,2,4,1,-12.00078285218256,-76.83970770106689,0,0,7,0,2,-1,-1,6,875.67,2.0,5,2,1.0,0.0162530199868218,0.0124094003953437,156.0,0.6868549636939637,79.62363164345142,684921.8484148846,7626.313,1683.4029999999998,1599.0829999999996,4343.827000000001,1814.875,5811.438000000001,23.7975414856432,2,0,0,24.0,21.0,27.0,1.0,1.0,0.0,0.0,2,0,0.0,1.0,1.0,0.0,0.0,0.0,1.0,0.0,0.0,0.0,0,0,0,0,0,0,0,19,3,2023,3,22,2,0,1,0,2,0,1,0.0,0,0,GRAVE_LESIONADOS,1,0
6,1,0.0902701515484296,0,4,2,-13.3897267635035,-71.4879796461544,0,4,0,1,7,-1,-1,0,6543.555,2.0,-1,-1,1.0,0.4495936745003294,0.4495936745003294,1198.0,0.2466226927938573,59.50771953912937,12676.173447537472,17779.13499998999,2097.37099999,2863.123,12818.640999999989,2878.713,14900.421999989989,16.19152450331032,1,0,0,37.0,33.0,40.0,1.0,0.0,0.0,0.0,1,0,0.0,0.0,0.0,1.0,0.0,0.0,1.0,0.0,0.0,0.0,1,1,1,1,1,1,1,21,3,2023,3,22,2,0,1,2,2,0,1,0.0,1,1,LEVE,0,4
3,2,0.0821436415550186,0,4,1,-15.297443,-69.971059,0,4,7,0,2,-1,-1,6,1762.84,2.0,-1,2,0.0,0.340764331210191,0.1266198111135515,485.0,0.3120136684565522,74.56643070176949,12390.518201284798,13642.312999999998,2020.7790000000005,2354.117,9267.416999999998,3314.0520000000006,10328.260999999997,24.29244952817019,2,0,0,23.5,21.0,26.0,1.0,1.0,0.0,0.0,2,0,0.0,0.0,0.0,1.0,1.0,0.0,0.0,1.0,1.0,1.0,0,0,0,0,0,0,0,5,0,2023,3,23,3,0,1,2,2,0,1,0.0,0,0,LEVE,0,4
6,1,0.0933450472216121,2,4,1,-8.1678427,-79.0062774,0,4,7,0,2,-1,-1,0,6543.555,3.0,5,2,1.0,0.1133318690972984,0.1133318690972984,1475.0,0.618325375347301,78.45577068094175,37258.80942184154,8931.828000000005,1335.5899999999997,1935.9830000000004,5660.255000000005,1219.309,7712.519000000005,13.651281686122925,1,0,0,58.0,58.0,58.0,1.0,0.0,0.0,0.0,1,0,0.0,0.0,0.0,1.0,0.0,1.0,0.0,0.0,0.0,0.0,0,0,0,0,0,0,0,8,1,2023,3,23,3,0,1,0,2,1,1,0.0,0,0,LEVE,0,1
0,1,0.0933450472216121,2,3,4,-7.809605198831371,-78.0292635712742,0,0,7,0,2,-1,-1,2,6543.555,2.0,-1,-1,1.0,0.4495936745003294,0.4495936745003294,1198.0,0.3986882084754764,72.97869269132666,69564.29978586723,8931.828000000005,1335.5899999999997,1935.9830000000004,5660.255000000005,1219.309,7712.519000000005,13.651281686122925,1,0,1,34.0,34.0,34.0,1.0,0.0,0.0,0.0,1,0,0.0,1.0,0.0,0.0,0.0,0.0,1.0,0.0,1.0,0.0,1,1,1,1,0,0,0,11,1,2023,3,23,3,0,1,0,2,0,1,0.0,0,0,LEVE,0,1
0,1,0.0821436415550186,2,4,1,-15.856885213494076,-70.01730126709124,0,1,7,0,2,-1,-1,4,779.525,2.0,5,2,1.0,0.0252580716011421,0.0021963540522732,163.0,0.6488901960567479,69.67312345830231,144745.3597430407,13642.312999999998,2020.7790000000005,2354.117,9267.416999999998,3314.0520000000006,10328.260999999997,24.29244952817019,1,0,1,37.0,37.0,37.0,1.0,0.0,0.0,0.0,1,0,0.0,1.0,0.0,0.0,0.0,0.0,1.0,0.0,0.0,0.0,0,0,0,0,0,0,0,12,2,2023,3,23,3,0,1,2,2,0,1,0.0,0,0,LEVE,0,4
0,1,0.0902701515484296,2,2,4,-13.546388,-71.889881,0,3,7,0,2,1,0,4,6543.555,2.0,-1,-1,1.0,0.4495936745003294,0.4495936745003294,1198.0,0.6549025615332805,78.59637500870319,59698.74304068524,17779.13499998999,2097.37099999,2863.123,12818.640999999989,2878.713,14900.421999989989,16.19152450331032,1,0,1,54.0,54.0,54.0,1.0,0.0,0.0,1.0,1,0,0.0,0.0,0.0,0.0,0.0,0.0,1.0,0.0,0.0,0.0,1,1,1,1,0,0,0,11,1,2023,3,24,4,0,1,2,1,0,1,0.0,0,0,LEVE,0,4
3,2,0.0597408302218317,2,4,1,-5.7322838221991,-78.7942005622683,0,0,1,1,2,-1,-1,2,7758.33400008,2.0,5,2,1.0,0.340764331210191,0.0464528882055787,2133.0,0.5803239946829384,74.49544278598792,102362.46895074946,15935.565011852366,1733.9250000199986,935.692,13265.948011832368,2000.1670000199988,13935.398011832369,12.551591352627522,2,0,0,39.0,21.0,57.0,1.0,1.0,0.0,0.0,2,0,0.0,0.0,0.0,1.0,1.0,0.0,0.0,1.0,1.0,1.0,0,0,0,0,0,0,0,20,3,2023,3,24,4,0,1,2,2,0,1,0.0,0,0,LEVE,0,1
5,1,0.2105205359103887,2,4,1,-11.987369,-76.813531,0,3,7,0,2,-1,-1,2,875.67,2.0,5,2,1.0,0.0162530199868218,0.0124094003953437,156.0,0.7410537419693288,80.72873693175681,43755.852248394,7626.313,1683.4029999999998,1599.0829999999996,4343.827000000001,1814.875,5811.438000000001,23.7975414856432,2,1,0,28.0,28.0,28.0,1.0,1.0,0.0,0.0,2,1,1.0,0.0,1.0,0.0,1.0,0.0,0.0,1.0,1.0,1.0,0,0,0,0,0,0,0,1,0,2023,3,25,5,1,1,0,2,0,1,0.5,0,0,LEVE,0,0
3,2,0.0597408302218317,2,4,1,-7.159406622702537,-78.50606201097115,0,0,7,0,4,1,1,2,9936.932,2.0,5,2,1.0,0.340764331210191,0.1266198111135515,3830.0,0.6070175276741574,73.19224654097276,257380.9443254818,15935.565011852366,1733.9250000199986,935.692,13265.948011832368,2000.1670000199988,13935.398011832369,12.551591352627522,2,0,0,38.0,28.0,48.0,1.0,1.0,0.0,1.0,2,0,0.0,0.0,1.0,1.0,1.0,0.0,1.0,0.0,1.0,1.0,0,0,0,0,0,0,0,8,1,2023,3,25,5,1,1,2,2,0,1,0.0,0,0,LEVE,0,1
10,1,0.0182297386338677,0,4,0,-14.610307132306088,-73.2851756227022,6,5,6,-1,6,-1,-1,0,6543.555,2.0,-1,-1,1.0,0.4495936745003294,0.4495936745003294,1198.0,0.3664074671664916,64.98461839600242,4508.062098501071,8358.971,1282.451,1298.0969999999998,5778.423,1432.683,6926.288,17.139466089785454,1,0,0,52.0,52.0,52.0,1.0,0.0,0.0,0.0,1,0,0.0,0.0,0.0,1.0,0.0,0.0,1.0,0.0,0.0,0.0,1,1,1,1,0,0,0,15,2,2023,3,25,5,1,1,2,2,0,1,0.0,0,0,LEVE,0,6
0,1,0.2105205359103887,2,2,4,-12.03553729,-77.06534623,0,3,1,0,2,-1,-1,4,6543.555,2.0,-1,-1,1.0,0.4495936745003294,0.4495936745003294,1198.0,0.7646845961658533,80.23682119426338,250806.0877944326,7626.313,1683.4029999999998,1599.0829999999996,4343.827000000001,1814.875,5811.438000000001,23.7975414856432,1,0,1,46.0,46.0,46.0,1.0,1.0,0.0,0.0,1,0,0.0,0.0,0.0,1.0,0.0,0.0,1.0,1.0,0.0,1.0,1,1,1,1,0,0,0,16,2,2023,3,25,5,1,1,0,2,0,1,0.0,0,0,LEVE,0,0