CLASE SINIESTRO,CANTIDAD DE VEHICULOS DAÑADOS,DEPARTAMENTO,ZONA,TIPO DE VÍA,RED VIAL,COORDENADAS LATITUD,COORDENADAS  LONGITUD,CONDICIÓN CLIMÁTICA,ZONIFICACIÓN,CARACTERÍSTICAS DE VÍA,PERFIL LONGITUDINAL VÍA,SUPERFICIE DE CALZADA,¿EXISTE SEÑAL VERTICAL?,¿EXISTE SEÑAL HORIZONTAL?,CAUSA FACTOR PRINCIPAL,MTC_RVN_LONGITUD_KM,MTC_RVN_N_CARRILES_MEDIANA,MTC_RVN_SUPERFICIE_DOMINANTE,MTC_RVN_ESTADO_DOMINANTE,MTC_RVN_ES_CONCESIONADA,MTC_RVN_CONCESION_PRINCIPAL,MTC_RVN_CORREDOR_LOGISTICO,MTC_RVN_N_TRAMOS,IDH_2019,IDH_ESP_VIDA_2019,IDH_POBLACION_2019,MTC_DEP_RED_TOTAL_KM,MTC_DEP_NACIONAL_TOTAL_KM,MTC_DEP_DEPARTAMENTAL_TOTAL_KM,MTC_DEP_VECINAL_TOTAL_KM,MTC_DEP_PAV_TOTAL_KM,MTC_DEP_NO_PAV_TOTAL_KM,MTC_DEP_PCT_PAVIMENTADA,PER_N_CONDUCTORES,PER_N_CONDUCTORES_FUGADOS,PER_N_PEATONES,PER_EDAD_COND_PROM,PER_EDAD_COND_MIN,PER_EDAD_COND_MAX,PER_ANY_COND_MASCULINO,PER_ANY_LIC_PROBLEMA,PER_ANY_DOSAJE_POS,PER_ANY_DOSAJE_EVALUADO,VEH_TOTAL,VEH_N_FUGADOS,VEH_ANY_FUGADO,VEH_ANY_CARGA,VEH_ANY_PUBLICO,VEH_ANY_PARTICULAR,VEH_ANY_MOTO,VEH_ANY_AUTO,VEH_ANY_CAMION_BUS,VEH_ANY_SOAT_PROBLEMA,VEH_ANY_CITV_PROBLEMA,VEH_ANY_SEGURO_PROBLEMA,MTC_RVN_LONGITUD_KM_ERA_NULO,MTC_RVN_N_CARRILES_MEDIANA_ERA_NULO,MTC_RVN_ES_CONCESIONADA_ERA_NULO,MTC_RVN_N_TRAMOS_ERA_NULO,PER_EDAD_COND_PROM_ERA_NULO,PER_EDAD_COND_MIN_ERA_NULO,PER_EDAD_COND_MAX_ERA_NULO,HORA_NUM,FRANJA_HORARIA,ANIO,MES,DIA_MES,DIA_SEMANA,ES_FIN_SEMANA,ES_QUINCENA,REGION_NATURAL,NIVEL_SEÑALIZACION_ORD,ES_VIA_MULTICARRIL,ES_DEPTO_BAJO_PAVIMENTO,RATIO_CONDUCTORES_FUGADOS,ES_CURVA_Y_PENDIENTE,ES_VIA_NO_PAVIMENTADA,CATEGORIA_SEVERIDAD,CATEGORIA_SEVERIDAD_ENC,CLUSTER
3,1,0.0821436415550186,0,4,0,-15.5554948,-70.0197021,0,4,7,0,2,-1,-1,5,6543.555,2.0,-1,-1,1.0,0.4495936745003294,0.4495936745003294,1198.0,0.3646929504779869,74.39003066237748,5552.2119914346895,13642.312999999998,2020.7790000000005,2354.117,9267.416999999998,3314.0520000000006,10328.260999999997,24.29244952817019,2,0,0,40.5,32.0,49.0,1.0,0.0,1.0,1.0,2,0,0.0,0.0,0.0,1.0,1.0,0.0,1.0,0.0,1.0,1.0,1,1,1,1,0,0,0,21,3,2023,4,29,5,1,1,2,2,0,1,0.0,0,0,LEVE,0,4
0,1,0.2105205359103887,2,2,4,-11.89864717,-77.03846028,0,0,7,0,2,-1,-1,0,6543.555,2.0,-1,-1,1.0,0.4495936745003294,0.4495936745003294,1198.0,0.6498693508177541,78.84967382596041,356854.23554603854,7626.313,1683.4029999999998,1599.0829999999996,4343.827000000001,1814.875,5811.438000000001,23.7975414856432,1,0,1,39.0,39.0,39.0,1.0,0.0,0.0,0.0,1,0,0.0,0.0,0.0,1.0,0.0,1.0,0.0,0.0,0.0,0.0,1,1,1,1,0,0,0,5,0,2023,4,30,6,1,1,0,2,0,1,0.0,0,0,LEVE,0,0
6,1,0.0766527564243356,0,4,1,-16.980637,-71.774132,0,4,0,1,2,0,1,0,6639.975,2.0,5,2,1.0,0.340764331210191,0.074236766966835,1616.0,0.6449493635682252,78.44719582624413,8054.678800856533,10322.272,1495.236,1749.739,7077.2970000000005,2886.595,7435.677000000001,27.964725207783708,1,0,0,47.0,47.0,47.0,1.0,0.0,0.0,0.0,1,0,0.0,0.0,0.0,1.0,0.0,0.0,1.0,0.0,0.0,0.0,0,0,0,0,0,0,0,9,1,2023,4,30,6,1,1,0,1,0,1,0.0,1,0,LEVE,0,4
3,1,0.2105205359103887,2,2,4,-12.22638233,-76.9354564,0,3,1,0,2,-1,-1,2,6543.555,2.0,-1,-1,1.0,0.4495936745003294,0.4495936745003294,1198.0,0.6990481232857558,80.14597904142546,459161.0728051392,7626.313,1683.4029999999998,1599.0829999999996,4343.827000000001,1814.875,5811.438000000001,23.7975414856432,2,0,0,30.0,20.0,40.0,1.0,1.0,0.0,0.0,2,0,0.0,1.0,1.0,0.0,0.0,0.0,1.0,1.0,0.0,1.0,1,1,1,1,0,0,0,11,1,2023,4,30,6,1,1,0,2,0,1,0.0,0,0,GRAVE_LESIONADOS,1,0
6,1,0.2105205359103887,2,4,1,-12.030709,-76.983637,0,2,7,0,2,-1,-1,6,875.67,2.0,5,2,1.0,0.0162530199868218,0.0124094003953437,156.0,0.6970617810314195,81.40501156526744,203379.9271948608,7626.313,1683.4029999999998,1599.0829999999996,4343.827000000001,1814.875,5811.438000000001,23.7975414856432,1,0,0,42.0,42.0,42.0,1.0,0.0,0.0,0.0,1,0,0.0,0.0,0.0,1.0,0.0,1.0,0.0,0.0,0.0,0.0,0,0,0,0,0,0,0,15,2,2023,4,30,6,1,1,0,2,0,1,0.0,0,0,GRAVE_MORTALIDAD,2,0
0,1,0.0213046343070502,2,4,1,-13.0392014856918,-74.1338174603751,0,3,7,1,2,1,0,4,3447.8009999999995,1.0,5,1,0.0,0.340764331210191,0.0101032286404568,1109.0,0.3047264078916316,64.3603943646096,5716.304068522484,12678.733000000004,1805.074000000001,1774.0339999999994,9099.625000000004,2485.375000000001,10193.358000000002,19.602707936195205,1,0,1,32.0,32.0,32.0,1.0,0.0,0.0,1.0,1,0,0.0,0.0,0.0,1.0,0.0,1.0,0.0,0.0,0.0,0.0,0,0,0,0,0,0,0,21,3,2023,4,30,6,1,1,2,1,0,1,0.0,0,0,LEVE,0,4
4,1,0.0597408302218317,2,2,4,-5.702527,-78.80209,0,2,1,1,4,-1,-1,2,6543.555,2.0,-1,-1,1.0,0.4495936745003294,0.4495936745003294,1198.0,0.5803239946829384,74.49544278598792,102362.46895074946,15935.565011852366,1733.9250000199986,935.692,13265.948011832368,2000.1670000199988,13935.398011832369,12.551591352627522,1,0,0,23.0,23.0,23.0,1.0,1.0,0.0,1.0,1,0,0.0,0.0,0.0,1.0,1.0,0.0,0.0,0.0,0.0,0.0,1,1,1,1,0,0,0,1,0,2023,5,1,0,0,0,2,2,0,1,0.0,0,0,LEVE,0,1
6,1,0.0933450472216121,0,4,1,-7.979006,-78.648122,0,4,7,0,2,-1,-1,2,610.6099999999999,2.0,5,2,1.0,0.0133977597188666,0.0065890621568196,100.0,0.2791284879085741,74.57203044034796,5611.197002141327,8931.828000000005,1335.5899999999997,1935.9830000000004,5660.255000000005,1219.309,7712.519000000005,13.651281686122925,1,0,0,51.0,51.0,51.0,1.0,0.0,0.0,0.0,1,0,0.0,1.0,0.0,0.0,0.0,0.0,1.0,0.0,0.0,0.0,0,0,0,0,0,0,0,2,0,2023,5,1,0,0,0,0,2,0,1,0.0,0,0,LEVE,0,1
0,0,0.0475510652317153,2,4,1,-14.8354178,-74.9246159,7,0,7,0,2,1,0,4,2238.6850000000004,2.0,5,2,1.0,0.0036239841862508,0.0036239841862508,115.0,0.5563774842369664,77.00938809632027,27932.19700214133,3721.461,698.1859999999996,744.866,2278.409,1102.9029999999996,2618.558,29.636290693359403,1,0,1,21.0,21.0,21.0,1.0,1.0,0.0,0.0,1,0,0.0,0.0,0.0,1.0,1.0,0.0,0.0,1.0,1.0,1.0,0,0,0,0,0,0,0,10,1,2023,5,1,0,0,0,0,1,0,1,0.0,0,0,LEVE,0,8
7,1,0.0597408302218317,2,8,4,-7.1697739,-78.4930005,0,0,7,0,1,-1,-1,0,6543.555,2.0,-1,-1,1.0,0.4495936745003294,0.4495936745003294,1198.0,0.6070175276741574,73.19224654097276,257380.9443254818,15935.565011852366,1733.9250000199986,935.692,13265.948011832368,2000.1670000199988,13935.398011832369,12.551591352627522,1,0,0,16.0,16.0,16.0,1.0,0.0,0.0,1.0,1,0,0.0,0.0,0.0,1.0,0.0,0.0,0.0,0.0,0.0,1.0,1,1,1,1,0,0,0,16,2,2023,5,1,0,0,0,2,2,0,1,0.0,0,1,LEVE,0,1
3,3,0.0597408302218317,0,4,1,-5.11516,-78.970649,0,2,0,1,2,1,1,2,7758.33400008,2.0,5,2,1.0,0.340764331210191,0.0464528882055787,2133.0,0.4391812721167056,75.54174317098156,37111.99571734476,15935.565011852366,1733.9250000199986,935.692,13265.948011832368,2000.1670000199988,13935.398011832369,12.551591352627522,3,0,0,31.666666666666668,17.0,41.0,1.0,1.0,1.0,1.0,3,0,0.0,0.0,0.0,1.0,1.0,1.0,0.0,1.0,0.0,1.0,0,0,0,0,0,0,0,17,2,2023,5,1,0,0,0,2,2,0,1,0.0,1,0,GRAVE_LESIONADOS,1,1
3,2,0.0902701515484296,0,4,1,-14.221547,-71.28787,0,4,7,0,2,0,1,2,7586.903,2.0,5,2,1.0,0.340764331210191,0.067428069404788,1198.0,0.5265643824923771,76.3202150422939,59032.11777301927,17779.13499998999,2097.37099999,2863.123,12818.640999999989,2878.713,14900.421999989989,16.19152450331032,2,0,0,39.5,39.0,40.0,1.0,0.0,0.0,1.0,2,0,0.0,0.0,1.0,0.0,1.0,0.0,1.0,0.0,1.0,1.0,0,0,0,0,0,0,0,17,2,2023,5,1,0,0,0,2,1,0,1,0.0,0,0,LEVE,0,4
5,1,0.0821436415550186,0,4,0,-15.61817955266702,-69.8369281869057,0,4,7,0,2,-1,-1,0,6543.555,2.0,-1,-1,1.0,0.4495936745003294,0.4495936745003294,1198.0,0.2340843824111472,70.52898898013444,9524.6573875803,13642.312999999998,2020.7790000000005,2354.117,9267.416999999998,3314.0520000000006,10328.260999999997,24.29244952817019,2,1,0,60.0,60.0,60.0,1.0,0.0,0.0,0.0,2,1,1.0,0.0,0.0,1.0,0.0,0.0,0.0,0.0,0.0,1.0,1,1,1,1,0,0,0,18,3,2023,5,1,0,0,0,2,2,0,1,0.5,0,0,LEVE,0,4
0,1,0.0933450472216121,2,4,1,-7.948986,-79.09301,0,0,7,0,2,-1,-1,0,6543.555,3.0,5,2,1.0,0.1133318690972984,0.1133318690972984,1475.0,0.5721567587688113,77.67102283812494,15563.077087794432,8931.828000000005,1335.5899999999997,1935.9830000000004,5660.255000000005,1219.309,7712.519000000005,13.651281686122925,1,0,1,69.0,69.0,69.0,1.0,0.0,0.0,0.0,1,0,0.0,0.0,0.0,1.0,0.0,0.0,1.0,0.0,0.0,0.0,0,0,0,0,0,0,0,19,3,2023,5,1,0,0,0,0,2,1,1,0.0,0,0,LEVE,0,1
3,2,0.0933450472216121,0,4,1,-8.9103176,-78.639243,0,4,7,0,2,-1,-1,4,6543.555,3.0,5,2,1.0,0.1133318690972984,0.1133318690972984,1475.0,0.4867987483268106,77.5825534369154,9838.736616702356,8931.828000000005,1335.5899999999997,1935.9830000000004,5660.255000000005,1219.309,7712.519000000005,13.651281686122925,2,0,0,38.0,13.0,63.0,1.0,1.0,0.0,0.0,2,0,0.0,1.0,0.0,1.0,0.0,1.0,0.0,0.0,0.0,1.0,0,0,0,0,0,0,0,22,3,2023,5,1,0,0,0,0,2,1,1,0.0,0,0,LEVE,0,1
3,3,0.0475510652317153,0,4,1,-13.336721,-76.233743,0,4,7,0,2,-1,-1,0,6639.975,2.0,5,2,1.0,0.340764331210191,0.074236766966835,1616.0,0.5736744275518083,81.67473861808857,26660.92933618844,3721.461,698.1859999999996,744.866,2278.409,1102.9029999999996,2618.558,29.636290693359403,2,0,0,52.0,50.0,54.0,1.0,0.0,0.0,0.0,2,0,0.0,1.0,0.0,0.0,0.0,0.0,1.0,0.0,0.0,0.0,0,0,0,0,0,0,0,23,3,2023,5,1,0,0,0,0,2,0,1,0.0,0,0,GRAVE_LESIONADOS,1,7
6,1,0.0045025258071601,2,2,4,-8.398294,-74.559825,0,0,0,0,4,1,0,2,6543.555,2.0,-1,-1,1.0,0.4495936745003294,0.4495936745003294,1198.0,0.5048289012052631,74.26852852755593,88653.74479166667,2689.139,392.697,1311.5319999999997,984.91,261.598,2427.541,9.727946379863592,1,0,0,41.0,41.0,41.0,1.0,1.0,0.0,0.0,1,0,0.0,0.0,0.0,1.0,1.0,0.0,0.0,1.0,1.0,1.0,1,1,1,1,0,0,0,23,3,2023,5,1,0,0,0,1,1,0,1,0.0,0,0,LEVE,0,18
10,1,0.0597408302218317,0,4,2,-7.158879,-78.210876,0,2,0,1,1,-1,-1,2,6543.555,2.0,-1,-1,1.0,0.4495936745003294,0.4495936745003294,1198.0,0.2723221878437338,73.9254469105048,10335.051391862957,15935.565011852366,1733.9250000199986,935.692,13265.948011832368,2000.1670000199988,13935.398011832369,12.551591352627522,1,0,0,20.0,20.0,20.0,1.0,1.0,1.0,1.0,1,0,0.0,0.0,0.0,1.0,1.0,0.0,0.0,1.0,1.0,1.0,1,1,1,1,0,0,0,1,0,2023,5,2,1,0,0,2,2,0,1,0.0,1,1,LEVE,0,1
6,1,0.0933450472216121,0,4,2,-8.491730815418856,-78.61675642497075,0,4,7,0,2,-1,-1,0,6543.555,2.0,-1,-1,1.0,0.4495936745003294,0.4495936745003294,1198.0,0.4971504606547645,77.79759708660042,44368.59100642397,8931.828000000005,1335.5899999999997,1935.9830000000004,5660.255000000005,1219.309,7712.519000000005,13.651281686122925,1,0,0,33.0,33.0,33.0,1.0,1.0,0.0,0.0,1,0,0.0,0.0,0.0,1.0,1.0,0.0,0.0,1.0,0.0,1.0,1,1,1,1,0,0,0,4,0,2023,5,2,1,0,0,0,2,0,1,0.0,0,0,LEVE,0,1
3,2,0.0933450472216121,0,4,1,-8.588582,-78.668333,0,4,7,0,2,-1,-1,2,6543.555,3.0,5,2,1.0,0.1133318690972984,0.1133318690972984,1475.0,0.4971504606547645,77.79759708660042,44368.59100642397,8931.828000000005,1335.5899999999997,1935.9830000000004,5660.255000000005,1219.309,7712.519000000005,13.651281686122925,2,0,0,62.5,62.0,63.0,1.0,0.0,0.0,0.0,2,0,0.0,1.0,0.0,1.0,0.0,1.0,1.0,0.0,0.0,0.0,0,0,0,0,0,0,0,12,2,2023,5,2,1,0,0,0,2,1,1,0.0,0,0,LEVE,0,1
6,1,0.0933450472216121,0,4,1,-7.279487574361421,-79.30900776967442,0,4,7,0,1,-1,-1,2,887.28,2.0,5,2,1.0,0.0133977597188666,0.0065890621568196,155.0,0.5885704819472196,78.81449187577415,48424.389721627405,8931.828000000005,1335.5899999999997,1935.9830000000004,5660.255000000005,1219.309,7712.519000000005,13.651281686122925,1,0,0,64.0,64.0,64.0,1.0,1.0,0.0,0.0,1,0,0.0,0.0,0.0,1.0,0.0,1.0,0.0,0.0,0.0,0.0,0,0,0,0,0,0,0,13,2,2023,5,2,1,0,0,0,2,0,1,0.0,0,1,GRAVE_MORTALIDAD,2,1
3,1,0.0072479683725016,0,4,0,-3.90298775,-73.35507524,6,5,6,-1,6,-1,-1,0,6543.555,2.0,-1,-1,1.0,0.4495936745003294,0.4495936745003294,1198.0,0.578134350962316,72.90307998335238,149460.57173447538,1095.5949999999998,128.87099999999998,320.74700000000007,645.9769999999999,274.214,821.381,25.02877431897737,2,0,0,47.0,42.0,52.0,1.0,1.0,0.0,0.0,2,0,0.0,1.0,0.0,1.0,1.0,0.0,1.0,1.0,1.0,1.0,1,1,1,1,0,0,0,18,3,2023,5,2,1,0,0,1,2,0,1,0.0,0,0,GRAVE_MORTALIDAD,2,23
0,1,0.0933450472216121,0,4,0,-7.761406,-77.603918,0,4,7,0,1,-1,-1,0,6543.555,2.0,-1,-1,1.0,0.4495936745003294,0.4495936745003294,1198.0,0.4686292122960986,72.39347765706144,9440.374732334049,8931.828000000005,1335.5899999999997,1935.9830000000004,5660.255000000005,1219.309,7712.519000000005,13.651281686122925,1,0,1,23.0,23.0,23.0,1.0,0.0,0.0,0.0,1,0,0.0,0.0,0.0,1.0,0.0,0.0,1.0,1.0,1.0,0.0,1,1,1,1,0,0,0,18,3,2023,5,2,1,0,0,0,2,0,1,0.0,0,1,LEVE,0,1
5,1,0.0420601801010322,2,4,1,-12.147979,-75.159387,0,4,7,0,2,0,1,2,200.335,2.0,-1,1,0.0,0.340764331210191,0.1266198111135515,113.0,0.475997456383089,72.23525560619764,16343.67880085653,12264.545,1826.4639999999995,1105.5389999999998,9332.542,1588.5359999999996,10676.009,12.952261987705208,2,0,0,27.5,25.0,30.0,1.0,0.0,0.0,1.0,2,0,0.0,0.0,0.0,1.0,1.0,1.0,0.0,0.0,1.0,0.0,0,0,0,0,0,0,0,22,3,2023,5,2,1,0,0,2,1,0,1,0.0,0,0,LEVE,0,4
6,1,0.0821436415550186,0,4,0,-15.65839046227664,-70.2865683507968,0,4,0,0,2,-1,-1,2,6543.555,2.0,-1,-1,1.0,0.4495936745003294,0.4495936745003294,1198.0,0.3295055776475686,72.2087445727939,4240.3019271948615,13642.312999999998,2020.7790000000005,2354.117,9267.416999999998,3314.0520000000006,10328.260999999997,24.29244952817019,1,0,0,39.0,39.0,39.0,1.0,0.0,1.0,1.0,1,0,0.0,0.0,0.0,1.0,1.0,0.0,0.0,0.0,0.0,0.0,1,1,1,1,0,0,0,23,3,2023,5,2,1,0,0,2,2,0,1,0.0,0,0,LEVE,0,4
6,1,0.0821436415550186,0,4,1,-13.8697922,-70.5121516,0,4,0,1,2,-1,-1,2,1761.8050000000003,2.0,5,2,1.0,0.005820338238524,0.005820338238524,410.0,0.3249096507143286,68.3031236414702,6349.807280513919,13642.312999999998,2020.7790000000005,2354.117,9267.416999999998,3314.0520000000006,10328.260999999997,24.29244952817019,1,0,0,31.0,31.0,31.0,1.0,1.0,0.0,0.0,1,0,0.0,0.0,0.0,1.0,1.0,0.0,0.0,1.0,1.0,1.0,0,0,0,0,0,0,0,3,0,2023,5,3,2,0,0,2,2,0,1,0.0,1,0,LEVE,0,4
0,1,0.2105205359103887,2,6,4,-11.96311927,-76.98319507,0,3,1,0,2,-1,-1,2,6543.555,2.0,-1,-1,1.0,0.4495936745003294,0.4495936745003294,1198.0,0.701053025277506,79.62867561460851,1150285.0494171206,7626.313,1683.4029999999998,1599.0829999999996,4343.827000000001,1814.875,5811.438000000001,23.7975414856432,1,0,1,25.0,25.0,25.0,1.0,0.0,0.0,0.0,1,0,0.0,0.0,0.0,1.0,0.0,1.0,0.0,0.0,0.0,0.0,1,1,1,1,0,0,0,10,1,2023,5,3,2,0,0,0,2,0,1,0.0,0,0,LEVE,0,0
0,1,0.0420601801010322,2,4,0,-11.7133259935062,-75.4743156211476,0,4,7,0,4,0,1,4,6543.555,2.0,-1,-1,1.0,0.4495936745003294,0.4495936745003294,1198.0,0.4677652469344682,68.5542709427832,896.7473233404714,12264.545,1826.4639999999995,1105.5389999999998,9332.542,1588.5359999999996,10676.009,12.952261987705208,1,0,1,67.0,67.0,67.0,1.0,0.0,0.0,0.0,1,0,0.0,0.0,0.0,1.0,0.0,1.0,0.0,1.0,0.0,1.0,1,1,1,1,0,0,0,18,3,2023,5,3,2,0,0,2,1,0,1,0.0,0,0,LEVE,0,4
6,1,0.0139468482319349,0,4,1,-3.507851516222535,-80.2973716666135,0,4,9,0,2,-1,-1,2,34.68,2.0,5,2,0.0,0.340764331210191,0.1266198111135515,10.0,0.5517527352166962,72.19810860253655,23389.404710920768,1009.101,138.47399999999996,287.471,583.156,276.972,732.129,27.447401201663663,1,0,0,48.0,48.0,48.0,1.0,0.0,0.0,1.0,1,0,0.0,0.0,1.0,0.0,1.0,0.0,0.0,0.0,0.0,0.0,0,0,0,0,0,0,0,20,3,2023,5,3,2,0,0,0,2,0,1,0.0,0,0,LEVE,0,13
3,2,0.0318471337579617,0,4,1,-10.197042,-77.5546551,0,4,5,1,2,1,1,0,616.825,2.0,5,1,0.0,0.340764331210191,0.0013178124313639,145.0,0.4282275528250956,68.749925622021,1557.4025695931475,10767.648,1885.0630000000003,1222.721,7659.864000000001,2100.343,8667.305000000002,19.506051832303577,2,0,0,29.0,23.0,35.0,1.0,1.0,0.0,0.0,2,0,0.0,0.0,1.0,1.0,1.0,0.0,1.0,0.0,1.0,0.0,0,0,0,0,0,0,0,22,3,2023,5,3,2,0,0,0,2,0,1,0.0,1,0,LEVE,0,20
3,1,0.0475510652317153,2,4,1,-15.100606,-75.0012526,0,4,7,0,2,-1,-1,0,6639.975,2.0,5,2,1.0,0.340764331210191,0.074236766966835,1616.0,0.5563774842369664,77.00938809632027,27932.19700214133,3721.461,698.1859999999996,744.866,2278.409,1102.9029999999996,2618.558,29.636290693359403,2,0,0,52.5,38.0,67.0,1.0,0.0,0.0,0.0,2,0,0.0,0.0,0.0,1.0,0.0,1.0,0.0,0.0,0.0,0.0,0,0,0,0,0,0,0,5,0,2023,5,4,3,0,0,0,2,0,1,0.0,0,0,LEVE,0,8
3,2,0.0902701515484296,0,4,2,-14.351086,-71.184349,0,4,0,0,1,-1,-1,2,6543.555,2.0,-1,-1,1.0,0.4495936745003294,0.4495936745003294,1198.0,0.3688068892893833,76.47283450634272,9957.021413276232,17779.13499998999,2097.37099999,2863.123,12818.640999999989,2878.713,14900.421999989989,16.19152450331032,2,0,0,30.0,16.0,44.0,1.0,1.0,0.0,0.0,2,0,0.0,0.0,0.0,1.0,1.0,0.0,0.0,1.0,0.0,1.0,1,1,1,1,0,0,0,12,2,2023,5,4,3,0,0,2,2,0,1,0.0,0,1,LEVE,0,4
3,2,0.0475510652317153,2,4,1,-14.28342,-75.68165,0,4,7,0,2,-1,-1,2,6639.975,2.0,5,2,1.0,0.340764331210191,0.074236766966835,1616.0,0.6261042306271147,80.48505954362174,31419.372591006424,3721.461,698.1859999999996,744.866,2278.409,1102.9029999999996,2618.558,29.636290693359403,2,0,0,46.0,38.0,54.0,1.0,1.0,0.0,1.0,2,0,0.0,1.0,0.0,1.0,0.0,1.0,1.0,0.0,0.0,0.0,0,0,0,0,0,0,0,17,2,2023,5,4,3,0,0,0,2,0,1,0.0,0,0,LEVE,0,7
3,2,0.0766527564243356,0,4,0,-16.521842,-71.422756,0,4,0,1,2,0,1,0,6543.555,2.0,-1,-1,1.0,0.4495936745003294,0.4495936745003294,1198.0,0.442696940656237,76.59806396694026,426.710920770878,10322.272,1495.236,1749.739,7077.2970000000005,2886.595,7435.677000000001,27.964725207783708,2,0,0,44.5,37.0,52.0,1.0,0.0,1.0,1.0,2,0,0.0,1.0,0.0,1.0,0.0,1.0,1.0,0.0,1.0,0.0,1,1,1,1,0,0,0,20,3,2023,5,4,3,0,0,0,1,0,1,0.0,1,0,LEVE,0,4
6,1,0.0213046343070502,0,4,2,-13.2708478494833,-74.3480863985412,0,4,0,1,1,-1,-1,2,6543.555,2.0,-1,-1,1.0,0.4495936745003294,0.4495936745003294,1198.0,0.1859776092837948,69.85250115366037,15617.884368308352,12678.733000000004,1805.074000000001,1774.0339999999994,9099.625000000004,2485.375000000001,10193.358000000002,19.602707936195205,1,0,0,20.0,20.0,20.0,1.0,1.0,1.0,1.0,1,0,0.0,0.0,0.0,1.0,1.0,0.0,0.0,1.0,1.0,1.0,1,1,1,1,0,0,0,5,0,2023,5,5,4,0,0,2,2,0,1,0.0,1,1,GRAVE_MORTALIDAD,2,4
0,1,0.0902701515484296,2,2,4,-13.545461,-71.892738,0,3,7,0,2,0,1,4,6543.555,2.0,-1,-1,1.0,0.4495936745003294,0.4495936745003294,1198.0,0.6549025615332805,78.59637500870319,59698.74304068524,17779.13499998999,2097.37099999,2863.123,12818.640999999989,2878.713,14900.421999989989,16.19152450331032,1,0,1,35.0,35.0,35.0,1.0,0.0,0.0,1.0,1,0,0.0,0.0,1.0,0.0,0.0,0.0,1.0,0.0,0.0,0.0,1,1,1,1,0,0,0,7,1,2023,5,5,4,0,0,2,1,0,1,0.0,0,0,LEVE,0,4
6,1,0.0902701515484296,0,4,1,-14.460058,-71.066607,0,4,7,0,2,-1,-1,2,7586.903,2.0,5,2,1.0,0.340764331210191,0.067428069404788,1198.0,0.2203506125864708,63.2185051736148,5406.680942184154,17779.13499998999,2097.37099999,2863.123,12818.640999999989,2878.713,14900.421999989989,16.19152450331032,1,0,0,21.0,21.0,21.0,1.0,0.0,0.0,1.0,1,0,0.0,0.0,0.0,1.0,0.0,1.0,0.0,0.0,0.0,0.0,0,0,0,0,0,0,0,10,1,2023,5,5,4,0,0,2,2,0,1,0.0,0,0,LEVE,0,4
6,1,0.0821436415550186,0,4,1,-16.276122,-70.194402,0,4,7,0,2,-1,-1,2,779.525,2.0,5,2,1.0,0.0252580716011421,0.0021963540522732,163.0,0.3279226888241855,68.17036545870775,5184.3083511777295,13642.312999999998,2020.7790000000005,2354.117,9267.416999999998,3314.0520000000006,10328.260999999997,24.29244952817019,1,0,0,31.0,31.0,31.0,1.0,0.0,0.0,0.0,1,0,0.0,0.0,0.0,1.0,0.0,0.0,1.0,0.0,0.0,0.0,0,0,0,0,0,0,0,16,2,2023,5,5,4,0,0,2,2,0,1,0.0,0,0,LEVE,0,4
3,1,0.0821436415550186,0,4,1,-14.2357036,-70.2449078,0,4,7,0,2,-1,-1,2,1761.8050000000003,2.0,5,2,1.0,0.005820338238524,0.005820338238524,410.0,0.3994115028164486,70.17553371856287,2240.325481798715,13642.312999999998,2020.7790000000005,2354.117,9267.416999999998,3314.0520000000006,10328.260999999997,24.29244952817019,3,1,0,35.5,30.0,41.0,1.0,1.0,0.0,1.0,3,1,1.0,0.0,0.0,1.0,1.0,0.0,1.0,0.0,1.0,1.0,0,0,0,0,0,0,0,16,2,2023,5,5,4,0,0,2,2,0,1,0.3333333333333333,0,0,LEVE,0,4
0,1,0.0420601801010322,2,4,1,-12.100522,-75.216756,0,4,0,1,2,0,1,4,7586.903,2.0,5,2,1.0,0.340764331210191,0.067428069404788,1198.0,0.5505646674026337,73.4133487878793,91775.8886509636,12264.545,1826.4639999999995,1105.5389999999998,9332.542,1588.5359999999996,10676.009,12.952261987705208,1,0,1,66.0,66.0,66.0,1.0,0.0,0.0,1.0,1,0,0.0,0.0,0.0,1.0,0.0,1.0,0.0,0.0,0.0,0.0,0,0,0,0,0,0,0,18,3,2023,5,5,4,0,0,2,1,0,1,0.0,1,0,LEVE,0,4
1,1,0.0045025258071601,0,4,1,-8.409032,-74.647506,0,4,7,0,2,1,0,0,1169.3919999999998,2.0,3,-1,0.0,0.340764331210191,0.1266198111135515,75.0,0.5478371208327225,74.17370407104559,113671.11777301929,2689.139,392.697,1311.5319999999997,984.91,261.598,2427.541,9.727946379863592,1,1,1,37.0,33.0,40.0,0.0,0.0,0.0,0.0,1,1,1.0,0.0,0.0,0.0,0.0,0.0,0.0,0.0,0.0,1.0,0,0,0,0,1,1,1,6,1,2023,5,6,5,1,0,1,1,0,1,1.0,0,0,LEVE,0,18
3,2,0.0902701515484296,0,4,0,-13.326244,-71.584321,0,4,0,1,1,-1,-1,2,6543.555,2.0,-1,-1,1.0,0.4495936745003294,0.4495936745003294,1198.0,0.2466226927938573,59.50771953912937,12676.173447537472,17779.13499998999,2097.37099999,2863.123,12818.640999999989,2878.713,14900.421999989989,16.19152450331032,2,0,0,33.0,21.0,45.0,1.0,1.0,0.0,0.0,2,0,0.0,0.0,0.0,1.0,1.0,0.0,0.0,1.0,0.0,1.0,1,1,1,1,0,0,0,8,1,2023,5,6,5,1,0,2,2,0,1,0.0,1,1,GRAVE_LESIONADOS,1,4