CLASE SINIESTRO,CANTIDAD DE VEHICULOS DAÑADOS,DEPARTAMENTO,ZONA,TIPO DE VÍA,RED VIAL,COORDENADAS LATITUD,COORDENADAS  LONGITUD,CONDICIÓN CLIMÁTICA,ZONIFICACIÓN,CARACTERÍSTICAS DE VÍA,PERFIL LONGITUDINAL VÍA,SUPERFICIE DE CALZADA,¿EXISTE SEÑAL VERTICAL?,¿EXISTE SEÑAL HORIZONTAL?,CAUSA FACTOR PRINCIPAL,MTC_RVN_LONGITUD_KM,MTC_RVN_N_CARRILES_MEDIANA,MTC_RVN_SUPERFICIE_DOMINANTE,MTC_RVN_ESTADO_DOMINANTE,MTC_RVN_ES_CONCESIONADA,MTC_RVN_CONCESION_PRINCIPAL,MTC_RVN_CORREDOR_LOGISTICO,MTC_RVN_N_TRAMOS,IDH_2019,IDH_ESP_VIDA_2019,IDH_POBLACION_2019,MTC_DEP_RED_TOTAL_KM,MTC_DEP_NACIONAL_TOTAL_KM,MTC_DEP_DEPARTAMENTAL_TOTAL_KM,MTC_DEP_VECINAL_TOTAL_KM,MTC_DEP_PAV_TOTAL_KM,MTC_DEP_NO_PAV_TOTAL_KM,MTC_DEP_PCT_PAVIMENTADA,PER_N_CONDUCTORES,PER_N_CONDUCTORES_FUGADOS,PER_N_PEATONES,PER_EDAD_COND_PROM,PER_EDAD_COND_MIN,PER_EDAD_COND_MAX,PER_ANY_COND_MASCULINO,PER_ANY_LIC_PROBLEMA,PER_ANY_DOSAJE_POS,PER_ANY_DOSAJE_EVALUADO,VEH_TOTAL,VEH_N_FUGADOS,VEH_ANY_FUGADO,VEH_ANY_CARGA,VEH_ANY_PUBLICO,VEH_ANY_PARTICULAR,VEH_ANY_MOTO,VEH_ANY_AUTO,VEH_ANY_CAMION_BUS,VEH_ANY_SOAT_PROBLEMA,VEH_ANY_CITV_PROBLEMA,VEH_ANY_SEGURO_PROBLEMA,MTC_RVN_LONGITUD_KM_ERA_NULO,MTC_RVN_N_CARRILES_MEDIANA_ERA_NULO,MTC_RVN_ES_CONCESIONADA_ERA_NULO,MTC_RVN_N_TRAMOS_ERA_NULO,PER_EDAD_COND_PROM_ERA_NULO,PER_EDAD_COND_MIN_ERA_NULO,PER_EDAD_COND_MAX_ERA_NULO,HORA_NUM,FRANJA_HORARIA,ANIO,MES,DIA_MES,DIA_SEMANA,ES_FIN_SEMANA,ES_QUINCENA,REGION_NATURAL,NIVEL_SEÑALIZACION_ORD,ES_VIA_MULTICARRIL,ES_DEPTO_BAJO_PAVIMENTO,RATIO_CONDUCTORES_FUGADOS,ES_CURVA_Y_PENDIENTE,ES_VIA_NO_PAVIMENTADA,CATEGORIA_SEVERIDAD,CATEGORIA_SEVERIDAD_ENC,CLUSTER
6,1,0.0193279156600043,0,4,0,-13.047236,-74.487901,7,4,0,1,7,-1,-1,0,6543.555,2.0,-1,-1,1.0,0.4495936745003294,0.4495936745003294,1198.0,0.2922647045334091,72.81327396061133,3862.5032119914345,8511.426,1445.3929999999996,2008.516,5057.516999999999,1879.579,6631.846999999998,22.08300935706896,1,0,0,28.0,28.0,28.0,1.0,1.0,0.0,0.0,1,0,0.0,0.0,0.0,1.0,1.0,0.0,0.0,1.0,1.0,1.0,1,1,1,1,0,0,0,8,1,2023,5,6,5,1,0,2,2,0,1,0.0,1,1,LEVE,0,4
0,1,0.2105205359103887,2,2,4,-11.96782396,-77.00390032,0,0,7,0,2,-1,-1,0,6543.555,2.0,-1,-1,1.0,0.4495936745003294,0.4495936745003294,1198.0,0.701053025277506,79.62867561460851,1150285.0494171206,7626.313,1683.4029999999998,1599.0829999999996,4343.827000000001,1814.875,5811.438000000001,23.7975414856432,1,0,1,31.0,31.0,31.0,1.0,0.0,0.0,0.0,1,0,0.0,0.0,0.0,0.0,0.0,0.0,0.0,0.0,0.0,1.0,1,1,1,1,0,0,0,9,1,2023,5,6,5,1,0,0,2,0,1,0.0,0,0,LEVE,0,0
6,1,0.0933450472216121,0,4,1,-7.441539095635639,-77.69836557860195,0,4,7,0,7,-1,-1,0,1483.374,1.0,3,-1,0.0,0.340764331210191,0.1266198111135515,253.0,0.214536657372195,82.41615841065922,3492.2569593147746,8931.828000000005,1335.5899999999997,1935.9830000000004,5660.255000000005,1219.309,7712.519000000005,13.651281686122925,1,0,0,37.0,37.0,37.0,1.0,0.0,0.0,0.0,1,0,0.0,0.0,0.0,1.0,0.0,0.0,1.0,0.0,1.0,0.0,0,0,0,0,0,0,0,14,2,2023,5,6,5,1,0,0,2,0,1,0.0,0,1,GRAVE_LESIONADOS,1,1
3,1,0.2105205359103887,0,4,1,-12.143686,-76.981723,0,2,7,0,2,-1,-1,2,6639.975,2.0,5,2,1.0,0.340764331210191,0.074236766966835,1616.0,0.8017574897902351,80.48487267736287,359776.608137045,7626.313,1683.4029999999998,1599.0829999999996,4343.827000000001,1814.875,5811.438000000001,23.7975414856432,2,0,0,31.0,22.0,40.0,1.0,0.0,0.0,0.0,2,0,0.0,0.0,0.0,1.0,1.0,1.0,0.0,0.0,1.0,1.0,0,0,0,0,0,0,0,15,2,2023,5,6,5,1,0,0,2,0,1,0.0,0,0,LEVE,0,0
3,1,0.2105205359103887,2,4,1,-12.143750308314194,-76.98170268928794,0,3,7,0,2,-1,-1,2,6639.975,2.0,5,2,1.0,0.340764331210191,0.074236766966835,1616.0,0.8017574897902351,80.48487267736287,359776.608137045,7626.313,1683.4029999999998,1599.0829999999996,4343.827000000001,1814.875,5811.438000000001,23.7975414856432,2,0,0,35.0,30.0,40.0,1.0,1.0,0.0,0.0,2,0,0.0,0.0,0.0,1.0,1.0,1.0,0.0,0.0,1.0,1.0,0,0,0,0,0,0,0,15,2,2023,5,6,5,1,0,0,2,0,1,0.0,0,0,LEVE,0,0
3,2,0.0597408302218317,0,4,2,-6.339401,-79.027925,0,2,0,0,1,-1,-1,2,6543.555,2.0,-1,-1,1.0,0.4495936745003294,0.4495936745003294,1198.0,0.3760938309755452,69.43940702576674,7739.147751605997,15935.565011852366,1733.9250000199986,935.692,13265.948011832368,2000.1670000199988,13935.398011832369,12.551591352627522,2,0,0,39.5,39.0,40.0,1.0,1.0,0.0,1.0,2,0,0.0,1.0,0.0,1.0,1.0,0.0,1.0,0.0,1.0,1.0,1,1,1,1,0,0,0,16,2,2023,5,6,5,1,0,2,2,0,1,0.0,0,1,LEVE,0,1
0,1,0.2105205359103887,2,2,4,-12.002167065249218,-77.05499941826353,0,0,7,1,2,-1,-1,0,6543.555,2.0,-1,-1,1.0,0.4495936745003294,0.4495936745003294,1198.0,0.6853375063928137,80.04346891299102,217176.83083511773,7626.313,1683.4029999999998,1599.0829999999996,4343.827000000001,1814.875,5811.438000000001,23.7975414856432,1,0,1,24.0,24.0,24.0,1.0,0.0,0.0,0.0,1,0,0.0,0.0,0.0,1.0,1.0,0.0,0.0,0.0,1.0,0.0,1,1,1,1,0,0,0,22,3,2023,5,6,5,1,0,0,2,0,1,0.0,0,0,LEVE,0,0
0,1,0.0318471337579617,0,4,1,-9.161346,-78.495372,0,4,7,0,2,1,1,0,6543.555,3.0,5,2,1.0,0.1133318690972984,0.1133318690972984,1475.0,0.6459598096056908,78.63908715089502,175440.59743040687,10767.648,1885.0630000000003,1222.721,7659.864000000001,2100.343,8667.305000000002,19.506051832303577,1,0,1,58.0,58.0,58.0,1.0,0.0,0.0,1.0,1,0,0.0,0.0,0.0,1.0,0.0,0.0,1.0,0.0,0.0,0.0,0,0,0,0,0,0,0,22,3,2023,5,6,5,1,0,0,2,1,1,0.0,0,0,LEVE,0,1
3,1,0.2105205359103887,2,2,4,-11.98023189,-77.07220528,0,0,1,0,2,-1,-1,0,6543.555,2.0,-1,-1,1.0,0.4495936745003294,0.4495936745003294,1198.0,0.758462599563312,80.5192231989937,363987.54389721627,7626.313,1683.4029999999998,1599.0829999999996,4343.827000000001,1814.875,5811.438000000001,23.7975414856432,2,0,0,30.0,23.0,37.0,1.0,1.0,0.0,0.0,2,0,0.0,0.0,0.0,1.0,1.0,1.0,0.0,0.0,1.0,0.0,1,1,1,1,0,0,0,0,0,2023,5,7,6,1,0,0,2,0,1,0.0,0,0,LEVE,0,0
6,1,0.0475510652317153,0,4,3,-13.9761447,-75.4256334,0,4,0,1,7,-1,-1,5,6543.555,2.0,-1,-1,1.0,0.4495936745003294,0.4495936745003294,1198.0,0.3836459514057415,75.35247580780259,929.6745182012849,3721.461,698.1859999999996,744.866,2278.409,1102.9029999999996,2618.558,29.636290693359403,1,0,0,58.0,58.0,58.0,1.0,1.0,0.0,0.0,1,0,0.0,0.0,0.0,0.0,0.0,1.0,0.0,1.0,1.0,1.0,1,1,1,1,0,0,0,10,1,2023,5,7,6,1,0,0,2,0,1,0.0,1,1,GRAVE_MORTALIDAD,2,-1
6,1,0.006479244454206,2,4,1,-10.640763153088637,-75.38786621522597,6,5,6,-1,6,-1,-1,0,1235.3850000000002,2.0,-1,1,0.0,0.340764331210191,0.1266198111135515,457.0,0.5341944882701687,69.42667706266779,15116.044967880083,3677.119863,564.5869999999999,910.845,2201.687863000001,590.8779999999998,3086.2418630000006,16.06904376290656,1,0,0,51.0,51.0,51.0,1.0,0.0,0.0,0.0,1,0,0.0,0.0,0.0,0.0,0.0,1.0,0.0,0.0,0.0,0.0,0,0,0,0,0,0,0,14,2,2023,5,7,6,1,0,2,2,0,1,0.0,0,0,LEVE,0,43
6,1,0.0182297386338677,0,4,1,-13.78832022,-72.94705484,6,5,6,-1,6,-1,-1,0,2238.6850000000004,2.0,5,2,1.0,0.0036239841862508,0.0036239841862508,115.0,0.2872908283147615,72.68472104774577,1918.526766595289,8358.971,1282.451,1298.0969999999998,5778.423,1432.683,6926.288,17.139466089785454,1,0,0,32.0,32.0,32.0,1.0,0.0,0.0,0.0,1,0,0.0,0.0,0.0,0.0,0.0,1.0,0.0,0.0,0.0,0.0,0,0,0,0,0,0,0,1,0,2023,5,8,0,0,0,2,2,0,1,0.0,0,0,GRAVE_MORTALIDAD,2,4
3,3,0.0933450472216121,0,4,1,-8.073092,-78.867206,0,4,7,0,2,-1,-1,2,610.6099999999999,2.0,5,2,1.0,0.0133977597188666,0.0065890621568196,100.0,0.5929579484728337,80.24150924632623,34739.39614561028,8931.828000000005,1335.5899999999997,1935.9830000000004,5660.255000000005,1219.309,7712.519000000005,13.651281686122925,3,0,0,36.333333333333336,35.0,38.0,1.0,1.0,0.0,0.0,3,0,0.0,1.0,1.0,0.0,1.0,0.0,1.0,0.0,0.0,0.0,0,0,0,0,0,0,0,4,0,2023,5,8,0,0,0,0,2,0,1,0.0,0,0,LEVE,0,1
3,1,0.2105205359103887,2,4,1,-12.094176,-76.980606,0,0,7,0,2,-1,-1,0,6639.975,2.0,5,2,1.0,0.340764331210191,0.074236766966835,1616.0,0.8236163632543221,80.64134543571234,106584.52890792293,7626.313,1683.4029999999998,1599.0829999999996,4343.827000000001,1814.875,5811.438000000001,23.7975414856432,2,0,0,54.0,42.0,66.0,1.0,0.0,0.0,0.0,2,0,0.0,1.0,1.0,0.0,0.0,0.0,1.0,0.0,0.0,0.0,0,0,0,0,0,0,0,5,0,2023,5,8,0,0,0,0,2,0,1,0.0,0,0,GRAVE_LESIONADOS,1,0
6,1,0.0933450472216121,0,4,2,-8.010683371367584,-78.31100065209786,0,4,0,1,7,-1,-1,2,6543.555,2.0,-1,-1,1.0,0.4495936745003294,0.4495936745003294,1198.0,0.4320883936567258,76.718936301794,13167.552462526766,8931.828000000005,1335.5899999999997,1935.9830000000004,5660.255000000005,1219.309,7712.519000000005,13.651281686122925,1,0,0,31.0,31.0,31.0,1.0,0.0,0.0,0.0,1,0,0.0,0.0,1.0,0.0,0.0,0.0,1.0,0.0,0.0,0.0,1,1,1,1,0,0,0,7,1,2023,5,8,0,0,0,0,2,0,1,0.0,1,1,GRAVE_MORTALIDAD,2,1
3,3,0.0902701515484296,0,4,1,-13.710043,-71.597223,2,4,7,0,2,1,1,2,7586.903,2.0,5,2,1.0,0.340764331210191,0.067428069404788,1198.0,0.4629184740681672,65.5665792285447,7985.920770877943,17779.13499998999,2097.37099999,2863.123,12818.640999999989,2878.713,14900.421999989989,16.19152450331032,3,0,0,34.0,25.0,41.0,1.0,1.0,0.0,0.0,3,0,0.0,1.0,1.0,1.0,1.0,0.0,1.0,1.0,0.0,1.0,0,0,0,0,0,0,0,16,2,2023,5,8,0,0,0,2,2,0,1,0.0,0,0,GRAVE_MORTALIDAD,2,4
6,1,0.0821436415550186,0,4,1,-15.6507989,-70.7334132,0,4,0,0,2,-1,-1,6,1504.4250000000002,2.0,5,2,1.0,0.0252580716011421,0.0230617175488688,241.0,0.4698599762559323,78.4228993312338,6938.8501070663815,13642.312999999998,2020.7790000000005,2354.117,9267.416999999998,3314.0520000000006,10328.260999999997,24.29244952817019,1,0,0,47.0,47.0,47.0,1.0,0.0,0.0,0.0,1,0,0.0,0.0,0.0,1.0,0.0,0.0,1.0,1.0,1.0,1.0,0,0,0,0,0,0,0,19,3,2023,5,8,0,0,0,2,2,0,1,0.0,0,0,LEVE,0,4
0,1,0.0933450472216121,0,4,1,-7.3661421,-79.5300156,0,4,7,0,2,-1,-1,0,6543.555,3.0,5,2,1.0,0.1133318690972984,0.1133318690972984,1475.0,0.5536071806269429,80.66289122606678,4003.188436830834,8931.828000000005,1335.5899999999997,1935.9830000000004,5660.255000000005,1219.309,7712.519000000005,13.651281686122925,1,0,1,34.0,34.0,34.0,1.0,0.0,0.0,0.0,1,0,0.0,0.0,0.0,1.0,1.0,0.0,0.0,1.0,0.0,1.0,0,0,0,0,0,0,0,5,0,2023,5,9,1,0,0,0,2,1,1,0.0,0,0,GRAVE_MORTALIDAD,2,1
6,1,0.0059301559411377,0,4,2,-6.05205,-77.9178956,0,4,0,1,2,-1,-1,0,6543.555,2.0,-1,-1,1.0,0.4495936745003294,0.4495936745003294,1198.0,0.4006351129437397,67.0781137887025,980.0535331905782,3903.732,1155.121,585.018,2163.5930000000003,943.591,2960.1410000000005,24.17151074920102,1,0,0,31.0,31.0,31.0,1.0,0.0,0.0,1.0,1,0,0.0,1.0,0.0,0.0,0.0,0.0,1.0,0.0,1.0,0.0,1,1,1,1,0,0,0,11,1,2023,5,9,1,0,0,1,2,0,1,0.0,1,0,LEVE,0,33
3,1,0.0420601801010322,0,4,1,-10.91089928075512,-76.06661079155415,5,4,7,0,2,1,1,2,9936.932,2.0,5,2,1.0,0.340764331210191,0.1266198111135515,3830.0,0.4515021227868664,71.4196998727447,6161.010706638115,12264.545,1826.4639999999995,1105.5389999999998,9332.542,1588.5359999999996,10676.009,12.952261987705208,2,0,0,73.0,68.0,78.0,1.0,0.0,0.0,1.0,2,0,0.0,0.0,0.0,1.0,0.0,1.0,0.0,0.0,1.0,0.0,0,0,0,0,0,0,0,15,2,2023,5,9,1,0,0,2,2,0,1,0.0,0,0,GRAVE_MORTALIDAD,2,4
7,1,0.0902701515484296,0,4,0,-13.3700266,-72.2351484,0,4,0,0,7,-1,-1,5,6543.555,2.0,-1,-1,1.0,0.4495936745003294,0.4495936745003294,1198.0,0.3348371658521636,78.42846227006076,4926.6017130620985,17779.13499998999,2097.37099999,2863.123,12818.640999999989,2878.713,14900.421999989989,16.19152450331032,1,0,0,31.0,31.0,31.0,1.0,1.0,0.0,0.0,1,0,0.0,0.0,0.0,1.0,1.0,0.0,0.0,1.0,0.0,1.0,1,1,1,1,0,0,0,11,1,2023,5,10,2,0,0,2,2,0,1,0.0,0,1,LEVE,0,4
1,1,0.2105205359103887,0,4,1,-12.24054167,-76.9477022,0,2,7,0,2,-1,-1,0,6639.975,2.0,5,2,1.0,0.340764331210191,0.074236766966835,1616.0,0.6990481232857558,80.14597904142546,459161.0728051392,7626.313,1683.4029999999998,1599.0829999999996,4343.827000000001,1814.875,5811.438000000001,23.7975414856432,1,1,1,37.0,33.0,40.0,0.0,0.0,0.0,0.0,1,1,1.0,0.0,0.0,0.0,0.0,0.0,0.0,0.0,0.0,1.0,0,0,0,0,1,1,1,13,2,2023,5,10,2,0,0,0,2,0,1,1.0,0,0,LEVE,0,0
6,1,0.0182297386338677,0,4,0,-13.589089,-73.46085,7,4,7,1,3,-1,-1,2,6543.555,2.0,-1,-1,1.0,0.4495936745003294,0.4495936745003294,1198.0,0.4793125427546004,75.37161635090715,17232.488222698074,8358.971,1282.451,1298.0969999999998,5778.423,1432.683,6926.288,17.139466089785454,1,0,0,47.0,47.0,47.0,1.0,0.0,0.0,0.0,1,0,0.0,0.0,0.0,1.0,0.0,1.0,0.0,0.0,0.0,0.0,1,1,1,1,0,0,0,14,2,2023,5,10,2,0,0,2,2,0,1,0.0,0,1,GRAVE_MORTALIDAD,2,4
0,1,0.0933450472216121,0,4,1,-8.688299568046988,-78.63463067085851,0,4,7,0,2,-1,-1,0,6543.555,3.0,5,2,1.0,0.1133318690972984,0.1133318690972984,1475.0,0.4971504606547645,77.79759708660042,44368.59100642397,8931.828000000005,1335.5899999999997,1935.9830000000004,5660.255000000005,1219.309,7712.519000000005,13.651281686122925,1,0,1,51.0,51.0,51.0,1.0,0.0,0.0,0.0,1,0,0.0,0.0,1.0,0.0,0.0,0.0,1.0,0.0,0.0,0.0,0,0,0,0,0,0,0,20,3,2023,5,10,2,0,0,0,2,1,1,0.0,0,0,LEVE,0,1
6,1,0.0318471337579617,0,4,1,-9.283060554239968,-77.64921018219094,0,4,0,1,7,-1,-1,0,9936.932,2.0,5,2,1.0,0.340764331210191,0.1266198111135515,3830.0,0.4417978785654807,76.31392662811923,15832.591006423983,10767.648,1885.0630000000003,1222.721,7659.864000000001,2100.343,8667.305000000002,19.506051832303577,1,0,0,31.0,31.0,31.0,1.0,1.0,0.0,0.0,1,0,0.0,0.0,0.0,1.0,0.0,1.0,0.0,0.0,0.0,0.0,0,0,0,0,0,0,0,22,3,2023,5,10,2,0,0,0,2,0,1,0.0,1,1,LEVE,0,20
6,1,0.0475510652317153,0,4,1,-14.5581442,-75.2023289,0,4,7,0,2,-1,-1,2,6639.975,2.0,5,2,1.0,0.340764331210191,0.074236766966835,1616.0,0.5979174613339426,80.76049717343994,1316.4689507494647,3721.461,698.1859999999996,744.866,2278.409,1102.9029999999996,2618.558,29.636290693359403,1,0,0,36.0,36.0,36.0,1.0,0.0,0.0,0.0,1,0,0.0,0.0,0.0,1.0,1.0,0.0,0.0,1.0,1.0,1.0,0,0,0,0,0,0,0,2,0,2023,5,11,3,0,0,0,2,0,1,0.0,0,0,LEVE,0,8
3,1,0.2105205359103887,2,2,4,-11.9985816,-76.92668958,0,3,1,0,2,-1,-1,2,6543.555,2.0,-1,-1,1.0,0.4495936745003294,0.4495936745003294,1198.0,0.6831952456039544,78.60873873772867,255143.7301927195,7626.313,1683.4029999999998,1599.0829999999996,4343.827000000001,1814.875,5811.438000000001,23.7975414856432,2,0,0,42.0,32.0,52.0,1.0,1.0,0.0,0.0,2,0,0.0,1.0,0.0,1.0,1.0,0.0,1.0,0.0,1.0,1.0,1,1,1,1,0,0,0,12,2,2023,5,11,3,0,0,0,2,0,1,0.0,0,0,LEVE,0,0
6,1,0.2105205359103887,2,6,4,-12.1840592,-76.93914062,0,3,7,1,2,-1,-1,0,6543.555,2.0,-1,-1,1.0,0.4495936745003294,0.4495936745003294,1198.0,0.689811994580126,79.88015655965044,452660.364025696,7626.313,1683.4029999999998,1599.0829999999996,4343.827000000001,1814.875,5811.438000000001,23.7975414856432,1,0,0,30.0,30.0,30.0,1.0,1.0,0.0,0.0,1,0,0.0,0.0,0.0,1.0,0.0,0.0,0.0,0.0,0.0,1.0,1,1,1,1,0,0,0,18,3,2023,5,11,3,0,0,0,2,0,1,0.0,0,0,LEVE,0,0
3,2,0.0597408302218317,0,4,1,-7.141737,-78.390571,0,2,7,0,2,0,1,2,2760.8550000000005,1.0,-1,1,0.0,0.340764331210191,0.1266198111135515,1208.0,0.4873182795359782,74.24096566709692,48280.91862955032,15935.565011852366,1733.9250000199986,935.692,13265.948011832368,2000.1670000199988,13935.398011832369,12.551591352627522,2,0,0,53.0,47.0,59.0,1.0,1.0,0.0,1.0,2,0,0.0,0.0,0.0,1.0,1.0,1.0,0.0,0.0,1.0,0.0,0,0,0,0,0,0,0,19,3,2023,5,11,3,0,0,2,1,0,1,0.0,0,0,LEVE,0,1
3,1,0.0475510652317153,2,4,1,-14.093277,-75.7173961,0,2,7,0,2,-1,-1,6,6639.975,2.0,5,2,1.0,0.340764331210191,0.074236766966835,1616.0,0.6321366370204364,78.1199401919606,22115.385438972164,3721.461,698.1859999999996,744.866,2278.409,1102.9029999999996,2618.558,29.636290693359403,2,1,0,30.0,30.0,30.0,1.0,0.0,0.0,0.0,2,1,1.0,0.0,0.0,1.0,0.0,0.0,0.0,0.0,0.0,1.0,0,0,0,0,0,0,0,1,0,2023,5,12,4,0,0,0,2,0,1,0.5,0,0,LEVE,0,7
3,2,0.0497474192839885,2,2,4,-5.18244,-80.6359916,0,0,1,0,2,-1,-1,2,6543.555,2.0,-1,-1,1.0,0.4495936745003294,0.4495936745003294,1198.0,0.6582040223794163,78.74105515718446,178905.3426124197,8965.846000060003,1782.4120000599992,636.9959999999999,6546.438000000004,2214.505000059999,6751.341000000004,24.699342371541725,2,0,0,23.0,18.0,28.0,1.0,1.0,0.0,1.0,2,0,0.0,0.0,1.0,0.0,1.0,0.0,0.0,1.0,1.0,1.0,1,1,1,1,0,0,0,4,0,2023,5,12,4,0,0,0,2,0,1,0.0,0,0,LEVE,0,3
6,1,0.0318471337579617,0,4,2,-10.0905603113682,-77.474906670989,6,5,6,-1,6,-1,-1,0,6543.555,2.0,-1,-1,1.0,0.4495936745003294,0.4495936745003294,1198.0,0.3935578974560546,67.52651425284593,1245.1263383297644,10767.648,1885.0630000000003,1222.721,7659.864000000001,2100.343,8667.305000000002,19.506051832303577,1,0,0,66.0,66.0,66.0,1.0,1.0,0.0,0.0,1,0,0.0,0.0,0.0,1.0,1.0,0.0,0.0,1.0,1.0,1.0,1,1,1,1,0,0,0,7,1,2023,5,12,4,0,0,0,2,0,1,0.0,0,0,LEVE,0,20
6,1,0.0766527564243356,0,4,0,-15.704648,-71.589614,5,4,0,1,2,0,1,0,6543.555,2.0,-1,-1,1.0,0.4495936745003294,0.4495936745003294,1198.0,0.5649362269939818,77.38255516262952,7715.586723768736,10322.272,1495.236,1749.739,7077.2970000000005,2886.595,7435.677000000001,27.964725207783708,1,0,0,36.0,36.0,36.0,1.0,0.0,0.0,0.0,1,0,0.0,1.0,0.0,0.0,0.0,0.0,1.0,0.0,0.0,0.0,1,1,1,1,0,0,0,9,1,2023,5,12,4,0,0,0,1,0,1,0.0,1,0,LEVE,0,39
6,1,0.0933450472216121,0,4,0,-7.592899,-78.488527,0,4,7,0,1,-1,-1,0,6543.555,2.0,-1,-1,1.0,0.4495936745003294,0.4495936745003294,1198.0,0.3426873819779948,75.81813000053027,7009.668094218416,8931.828000000005,1335.5899999999997,1935.9830000000004,5660.255000000005,1219.309,7712.519000000005,13.651281686122925,1,0,0,46.0,46.0,46.0,1.0,0.0,0.0,0.0,1,0,0.0,1.0,0.0,0.0,0.0,0.0,1.0,0.0,0.0,0.0,1,1,1,1,0,0,0,20,3,2023,5,12,4,0,0,0,2,0,1,0.0,0,1,LEVE,0,1
3,2,0.0597408302218317,2,4,1,-6.544263,-78.681978,0,0,0,1,2,0,1,2,9936.932,2.0,5,2,1.0,0.340764331210191,0.1266198111135515,3830.0,0.4700875779194959,72.66081436888122,46090.54817987152,15935.565011852366,1733.9250000199986,935.692,13265.948011832368,2000.1670000199988,13935.398011832369,12.551591352627522,2,0,0,41.0,41.0,41.0,1.0,1.0,1.0,1.0,2,0,0.0,0.0,1.0,1.0,1.0,0.0,0.0,1.0,1.0,1.0,0,0,0,0,0,0,0,20,3,2023,5,12,4,0,0,2,1,0,1,0.0,1,0,LEVE,0,1
0,1,0.2105205359103887,0,4,1,-12.28162677,-76.88079856,0,2,7,0,2,1,0,4,6639.975,2.0,5,2,1.0,0.340764331210191,0.074236766966835,1616.0,0.6909236767275176,78.41626133969348,95908.53319057816,7626.313,1683.4029999999998,1599.0829999999996,4343.827000000001,1814.875,5811.438000000001,23.7975414856432,1,0,1,49.0,49.0,49.0,0.0,0.0,0.0,0.0,1,0,0.0,0.0,0.0,1.0,0.0,0.0,1.0,0.0,0.0,0.0,0,0,0,0,0,0,0,21,3,2023,5,12,4,0,0,0,1,0,1,0.0,0,0,LEVE,0,0
3,1,0.0420601801010322,0,4,1,-11.597276,-76.145393,0,4,0,0,2,0,1,2,875.67,2.0,5,2,1.0,0.0162530199868218,0.0124094003953437,156.0,0.727764014102057,80.04798576459473,4146.224839400427,12264.545,1826.4639999999995,1105.5389999999998,9332.542,1588.5359999999996,10676.009,12.952261987705208,2,0,0,35.5,27.0,44.0,1.0,0.0,0.0,1.0,2,0,0.0,0.0,0.0,1.0,0.0,1.0,1.0,0.0,0.0,0.0,0,0,0,0,0,0,0,4,0,2023,5,13,5,1,0,2,1,0,1,0.0,0,0,GRAVE_LESIONADOS,1,4
6,1,0.0933450472216121,0,4,1,-8.020769,-78.316386,0,4,0,0,7,-1,-1,6,9936.932,2.0,5,2,1.0,0.340764331210191,0.1266198111135515,3830.0,0.4320883936567258,76.718936301794,13167.552462526766,8931.828000000005,1335.5899999999997,1935.9830000000004,5660.255000000005,1219.309,7712.519000000005,13.651281686122925,1,0,0,59.0,59.0,59.0,1.0,0.0,0.0,0.0,1,0,0.0,0.0,1.0,0.0,0.0,0.0,1.0,0.0,0.0,0.0,0,0,0,0,0,0,0,9,1,2023,5,13,5,1,0,0,2,0,1,0.0,0,1,GRAVE_MORTALIDAD,2,1
0,1,0.2105205359103887,2,6,4,-12.03779377,-77.02698101,0,3,1,0,2,-1,-1,0,6543.555,2.0,-1,-1,1.0,0.4495936745003294,0.4495936745003294,1198.0,0.7300036506368504,80.21724456394445,156759.78800856532,7626.313,1683.4029999999998,1599.0829999999996,4343.827000000001,1814.875,5811.438000000001,23.7975414856432,1,0,2,52.0,52.0,52.0,1.0,0.0,0.0,0.0,1,0,0.0,0.0,0.0,1.0,0.0,1.0,0.0,0.0,1.0,0.0,1,1,1,1,0,0,0,10,1,2023,5,13,5,1,0,0,2,0,1,0.0,0,0,LEVE,0,0
0,1,0.0933450472216121,2,4,1,-8.136443,-79.058955,0,0,7,0,2,-1,-1,0,6543.555,3.0,5,2,1.0,0.1133318690972984,0.1133318690972984,1475.0,0.7531641124604342,80.00312647864715,66889.78372591006,8931.828000000005,1335.5899999999997,1935.9830000000004,5660.255000000005,1219.309,7712.519000000005,13.651281686122925,1,0,1,44.0,44.0,44.0,1.0,0.0,0.0,0.0,1,0,0.0,0.0,0.0,1.0,0.0,0.0,1.0,0.0,1.0,0.0,0,0,0,0,0,0,0,13,2,2023,5,13,5,1,0,0,2,1,1,0.0,0,0,LEVE,0,1
6,1,0.0766527564243356,2,4,1,-16.685099,-71.870726,0,0,7,0,2,1,1,0,6639.975,2.0,5,2,1.0,0.340764331210191,0.074236766966835,1616.0,0.6105481451420971,78.10653088113892,35025.678800856535,10322.272,1495.236,1749.739,7077.2970000000005,2886.595,7435.677000000001,27.964725207783708,1,0,0,66.0,66.0,66.0,1.0,0.0,0.0,0.0,1,0,0.0,0.0,0.0,1.0,0.0,1.0,0.0,1.0,0.0,0.0,0,0,0,0,0,0,0,15,2,2023,5,13,5,1,0,0,2,0,1,0.0,0,0,LEVE,0,4
0,1,0.0597408302218317,2,4,1,-7.6288114,-78.0434344,0,0,7,0,2,-1,-1,2,9936.932,2.0,5,2,1.0,0.340764331210191,0.1266198111135515,3830.0,0.4384361875352846,76.70622362399591,31678.2869379015,15935.565011852366,1733.9250000199986,935.692,13265.948011832368,2000.1670000199988,13935.398011832369,12.551591352627522,1,0,1,39.0,39.0,39.0,1.0,1.0,1.0,1.0,1,0,0.0,0.0,0.0,1.0,1.0,0.0,0.0,1.0,0.0,0.0,0,0,0,0,0,0,0,19,3,2023,5,13,5,1,0,2,2,0,1,0.0,0,0,LEVE,0,1