CLASE SINIESTRO,CANTIDAD DE VEHICULOS DAÑADOS,DEPARTAMENTO,ZONA,TIPO DE VÍA,RED VIAL,COORDENADAS LATITUD,COORDENADAS  LONGITUD,CONDICIÓN CLIMÁTICA,ZONIFICACIÓN,CARACTERÍSTICAS DE VÍA,PERFIL LONGITUDINAL VÍA,SUPERFICIE DE CALZADA,¿EXISTE SEÑAL VERTICAL?,¿EXISTE SEÑAL HORIZONTAL?,CAUSA FACTOR PRINCIPAL,MTC_RVN_LONGITUD_KM,MTC_RVN_N_CARRILES_MEDIANA,MTC_RVN_SUPERFICIE_DOMINANTE,MTC_RVN_ESTADO_DOMINANTE,MTC_RVN_ES_CONCESIONADA,MTC_RVN_CONCESION_PRINCIPAL,MTC_RVN_CORREDOR_LOGISTICO,MTC_RVN_N_TRAMOS,IDH_2019,IDH_ESP_VIDA_2019,IDH_POBLACION_2019,MTC_DEP_RED_TOTAL_KM,MTC_DEP_NACIONAL_TOTAL_KM,MTC_DEP_DEPARTAMENTAL_TOTAL_KM,MTC_DEP_VECINAL_TOTAL_KM,MTC_DEP_PAV_TOTAL_KM,MTC_DEP_NO_PAV_TOTAL_KM,MTC_DEP_PCT_PAVIMENTADA,PER_N_CONDUCTORES,PER_N_CONDUCTORES_FUGADOS,PER_N_PEATONES,PER_EDAD_COND_PROM,PER_EDAD_COND_MIN,PER_EDAD_COND_MAX,PER_ANY_COND_MASCULINO,PER_ANY_LIC_PROBLEMA,PER_ANY_DOSAJE_POS,PER_ANY_DOSAJE_EVALUADO,VEH_TOTAL,VEH_N_FUGADOS,VEH_ANY_FUGADO,VEH_ANY_CARGA,VEH_ANY_PUBLICO,VEH_ANY_PARTICULAR,VEH_ANY_MOTO,VEH_ANY_AUTO,VEH_ANY_CAMION_BUS,VEH_ANY_SOAT_PROBLEMA,VEH_ANY_CITV_PROBLEMA,VEH_ANY_SEGURO_PROBLEMA,MTC_RVN_LONGITUD_KM_ERA_NULO,MTC_RVN_N_CARRILES_MEDIANA_ERA_NULO,MTC_RVN_ES_CONCESIONADA_ERA_NULO,MTC_RVN_N_TRAMOS_ERA_NULO,PER_EDAD_COND_PROM_ERA_NULO,PER_EDAD_COND_MIN_ERA_NULO,PER_EDAD_COND_MAX_ERA_NULO,HORA_NUM,FRANJA_HORARIA,ANIO,MES,DIA_MES,DIA_SEMANA,ES_FIN_SEMANA,ES_QUINCENA,REGION_NATURAL,NIVEL_SEÑALIZACION_ORD,ES_VIA_MULTICARRIL,ES_DEPTO_BAJO_PAVIMENTO,RATIO_CONDUCTORES_FUGADOS,ES_CURVA_Y_PENDIENTE,ES_VIA_NO_PAVIMENTADA,CATEGORIA_SEVERIDAD,CATEGORIA_SEVERIDAD_ENC,CLUSTER
5,1,0.0497474192839885,0,4,1,-5.157349,-80.177424,0,4,7,1,2,0,1,0,43.63,-1.0,5,2,0.0,0.340764331210191,0.1266198111135515,35.0,0.4653748048968089,74.19666709322776,75914.02997858672,8965.846000060003,1782.4120000599992,636.9959999999999,6546.438000000004,2214.505000059999,6751.341000000004,24.699342371541725,2,1,0,28.0,28.0,28.0,1.0,0.0,0.0,1.0,2,0,0.0,0.0,1.0,0.0,1.0,0.0,0.0,1.0,1.0,1.0,0,0,0,0,0,0,0,20,3,2023,7,10,0,0,0,0,1,0,1,0.5,0,0,GRAVE_LESIONADOS,1,3
6,1,0.0139468482319349,0,4,1,-3.851229883307808,-80.8281758789849,7,4,7,0,2,-1,-1,2,6543.555,3.0,5,2,1.0,0.1133318690972984,0.1133318690972984,1475.0,0.568342833663152,74.37886913017682,11360.244111349037,1009.101,138.47399999999996,287.471,583.156,276.972,732.129,27.447401201663663,1,0,0,37.0,33.0,40.0,1.0,1.0,0.0,0.0,1,0,0.0,0.0,0.0,1.0,1.0,0.0,0.0,0.0,0.0,0.0,0,0,0,0,1,1,1,14,2,2023,7,11,1,0,0,0,2,1,1,0.0,0,0,LEVE,0,13
6,1,0.0902701515484296,0,4,2,-13.625397,-70.935098,0,4,5,1,1,1,0,6,6543.555,2.0,-1,-1,1.0,0.4495936745003294,0.4495936745003294,1198.0,0.2049706052549527,63.12869858831351,4199.537473233405,17779.13499998999,2097.37099999,2863.123,12818.640999999989,2878.713,14900.421999989989,16.19152450331032,1,0,0,42.0,42.0,42.0,1.0,0.0,0.0,0.0,1,0,0.0,0.0,0.0,1.0,0.0,0.0,1.0,0.0,0.0,0.0,1,1,1,1,0,0,0,22,3,2023,7,11,1,0,0,2,1,0,1,0.0,1,1,GRAVE_MORTALIDAD,2,4
6,1,0.2105205359103887,2,4,1,-11.98102546742494,-77.06550025297803,0,0,7,1,2,-1,-1,0,6543.555,3.0,5,2,1.0,0.1133318690972984,0.1133318690972984,1475.0,0.6853375063928137,80.04346891299102,217176.83083511773,7626.313,1683.4029999999998,1599.0829999999996,4343.827000000001,1814.875,5811.438000000001,23.7975414856432,1,0,0,27.0,27.0,27.0,1.0,0.0,0.0,0.0,1,0,0.0,0.0,0.0,1.0,0.0,1.0,0.0,0.0,1.0,0.0,0,0,0,0,0,0,0,2,0,2023,7,12,2,0,0,0,2,1,1,0.0,0,0,LEVE,0,0
3,1,0.0072479683725016,2,3,4,-3.7568189,-73.2511955,6,5,6,-1,6,-1,-1,0,6543.555,2.0,-1,-1,1.0,0.4495936745003294,0.4495936745003294,1198.0,0.6598204400488458,74.39325093062702,145540.50535331905,1095.5949999999998,128.87099999999998,320.74700000000007,645.9769999999999,274.214,821.381,25.02877431897737,1,0,0,34.0,34.0,34.0,1.0,0.0,0.0,0.0,1,0,0.0,0.0,0.0,1.0,1.0,0.0,0.0,1.0,1.0,1.0,1,1,1,1,0,0,0,3,0,2023,7,12,2,0,0,1,2,0,1,0.0,0,0,LEVE,0,23
3,2,0.0821436415550186,0,4,1,-16.2239721,-69.4623816,0,4,0,0,2,-1,-1,2,7586.903,2.0,5,2,1.0,0.340764331210191,0.067428069404788,1198.0,0.4138545322335047,72.42365757071663,19964.802997858675,13642.312999999998,2020.7790000000005,2354.117,9267.416999999998,3314.0520000000006,10328.260999999997,24.29244952817019,2,0,0,44.0,29.0,59.0,1.0,1.0,0.0,0.0,2,0,0.0,1.0,0.0,0.0,1.0,0.0,1.0,0.0,0.0,1.0,0,0,0,0,0,0,0,7,1,2023,7,12,2,0,0,2,2,0,1,0.0,0,0,GRAVE_MORTALIDAD,2,4
10,1,0.0182297386338677,0,4,2,-13.7249557965443,-73.6732008685842,7,4,7,0,7,-1,-1,6,6543.555,2.0,-1,-1,1.0,0.4495936745003294,0.4495936745003294,1198.0,0.2584461712240227,74.57407081796791,3334.338329764454,8358.971,1282.451,1298.0969999999998,5778.423,1432.683,6926.288,17.139466089785454,1,0,0,31.0,31.0,31.0,1.0,0.0,0.0,0.0,1,0,0.0,1.0,0.0,0.0,0.0,0.0,1.0,1.0,1.0,1.0,1,1,1,1,0,0,0,10,1,2023,7,12,2,0,0,2,2,0,1,0.0,0,1,LEVE,0,4
0,1,0.0933450472216121,2,1,4,-7.817705,-78.033597,0,0,7,0,2,-1,-1,0,6543.555,2.0,-1,-1,1.0,0.4495936745003294,0.4495936745003294,1198.0,0.3986882084754764,72.97869269132666,69564.29978586723,8931.828000000005,1335.5899999999997,1935.9830000000004,5660.255000000005,1219.309,7712.519000000005,13.651281686122925,1,0,1,25.0,25.0,25.0,1.0,0.0,0.0,0.0,1,0,0.0,1.0,0.0,0.0,0.0,0.0,1.0,0.0,1.0,0.0,1,1,1,1,0,0,0,17,2,2023,7,12,2,0,0,0,2,0,1,0.0,0,0,LEVE,0,1
3,2,0.0597408302218317,0,4,1,-7.22595800802044,-78.8762654033148,0,4,7,0,2,0,1,2,887.28,2.0,5,2,1.0,0.0133977597188666,0.0065890621568196,155.0,0.5294503947944683,73.66048171208529,2245.513918629551,15935.565011852366,1733.9250000199986,935.692,13265.948011832368,2000.1670000199988,13935.398011832369,12.551591352627522,2,0,0,45.5,28.0,63.0,1.0,1.0,1.0,1.0,2,0,0.0,1.0,1.0,0.0,1.0,0.0,1.0,0.0,1.0,1.0,0,0,0,0,0,0,0,17,2,2023,7,12,2,0,0,2,1,0,1,0.0,0,0,GRAVE_MORTALIDAD,2,1
1,1,0.0821436415550186,0,4,1,-15.901532229327907,-69.88841594055835,0,4,7,0,2,-1,-1,0,7586.903,2.0,5,2,1.0,0.340764331210191,0.067428069404788,1198.0,0.3492776286092784,69.0024577433395,6084.453961456104,13642.312999999998,2020.7790000000005,2354.117,9267.416999999998,3314.0520000000006,10328.260999999997,24.29244952817019,1,1,1,37.0,33.0,40.0,0.0,0.0,0.0,0.0,1,1,1.0,0.0,0.0,0.0,0.0,0.0,0.0,0.0,0.0,1.0,0,0,0,0,1,1,1,18,3,2023,7,12,2,0,0,2,2,0,1,1.0,0,0,LEVE,0,4
6,1,0.2105205359103887,2,2,4,-12.23976275180896,-76.91212091224831,0,0,9,1,2,-1,-1,0,6543.555,2.0,-1,-1,1.0,0.4495936745003294,0.4495936745003294,1198.0,0.6990481232857558,80.14597904142546,459161.0728051392,7626.313,1683.4029999999998,1599.0829999999996,4343.827000000001,1814.875,5811.438000000001,23.7975414856432,1,0,0,44.0,44.0,44.0,1.0,0.0,0.0,0.0,1,0,0.0,1.0,0.0,0.0,0.0,0.0,1.0,1.0,0.0,1.0,1,1,1,1,0,0,0,20,3,2023,7,12,2,0,0,0,2,0,1,0.0,0,0,LEVE,0,0
10,1,0.0821436415550186,0,4,0,-14.553848,-69.293572,0,4,7,0,7,-1,-1,2,6543.555,2.0,-1,-1,1.0,0.4495936745003294,0.4495936745003294,1198.0,0.3813130974637541,66.648279967634,1735.8265524625267,13642.312999999998,2020.7790000000005,2354.117,9267.416999999998,3314.0520000000006,10328.260999999997,24.29244952817019,1,0,0,18.0,18.0,18.0,1.0,1.0,0.0,0.0,1,0,0.0,0.0,0.0,1.0,1.0,0.0,0.0,1.0,1.0,1.0,1,1,1,1,0,0,0,22,3,2023,7,12,2,0,0,2,2,0,1,0.0,0,1,LEVE,0,11
5,1,0.2105205359103887,2,2,4,-11.86219135,-77.05585282,0,0,1,1,2,-1,-1,0,6543.555,2.0,-1,-1,1.0,0.4495936745003294,0.4495936745003294,1198.0,0.6498693508177541,78.84967382596041,356854.23554603854,7626.313,1683.4029999999998,1599.0829999999996,4343.827000000001,1814.875,5811.438000000001,23.7975414856432,2,1,0,22.0,22.0,22.0,1.0,0.0,0.0,0.0,2,1,1.0,0.0,0.0,1.0,1.0,0.0,0.0,1.0,1.0,1.0,1,1,1,1,0,0,0,0,0,2023,7,13,3,0,0,0,2,0,1,0.5,0,0,LEVE,0,0
3,2,0.0821436415550186,0,4,2,-15.218124141449298,-69.77791930794945,0,4,7,0,7,-1,-1,2,6543.555,2.0,-1,-1,1.0,0.4495936745003294,0.4495936745003294,1198.0,0.4032210196156518,69.57344393979501,14743.678800856533,13642.312999999998,2020.7790000000005,2354.117,9267.416999999998,3314.0520000000006,10328.260999999997,24.29244952817019,2,0,0,21.5,20.0,23.0,1.0,1.0,0.0,0.0,2,0,0.0,0.0,0.0,1.0,1.0,0.0,1.0,0.0,1.0,1.0,1,1,1,1,0,0,0,8,1,2023,7,13,3,0,0,2,2,0,1,0.0,0,1,LEVE,0,4
3,2,0.0475510652317153,2,4,1,-13.682287,-76.1634073,7,3,1,0,2,-1,-1,0,205.54999999999995,-1.0,5,2,1.0,0.0040632549967054,0.074236766966835,15.0,0.5723734005661165,76.14778354007997,24272.76659528908,3721.461,698.1859999999996,744.866,2278.409,1102.9029999999996,2618.558,29.636290693359403,2,0,0,24.0,17.0,31.0,1.0,1.0,0.0,1.0,2,0,0.0,0.0,1.0,1.0,1.0,1.0,0.0,0.0,0.0,0.0,0,0,0,0,0,0,0,13,2,2023,7,13,3,0,0,0,2,0,1,0.0,0,0,LEVE,0,7
4,1,0.0902701515484296,2,3,4,-13.298155,-72.121077,0,3,7,0,4,-1,-1,1,6543.555,2.0,-1,-1,1.0,0.4495936745003294,0.4495936745003294,1198.0,0.5961225511084856,78.53035911580116,21509.777301927195,17779.13499998999,2097.37099999,2863.123,12818.640999999989,2878.713,14900.421999989989,16.19152450331032,1,0,0,17.0,17.0,17.0,0.0,1.0,0.0,0.0,1,0,0.0,0.0,0.0,1.0,1.0,0.0,0.0,1.0,0.0,1.0,1,1,1,1,0,0,0,19,3,2023,7,13,3,0,0,2,2,0,1,0.0,0,0,LEVE,0,4
3,2,0.0821436415550186,0,4,1,-15.4064452,-70.0655803,0,4,7,0,2,-1,-1,2,1762.84,2.0,-1,2,0.0,0.340764331210191,0.1266198111135515,485.0,0.2399049659709538,73.66748174046536,4818.295503211992,13642.312999999998,2020.7790000000005,2354.117,9267.416999999998,3314.0520000000006,10328.260999999997,24.29244952817019,2,0,0,46.0,46.0,46.0,1.0,0.0,0.0,0.0,2,0,0.0,0.0,1.0,1.0,1.0,1.0,0.0,0.0,0.0,0.0,0,0,0,0,0,0,0,20,3,2023,7,13,3,0,0,2,2,0,1,0.0,0,0,LEVE,0,4
0,1,0.2105205359103887,2,2,4,-12.22118669,-76.92032899,0,0,7,1,2,1,0,2,6543.555,2.0,-1,-1,1.0,0.4495936745003294,0.4495936745003294,1198.0,0.689811994580126,79.88015655965044,452660.364025696,7626.313,1683.4029999999998,1599.0829999999996,4343.827000000001,1814.875,5811.438000000001,23.7975414856432,1,0,1,35.0,35.0,35.0,1.0,0.0,0.0,0.0,1,0,0.0,0.0,0.0,0.0,0.0,1.0,0.0,0.0,0.0,0.0,1,1,1,1,0,0,0,22,3,2023,7,13,3,0,0,0,1,0,1,0.0,0,0,LEVE,0,0
3,2,0.0475510652317153,0,4,1,-14.6274104,-75.1886216,0,4,7,0,2,-1,-1,2,6639.975,2.0,5,2,1.0,0.340764331210191,0.074236766966835,1616.0,0.5979174613339426,80.76049717343994,1316.4689507494647,3721.461,698.1859999999996,744.866,2278.409,1102.9029999999996,2618.558,29.636290693359403,2,0,0,34.5,18.0,51.0,1.0,1.0,0.0,1.0,2,0,0.0,1.0,0.0,1.0,1.0,0.0,1.0,0.0,1.0,1.0,0,0,0,0,0,0,0,23,3,2023,7,13,3,0,0,0,2,0,1,0.0,0,0,LEVE,0,8
6,1,0.0902701515484296,0,4,0,-12.650155,-72.562413,0,4,7,0,2,1,0,2,6543.555,2.0,-1,-1,1.0,0.4495936745003294,0.4495936745003294,1198.0,0.4297325556987851,76.15904795703717,29458.58458244112,17779.13499998999,2097.37099999,2863.123,12818.640999999989,2878.713,14900.421999989989,16.19152450331032,1,0,0,61.0,61.0,61.0,1.0,0.0,0.0,0.0,1,0,0.0,0.0,0.0,1.0,0.0,1.0,0.0,0.0,0.0,0.0,1,1,1,1,0,0,0,4,0,2023,7,14,4,0,0,2,1,0,1,0.0,0,0,LEVE,0,4
3,1,0.2105205359103887,2,2,4,-12.06746168,-77.07770363,0,0,7,0,2,-1,-1,2,6543.555,2.0,-1,-1,1.0,0.4495936745003294,0.4495936745003294,1198.0,0.7646845961658533,80.23682119426338,250806.0877944326,7626.313,1683.4029999999998,1599.0829999999996,4343.827000000001,1814.875,5811.438000000001,23.7975414856432,2,0,0,37.0,28.0,46.0,1.0,0.0,0.0,0.0,2,0,0.0,0.0,1.0,1.0,1.0,0.0,1.0,1.0,1.0,1.0,1,1,1,1,0,0,0,9,1,2023,7,14,4,0,0,0,2,0,1,0.0,0,0,LEVE,0,0
6,1,0.0318471337579617,0,4,2,-9.08297910887399,-77.8142607636424,7,4,5,1,1,-1,-1,2,6543.555,2.0,-1,-1,1.0,0.4495936745003294,0.4495936745003294,1198.0,0.49842722626264,79.23197418574183,25526.81584582441,10767.648,1885.0630000000003,1222.721,7659.864000000001,2100.343,8667.305000000002,19.506051832303577,1,0,0,38.0,38.0,38.0,1.0,1.0,0.0,0.0,1,0,0.0,0.0,0.0,1.0,0.0,1.0,0.0,0.0,0.0,0.0,1,1,1,1,0,0,0,15,2,2023,7,14,4,0,0,0,2,0,1,0.0,1,1,GRAVE_MORTALIDAD,2,20
3,2,0.0821436415550186,0,4,1,-16.134785534110286,-70.04528753553053,0,4,7,0,2,-1,-1,2,779.525,2.0,5,2,1.0,0.0252580716011421,0.0021963540522732,163.0,0.3279226888241855,68.17036545870775,5184.3083511777295,13642.312999999998,2020.7790000000005,2354.117,9267.416999999998,3314.0520000000006,10328.260999999997,24.29244952817019,2,0,0,45.5,42.0,49.0,1.0,0.0,0.0,0.0,2,0,0.0,0.0,0.0,1.0,1.0,1.0,0.0,0.0,1.0,1.0,0,0,0,0,0,0,0,19,3,2023,7,14,4,0,0,2,2,0,1,0.0,0,0,LEVE,0,4
6,1,0.0597408302218317,0,4,1,-6.7758188,-78.6417937,0,4,7,0,2,-1,-1,2,9936.932,2.0,5,2,1.0,0.340764331210191,0.1266198111135515,3830.0,0.4526491117658796,79.17132243679694,15625.811563169163,15935.565011852366,1733.9250000199986,935.692,13265.948011832368,2000.1670000199988,13935.398011832369,12.551591352627522,1,0,0,37.0,37.0,37.0,1.0,0.0,0.0,1.0,1,0,0.0,0.0,1.0,0.0,0.0,0.0,1.0,0.0,0.0,0.0,0,0,0,0,0,0,0,8,1,2023,7,15,5,1,1,2,2,0,1,0.0,0,0,GRAVE_MORTALIDAD,2,1
10,1,0.0597408302218317,0,4,1,-7.324748,-78.17082,0,0,0,0,2,0,1,2,9936.932,2.0,5,2,1.0,0.340764331210191,0.1266198111135515,3830.0,0.2248217662933267,71.86940730479807,5022.419700214133,15935.565011852366,1733.9250000199986,935.692,13265.948011832368,2000.1670000199988,13935.398011832369,12.551591352627522,1,0,0,23.0,23.0,23.0,1.0,1.0,1.0,1.0,1,0,0.0,0.0,0.0,1.0,1.0,0.0,0.0,1.0,0.0,1.0,0,0,0,0,0,0,0,1,0,2023,7,16,6,1,1,2,1,0,1,0.0,0,0,LEVE,0,1
3,1,0.2105205359103887,2,2,4,-12.05411824,-77.06161635,0,0,1,0,2,1,0,0,6543.555,2.0,-1,-1,1.0,0.4495936745003294,0.4495936745003294,1198.0,0.7646845961658533,80.23682119426338,250806.0877944326,7626.313,1683.4029999999998,1599.0829999999996,4343.827000000001,1814.875,5811.438000000001,23.7975414856432,2,0,0,40.0,33.0,47.0,1.0,0.0,0.0,0.0,2,0,0.0,0.0,0.0,1.0,1.0,1.0,0.0,0.0,1.0,0.0,1,1,1,1,0,0,0,3,0,2023,7,16,6,1,1,0,1,0,1,0.0,0,0,LEVE,0,0
6,1,0.0933450472216121,0,4,1,-8.049815659119059,-77.43703641620576,0,4,7,0,1,-1,-1,0,1688.589,1.0,-1,1,0.0,0.340764331210191,0.1266198111135515,287.0,0.5483466485199614,73.40947702180615,22858.52890792291,8931.828000000005,1335.5899999999997,1935.9830000000004,5660.255000000005,1219.309,7712.519000000005,13.651281686122925,1,0,0,32.0,32.0,32.0,1.0,0.0,0.0,0.0,1,0,0.0,0.0,0.0,1.0,0.0,0.0,1.0,0.0,0.0,0.0,0,0,0,0,0,0,0,6,1,2023,7,16,6,1,1,0,2,0,1,0.0,0,1,LEVE,0,1
6,1,0.0318471337579617,0,4,3,-8.45764059376214,-77.4440901963318,0,4,0,1,7,-1,-1,0,6543.555,2.0,-1,-1,1.0,0.4495936745003294,0.4495936745003294,1198.0,0.3148480081118133,71.79266016773678,517.830835117773,10767.648,1885.0630000000003,1222.721,7659.864000000001,2100.343,8667.305000000002,19.506051832303577,1,0,0,39.0,39.0,39.0,1.0,1.0,0.0,0.0,1,0,0.0,0.0,0.0,1.0,1.0,0.0,0.0,1.0,1.0,1.0,1,1,1,1,0,0,0,8,1,2023,7,16,6,1,1,0,2,0,1,0.0,1,1,LEVE,0,22
6,1,0.0821436415550186,0,4,2,-15.76270352155177,-70.06938454054797,0,4,7,0,2,-1,-1,2,6543.555,2.0,-1,-1,1.0,0.4495936745003294,0.4495936745003294,1198.0,0.3204026151964153,69.29426309416309,4850.546038543897,13642.312999999998,2020.7790000000005,2354.117,9267.416999999998,3314.0520000000006,10328.260999999997,24.29244952817019,1,0,0,26.0,26.0,26.0,1.0,0.0,0.0,0.0,1,0,0.0,0.0,0.0,1.0,0.0,1.0,0.0,0.0,0.0,0.0,1,1,1,1,0,0,0,14,2,2023,7,16,6,1,1,2,2,0,1,0.0,0,0,GRAVE_MORTALIDAD,2,4
5,1,0.0497474192839885,0,4,1,-4.991636,-80.220575,0,4,0,1,2,-1,-1,0,892.7650002999999,-1.0,-1,2,0.0,0.340764331210191,0.1266198111135515,790.0,0.459857589992435,80.72202071327797,125429.93361884369,8965.846000060003,1782.4120000599992,636.9959999999999,6546.438000000004,2214.505000059999,6751.341000000004,24.699342371541725,2,1,0,30.0,30.0,30.0,0.0,1.0,0.0,1.0,2,0,0.0,1.0,0.0,1.0,1.0,0.0,1.0,1.0,1.0,1.0,0,0,0,0,0,0,0,21,3,2023,7,16,6,1,1,0,2,0,1,0.5,1,0,LEVE,0,3
6,1,0.0193279156600043,0,4,1,-12.5010409,-74.72031999,0,4,0,0,2,-1,-1,0,7586.903,2.0,5,2,1.0,0.340764331210191,0.067428069404788,1198.0,0.2663454843382838,65.45457395221479,29100.053533190578,8511.426,1445.3929999999996,2008.516,5057.516999999999,1879.579,6631.846999999998,22.08300935706896,1,0,0,39.0,39.0,39.0,1.0,0.0,0.0,0.0,1,0,0.0,0.0,0.0,1.0,0.0,0.0,1.0,0.0,0.0,0.0,0,0,0,0,0,0,0,23,3,2023,7,16,6,1,1,2,2,0,1,0.0,0,0,LEVE,0,4
10,1,0.0821436415550186,0,4,3,-14.211834616489185,-69.16513602539725,0,4,7,0,7,-1,-1,2,6543.555,2.0,-1,-1,1.0,0.4495936745003294,0.4495936745003294,1198.0,0.4629523852366282,73.61440605434841,7845.668094218417,13642.312999999998,2020.7790000000005,2354.117,9267.416999999998,3314.0520000000006,10328.260999999997,24.29244952817019,1,0,0,39.0,39.0,39.0,1.0,1.0,0.0,0.0,1,0,0.0,0.0,0.0,1.0,1.0,0.0,0.0,1.0,1.0,1.0,1,1,1,1,0,0,0,2,0,2023,7,17,0,0,1,2,2,0,1,0.0,0,1,LEVE,0,34
3,2,0.0766527564243356,0,4,2,-15.635682,-71.655046,0,4,0,1,2,1,1,0,6543.555,2.0,-1,-1,1.0,0.4495936745003294,0.4495936745003294,1198.0,0.4687468597748203,77.73411944855205,1371.456102783726,10322.272,1495.236,1749.739,7077.2970000000005,2886.595,7435.677000000001,27.964725207783708,2,0,0,47.0,31.0,63.0,1.0,1.0,0.0,1.0,2,0,0.0,1.0,0.0,1.0,1.0,0.0,1.0,1.0,0.0,1.0,1,1,1,1,0,0,0,8,1,2023,7,17,0,0,1,0,2,0,1,0.0,1,0,LEVE,0,39
3,2,0.0821436415550186,0,4,1,-14.990365,-70.3610238,0,4,7,0,2,-1,-1,2,206.15,2.0,5,2,0.0,0.340764331210191,0.1266198111135515,50.0,0.1942561066530256,66.27610389058496,2747.7109207708777,13642.312999999998,2020.7790000000005,2354.117,9267.416999999998,3314.0520000000006,10328.260999999997,24.29244952817019,2,0,0,57.5,53.0,62.0,1.0,0.0,0.0,0.0,2,0,0.0,1.0,0.0,1.0,0.0,1.0,1.0,0.0,1.0,1.0,0,0,0,0,0,0,0,11,1,2023,7,17,0,0,1,2,2,0,1,0.0,0,0,LEVE,0,4
6,1,0.0933450472216121,0,4,2,-8.020962234851163,-78.48804579396595,0,4,7,0,1,-1,-1,0,6543.555,2.0,-1,-1,1.0,0.4495936745003294,0.4495936745003294,1198.0,0.2726428708882756,71.9300278838022,9272.098501070664,8931.828000000005,1335.5899999999997,1935.9830000000004,5660.255000000005,1219.309,7712.519000000005,13.651281686122925,1,0,0,38.0,38.0,38.0,1.0,0.0,0.0,0.0,1,0,0.0,0.0,0.0,1.0,0.0,1.0,0.0,0.0,0.0,0.0,1,1,1,1,0,0,0,14,2,2023,7,17,0,0,1,0,2,0,1,0.0,0,1,LEVE,0,1
3,2,0.0902701515484296,2,4,3,-14.808531,-71.431609,0,3,0,0,2,1,0,2,6543.555,2.0,-1,-1,1.0,0.4495936745003294,0.4495936745003294,1198.0,0.553052655456334,69.21726434550523,33976.192719486084,17779.13499998999,2097.37099999,2863.123,12818.640999999989,2878.713,14900.421999989989,16.19152450331032,2,0,0,45.0,34.0,56.0,1.0,1.0,0.0,1.0,2,0,0.0,0.0,0.0,1.0,1.0,0.0,1.0,1.0,0.0,1.0,1,1,1,1,0,0,0,17,2,2023,7,17,0,0,1,2,1,0,1,0.0,0,0,LEVE,0,4
6,1,0.0497474192839885,0,4,1,-5.82389,-79.46549,0,4,0,0,2,1,0,5,305.38500000000005,2.0,5,2,1.0,0.0160333845815945,0.0464528882055787,50.0,0.2117580020098525,65.37756662211437,38712.25053533191,8965.846000060003,1782.4120000599992,636.9959999999999,6546.438000000004,2214.505000059999,6751.341000000004,24.699342371541725,1,0,0,36.0,36.0,36.0,1.0,0.0,0.0,1.0,1,0,0.0,0.0,0.0,1.0,0.0,0.0,1.0,0.0,1.0,0.0,0,0,0,0,0,0,0,17,2,2023,7,17,0,0,1,0,1,0,1,0.0,0,0,GRAVE_MORTALIDAD,2,1
6,1,0.0933450472216121,0,4,1,-7.927728065647655,-77.53649355559405,0,4,0,0,1,-1,-1,0,1688.589,1.0,-1,1,0.0,0.340764331210191,0.1266198111135515,287.0,0.4099534752488352,76.9570873294826,1224.9229122055674,8931.828000000005,1335.5899999999997,1935.9830000000004,5660.255000000005,1219.309,7712.519000000005,13.651281686122925,1,0,0,49.0,49.0,49.0,1.0,1.0,0.0,0.0,1,0,0.0,0.0,0.0,1.0,0.0,0.0,1.0,0.0,0.0,0.0,0,0,0,0,0,0,0,22,3,2023,7,17,0,0,1,0,2,0,1,0.0,0,1,GRAVE_MORTALIDAD,2,1
0,1,0.2105205359103887,2,2,4,-12.0304736,-77.0897219,0,1,1,0,2,1,0,0,6543.555,2.0,-1,-1,1.0,0.4495936745003294,0.4495936745003294,1198.0,0.7419979630670723,80.31822295927182,739416.2413542903,7626.313,1683.4029999999998,1599.0829999999996,4343.827000000001,1814.875,5811.438000000001,23.7975414856432,1,0,1,40.0,40.0,40.0,1.0,0.0,0.0,0.0,1,0,0.0,0.0,1.0,0.0,0.0,0.0,1.0,0.0,0.0,0.0,1,1,1,1,0,0,0,14,2,2023,7,18,1,0,1,0,1,0,1,0.0,0,0,LEVE,0,0
6,1,0.0318471337579617,0,4,1,-9.08847557836807,-77.3395828417028,0,4,7,1,7,-1,-1,0,1134.015,-1.0,2,0,0.0,0.340764331210191,0.1266198111135515,173.0,0.3352882109430746,74.75361760123883,11488.145610278372,10767.648,1885.0630000000003,1222.721,7659.864000000001,2100.343,8667.305000000002,19.506051832303577,1,0,0,50.0,50.0,50.0,1.0,0.0,0.0,0.0,1,0,0.0,0.0,1.0,0.0,0.0,0.0,1.0,1.0,0.0,0.0,0,0,0,0,0,0,0,14,2,2023,7,18,1,0,1,0,2,0,1,0.0,0,1,GRAVE_MORTALIDAD,2,1
3,2,0.0318471337579617,0,4,1,-9.394171646954865,-77.14233216814972,0,4,7,1,2,-1,-1,2,2135.1760000000004,1.0,-1,2,0.0,0.340764331210191,0.1266198111135515,705.0,0.4706020961968497,75.17338170095528,9915.20556745182,10767.648,1885.0630000000003,1222.721,7659.864000000001,2100.343,8667.305000000002,19.506051832303577,2,0,0,34.5,33.0,36.0,1.0,1.0,0.0,0.0,2,0,0.0,0.0,0.0,1.0,1.0,0.0,1.0,0.0,1.0,1.0,0,0,0,0,0,0,0,16,2,2023,7,18,1,0,1,0,2,0,1,0.0,0,0,LEVE,0,1