CLASE SINIESTRO,CANTIDAD DE VEHICULOS DAÑADOS,DEPARTAMENTO,ZONA,TIPO DE VÍA,RED VIAL,COORDENADAS LATITUD,COORDENADAS  LONGITUD,CONDICIÓN CLIMÁTICA,ZONIFICACIÓN,CARACTERÍSTICAS DE VÍA,PERFIL LONGITUDINAL VÍA,SUPERFICIE DE CALZADA,¿EXISTE SEÑAL VERTICAL?,¿EXISTE SEÑAL HORIZONTAL?,CAUSA FACTOR PRINCIPAL,MTC_RVN_LONGITUD_KM,MTC_RVN_N_CARRILES_MEDIANA,MTC_RVN_SUPERFICIE_DOMINANTE,MTC_RVN_ESTADO_DOMINANTE,MTC_RVN_ES_CONCESIONADA,MTC_RVN_CONCESION_PRINCIPAL,MTC_RVN_CORREDOR_LOGISTICO,MTC_RVN_N_TRAMOS,IDH_2019,IDH_ESP_VIDA_2019,IDH_POBLACION_2019,MTC_DEP_RED_TOTAL_KM,MTC_DEP_NACIONAL_TOTAL_KM,MTC_DEP_DEPARTAMENTAL_TOTAL_KM,MTC_DEP_VECINAL_TOTAL_KM,MTC_DEP_PAV_TOTAL_KM,MTC_DEP_NO_PAV_TOTAL_KM,MTC_DEP_PCT_PAVIMENTADA,PER_N_CONDUCTORES,PER_N_CONDUCTORES_FUGADOS,PER_N_PEATONES,PER_EDAD_COND_PROM,PER_EDAD_COND_MIN,PER_EDAD_COND_MAX,PER_ANY_COND_MASCULINO,PER_ANY_LIC_PROBLEMA,PER_ANY_DOSAJE_POS,PER_ANY_DOSAJE_EVALUADO,VEH_TOTAL,VEH_N_FUGADOS,VEH_ANY_FUGADO,VEH_ANY_CARGA,VEH_ANY_PUBLICO,VEH_ANY_PARTICULAR,VEH_ANY_MOTO,VEH_ANY_AUTO,VEH_ANY_CAMION_BUS,VEH_ANY_SOAT_PROBLEMA,VEH_ANY_CITV_PROBLEMA,VEH_ANY_SEGURO_PROBLEMA,MTC_RVN_LONGITUD_KM_ERA_NULO,MTC_RVN_N_CARRILES_MEDIANA_ERA_NULO,MTC_RVN_ES_CONCESIONADA_ERA_NULO,MTC_RVN_N_TRAMOS_ERA_NULO,PER_EDAD_COND_PROM_ERA_NULO,PER_EDAD_COND_MIN_ERA_NULO,PER_EDAD_COND_MAX_ERA_NULO,HORA_NUM,FRANJA_HORARIA,ANIO,MES,DIA_MES,DIA_SEMANA,ES_FIN_SEMANA,ES_QUINCENA,REGION_NATURAL,NIVEL_SEÑALIZACION_ORD,ES_VIA_MULTICARRIL,ES_DEPTO_BAJO_PAVIMENTO,RATIO_CONDUCTORES_FUGADOS,ES_CURVA_Y_PENDIENTE,ES_VIA_NO_PAVIMENTADA,CATEGORIA_SEVERIDAD,CATEGORIA_SEVERIDAD_ENC,CLUSTER
0,1,0.0933450472216121,2,2,4,-8.08722418120818,-79.0330512838194,0,4,7,0,2,-1,-1,0,6543.555,2.0,-1,-1,1.0,0.4495936745003294,0.4495936745003294,1198.0,0.5961574154611067,78.8610661942771,197397.5888650964,8931.828000000005,1335.5899999999997,1935.9830000000004,5660.255000000005,1219.309,7712.519000000005,13.651281686122925,1,0,1,33.0,33.0,33.0,1.0,0.0,0.0,0.0,1,0,0.0,1.0,0.0,0.0,0.0,0.0,1.0,0.0,0.0,0.0,1,1,1,1,0,0,0,16,2,2023,9,18,0,0,1,0,2,0,1,0.0,0,0,LEVE,0,1
7,1,0.0213046343070502,0,4,1,-13.340325,-74.43667,0,4,7,0,2,1,0,2,1679.5849999999998,2.0,5,1,1.0,0.340764331210191,0.0082363276960245,315.0,0.1859776092837948,69.85250115366037,15617.884368308352,12678.733000000004,1805.074000000001,1774.0339999999994,9099.625000000004,2485.375000000001,10193.358000000002,19.602707936195205,1,0,0,32.0,32.0,32.0,1.0,0.0,0.0,1.0,2,1,1.0,0.0,1.0,0.0,0.0,0.0,1.0,0.0,1.0,1.0,0,0,0,0,0,0,0,20,3,2023,9,18,0,0,1,2,1,0,1,0.0,0,0,LEVE,0,4
0,1,0.0821436415550186,2,4,1,-15.485922,-70.124254,0,0,7,0,2,-1,-1,6,7586.903,2.0,5,2,1.0,0.340764331210191,0.067428069404788,1198.0,0.5759734352119,73.55929462493827,232834.39603082248,13642.312999999998,2020.7790000000005,2354.117,9267.416999999998,3314.0520000000006,10328.260999999997,24.29244952817019,1,0,1,47.0,47.0,47.0,1.0,0.0,0.0,0.0,1,0,0.0,0.0,0.0,1.0,0.0,0.0,1.0,0.0,0.0,0.0,0,0,0,0,0,0,0,23,3,2023,9,18,0,0,1,2,2,0,1,0.0,0,0,LEVE,0,4
3,1,0.2105205359103887,2,6,4,-12.05112478,-77.03211089,0,0,1,0,2,-1,-1,2,6543.555,2.0,-1,-1,1.0,0.4495936745003294,0.4495936745003294,1198.0,0.7646845961658533,80.23682119426338,250806.0877944326,7626.313,1683.4029999999998,1599.0829999999996,4343.827000000001,1814.875,5811.438000000001,23.7975414856432,2,0,0,42.0,25.0,59.0,1.0,0.0,0.0,0.0,2,0,0.0,0.0,1.0,1.0,1.0,0.0,1.0,0.0,0.0,0.0,1,1,1,1,0,0,0,6,1,2023,9,19,1,0,1,0,2,0,1,0.0,0,0,LEVE,0,0
2,1,0.2105205359103887,2,4,1,-12.144557,-76.981742,0,0,7,0,2,-1,-1,0,6639.975,2.0,5,2,1.0,0.340764331210191,0.074236766966835,1616.0,0.7289998534947872,80.50926319493618,384728.5117773019,7626.313,1683.4029999999998,1599.0829999999996,4343.827000000001,1814.875,5811.438000000001,23.7975414856432,1,0,0,37.0,33.0,40.0,1.0,0.0,0.0,0.0,1,0,0.0,0.0,1.0,0.0,0.0,0.0,1.0,1.0,0.0,1.0,0,0,0,0,1,1,1,8,1,2023,9,19,1,0,1,0,2,0,1,0.0,0,0,LEVE,0,0
0,1,0.0933450472216121,0,4,0,-8.336584689070525,-78.20781891674532,0,4,7,0,7,-1,-1,2,6543.555,2.0,-1,-1,1.0,0.4495936745003294,0.4495936745003294,1198.0,0.3206757529914507,75.21333323806027,18794.94860813704,8931.828000000005,1335.5899999999997,1935.9830000000004,5660.255000000005,1219.309,7712.519000000005,13.651281686122925,1,0,1,29.0,29.0,29.0,1.0,1.0,0.0,0.0,1,0,0.0,0.0,1.0,0.0,1.0,0.0,0.0,1.0,0.0,1.0,1,1,1,1,0,0,0,17,2,2023,9,19,1,0,1,0,2,0,1,0.0,0,1,LEVE,0,1
1,1,0.0933450472216121,0,4,1,-8.045565484285317,-78.84785615104636,0,4,7,0,2,-1,-1,0,610.6099999999999,2.0,5,2,1.0,0.0133977597188666,0.0065890621568196,100.0,0.5929579484728337,80.24150924632623,34739.39614561028,8931.828000000005,1335.5899999999997,1935.9830000000004,5660.255000000005,1219.309,7712.519000000005,13.651281686122925,1,1,1,37.0,33.0,40.0,0.0,0.0,0.0,0.0,1,1,1.0,0.0,0.0,0.0,0.0,0.0,0.0,0.0,0.0,1.0,0,0,0,0,1,1,1,20,3,2023,9,19,1,0,1,0,2,0,1,1.0,0,0,LEVE,0,1
0,1,0.0475510652317153,0,4,1,-15.14306,-74.980013,0,0,7,0,2,1,0,0,6639.975,2.0,5,2,1.0,0.340764331210191,0.074236766966835,1616.0,0.5563774842369664,77.00938809632027,27932.19700214133,3721.461,698.1859999999996,744.866,2278.409,1102.9029999999996,2618.558,29.636290693359403,1,0,1,47.0,47.0,47.0,1.0,0.0,0.0,0.0,1,0,0.0,0.0,1.0,0.0,0.0,0.0,1.0,0.0,0.0,0.0,0,0,0,0,0,0,0,21,3,2023,9,19,1,0,1,0,1,0,1,0.0,0,0,LEVE,0,8
1,1,0.0821436415550186,0,4,1,-16.40989,-69.18978,0,4,7,0,2,-1,-1,2,7586.903,2.0,5,2,1.0,0.340764331210191,0.067428069404788,1198.0,0.2394362064959017,73.4288503002124,17422.250535331903,13642.312999999998,2020.7790000000005,2354.117,9267.416999999998,3314.0520000000006,10328.260999999997,24.29244952817019,1,1,1,37.0,33.0,40.0,0.0,0.0,0.0,0.0,1,1,1.0,0.0,0.0,0.0,0.0,0.0,0.0,0.0,0.0,1.0,0,0,0,0,1,1,1,6,1,2023,9,20,2,0,1,2,2,0,1,1.0,0,0,LEVE,0,4
6,1,0.0933450472216121,0,4,1,-7.957323,-78.623727,0,4,7,0,2,-1,-1,6,610.6099999999999,2.0,5,2,1.0,0.0133977597188666,0.0065890621568196,100.0,0.3809823047796905,74.4473973089921,26695.141327623125,8931.828000000005,1335.5899999999997,1935.9830000000004,5660.255000000005,1219.309,7712.519000000005,13.651281686122925,1,0,0,62.0,62.0,62.0,1.0,0.0,0.0,0.0,1,0,0.0,0.0,0.0,1.0,0.0,1.0,0.0,0.0,0.0,0.0,0,0,0,0,0,0,0,13,2,2023,9,20,2,0,1,0,2,0,1,0.0,0,0,LEVE,0,1
6,1,0.0821436415550186,0,4,1,-16.48876,-69.109906,0,4,7,0,2,-1,-1,2,7586.903,2.0,5,2,1.0,0.340764331210191,0.067428069404788,1198.0,0.2394362064959017,73.4288503002124,17422.250535331903,13642.312999999998,2020.7790000000005,2354.117,9267.416999999998,3314.0520000000006,10328.260999999997,24.29244952817019,1,0,0,33.0,33.0,33.0,0.0,1.0,0.0,0.0,1,0,0.0,0.0,0.0,1.0,0.0,0.0,1.0,0.0,0.0,0.0,0,0,0,0,0,0,0,6,1,2023,9,21,3,0,1,2,2,0,1,0.0,0,0,LEVE,0,4
0,1,0.0766527564243356,2,4,0,-16.35174,-71.610933,7,3,7,0,2,-1,-1,0,6543.555,2.0,-1,-1,1.0,0.4495936745003294,0.4495936745003294,1198.0,0.6411767862503931,77.2408324916572,193412.3169164882,10322.272,1495.236,1749.739,7077.2970000000005,2886.595,7435.677000000001,27.964725207783708,1,0,1,37.0,37.0,37.0,1.0,0.0,0.0,1.0,1,0,0.0,0.0,1.0,0.0,0.0,0.0,1.0,0.0,0.0,0.0,1,1,1,1,0,0,0,9,1,2023,9,21,3,0,1,0,2,0,1,0.0,0,0,LEVE,0,4
0,1,0.2105205359103887,2,4,1,-12.023776,-76.961846,0,3,7,0,2,-1,-1,4,875.67,2.0,5,2,1.0,0.0162530199868218,0.0124094003953437,156.0,0.701053025277506,79.62867561460851,1150285.0494171206,7626.313,1683.4029999999998,1599.0829999999996,4343.827000000001,1814.875,5811.438000000001,23.7975414856432,1,0,1,45.0,45.0,45.0,1.0,0.0,0.0,0.0,1,0,0.0,1.0,0.0,0.0,0.0,0.0,1.0,0.0,0.0,0.0,0,0,0,0,0,0,0,11,1,2023,9,21,3,0,1,0,2,0,1,0.0,0,0,LEVE,0,0
10,1,0.0597408302218317,0,4,3,-6.298809,-78.521754,0,4,7,1,1,-1,-1,2,6543.555,2.0,-1,-1,1.0,0.4495936745003294,0.4495936745003294,1198.0,0.1931320229108092,72.70918195935188,3600.126338329764,15935.565011852366,1733.9250000199986,935.692,13265.948011832368,2000.1670000199988,13935.398011832369,12.551591352627522,1,0,0,27.0,27.0,27.0,1.0,0.0,0.0,1.0,1,0,0.0,1.0,0.0,0.0,0.0,0.0,1.0,1.0,1.0,1.0,1,1,1,1,0,0,0,18,3,2023,9,21,3,0,1,2,2,0,1,0.0,0,1,LEVE,0,1
0,1,0.0766527564243356,2,4,2,-16.537847,-71.477564,0,3,0,0,2,-1,-1,0,6543.555,2.0,-1,-1,1.0,0.4495936745003294,0.4495936745003294,1198.0,0.6035485627205712,76.57708524134819,3250.216274089936,10322.272,1495.236,1749.739,7077.2970000000005,2886.595,7435.677000000001,27.964725207783708,1,1,1,37.0,33.0,40.0,0.0,0.0,0.0,0.0,1,1,1.0,0.0,0.0,0.0,0.0,0.0,0.0,0.0,0.0,1.0,1,1,1,1,1,1,1,18,3,2023,9,21,3,0,1,0,2,0,1,1.0,0,0,LEVE,0,4
3,1,0.0497474192839885,0,4,1,-5.152539,-80.696009,0,4,7,0,2,-1,-1,0,6543.555,3.0,5,2,1.0,0.1133318690972984,0.1133318690972984,1475.0,0.5997462042553465,78.40793944726823,183875.0,8965.846000060003,1782.4120000599992,636.9959999999999,6546.438000000004,2214.505000059999,6751.341000000004,24.699342371541725,2,0,0,43.0,39.0,47.0,1.0,1.0,1.0,1.0,2,0,0.0,0.0,1.0,1.0,1.0,1.0,0.0,0.0,1.0,1.0,0,0,0,0,0,0,0,1,0,2023,9,22,4,0,1,0,2,1,1,0.0,0,0,LEVE,0,3
3,1,0.2105205359103887,2,4,1,-12.03497018,-77.01010964,0,0,7,0,2,-1,-1,2,6543.555,3.0,5,2,1.0,0.1133318690972984,0.1133318690972984,1475.0,0.7646845961658533,80.23682119426338,250806.0877944326,7626.313,1683.4029999999998,1599.0829999999996,4343.827000000001,1814.875,5811.438000000001,23.7975414856432,2,0,0,32.0,27.0,37.0,1.0,1.0,0.0,0.0,2,0,0.0,0.0,0.0,1.0,1.0,0.0,1.0,0.0,1.0,0.0,0,0,0,0,0,0,0,9,1,2023,9,22,4,0,1,0,2,1,1,0.0,0,0,LEVE,0,0
0,1,0.0821436415550186,0,4,1,-15.2768256,-69.9119287,0,4,7,0,2,-1,-1,4,1762.84,2.0,-1,2,0.0,0.340764331210191,0.1266198111135515,485.0,0.3120136684565522,74.56643070176949,12390.518201284798,13642.312999999998,2020.7790000000005,2354.117,9267.416999999998,3314.0520000000006,10328.260999999997,24.29244952817019,1,0,1,38.0,38.0,38.0,1.0,0.0,0.0,0.0,1,0,0.0,0.0,0.0,1.0,0.0,0.0,1.0,0.0,0.0,0.0,0,0,0,0,0,0,0,17,2,2023,9,22,4,0,1,2,2,0,1,0.0,0,0,LEVE,0,4
5,1,0.0497474192839885,0,4,1,-5.112458,-80.854823,0,4,7,0,2,-1,-1,0,245.29,2.0,5,2,1.0,0.0160333845815945,0.0464528882055787,18.0,0.5428409581568773,81.13869061428008,12632.488222698072,8965.846000060003,1782.4120000599992,636.9959999999999,6546.438000000004,2214.505000059999,6751.341000000004,24.699342371541725,2,1,0,32.0,32.0,32.0,1.0,0.0,0.0,1.0,2,1,1.0,0.0,0.0,1.0,1.0,0.0,0.0,0.0,0.0,1.0,0,0,0,0,0,0,0,1,0,2023,9,23,5,1,1,0,2,0,1,0.5,0,0,LEVE,0,3
3,2,0.2105205359103887,2,4,1,-10.98612,-77.64243,0,3,7,0,2,1,0,2,6543.555,3.0,5,2,1.0,0.1133318690972984,0.1133318690972984,1475.0,0.6058977644686256,75.86009868534626,26242.524625267662,7626.313,1683.4029999999998,1599.0829999999996,4343.827000000001,1814.875,5811.438000000001,23.7975414856432,2,0,0,54.0,51.0,57.0,1.0,1.0,0.0,1.0,2,0,0.0,0.0,1.0,1.0,0.0,1.0,1.0,0.0,1.0,0.0,0,0,0,0,0,0,0,1,0,2023,9,23,5,1,1,0,1,1,1,0.0,0,0,LEVE,0,0
3,2,0.0933450472216121,0,4,1,-7.4047290759,-79.557508393,0,4,7,0,2,-1,-1,0,6543.555,3.0,5,2,1.0,0.1133318690972984,0.1133318690972984,1475.0,0.5968586479601472,81.56479096531379,27553.95503211992,8931.828000000005,1335.5899999999997,1935.9830000000004,5660.255000000005,1219.309,7712.519000000005,13.651281686122925,2,0,0,37.5,33.0,42.0,1.0,1.0,0.0,0.0,2,0,0.0,0.0,0.0,1.0,1.0,0.0,1.0,0.0,0.0,1.0,0,0,0,0,0,0,0,5,0,2023,9,23,5,1,1,0,2,1,1,0.0,0,0,GRAVE_MORTALIDAD,2,1
6,1,0.0062596090489786,0,4,0,-12.860916,-71.360603,0,4,7,0,1,-1,-1,2,6543.555,2.0,-1,-1,1.0,0.4495936745003294,0.4495936745003294,1198.0,0.5463073647192098,74.79448830372067,1430.343505006335,2090.391,399.431,340.021,1350.9389999999996,493.824,1596.5669999999996,23.62352306338862,1,0,0,22.0,22.0,22.0,1.0,1.0,0.0,0.0,1,0,0.0,0.0,0.0,1.0,1.0,0.0,0.0,1.0,1.0,1.0,1,1,1,1,0,0,0,8,1,2023,9,23,5,1,1,1,2,0,1,0.0,0,1,LEVE,0,4
3,2,0.0821436415550186,0,4,1,-16.74280844372543,-69.71780054364821,0,4,0,1,2,-1,-1,2,1529.105,2.0,5,2,1.0,0.340764331210191,0.0038436195914781,200.0,0.3367238884705214,79.36896456880557,5778.8501070663815,13642.312999999998,2020.7790000000005,2354.117,9267.416999999998,3314.0520000000006,10328.260999999997,24.29244952817019,2,0,0,61.0,57.0,65.0,1.0,0.0,0.0,0.0,2,0,0.0,0.0,0.0,1.0,1.0,0.0,1.0,0.0,0.0,1.0,0,0,0,0,0,0,0,10,1,2023,9,23,5,1,1,2,2,0,1,0.0,1,0,GRAVE_MORTALIDAD,2,4
3,1,0.0766527564243356,0,4,1,-16.736232,-71.951757,0,4,7,0,2,-1,-1,0,289.55,2.0,5,2,1.0,0.0252580716011421,0.0230617175488688,10.0,0.6456305778571253,75.67334095395331,21630.747323340474,10322.272,1495.236,1749.739,7077.2970000000005,2886.595,7435.677000000001,27.964725207783708,2,0,0,30.0,26.0,34.0,1.0,0.0,0.0,1.0,2,0,0.0,1.0,0.0,1.0,0.0,0.0,1.0,0.0,0.0,0.0,0,0,0,0,0,0,0,18,3,2023,9,23,5,1,1,0,2,0,1,0.0,0,0,LEVE,0,4
3,2,0.0933450472216121,0,4,1,-7.77302808621274,-79.12517625987621,0,4,7,0,2,-1,-1,0,748.6850000000001,2.0,5,2,0.0,0.340764331210191,0.1266198111135515,215.0,0.5721567587688113,77.67102283812494,15563.077087794432,8931.828000000005,1335.5899999999997,1935.9830000000004,5660.255000000005,1219.309,7712.519000000005,13.651281686122925,2,0,0,45.0,43.0,47.0,1.0,1.0,0.0,0.0,2,0,0.0,0.0,0.0,1.0,1.0,1.0,0.0,0.0,0.0,1.0,0,0,0,0,0,0,0,22,3,2023,9,23,5,1,1,0,2,0,1,0.0,0,0,LEVE,0,1
1,1,0.2105205359103887,2,2,4,-12.040662527667468,-76.98161261717986,0,3,7,0,2,-1,-1,0,6543.555,2.0,-1,-1,1.0,0.4495936745003294,0.4495936745003294,1198.0,0.7347309224519117,80.70014842215761,229834.5310492505,7626.313,1683.4029999999998,1599.0829999999996,4343.827000000001,1814.875,5811.438000000001,23.7975414856432,1,1,1,37.0,33.0,40.0,0.0,0.0,0.0,0.0,1,1,1.0,0.0,0.0,0.0,0.0,0.0,0.0,0.0,0.0,1.0,1,1,1,1,1,1,1,2,0,2023,9,24,6,1,1,0,2,0,1,1.0,0,0,LEVE,0,0
3,1,0.0420601801010322,2,2,4,-12.05062,-75.221539,0,0,1,0,2,0,1,2,6543.555,2.0,-1,-1,1.0,0.4495936745003294,0.4495936745003294,1198.0,0.6349620447591086,73.34739425042062,167365.50535331905,12264.545,1826.4639999999995,1105.5389999999998,9332.542,1588.5359999999996,10676.009,12.952261987705208,2,0,2,32.0,31.0,33.0,1.0,0.0,0.0,1.0,2,0,0.0,1.0,0.0,1.0,0.0,1.0,1.0,0.0,0.0,0.0,1,1,1,1,0,0,0,5,0,2023,9,24,6,1,1,2,1,0,1,0.0,0,0,LEVE,0,4
0,1,0.0045025258071601,0,4,1,-8.420946,-74.694917,0,4,7,0,2,-1,-1,4,1169.3919999999998,2.0,3,-1,0.0,0.340764331210191,0.1266198111135515,75.0,0.4362106858928199,75.91054080603905,14497.284796573877,2689.139,392.697,1311.5319999999997,984.91,261.598,2427.541,9.727946379863592,1,0,1,29.0,29.0,29.0,1.0,1.0,0.0,0.0,1,0,0.0,0.0,0.0,0.0,0.0,1.0,0.0,1.0,1.0,1.0,0,0,0,0,0,0,0,19,3,2023,9,24,6,1,1,1,2,0,1,0.0,0,0,LEVE,0,18
1,1,0.2105205359103887,2,4,1,-11.10219,-77.58955,0,3,7,1,2,-1,-1,0,6543.555,3.0,5,2,1.0,0.1133318690972984,0.1133318690972984,1475.0,0.6256541286888256,76.866876725279,37972.95074946467,7626.313,1683.4029999999998,1599.0829999999996,4343.827000000001,1814.875,5811.438000000001,23.7975414856432,1,1,1,37.0,33.0,40.0,0.0,0.0,0.0,0.0,1,1,1.0,0.0,0.0,0.0,0.0,0.0,0.0,0.0,0.0,1.0,0,0,0,0,1,1,1,23,3,2023,9,24,6,1,1,0,2,1,1,1.0,0,0,LEVE,0,0
0,0,0.0161432022842082,2,4,2,-17.97841,-70.2373,0,3,7,0,2,-1,-1,4,6543.555,2.0,-1,-1,1.0,0.4495936745003294,0.4495936745003294,1198.0,0.5247346827766403,77.18848313096647,37523.97002141328,2650.572,630.6729999999998,487.3610000000001,1532.5379999999998,1068.7019999999998,1581.87,40.31967439480987,1,0,1,67.0,67.0,67.0,1.0,0.0,0.0,1.0,1,0,0.0,0.0,0.0,0.0,0.0,0.0,1.0,0.0,1.0,0.0,1,1,1,1,0,0,0,0,0,2023,9,25,0,0,1,0,2,0,1,0.0,0,0,LEVE,0,15
5,2,0.0293213265978475,2,4,2,-6.11258098630191,-77.1445935258612,0,0,7,0,1,-1,-1,0,6543.555,2.0,-1,-1,1.0,0.4495936745003294,0.4495936745003294,1198.0,0.4434371341517895,72.50126240731645,3077.9743040685225,5645.136,815.0759999999999,965.298,3864.762,1013.406,4631.73,17.95184385283189,2,0,0,23.5,22.0,25.0,1.0,1.0,0.0,0.0,2,0,0.0,0.0,0.0,1.0,1.0,0.0,0.0,1.0,1.0,1.0,1,1,1,1,0,0,0,5,0,2023,9,25,0,0,1,1,2,0,1,0.0,0,1,LEVE,0,2
3,2,0.0045025258071601,0,4,1,-8.448886763473837,-74.76860408192664,0,4,7,0,2,-1,-1,2,1169.3919999999998,2.0,3,-1,0.0,0.340764331210191,0.1266198111135515,75.0,0.4362106858928199,75.91054080603905,14497.284796573877,2689.139,392.697,1311.5319999999997,984.91,261.598,2427.541,9.727946379863592,2,0,0,37.5,19.0,56.0,1.0,1.0,0.0,1.0,2,0,0.0,0.0,1.0,1.0,1.0,0.0,0.0,1.0,1.0,1.0,0,0,0,0,0,0,0,6,1,2023,9,25,0,0,1,1,2,0,1,0.0,0,0,LEVE,0,18
7,1,0.0821436415550186,0,4,1,-16.26475074781152,-69.29588359557465,0,4,2,1,3,-1,-1,2,7586.903,2.0,5,2,1.0,0.340764331210191,0.067428069404788,1198.0,0.3165090894545869,72.969641049674,13778.516059957172,13642.312999999998,2020.7790000000005,2354.117,9267.416999999998,3314.0520000000006,10328.260999999997,24.29244952817019,1,0,0,54.0,54.0,54.0,1.0,1.0,0.0,0.0,1,0,0.0,0.0,0.0,0.0,0.0,0.0,0.0,0.0,0.0,1.0,0,0,0,0,0,0,0,8,1,2023,9,25,0,0,1,2,2,0,1,0.0,0,1,LEVE,0,4
3,1,0.0497474192839885,0,4,1,-5.345303,-80.6183499,0,4,7,0,2,-1,-1,0,6543.555,3.0,5,2,1.0,0.1133318690972984,0.1133318690972984,1475.0,0.3808780806094198,75.58814012425684,18828.24197002141,8965.846000060003,1782.4120000599992,636.9959999999999,6546.438000000004,2214.505000059999,6751.341000000004,24.699342371541725,2,0,0,30.5,20.0,41.0,1.0,0.0,0.0,1.0,2,0,0.0,0.0,0.0,1.0,1.0,0.0,1.0,0.0,1.0,0.0,0,0,0,0,0,0,0,15,2,2023,9,25,0,0,1,0,2,1,1,0.0,0,0,LEVE,0,3
6,1,0.0933450472216121,0,4,0,-7.872818324649157,-78.76951014581378,0,4,0,0,1,-1,-1,0,6543.555,2.0,-1,-1,1.0,0.4495936745003294,0.4495936745003294,1198.0,0.1489804037351606,77.07739930292834,7770.149892933619,8931.828000000005,1335.5899999999997,1935.9830000000004,5660.255000000005,1219.309,7712.519000000005,13.651281686122925,1,0,0,22.0,22.0,22.0,1.0,1.0,0.0,0.0,1,0,0.0,0.0,0.0,1.0,0.0,0.0,1.0,0.0,0.0,0.0,1,1,1,1,0,0,0,17,2,2023,9,25,0,0,1,0,2,0,1,0.0,0,1,GRAVE_MORTALIDAD,2,1
1,1,0.0766527564243356,2,4,1,-16.5123924,-71.8091597,0,0,7,0,2,-1,-1,0,6639.975,2.0,5,2,1.0,0.340764331210191,0.074236766966835,1616.0,0.6105481451420971,78.10653088113892,35025.678800856535,10322.272,1495.236,1749.739,7077.2970000000005,2886.595,7435.677000000001,27.964725207783708,1,0,1,28.0,28.0,28.0,1.0,0.0,0.0,1.0,1,0,0.0,0.0,1.0,0.0,0.0,0.0,1.0,0.0,0.0,0.0,0,0,0,0,0,0,0,18,3,2023,9,25,0,0,1,0,2,0,1,0.0,0,0,LEVE,0,4
6,1,0.0902701515484296,0,4,0,-14.200679,-71.43924058,0,4,7,1,2,-1,-1,2,6543.555,2.0,-1,-1,1.0,0.4495936745003294,0.4495936745003294,1198.0,0.2882750993706783,61.105307438693615,8821.728051391863,17779.13499998999,2097.37099999,2863.123,12818.640999999989,2878.713,14900.421999989989,16.19152450331032,1,0,0,26.0,26.0,26.0,1.0,1.0,0.0,0.0,1,0,0.0,0.0,0.0,1.0,1.0,0.0,0.0,1.0,0.0,1.0,1,1,1,1,0,0,0,22,3,2023,9,25,0,0,1,2,2,0,1,0.0,0,0,LEVE,0,4
10,1,0.2105205359103887,2,4,1,-12.0424368,-77.03060399,0,0,7,0,2,-1,-1,2,6543.555,3.0,5,2,1.0,0.1133318690972984,0.1133318690972984,1475.0,0.7300036506368504,80.21724456394445,156759.78800856532,7626.313,1683.4029999999998,1599.0829999999996,4343.827000000001,1814.875,5811.438000000001,23.7975414856432,1,0,0,34.0,34.0,34.0,1.0,0.0,0.0,0.0,1,0,0.0,0.0,0.0,1.0,1.0,0.0,0.0,0.0,1.0,0.0,0,0,0,0,0,0,0,1,0,2023,9,26,1,0,1,0,2,1,1,0.0,0,0,LEVE,0,0
3,1,0.0766527564243356,2,2,4,-16.409531,-71.533565,0,3,7,0,2,-1,-1,0,6543.555,2.0,-1,-1,1.0,0.4495936745003294,0.4495936745003294,1198.0,0.7621671359922388,78.82549845032362,42333.23340471092,10322.272,1495.236,1749.739,7077.2970000000005,2886.595,7435.677000000001,27.964725207783708,2,0,0,32.5,29.0,36.0,1.0,0.0,0.0,1.0,2,0,0.0,1.0,0.0,1.0,1.0,0.0,1.0,0.0,0.0,0.0,1,1,1,1,0,0,0,7,1,2023,9,26,1,0,1,0,2,0,1,0.0,0,0,LEVE,0,4
0,1,0.2105205359103887,2,4,1,-11.769943,-77.158992,0,4,7,0,2,-1,-1,0,6543.555,3.0,5,2,1.0,0.1133318690972984,0.1133318690972984,1475.0,0.6688889885290078,77.65971620762488,54956.252676659526,7626.313,1683.4029999999998,1599.0829999999996,4343.827000000001,1814.875,5811.438000000001,23.7975414856432,1,1,2,37.0,33.0,40.0,0.0,0.0,0.0,0.0,1,0,0.0,0.0,0.0,1.0,1.0,0.0,0.0,1.0,1.0,1.0,0,0,0,0,1,1,1,19,3,2023,9,26,1,0,1,0,2,1,1,1.0,0,0,LEVE,0,0
3,1,0.2105205359103887,2,3,4,-11.95251972,-77.05317792,0,0,1,0,2,-1,-1,0,6543.555,2.0,-1,-1,1.0,0.4495936745003294,0.4495936745003294,1198.0,0.7218926988400113,80.0902077245261,530000.3426124197,7626.313,1683.4029999999998,1599.0829999999996,4343.827000000001,1814.875,5811.438000000001,23.7975414856432,2,0,0,25.0,21.0,29.0,1.0,0.0,0.0,0.0,2,0,0.0,0.0,1.0,1.0,1.0,0.0,0.0,1.0,1.0,1.0,1,1,1,1,0,0,0,6,1,2023,9,27,2,0,1,0,2,0,1,0.0,0,0,LEVE,0,0
6,1,0.2105205359103887,0,4,1,-11.747355,-76.291037,0,4,7,0,2,-1,-1,0,875.67,2.0,5,2,1.0,0.0162530199868218,0.0124094003953437,156.0,0.5875492687605783,71.08096456381881,4714.991434689508,7626.313,1683.4029999999998,1599.0829999999996,4343.827000000001,1814.875,5811.438000000001,23.7975414856432,1,0,1,48.0,48.0,48.0,1.0,0.0,0.0,0.0,1,0,0.0,1.0,0.0,0.0,0.0,0.0,1.0,0.0,0.0,0.0,0,0,0,0,0,0,0,15,2,2023,9,27,2,0,1,0,2,0,1,0.0,0,0,LEVE,0,4