CLASE SINIESTRO,CANTIDAD DE VEHICULOS DAÑADOS,DEPARTAMENTO,ZONA,TIPO DE VÍA,RED VIAL,COORDENADAS LATITUD,COORDENADAS  LONGITUD,CONDICIÓN CLIMÁTICA,ZONIFICACIÓN,CARACTERÍSTICAS DE VÍA,PERFIL LONGITUDINAL VÍA,SUPERFICIE DE CALZADA,¿EXISTE SEÑAL VERTICAL?,¿EXISTE SEÑAL HORIZONTAL?,CAUSA FACTOR PRINCIPAL,MTC_RVN_LONGITUD_KM,MTC_RVN_N_CARRILES_MEDIANA,MTC_RVN_SUPERFICIE_DOMINANTE,MTC_RVN_ESTADO_DOMINANTE,MTC_RVN_ES_CONCESIONADA,MTC_RVN_CONCESION_PRINCIPAL,MTC_RVN_CORREDOR_LOGISTICO,MTC_RVN_N_TRAMOS,IDH_2019,IDH_ESP_VIDA_2019,IDH_POBLACION_2019,MTC_DEP_RED_TOTAL_KM,MTC_DEP_NACIONAL_TOTAL_KM,MTC_DEP_DEPARTAMENTAL_TOTAL_KM,MTC_DEP_VECINAL_TOTAL_KM,MTC_DEP_PAV_TOTAL_KM,MTC_DEP_NO_PAV_TOTAL_KM,MTC_DEP_PCT_PAVIMENTADA,PER_N_CONDUCTORES,PER_N_CONDUCTORES_FUGADOS,PER_N_PEATONES,PER_EDAD_COND_PROM,PER_EDAD_COND_MIN,PER_EDAD_COND_MAX,PER_ANY_COND_MASCULINO,PER_ANY_LIC_PROBLEMA,PER_ANY_DOSAJE_POS,PER_ANY_DOSAJE_EVALUADO,VEH_TOTAL,VEH_N_FUGADOS,VEH_ANY_FUGADO,VEH_ANY_CARGA,VEH_ANY_PUBLICO,VEH_ANY_PARTICULAR,VEH_ANY_MOTO,VEH_ANY_AUTO,VEH_ANY_CAMION_BUS,VEH_ANY_SOAT_PROBLEMA,VEH_ANY_CITV_PROBLEMA,VEH_ANY_SEGURO_PROBLEMA,MTC_RVN_LONGITUD_KM_ERA_NULO,MTC_RVN_N_CARRILES_MEDIANA_ERA_NULO,MTC_RVN_ES_CONCESIONADA_ERA_NULO,MTC_RVN_N_TRAMOS_ERA_NULO,PER_EDAD_COND_PROM_ERA_NULO,PER_EDAD_COND_MIN_ERA_NULO,PER_EDAD_COND_MAX_ERA_NULO,HORA_NUM,FRANJA_HORARIA,ANIO,MES,DIA_MES,DIA_SEMANA,ES_FIN_SEMANA,ES_QUINCENA,REGION_NATURAL,NIVEL_SEÑALIZACION_ORD,ES_VIA_MULTICARRIL,ES_DEPTO_BAJO_PAVIMENTO,RATIO_CONDUCTORES_FUGADOS,ES_CURVA_Y_PENDIENTE,ES_VIA_NO_PAVIMENTADA,CATEGORIA_SEVERIDAD,CATEGORIA_SEVERIDAD_ENC,CLUSTER
1,1,0.2105205359103887,0,4,1,-12.368539,-76.787526,0,4,7,0,2,1,1,0,6639.975,2.0,5,2,1.0,0.340764331210191,0.074236766966835,1616.0,0.6997623570346938,76.1024633480164,8292.871520342613,7626.313,1683.4029999999998,1599.0829999999996,4343.827000000001,1814.875,5811.438000000001,23.7975414856432,1,1,1,37.0,33.0,40.0,0.0,0.0,0.0,0.0,1,1,1.0,0.0,0.0,0.0,0.0,0.0,0.0,0.0,0.0,1.0,0,0,0,0,1,1,1,21,3,2023,11,27,0,0,1,0,2,0,1,1.0,0,0,LEVE,0,0
1,1,0.2105205359103887,2,4,1,-12.04196646,-77.01998696,0,0,7,1,2,-1,-1,0,6543.555,3.0,5,2,1.0,0.1133318690972984,0.1133318690972984,1475.0,0.7300036506368504,80.21724456394445,156759.78800856532,7626.313,1683.4029999999998,1599.0829999999996,4343.827000000001,1814.875,5811.438000000001,23.7975414856432,1,1,1,37.0,33.0,40.0,0.0,0.0,0.0,0.0,1,1,1.0,0.0,0.0,0.0,0.0,0.0,0.0,0.0,0.0,1.0,0,0,0,0,1,1,1,4,0,2023,11,28,1,0,1,0,2,1,1,1.0,0,0,LEVE,0,0
0,1,0.2105205359103887,2,3,4,-11.109567850540602,-77.58845593015225,0,3,1,0,2,-1,-1,4,6543.555,2.0,-1,-1,1.0,0.4495936745003294,0.4495936745003294,1198.0,0.6256541286888256,76.866876725279,37972.95074946467,7626.313,1683.4029999999998,1599.0829999999996,4343.827000000001,1814.875,5811.438000000001,23.7975414856432,1,0,1,30.0,30.0,30.0,1.0,0.0,0.0,1.0,1,0,0.0,1.0,0.0,0.0,0.0,0.0,1.0,0.0,0.0,0.0,1,1,1,1,0,0,0,9,1,2023,11,28,1,0,1,0,2,0,1,0.0,0,0,LEVE,0,0
3,1,0.0497474192839885,2,2,4,-5.17956956966073,-80.6778761225774,0,4,1,0,2,-1,-1,2,6543.555,2.0,-1,-1,1.0,0.4495936745003294,0.4495936745003294,1198.0,0.5997462042553465,78.40793944726823,183875.0,8965.846000060003,1782.4120000599992,636.9959999999999,6546.438000000004,2214.505000059999,6751.341000000004,24.699342371541725,2,0,0,53.5,45.0,62.0,1.0,0.0,0.0,1.0,2,0,0.0,0.0,1.0,0.0,0.0,0.0,1.0,0.0,1.0,0.0,1,1,1,1,0,0,0,11,1,2023,11,28,1,0,1,0,2,0,1,0.0,0,0,LEVE,0,3
3,2,0.0933450472216121,0,4,2,-8.444481465302472,-78.81420865324863,0,4,7,0,1,-1,-1,2,6543.555,2.0,-1,-1,1.0,0.4495936745003294,0.4495936745003294,1198.0,0.5051395598219868,77.13285387085847,67612.41755888652,8931.828000000005,1335.5899999999997,1935.9830000000004,5660.255000000005,1219.309,7712.519000000005,13.651281686122925,2,0,0,29.0,17.0,41.0,1.0,1.0,0.0,0.0,2,0,0.0,0.0,0.0,1.0,1.0,1.0,0.0,1.0,0.0,0.0,1,1,1,1,0,0,0,13,2,2023,11,28,1,0,1,0,2,0,1,0.0,0,1,LEVE,0,1
0,1,0.0161432022842082,0,4,2,-17.320923,-70.433619,0,4,7,0,2,-1,-1,4,6543.555,2.0,-1,-1,1.0,0.4495936745003294,0.4495936745003294,1198.0,0.4109227257681485,69.72156319304366,1012.406852248394,2650.572,630.6729999999998,487.3610000000001,1532.5379999999998,1068.7019999999998,1581.87,40.31967439480987,1,0,1,36.0,36.0,36.0,1.0,0.0,0.0,1.0,1,0,0.0,0.0,0.0,1.0,0.0,0.0,1.0,0.0,0.0,0.0,1,1,1,1,0,0,0,15,2,2023,11,28,1,0,1,0,2,0,1,0.0,0,0,LEVE,0,-1
3,2,0.0933450472216121,0,4,1,-7.993094,-78.293283,2,4,7,0,2,-1,-1,0,9936.932,2.0,5,2,1.0,0.340764331210191,0.1266198111135515,3830.0,0.4320883936567258,76.718936301794,13167.552462526766,8931.828000000005,1335.5899999999997,1935.9830000000004,5660.255000000005,1219.309,7712.519000000005,13.651281686122925,2,0,0,24.5,22.0,27.0,1.0,1.0,0.0,0.0,2,0,0.0,0.0,0.0,1.0,1.0,0.0,1.0,0.0,1.0,1.0,0,0,0,0,0,0,0,19,3,2023,11,28,1,0,1,0,2,0,1,0.0,0,0,LEVE,0,1
3,2,0.0766527564243356,0,4,0,-16.332863,-72.166079,0,4,7,0,2,0,1,0,6543.555,2.0,-1,-1,1.0,0.4495936745003294,0.4495936745003294,1198.0,0.6077843615696785,76.53072135400231,74658.55888650964,10322.272,1495.236,1749.739,7077.2970000000005,2886.595,7435.677000000001,27.964725207783708,2,0,0,45.5,44.0,47.0,1.0,1.0,0.0,1.0,2,0,0.0,0.0,1.0,1.0,1.0,0.0,0.0,1.0,0.0,1.0,1,1,1,1,0,0,0,4,0,2023,11,29,2,0,1,0,1,0,1,0.0,0,0,LEVE,0,4
0,1,0.0161432022842082,0,4,1,-17.833542,-70.536717,0,4,7,0,2,-1,-1,4,6639.975,2.0,5,2,1.0,0.340764331210191,0.074236766966835,1616.0,0.5526222945995614,74.2498786138685,2956.51391862955,2650.572,630.6729999999998,487.3610000000001,1532.5379999999998,1068.7019999999998,1581.87,40.31967439480987,1,0,1,44.0,44.0,44.0,1.0,0.0,0.0,1.0,1,0,0.0,0.0,1.0,0.0,0.0,0.0,1.0,0.0,0.0,0.0,0,0,0,0,0,0,0,4,0,2023,11,29,2,0,1,0,2,0,1,0.0,0,0,LEVE,0,38
3,1,0.0153744783659125,2,4,1,-11.8250424,-77.1229566205,0,2,7,0,2,-1,-1,1,6543.555,3.0,5,2,1.0,0.1133318690972984,0.1133318690972984,1475.0,0.5563774842369664,77.00938809632027,27932.19700214133,51.58600000000001,44.68700000000001,6.899000000000001,0.0,49.838000000000015,1.748,96.61148373589734,2,0,0,44.0,38.0,50.0,1.0,0.0,0.0,0.0,2,0,0.0,1.0,0.0,1.0,1.0,0.0,1.0,0.0,1.0,0.0,0,0,0,0,0,0,0,10,1,2023,11,29,2,0,1,2,2,1,0,0.0,0,0,LEVE,0,0
3,2,0.0821436415550186,0,4,1,-15.3610386,-70.0521189,0,4,7,0,2,-1,-1,2,1762.84,2.0,-1,2,0.0,0.340764331210191,0.1266198111135515,485.0,0.2399049659709538,73.66748174046536,4818.295503211992,13642.312999999998,2020.7790000000005,2354.117,9267.416999999998,3314.0520000000006,10328.260999999997,24.29244952817019,2,0,0,51.5,37.0,66.0,1.0,1.0,0.0,0.0,2,0,0.0,0.0,0.0,1.0,0.0,1.0,1.0,1.0,1.0,1.0,0,0,0,0,0,0,0,12,2,2023,11,29,2,0,1,2,2,0,1,0.0,0,0,LEVE,0,4
1,1,0.0420601801010322,2,4,1,-11.957444,-75.276379,0,4,7,0,2,0,1,0,7586.903,2.0,5,2,1.0,0.340764331210191,0.067428069404788,1198.0,0.5461790591051493,72.19386023762785,11141.967880085656,12264.545,1826.4639999999995,1105.5389999999998,9332.542,1588.5359999999996,10676.009,12.952261987705208,2,1,1,56.0,56.0,56.0,1.0,0.0,0.0,1.0,2,1,1.0,0.0,0.0,1.0,0.0,1.0,0.0,0.0,0.0,1.0,0,0,0,0,0,0,0,19,3,2023,11,29,2,0,1,2,1,0,1,0.5,0,0,LEVE,0,4
6,1,0.0766527564243356,2,4,1,-16.5050105,-71.8224081,0,3,7,0,2,0,1,0,6639.975,2.0,5,2,1.0,0.340764331210191,0.074236766966835,1616.0,0.6105481451420971,78.10653088113892,35025.678800856535,10322.272,1495.236,1749.739,7077.2970000000005,2886.595,7435.677000000001,27.964725207783708,1,0,0,21.0,21.0,21.0,1.0,0.0,0.0,0.0,1,0,0.0,0.0,0.0,1.0,1.0,0.0,0.0,1.0,0.0,0.0,0,0,0,0,0,0,0,21,3,2023,11,29,2,0,1,0,1,0,1,0.0,0,0,LEVE,0,4
3,2,0.0933450472216121,0,4,1,-8.71773,-78.636349,0,4,7,0,2,-1,-1,2,6543.555,3.0,5,2,1.0,0.1133318690972984,0.1133318690972984,1475.0,0.4867987483268106,77.5825534369154,9838.736616702356,8931.828000000005,1335.5899999999997,1935.9830000000004,5660.255000000005,1219.309,7712.519000000005,13.651281686122925,2,0,0,38.5,38.0,39.0,1.0,0.0,0.0,0.0,2,0,0.0,1.0,0.0,0.0,0.0,0.0,1.0,0.0,1.0,0.0,0,0,0,0,0,0,0,4,0,2023,11,30,3,0,1,0,2,1,1,0.0,0,0,LEVE,0,1
0,1,0.0420601801010322,2,4,1,-12.122053433707189,-75.21870014405582,0,3,7,0,2,0,1,2,7586.903,2.0,5,2,1.0,0.340764331210191,0.067428069404788,1198.0,0.4869005705010076,71.27758642633061,9077.69807280514,12264.545,1826.4639999999995,1105.5389999999998,9332.542,1588.5359999999996,10676.009,12.952261987705208,1,0,1,37.0,37.0,37.0,1.0,0.0,0.0,1.0,1,0,0.0,0.0,0.0,1.0,0.0,1.0,0.0,0.0,0.0,0.0,0,0,0,0,0,0,0,9,1,2023,11,30,3,0,1,2,1,0,1,0.0,0,0,LEVE,0,4
3,2,0.0933450472216121,2,4,1,-8.142941314344641,-79.02747500593753,0,2,0,0,2,-1,-1,2,6543.555,3.0,5,2,1.0,0.1133318690972984,0.1133318690972984,1475.0,0.7531641124604342,80.00312647864715,66889.78372591006,8931.828000000005,1335.5899999999997,1935.9830000000004,5660.255000000005,1219.309,7712.519000000005,13.651281686122925,2,0,0,47.0,38.0,56.0,1.0,0.0,0.0,0.0,2,0,0.0,1.0,0.0,1.0,0.0,1.0,1.0,0.0,1.0,0.0,0,0,0,0,0,0,0,12,2,2023,11,30,3,0,1,0,2,1,1,0.0,0,0,LEVE,0,1
3,2,0.0933450472216121,0,4,1,-7.284048866827425,-79.31384107523171,0,4,7,0,2,-1,-1,2,887.28,2.0,5,2,1.0,0.0133977597188666,0.0065890621568196,155.0,0.5885704819472196,78.81449187577415,48424.389721627405,8931.828000000005,1335.5899999999997,1935.9830000000004,5660.255000000005,1219.309,7712.519000000005,13.651281686122925,2,0,0,34.5,23.0,46.0,1.0,0.0,0.0,0.0,2,0,0.0,0.0,0.0,1.0,0.0,0.0,1.0,0.0,1.0,1.0,0,0,0,0,0,0,0,19,3,2023,11,30,3,0,1,0,2,0,1,0.0,0,0,LEVE,0,1
1,1,0.0821436415550186,0,4,0,-16.2931678,-69.2315312,0,4,7,0,2,-1,-1,0,6543.555,2.0,-1,-1,1.0,0.4495936745003294,0.4495936745003294,1198.0,0.3165090894545869,72.969641049674,13778.516059957172,13642.312999999998,2020.7790000000005,2354.117,9267.416999999998,3314.0520000000006,10328.260999999997,24.29244952817019,1,1,1,37.0,33.0,40.0,0.0,0.0,0.0,0.0,1,1,1.0,0.0,0.0,0.0,0.0,0.0,0.0,0.0,0.0,1.0,1,1,1,1,1,1,1,19,3,2023,11,30,3,0,1,2,2,0,1,1.0,0,0,LEVE,0,4
3,1,0.006479244454206,1,4,1,-10.8936,-76.08042,6,5,6,-1,6,-1,-1,0,9936.932,2.0,5,2,1.0,0.340764331210191,0.1266198111135515,3830.0,0.3809805024475937,74.2650289070001,3505.5546038543894,3677.119863,564.5869999999999,910.845,2201.687863000001,590.8779999999998,3086.2418630000006,16.06904376290656,2,0,0,32.0,30.0,34.0,1.0,0.0,0.0,0.0,3,0,0.0,1.0,1.0,1.0,0.0,1.0,1.0,0.0,0.0,0.0,0,0,0,0,0,0,0,5,0,2023,12,1,4,0,0,2,2,0,1,0.0,0,0,LEVE,0,4
4,1,0.0821436415550186,2,6,4,-14.321107,-69.465885,0,3,7,0,2,-1,-1,2,6543.555,2.0,-1,-1,1.0,0.4495936745003294,0.4495936745003294,1198.0,0.3677334628938986,70.7162173228883,11267.128479657387,13642.312999999998,2020.7790000000005,2354.117,9267.416999999998,3314.0520000000006,10328.260999999997,24.29244952817019,1,0,1,55.0,55.0,55.0,1.0,0.0,1.0,1.0,1,0,0.0,0.0,0.0,1.0,0.0,0.0,1.0,0.0,0.0,0.0,1,1,1,1,0,0,0,11,1,2023,12,1,4,0,0,2,2,0,1,0.0,0,0,LEVE,0,11
6,1,0.0902701515484296,0,4,2,-13.269451,-71.619832,5,4,0,0,1,-1,-1,2,6543.555,2.0,-1,-1,1.0,0.4495936745003294,0.4495936745003294,1198.0,0.2466226927938573,59.50771953912937,12676.173447537472,17779.13499998999,2097.37099999,2863.123,12818.640999999989,2878.713,14900.421999989989,16.19152450331032,1,0,0,27.0,27.0,27.0,1.0,1.0,0.0,0.0,1,0,0.0,0.0,0.0,1.0,1.0,0.0,0.0,0.0,1.0,0.0,1,1,1,1,0,0,0,12,2,2023,12,1,4,0,0,2,2,0,1,0.0,0,1,LEVE,0,4
5,1,0.0902701515484296,0,4,1,-13.377747,-71.916198,2,4,7,0,4,0,1,2,3447.8009999999995,1.0,5,1,0.0,0.340764331210191,0.0101032286404568,1109.0,0.3373243871105438,75.90412141914639,5497.58886509636,17779.13499998999,2097.37099999,2863.123,12818.640999999989,2878.713,14900.421999989989,16.19152450331032,2,1,0,31.0,31.0,31.0,1.0,0.0,0.0,0.0,2,1,1.0,0.0,0.0,1.0,1.0,0.0,0.0,1.0,0.0,1.0,0,0,0,0,0,0,0,19,3,2023,12,1,4,0,0,2,1,0,1,0.5,0,0,GRAVE_MORTALIDAD,2,4
6,1,0.0933450472216121,0,4,1,-7.259385,-79.489973,0,4,7,0,2,-1,-1,0,6543.555,3.0,5,2,1.0,0.1133318690972984,0.1133318690972984,1475.0,0.5650979329787121,81.32490571897102,43897.946466809415,8931.828000000005,1335.5899999999997,1935.9830000000004,5660.255000000005,1219.309,7712.519000000005,13.651281686122925,1,0,0,29.0,29.0,29.0,1.0,1.0,0.0,0.0,1,0,0.0,0.0,0.0,1.0,1.0,0.0,0.0,0.0,0.0,0.0,0,0,0,0,0,0,0,21,3,2023,12,1,4,0,0,0,2,1,1,0.0,0,0,LEVE,0,1
6,1,0.0597408302218317,0,4,1,-6.6076301596672815,-78.62210422754289,0,4,7,1,2,0,1,2,9936.932,2.0,5,2,1.0,0.340764331210191,0.1266198111135515,3830.0,0.4700875779194959,72.66081436888122,46090.54817987152,15935.565011852366,1733.9250000199986,935.692,13265.948011832368,2000.1670000199988,13935.398011832369,12.551591352627522,1,0,0,21.0,21.0,21.0,1.0,1.0,0.0,1.0,1,0,0.0,0.0,0.0,1.0,1.0,0.0,0.0,1.0,0.0,1.0,0,0,0,0,0,0,0,2,0,2023,12,2,5,1,0,2,1,0,1,0.0,0,0,LEVE,0,1
0,1,0.0420601801010322,2,3,4,-12.071005,-75.20299,0,0,1,0,2,-1,-1,4,6543.555,2.0,-1,-1,1.0,0.4495936745003294,0.4495936745003294,1198.0,0.6083413875375813,71.66982597817598,119236.36616702356,12264.545,1826.4639999999995,1105.5389999999998,9332.542,1588.5359999999996,10676.009,12.952261987705208,1,0,1,29.0,29.0,29.0,1.0,0.0,0.0,1.0,1,0,0.0,0.0,1.0,0.0,0.0,0.0,1.0,0.0,0.0,0.0,1,1,1,1,0,0,0,7,1,2023,12,2,5,1,0,2,2,0,1,0.0,0,0,LEVE,0,4
6,1,0.2105205359103887,2,2,4,-11.82183549,-77.10313954,0,3,7,1,7,-1,-1,0,6543.555,2.0,-1,-1,1.0,0.4495936745003294,0.4495936745003294,1198.0,0.6632628912836565,79.15155564666024,383699.2119914347,7626.313,1683.4029999999998,1599.0829999999996,4343.827000000001,1814.875,5811.438000000001,23.7975414856432,1,0,0,13.0,13.0,13.0,1.0,0.0,0.0,0.0,1,0,0.0,0.0,0.0,1.0,0.0,0.0,0.0,0.0,0.0,1.0,1,1,1,1,0,0,0,16,2,2023,12,2,5,1,0,0,2,0,1,0.0,0,1,LEVE,0,0
0,1,0.0933450472216121,2,2,4,-8.06603606,-79.05134333,0,1,7,0,2,-1,-1,0,6543.555,2.0,-1,-1,1.0,0.4495936745003294,0.4495936745003294,1198.0,0.5961574154611067,78.8610661942771,197397.5888650964,8931.828000000005,1335.5899999999997,1935.9830000000004,5660.255000000005,1219.309,7712.519000000005,13.651281686122925,1,0,1,49.0,49.0,49.0,1.0,0.0,0.0,0.0,1,0,0.0,0.0,0.0,1.0,0.0,1.0,0.0,1.0,1.0,0.0,1,1,1,1,0,0,0,19,3,2023,12,2,5,1,0,0,2,0,1,0.0,0,0,LEVE,0,1
0,1,0.2105205359103887,2,4,1,-11.89026193,-77.04416421,0,0,1,0,2,-1,-1,0,1084.715,2.0,5,1,0.0,0.340764331210191,0.0016472655392049,1025.0,0.6498693508177541,78.84967382596041,356854.23554603854,7626.313,1683.4029999999998,1599.0829999999996,4343.827000000001,1814.875,5811.438000000001,23.7975414856432,1,0,1,60.0,60.0,60.0,1.0,1.0,0.0,0.0,1,0,0.0,0.0,1.0,0.0,0.0,0.0,1.0,1.0,0.0,1.0,0,0,0,0,0,0,0,19,3,2023,12,2,5,1,0,0,2,0,1,0.0,0,0,LEVE,0,0
3,2,0.0821436415550186,0,4,1,-14.66751,-70.368807,0,4,7,0,2,-1,-1,2,1761.8050000000003,2.0,5,2,1.0,0.005820338238524,0.005820338238524,410.0,0.2623754846886306,66.47865021821245,15453.085653104928,13642.312999999998,2020.7790000000005,2354.117,9267.416999999998,3314.0520000000006,10328.260999999997,24.29244952817019,2,0,0,32.5,30.0,35.0,1.0,1.0,1.0,1.0,2,0,0.0,0.0,0.0,1.0,1.0,0.0,1.0,0.0,1.0,1.0,0,0,0,0,0,0,0,4,0,2023,12,3,6,1,0,2,2,0,1,0.0,0,0,LEVE,0,4
5,1,0.2105205359103887,0,4,1,-11.6287267,-77.2074235,0,4,2,1,2,1,0,0,6543.555,3.0,5,2,1.0,0.1133318690972984,0.1133318690972984,1475.0,0.606011890732538,79.10580202061365,20981.39186295503,7626.313,1683.4029999999998,1599.0829999999996,4343.827000000001,1814.875,5811.438000000001,23.7975414856432,2,1,0,43.0,43.0,43.0,1.0,0.0,1.0,1.0,2,1,1.0,0.0,0.0,0.0,0.0,1.0,0.0,0.0,0.0,1.0,0,0,0,0,0,0,0,5,0,2023,12,3,6,1,0,0,1,1,1,0.5,0,0,GRAVE_LESIONADOS,1,0
6,1,0.0933450472216121,0,4,1,-7.792644634373535,-77.77555664256874,0,4,7,0,2,-1,-1,0,1688.589,1.0,-1,1,0.0,0.340764331210191,0.1266198111135515,287.0,0.1492206538659984,78.92776803590996,18539.64239828694,8931.828000000005,1335.5899999999997,1935.9830000000004,5660.255000000005,1219.309,7712.519000000005,13.651281686122925,1,0,0,45.0,45.0,45.0,1.0,0.0,0.0,0.0,1,0,0.0,0.0,0.0,1.0,0.0,1.0,0.0,0.0,1.0,0.0,0,0,0,0,0,0,0,12,2,2023,12,3,6,1,0,0,2,0,1,0.0,0,0,GRAVE_LESIONADOS,1,1
10,0,0.0475510652317153,0,4,3,-13.506284,-76.0856,0,4,7,0,7,-1,-1,0,6543.555,2.0,-1,-1,1.0,0.4495936745003294,0.4495936745003294,1198.0,0.533712318797331,79.3365989923595,13863.817987152031,3721.461,698.1859999999996,744.866,2278.409,1102.9029999999996,2618.558,29.636290693359403,1,0,0,20.0,20.0,20.0,1.0,1.0,0.0,0.0,1,0,0.0,0.0,0.0,1.0,1.0,0.0,0.0,1.0,1.0,1.0,1,1,1,1,0,0,0,14,2,2023,12,3,6,1,0,0,2,0,1,0.0,0,1,LEVE,0,7
0,1,0.0161432022842082,2,2,4,-17.9738389,-70.23355555555555,0,3,7,0,2,-1,-1,2,6543.555,2.0,-1,-1,1.0,0.4495936745003294,0.4495936745003294,1198.0,0.5247346827766403,77.18848313096647,37523.97002141328,2650.572,630.6729999999998,487.3610000000001,1532.5379999999998,1068.7019999999998,1581.87,40.31967439480987,1,0,1,35.0,35.0,35.0,1.0,1.0,0.0,1.0,1,0,0.0,0.0,1.0,0.0,0.0,0.0,1.0,0.0,0.0,0.0,1,1,1,1,0,0,0,18,3,2023,12,3,6,1,0,0,2,0,1,0.0,0,0,LEVE,0,15
1,1,0.0293213265978475,2,4,1,-5.8048352,-77.3996292,0,0,7,0,2,-1,-1,0,7758.33400008,2.0,5,2,1.0,0.340764331210191,0.0464528882055787,2133.0,0.4789759027469384,73.43778249935497,47552.6295503212,5645.136,815.0759999999999,965.298,3864.762,1013.406,4631.73,17.95184385283189,1,1,1,37.0,33.0,40.0,0.0,0.0,0.0,0.0,1,1,1.0,0.0,0.0,0.0,0.0,0.0,0.0,0.0,0.0,1.0,0,0,0,0,1,1,1,22,3,2023,12,3,6,1,0,1,2,0,1,1.0,0,0,LEVE,0,2
6,1,0.0059301559411377,0,4,0,-5.636136233,-78.51941,0,4,7,0,2,-1,-1,0,6543.555,2.0,-1,-1,1.0,0.4495936745003294,0.4495936745003294,1198.0,0.5840630337731323,73.02563696239686,26946.78823529412,3903.732,1155.121,585.018,2163.5930000000003,943.591,2960.1410000000005,24.17151074920102,1,0,0,45.0,45.0,45.0,1.0,0.0,0.0,0.0,1,0,0.0,0.0,0.0,1.0,1.0,0.0,0.0,1.0,0.0,1.0,1,1,1,1,0,0,0,23,3,2023,12,3,6,1,0,1,2,0,1,0.0,0,0,LEVE,0,1
3,1,0.0497474192839885,0,4,1,-5.2469066,-79.454381,0,4,7,0,2,-1,-1,0,722.9000000000002,2.0,-1,2,1.0,0.0017570832418185,0.1266198111135515,123.0,0.341904333393324,65.35963059310035,29126.03426124197,8965.846000060003,1782.4120000599992,636.9959999999999,6546.438000000004,2214.505000059999,6751.341000000004,24.699342371541725,2,0,0,36.5,29.0,44.0,1.0,1.0,0.0,0.0,2,0,0.0,0.0,1.0,1.0,1.0,0.0,1.0,0.0,1.0,0.0,0,0,0,0,0,0,0,23,3,2023,12,3,6,1,0,0,2,0,1,0.0,0,0,LEVE,0,3
6,1,0.0933450472216121,0,4,1,-8.047964,-79.0859653,0,4,7,0,2,-1,-1,2,6543.555,3.0,5,2,1.0,0.1133318690972984,0.1133318690972984,1475.0,0.583006771156836,78.2441938961209,76607.295503212,8931.828000000005,1335.5899999999997,1935.9830000000004,5660.255000000005,1219.309,7712.519000000005,13.651281686122925,1,0,0,27.0,27.0,27.0,1.0,0.0,0.0,0.0,1,0,0.0,0.0,0.0,1.0,0.0,1.0,0.0,1.0,0.0,0.0,0,0,0,0,0,0,0,0,0,2023,12,4,0,0,0,0,2,1,1,0.0,0,0,LEVE,0,1
6,1,0.2105205359103887,2,2,4,-11.90797158,-77.04385492,0,1,7,0,2,1,1,0,6543.555,2.0,-1,-1,1.0,0.4495936745003294,0.4495936745003294,1198.0,0.7218926988400113,80.0902077245261,530000.3426124197,7626.313,1683.4029999999998,1599.0829999999996,4343.827000000001,1814.875,5811.438000000001,23.7975414856432,1,0,0,31.0,31.0,31.0,1.0,0.0,0.0,0.0,1,0,0.0,0.0,0.0,1.0,1.0,0.0,0.0,0.0,1.0,0.0,1,1,1,1,0,0,0,0,0,2023,12,4,0,0,0,0,2,0,1,0.0,0,0,LEVE,0,0
0,1,0.2105205359103887,2,4,1,-11.96652,-77.067755,0,0,7,0,2,0,1,0,6543.555,3.0,5,2,1.0,0.1133318690972984,0.1133318690972984,1475.0,0.758462599563312,80.5192231989937,363987.54389721627,7626.313,1683.4029999999998,1599.0829999999996,4343.827000000001,1814.875,5811.438000000001,23.7975414856432,1,0,1,48.0,48.0,48.0,1.0,0.0,0.0,0.0,1,0,0.0,0.0,0.0,1.0,0.0,1.0,0.0,0.0,0.0,0.0,0,0,0,0,0,0,0,2,0,2023,12,4,0,0,0,0,1,1,1,0.0,0,0,LEVE,0,0
6,1,0.0213046343070502,0,4,2,-13.007279930018624,-74.15014007542754,0,4,0,1,2,1,0,2,6543.555,2.0,-1,-1,1.0,0.4495936745003294,0.4495936745003294,1198.0,0.3182118584685479,77.25150459408908,4462.792057970449,12678.733000000004,1805.074000000001,1774.0339999999994,9099.625000000004,2485.375000000001,10193.358000000002,19.602707936195205,1,0,0,29.0,29.0,29.0,1.0,0.0,1.0,1.0,1,0,0.0,0.0,0.0,0.0,0.0,1.0,0.0,0.0,0.0,0.0,1,1,1,1,0,0,0,4,0,2023,12,4,0,0,0,2,1,0,1,0.0,1,0,LEVE,0,4
3,2,0.0821436415550186,0,4,1,-16.134258,-69.579571,0,4,0,0,2,-1,-1,6,7586.903,2.0,5,2,1.0,0.340764331210191,0.067428069404788,1198.0,0.4020198374784472,77.80062735845667,50686.62526766595,13642.312999999998,2020.7790000000005,2354.117,9267.416999999998,3314.0520000000006,10328.260999999997,24.29244952817019,2,0,0,31.5,28.0,35.0,1.0,0.0,0.0,0.0,2,0,0.0,0.0,1.0,1.0,0.0,1.0,1.0,0.0,0.0,0.0,0,0,0,0,0,0,0,10,1,2023,12,4,0,0,0,2,2,0,1,0.0,0,0,LEVE,0,4
1,1,0.0420601801010322,0,4,2,-12.064318,-75.300338,0,4,7,0,2,-1,-1,0,6543.555,2.0,-1,-1,1.0,0.4495936745003294,0.4495936745003294,1198.0,0.5484926229087004,71.68710358104774,21173.26124197002,12264.545,1826.4639999999995,1105.5389999999998,9332.542,1588.5359999999996,10676.009,12.952261987705208,1,1,1,37.0,33.0,40.0,0.0,0.0,0.0,0.0,1,1,1.0,0.0,0.0,0.0,0.0,0.0,0.0,0.0,0.0,1.0,1,1,1,1,1,1,1,15,2,2023,12,4,0,0,0,2,2,0,1,1.0,0,0,LEVE,0,4