CLASE SINIESTRO,CANTIDAD DE VEHICULOS DAÑADOS,DEPARTAMENTO,ZONA,TIPO DE VÍA,RED VIAL,COORDENADAS LATITUD,COORDENADAS  LONGITUD,CONDICIÓN CLIMÁTICA,ZONIFICACIÓN,CARACTERÍSTICAS DE VÍA,PERFIL LONGITUDINAL VÍA,SUPERFICIE DE CALZADA,¿EXISTE SEÑAL VERTICAL?,¿EXISTE SEÑAL HORIZONTAL?,CAUSA FACTOR PRINCIPAL,MTC_RVN_LONGITUD_KM,MTC_RVN_N_CARRILES_MEDIANA,MTC_RVN_SUPERFICIE_DOMINANTE,MTC_RVN_ESTADO_DOMINANTE,MTC_RVN_ES_CONCESIONADA,MTC_RVN_CONCESION_PRINCIPAL,MTC_RVN_CORREDOR_LOGISTICO,MTC_RVN_N_TRAMOS,IDH_2019,IDH_ESP_VIDA_2019,IDH_POBLACION_2019,MTC_DEP_RED_TOTAL_KM,MTC_DEP_NACIONAL_TOTAL_KM,MTC_DEP_DEPARTAMENTAL_TOTAL_KM,MTC_DEP_VECINAL_TOTAL_KM,MTC_DEP_PAV_TOTAL_KM,MTC_DEP_NO_PAV_TOTAL_KM,MTC_DEP_PCT_PAVIMENTADA,PER_N_CONDUCTORES,PER_N_CONDUCTORES_FUGADOS,PER_N_PEATONES,PER_EDAD_COND_PROM,PER_EDAD_COND_MIN,PER_EDAD_COND_MAX,PER_ANY_COND_MASCULINO,PER_ANY_LIC_PROBLEMA,PER_ANY_DOSAJE_POS,PER_ANY_DOSAJE_EVALUADO,VEH_TOTAL,VEH_N_FUGADOS,VEH_ANY_FUGADO,VEH_ANY_CARGA,VEH_ANY_PUBLICO,VEH_ANY_PARTICULAR,VEH_ANY_MOTO,VEH_ANY_AUTO,VEH_ANY_CAMION_BUS,VEH_ANY_SOAT_PROBLEMA,VEH_ANY_CITV_PROBLEMA,VEH_ANY_SEGURO_PROBLEMA,MTC_RVN_LONGITUD_KM_ERA_NULO,MTC_RVN_N_CARRILES_MEDIANA_ERA_NULO,MTC_RVN_ES_CONCESIONADA_ERA_NULO,MTC_RVN_N_TRAMOS_ERA_NULO,PER_EDAD_COND_PROM_ERA_NULO,PER_EDAD_COND_MIN_ERA_NULO,PER_EDAD_COND_MAX_ERA_NULO,HORA_NUM,FRANJA_HORARIA,ANIO,MES,DIA_MES,DIA_SEMANA,ES_FIN_SEMANA,ES_QUINCENA,REGION_NATURAL,NIVEL_SEÑALIZACION_ORD,ES_VIA_MULTICARRIL,ES_DEPTO_BAJO_PAVIMENTO,RATIO_CONDUCTORES_FUGADOS,ES_CURVA_Y_PENDIENTE,ES_VIA_NO_PAVIMENTADA,CATEGORIA_SEVERIDAD,CATEGORIA_SEVERIDAD_ENC,CLUSTER
3,1,0.0597408302218317,0,4,1,-6.539576,-79.117665,0,4,0,1,2,-1,-1,2,919.085,2.0,5,1,0.0,0.340764331210191,0.0037338018888644,218.0,0.4198705264500552,71.07710978950026,7079.2912205567445,15935.565011852366,1733.9250000199986,935.692,13265.948011832368,2000.1670000199988,13935.398011832369,12.551591352627522,2,0,0,55.0,51.0,59.0,1.0,1.0,1.0,1.0,2,1,1.0,0.0,0.0,1.0,0.0,0.0,0.0,0.0,0.0,1.0,0,0,0,0,0,0,0,18,3,2024,3,9,5,1,0,2,2,0,1,0.0,1,0,LEVE,0,1
1,1,0.2105205359103887,0,4,1,-11.5282159,-77.2877995,0,4,7,0,2,-1,-1,0,6543.555,3.0,5,2,1.0,0.1133318690972984,0.1133318690972984,1475.0,0.6328991168419597,79.8522840328396,65701.61456102783,7626.313,1683.4029999999998,1599.0829999999996,4343.827000000001,1814.875,5811.438000000001,23.7975414856432,1,1,1,37.0,33.0,40.0,0.0,0.0,0.0,0.0,1,1,1.0,0.0,0.0,0.0,0.0,0.0,0.0,0.0,0.0,1.0,0,0,0,0,1,1,1,2,0,2024,3,10,6,1,0,0,2,1,1,1.0,0,0,LEVE,0,0
0,1,0.2105205359103887,0,4,1,-11.5580842,-77.2033308,0,4,7,0,2,1,0,2,782.3000000000001,-1.0,2,2,1.0,0.340764331210191,0.0024159894575005,161.0,0.6447048661877788,79.92873744030881,104439.11563169166,7626.313,1683.4029999999998,1599.0829999999996,4343.827000000001,1814.875,5811.438000000001,23.7975414856432,1,0,1,32.0,32.0,32.0,1.0,0.0,1.0,1.0,1,0,0.0,0.0,0.0,1.0,0.0,0.0,1.0,0.0,0.0,0.0,0,0,0,0,0,0,0,2,0,2024,3,10,6,1,0,0,1,0,1,0.0,0,0,LEVE,0,0
6,1,0.0766527564243356,0,4,1,-16.963857,-72.055883,0,4,0,1,2,0,1,0,289.55,2.0,5,2,1.0,0.0252580716011421,0.0230617175488688,10.0,0.5784035125051519,74.737535639558,7264.014989293362,10322.272,1495.236,1749.739,7077.2970000000005,2886.595,7435.677000000001,27.964725207783708,1,0,0,30.0,30.0,30.0,0.0,0.0,0.0,0.0,1,0,0.0,0.0,0.0,1.0,0.0,1.0,0.0,0.0,0.0,0.0,0,0,0,0,0,0,0,13,2,2024,3,10,6,1,0,0,1,0,1,0.0,1,0,LEVE,0,4
6,1,0.0933450472216121,0,4,1,-7.589483496988363,-79.37012667340991,0,4,7,0,2,-1,-1,2,6543.555,3.0,5,2,1.0,0.1133318690972984,0.1133318690972984,1475.0,0.5605164445866666,76.61349501649897,9448.43683083512,8931.828000000005,1335.5899999999997,1935.9830000000004,5660.255000000005,1219.309,7712.519000000005,13.651281686122925,1,0,0,63.0,63.0,63.0,1.0,0.0,0.0,0.0,1,0,0.0,0.0,0.0,1.0,0.0,1.0,0.0,0.0,1.0,0.0,0,0,0,0,0,0,0,16,2,2024,3,10,6,1,0,0,2,1,1,0.0,0,0,GRAVE_LESIONADOS,1,1
4,2,0.0161432022842082,2,3,4,-17.979624,-70.234748,0,3,7,1,2,-1,-1,0,6543.555,2.0,-1,-1,1.0,0.4495936745003294,0.4495936745003294,1198.0,0.5247346827766403,77.18848313096647,37523.97002141328,2650.572,630.6729999999998,487.3610000000001,1532.5379999999998,1068.7019999999998,1581.87,40.31967439480987,1,0,1,46.0,46.0,46.0,1.0,0.0,0.0,1.0,1,0,0.0,0.0,1.0,0.0,0.0,0.0,1.0,0.0,0.0,0.0,1,1,1,1,0,0,0,17,2,2024,3,10,6,1,0,0,2,0,1,0.0,0,0,LEVE,0,15
0,1,0.2105205359103887,2,3,4,-12.04702210612724,-76.97387310749917,0,3,1,0,2,-1,-1,4,6543.555,2.0,-1,-1,1.0,0.4495936745003294,0.4495936745003294,1198.0,0.7347309224519117,80.70014842215761,229834.5310492505,7626.313,1683.4029999999998,1599.0829999999996,4343.827000000001,1814.875,5811.438000000001,23.7975414856432,1,0,1,27.0,27.0,27.0,1.0,0.0,0.0,0.0,1,0,0.0,0.0,0.0,1.0,1.0,0.0,0.0,1.0,1.0,1.0,1,1,1,1,0,0,0,20,3,2024,3,10,6,1,0,0,2,0,1,0.0,0,0,LEVE,0,0
0,1,0.0420601801010322,2,2,4,-12.07657,-75.223213,0,3,7,1,2,0,1,2,6543.555,2.0,-1,-1,1.0,0.4495936745003294,0.4495936745003294,1198.0,0.6083413875375813,71.66982597817598,119236.36616702356,12264.545,1826.4639999999995,1105.5389999999998,9332.542,1588.5359999999996,10676.009,12.952261987705208,1,0,1,20.0,20.0,20.0,1.0,0.0,0.0,1.0,1,0,0.0,0.0,0.0,1.0,0.0,0.0,1.0,0.0,1.0,0.0,1,1,1,1,0,0,0,9,1,2024,3,11,0,0,0,2,1,0,1,0.0,0,0,LEVE,0,4
3,2,0.0597408302218317,0,4,1,-5.14376308751023,-79.0285835381114,0,1,0,1,2,-1,-1,2,7758.33400008,2.0,5,2,1.0,0.340764331210191,0.0464528882055787,2133.0,0.4391812721167056,75.54174317098156,37111.99571734476,15935.565011852366,1733.9250000199986,935.692,13265.948011832368,2000.1670000199988,13935.398011832369,12.551591352627522,2,0,0,35.0,31.0,39.0,1.0,1.0,0.0,1.0,2,0,0.0,0.0,0.0,1.0,1.0,0.0,0.0,1.0,1.0,1.0,0,0,0,0,0,0,0,15,2,2024,3,11,0,0,0,2,2,0,1,0.0,1,0,GRAVE_MORTALIDAD,2,1
3,2,0.0902701515484296,0,4,1,-13.50623,-72.022167,0,4,0,1,2,0,1,2,7586.903,2.0,5,2,1.0,0.340764331210191,0.067428069404788,1198.0,0.659083927657813,75.61465237849653,122604.71092077089,17779.13499998999,2097.37099999,2863.123,12818.640999999989,2878.713,14900.421999989989,16.19152450331032,2,0,0,26.5,18.0,35.0,1.0,0.0,0.0,1.0,2,0,0.0,0.0,0.0,1.0,1.0,0.0,1.0,0.0,1.0,0.0,0,0,0,0,0,0,0,19,3,2024,3,11,0,0,0,2,1,0,1,0.0,1,0,LEVE,0,4
0,1,0.2105205359103887,2,2,4,-12.014924334852047,-77.05189610488354,0,0,1,0,2,-1,-1,2,6543.555,2.0,-1,-1,1.0,0.4495936745003294,0.4495936745003294,1198.0,0.7300036506368504,80.21724456394445,156759.78800856532,7626.313,1683.4029999999998,1599.0829999999996,4343.827000000001,1814.875,5811.438000000001,23.7975414856432,1,0,2,38.0,38.0,38.0,1.0,1.0,0.0,0.0,1,0,0.0,0.0,0.0,1.0,0.0,0.0,1.0,0.0,0.0,0.0,1,1,1,1,0,0,0,21,3,2024,3,11,0,0,0,0,2,0,1,0.0,0,0,GRAVE_MORTALIDAD,2,0
0,1,0.2105205359103887,0,4,1,-11.727196,-77.144874,0,4,7,0,2,-1,-1,0,6543.555,3.0,5,2,1.0,0.1133318690972984,0.1133318690972984,1475.0,0.6688889885290078,77.65971620762488,54956.252676659526,7626.313,1683.4029999999998,1599.0829999999996,4343.827000000001,1814.875,5811.438000000001,23.7975414856432,1,0,1,28.0,28.0,28.0,1.0,0.0,0.0,0.0,1,0,0.0,0.0,0.0,1.0,0.0,1.0,0.0,0.0,0.0,0.0,0,0,0,0,0,0,0,3,0,2024,3,12,1,0,0,0,2,1,1,0.0,0,0,LEVE,0,0
3,1,0.2105205359103887,2,3,4,-12.228754228154024,-76.89342716346955,0,0,1,0,2,-1,-1,0,6543.555,2.0,-1,-1,1.0,0.4495936745003294,0.4495936745003294,1198.0,0.6909236767275176,78.41626133969348,95908.53319057816,7626.313,1683.4029999999998,1599.0829999999996,4343.827000000001,1814.875,5811.438000000001,23.7975414856432,2,0,0,47.0,43.0,51.0,1.0,0.0,0.0,0.0,2,0,0.0,0.0,1.0,0.0,1.0,0.0,1.0,0.0,1.0,1.0,1,1,1,1,0,0,0,7,1,2024,3,12,1,0,0,0,2,0,1,0.0,0,0,LEVE,0,0
6,1,0.0213046343070502,0,4,1,-13.701,-74.312,0,4,7,1,2,-1,-1,2,1253.475,-1.0,-1,1,0.0,0.340764331210191,0.1266198111135515,217.0,0.2584010205918519,81.19271605778682,2593.7344753747325,12678.733000000004,1805.074000000001,1774.0339999999994,9099.625000000004,2485.375000000001,10193.358000000002,19.602707936195205,1,0,0,27.0,27.0,27.0,1.0,0.0,1.0,1.0,1,0,0.0,0.0,0.0,1.0,0.0,0.0,1.0,0.0,0.0,0.0,0,0,0,0,0,0,0,7,1,2024,3,12,1,0,0,2,2,0,1,0.0,0,0,GRAVE_MORTALIDAD,2,4
3,2,0.2105205359103887,0,4,1,-11.1570751,-76.6272413,0,4,0,1,3,-1,-1,0,782.3000000000001,-1.0,2,2,1.0,0.340764331210191,0.0024159894575005,161.0,0.5338535285307585,79.3770364156735,1195.3426124197003,7626.313,1683.4029999999998,1599.0829999999996,4343.827000000001,1814.875,5811.438000000001,23.7975414856432,2,0,0,30.0,20.0,40.0,1.0,1.0,1.0,1.0,2,0,0.0,0.0,0.0,1.0,1.0,0.0,0.0,1.0,0.0,1.0,0,0,0,0,0,0,0,7,1,2024,3,12,1,0,0,0,2,0,1,0.0,1,1,LEVE,0,24
3,1,0.2105205359103887,2,2,4,-12.07569757470148,-77.06360663738873,0,0,1,0,2,0,1,2,6543.555,2.0,-1,-1,1.0,0.4495936745003294,0.4495936745003294,1198.0,0.5563774842369664,77.00938809632027,27932.19700214133,7626.313,1683.4029999999998,1599.0829999999996,4343.827000000001,1814.875,5811.438000000001,23.7975414856432,4,0,0,29.25,18.0,42.0,1.0,1.0,0.0,0.0,4,0,0.0,1.0,1.0,1.0,1.0,0.0,1.0,0.0,1.0,1.0,1,1,1,1,0,0,0,7,1,2024,3,12,1,0,0,0,1,0,1,0.0,0,0,LEVE,0,0
6,1,0.0766527564243356,0,4,0,-16.040663,-72.143059,7,4,7,0,7,-1,-1,0,6543.555,2.0,-1,-1,1.0,0.4495936745003294,0.4495936745003294,1198.0,0.4253985234578127,74.26645197005844,763.3447537473235,10322.272,1495.236,1749.739,7077.2970000000005,2886.595,7435.677000000001,27.964725207783708,1,0,0,37.0,33.0,40.0,0.0,0.0,0.0,0.0,1,0,0.0,0.0,0.0,1.0,0.0,0.0,1.0,0.0,1.0,0.0,1,1,1,1,1,1,1,10,1,2024,3,12,1,0,0,0,2,0,1,0.0,0,1,GRAVE_MORTALIDAD,2,-1
0,1,0.0213046343070502,2,4,0,-15.278079,-73.347941,0,3,2,0,7,-1,-1,2,6543.555,2.0,-1,-1,1.0,0.4495936745003294,0.4495936745003294,1198.0,0.5195415199437885,75.49542185909227,2875.329764453961,12678.733000000004,1805.074000000001,1774.0339999999994,9099.625000000004,2485.375000000001,10193.358000000002,19.602707936195205,1,0,1,47.0,47.0,47.0,1.0,0.0,0.0,1.0,1,0,0.0,0.0,0.0,1.0,0.0,0.0,1.0,0.0,0.0,0.0,1,1,1,1,0,0,0,12,2,2024,3,12,1,0,0,2,2,0,1,0.0,0,1,LEVE,0,40
3,3,0.0766527564243356,0,4,1,-16.736004,-71.870004,0,4,7,0,2,0,1,0,6639.975,2.0,5,2,1.0,0.340764331210191,0.074236766966835,1616.0,0.6456305778571253,75.67334095395331,21630.747323340474,10322.272,1495.236,1749.739,7077.2970000000005,2886.595,7435.677000000001,27.964725207783708,3,0,0,41.333333333333336,37.0,49.0,1.0,1.0,0.0,0.0,3,0,0.0,1.0,0.0,1.0,0.0,0.0,1.0,0.0,0.0,0.0,0,0,0,0,0,0,0,19,3,2024,3,12,1,0,0,0,1,0,1,0.0,0,0,GRAVE_MORTALIDAD,2,4
1,1,0.0821436415550186,0,4,1,-15.684618343546209,-70.07143393809483,0,4,7,0,2,-1,-1,0,7586.903,2.0,5,2,1.0,0.340764331210191,0.067428069404788,1198.0,0.3204026151964153,69.29426309416309,4850.546038543897,13642.312999999998,2020.7790000000005,2354.117,9267.416999999998,3314.0520000000006,10328.260999999997,24.29244952817019,1,1,1,37.0,33.0,40.0,0.0,0.0,0.0,0.0,1,1,1.0,0.0,0.0,0.0,0.0,0.0,0.0,0.0,0.0,1.0,0,0,0,0,1,1,1,20,3,2024,3,12,1,0,0,2,2,0,1,1.0,0,0,LEVE,0,4
6,1,0.0902701515484296,0,4,2,-13.34184,-71.70344,7,4,0,1,2,-1,-1,2,6543.555,2.0,-1,-1,1.0,0.4495936745003294,0.4495936745003294,1198.0,0.1747449791455621,66.07525625481001,9397.970021413275,17779.13499998999,2097.37099999,2863.123,12818.640999999989,2878.713,14900.421999989989,16.19152450331032,1,0,0,34.0,34.0,34.0,1.0,1.0,0.0,1.0,1,0,0.0,0.0,0.0,1.0,1.0,0.0,0.0,0.0,1.0,0.0,1,1,1,1,0,0,0,1,0,2024,3,13,2,0,0,2,2,0,1,0.0,1,0,LEVE,0,4
3,2,0.0161432022842082,2,4,1,-18.11418,-70.72238,0,3,7,0,2,-1,-1,2,1926.94,2.0,5,2,1.0,0.340764331210191,0.1266198111135515,393.0,0.5526222945995614,74.2498786138685,2956.51391862955,2650.572,630.6729999999998,487.3610000000001,1532.5379999999998,1068.7019999999998,1581.87,40.31967439480987,2,0,0,51.5,48.0,55.0,1.0,0.0,0.0,1.0,2,0,0.0,0.0,0.0,0.0,0.0,1.0,1.0,0.0,0.0,0.0,0,0,0,0,0,0,0,14,2,2024,3,13,2,0,0,0,2,0,1,0.0,0,0,LEVE,0,15
0,1,0.2105205359103887,2,2,4,-11.976024501279866,-77.06038030358486,0,0,7,0,2,-1,-1,0,6543.555,2.0,-1,-1,1.0,0.4495936745003294,0.4495936745003294,1198.0,0.758462599563312,80.5192231989937,363987.54389721627,7626.313,1683.4029999999998,1599.0829999999996,4343.827000000001,1814.875,5811.438000000001,23.7975414856432,1,0,1,36.0,36.0,36.0,1.0,0.0,0.0,0.0,1,0,0.0,1.0,0.0,0.0,0.0,0.0,1.0,0.0,0.0,0.0,1,1,1,1,0,0,0,15,2,2024,3,13,2,0,0,0,2,0,1,0.0,0,0,LEVE,0,0
6,1,0.2105205359103887,0,2,4,-11.9962833405,-76.9133625397,0,4,7,0,2,-1,-1,2,6543.555,2.0,-1,-1,1.0,0.4495936745003294,0.4495936745003294,1198.0,0.6831952456039544,78.60873873772867,255143.7301927195,7626.313,1683.4029999999998,1599.0829999999996,4343.827000000001,1814.875,5811.438000000001,23.7975414856432,1,0,0,61.0,61.0,61.0,1.0,1.0,0.0,0.0,1,0,0.0,1.0,0.0,0.0,0.0,0.0,1.0,0.0,1.0,0.0,1,1,1,1,0,0,0,9,1,2024,3,14,3,0,0,0,2,0,1,0.0,0,0,LEVE,0,0
1,0,0.0902701515484296,0,4,1,-13.2513905001651,-72.27623645181572,0,4,7,0,2,0,1,2,3447.8009999999995,1.0,5,1,0.0,0.340764331210191,0.0101032286404568,1109.0,0.4436910265814239,73.23231952981627,11277.284796573877,17779.13499998999,2097.37099999,2863.123,12818.640999999989,2878.713,14900.421999989989,16.19152450331032,1,1,1,37.0,33.0,40.0,0.0,0.0,0.0,0.0,1,1,1.0,0.0,0.0,0.0,0.0,0.0,0.0,0.0,0.0,1.0,0,0,0,0,1,1,1,18,3,2024,3,14,3,0,0,2,1,0,1,1.0,0,0,LEVE,0,4
3,1,0.2105205359103887,2,4,1,-11.766331,-77.158654,0,2,7,0,2,-1,-1,2,6543.555,3.0,5,2,1.0,0.1133318690972984,0.1133318690972984,1475.0,0.6688889885290078,77.65971620762488,54956.252676659526,7626.313,1683.4029999999998,1599.0829999999996,4343.827000000001,1814.875,5811.438000000001,23.7975414856432,2,0,0,34.5,28.0,41.0,1.0,0.0,0.0,0.0,2,0,0.0,1.0,0.0,1.0,0.0,1.0,1.0,0.0,0.0,0.0,0,0,0,0,0,0,0,22,3,2024,3,14,3,0,0,0,2,1,1,0.0,0,0,GRAVE_LESIONADOS,1,0
1,1,0.0475510652317153,2,3,4,-14.050486733273146,-75.7043469316855,0,3,1,0,2,-1,-1,0,6543.555,2.0,-1,-1,1.0,0.4495936745003294,0.4495936745003294,1198.0,0.616344289610642,80.7965682315964,54312.19271948608,3721.461,698.1859999999996,744.866,2278.409,1102.9029999999996,2618.558,29.636290693359403,1,1,1,37.0,33.0,40.0,0.0,0.0,0.0,0.0,1,1,1.0,0.0,0.0,0.0,0.0,0.0,0.0,0.0,0.0,1.0,1,1,1,1,1,1,1,5,0,2024,3,15,4,0,1,0,2,0,1,1.0,0,0,LEVE,0,7
1,1,0.0475510652317153,2,2,4,-14.058877,-75.722746,0,0,7,0,2,-1,-1,0,6543.555,2.0,-1,-1,1.0,0.4495936745003294,0.4495936745003294,1198.0,0.616344289610642,80.7965682315964,54312.19271948608,3721.461,698.1859999999996,744.866,2278.409,1102.9029999999996,2618.558,29.636290693359403,1,1,1,37.0,33.0,40.0,0.0,0.0,0.0,0.0,1,1,1.0,0.0,0.0,0.0,0.0,0.0,0.0,0.0,0.0,1.0,1,1,1,1,1,1,1,5,0,2024,3,15,4,0,1,0,2,0,1,1.0,0,0,LEVE,0,7
7,1,0.0475510652317153,2,4,1,-14.837916,-74.942439,0,3,7,0,2,-1,-1,0,6639.975,2.0,5,2,1.0,0.340764331210191,0.074236766966835,1616.0,0.5563774842369664,77.00938809632027,27932.19700214133,3721.461,698.1859999999996,744.866,2278.409,1102.9029999999996,2618.558,29.636290693359403,1,0,0,63.0,63.0,63.0,1.0,0.0,0.0,0.0,1,0,0.0,0.0,1.0,0.0,0.0,0.0,1.0,0.0,0.0,0.0,0,0,0,0,0,0,0,16,2,2024,3,15,4,0,1,0,2,0,1,0.0,0,0,LEVE,0,8
3,2,0.0597408302218317,0,4,1,-6.683483,-78.530502,0,4,0,1,2,1,1,2,9936.932,2.0,5,2,1.0,0.340764331210191,0.1266198111135515,3830.0,0.3484871558022944,76.33677469666252,76209.5845824411,15935.565011852366,1733.9250000199986,935.692,13265.948011832368,2000.1670000199988,13935.398011832369,12.551591352627522,2,0,0,21.0,14.0,28.0,1.0,1.0,0.0,1.0,2,0,0.0,1.0,0.0,1.0,1.0,0.0,1.0,1.0,1.0,1.0,0,0,0,0,0,0,0,19,3,2024,3,15,4,0,1,2,2,0,1,0.0,1,0,GRAVE_MORTALIDAD,2,1
0,1,0.2105205359103887,2,2,4,-11.98993572333433,-77.1065006007696,0,0,7,0,2,-1,-1,4,6543.555,2.0,-1,-1,1.0,0.4495936745003294,0.4495936745003294,1198.0,0.7419979630670723,80.31822295927182,739416.2413542903,7626.313,1683.4029999999998,1599.0829999999996,4343.827000000001,1814.875,5811.438000000001,23.7975414856432,1,0,1,31.0,31.0,31.0,1.0,0.0,0.0,0.0,1,0,0.0,0.0,0.0,1.0,0.0,1.0,0.0,0.0,0.0,0.0,1,1,1,1,0,0,0,22,3,2024,3,15,4,0,1,0,2,0,1,0.0,0,0,LEVE,0,0
3,1,0.0420601801010322,0,4,1,-11.61207197136618,-75.84257120446206,2,4,7,0,2,0,1,2,7586.903,2.0,5,2,1.0,0.340764331210191,0.067428069404788,1198.0,0.6211711217784234,75.51508523355102,8996.89721627409,12264.545,1826.4639999999995,1105.5389999999998,9332.542,1588.5359999999996,10676.009,12.952261987705208,2,0,0,40.0,37.0,43.0,1.0,0.0,0.0,1.0,2,0,0.0,1.0,0.0,0.0,0.0,0.0,1.0,0.0,1.0,0.0,0,0,0,0,0,0,0,23,3,2024,3,16,5,1,1,2,1,0,1,0.0,0,0,LEVE,0,4
4,1,0.0182297386338677,2,2,4,-13.523365389935542,-73.68417624024546,2,0,0,1,1,-1,-1,2,6543.555,2.0,-1,-1,1.0,0.4495936745003294,0.4495936745003294,1198.0,0.5563774842369664,77.00938809632027,27932.19700214133,8358.971,1282.451,1298.0969999999998,5778.423,1432.683,6926.288,17.139466089785454,1,0,0,21.0,21.0,21.0,1.0,1.0,0.0,0.0,1,0,0.0,0.0,0.0,1.0,1.0,0.0,0.0,0.0,0.0,0.0,1,1,1,1,0,0,0,1,0,2024,3,17,6,1,1,2,2,0,1,0.0,1,1,LEVE,0,4
3,2,0.0766527564243356,2,4,1,-17.147878,-71.784527,0,3,0,1,2,0,1,0,1926.94,2.0,5,2,1.0,0.340764331210191,0.1266198111135515,393.0,0.6064020802559494,77.82737834960788,6370.241970021414,10322.272,1495.236,1749.739,7077.2970000000005,2886.595,7435.677000000001,27.964725207783708,2,0,0,60.5,45.0,76.0,1.0,1.0,0.0,0.0,2,0,0.0,1.0,0.0,1.0,1.0,0.0,1.0,1.0,1.0,1.0,0,0,0,0,0,0,0,2,0,2024,3,17,6,1,1,0,1,0,1,0.0,1,0,LEVE,0,4
3,2,0.2105205359103887,0,4,1,-11.1323,-77.5959,0,4,7,1,2,-1,-1,2,6543.555,3.0,5,2,1.0,0.1133318690972984,0.1133318690972984,1475.0,0.7327345537337897,78.20903814342847,62016.21841541756,7626.313,1683.4029999999998,1599.0829999999996,4343.827000000001,1814.875,5811.438000000001,23.7975414856432,2,0,0,40.5,35.0,46.0,1.0,0.0,0.0,1.0,2,0,0.0,0.0,1.0,1.0,0.0,1.0,1.0,0.0,0.0,0.0,0,0,0,0,0,0,0,5,0,2024,3,17,6,1,1,0,2,1,1,0.0,0,0,GRAVE_MORTALIDAD,2,0
0,1,0.2105205359103887,2,2,4,-12.235893614367797,-76.91603828356973,0,0,1,0,2,-1,-1,0,6543.555,2.0,-1,-1,1.0,0.4495936745003294,0.4495936745003294,1198.0,0.6990481232857558,80.14597904142546,459161.0728051392,7626.313,1683.4029999999998,1599.0829999999996,4343.827000000001,1814.875,5811.438000000001,23.7975414856432,1,0,1,54.0,54.0,54.0,1.0,1.0,0.0,0.0,1,0,0.0,0.0,0.0,1.0,0.0,1.0,0.0,0.0,0.0,0.0,1,1,1,1,0,0,0,10,1,2024,3,17,6,1,1,0,2,0,1,0.0,0,0,LEVE,0,0
3,1,0.2105205359103887,2,2,4,-12.0202483773,-77.0051237513,0,3,7,0,2,-1,-1,2,6543.555,2.0,-1,-1,1.0,0.4495936745003294,0.4495936745003294,1198.0,0.701053025277506,79.62867561460851,1150285.0494171206,7626.313,1683.4029999999998,1599.0829999999996,4343.827000000001,1814.875,5811.438000000001,23.7975414856432,2,0,0,25.5,23.0,28.0,1.0,0.0,0.0,0.0,2,0,0.0,0.0,0.0,1.0,1.0,1.0,0.0,0.0,1.0,0.0,1,1,1,1,0,0,0,14,2,2024,3,17,6,1,1,0,2,0,1,0.0,0,0,LEVE,0,0
0,1,0.0902701515484296,0,4,1,-14.180895,-71.445859,0,4,7,0,2,1,0,2,566.7160000000001,2.0,1,0,0.0,0.340764331210191,0.0057105205359103,137.0,0.2991005536829932,62.21917574632246,1773.610278372591,17779.13499998999,2097.37099999,2863.123,12818.640999999989,2878.713,14900.421999989989,16.19152450331032,1,0,1,58.0,58.0,58.0,1.0,0.0,0.0,1.0,1,0,0.0,0.0,0.0,1.0,0.0,0.0,1.0,0.0,0.0,0.0,0,0,0,0,0,0,0,19,3,2024,3,17,6,1,1,2,1,0,1,0.0,0,0,LEVE,0,4
6,1,0.0821436415550186,0,4,0,-16.399664,-69.27306,0,4,7,0,7,-1,-1,2,6543.555,2.0,-1,-1,1.0,0.4495936745003294,0.4495936745003294,1198.0,0.3165090894545869,72.969641049674,13778.516059957172,13642.312999999998,2020.7790000000005,2354.117,9267.416999999998,3314.0520000000006,10328.260999999997,24.29244952817019,1,0,0,33.0,33.0,33.0,1.0,1.0,0.0,0.0,1,0,0.0,0.0,0.0,1.0,1.0,0.0,0.0,1.0,0.0,1.0,1,1,1,1,0,0,0,0,0,2024,3,18,0,0,1,2,2,0,1,0.0,0,1,LEVE,0,4
6,1,0.0933450472216121,0,3,4,-7.811762946620671,-78.03042658736254,0,4,7,0,7,-1,-1,0,6543.555,2.0,-1,-1,1.0,0.4495936745003294,0.4495936745003294,1198.0,0.3986882084754764,72.97869269132666,69564.29978586723,8931.828000000005,1335.5899999999997,1935.9830000000004,5660.255000000005,1219.309,7712.519000000005,13.651281686122925,1,0,0,18.0,18.0,18.0,1.0,1.0,0.0,0.0,1,0,0.0,0.0,0.0,1.0,1.0,0.0,0.0,0.0,1.0,0.0,1,1,1,1,0,0,0,1,0,2024,3,18,0,0,1,0,2,0,1,0.0,0,1,LEVE,0,1
6,1,0.2105205359103887,0,2,4,-11.978838405007334,-76.92725795920653,0,4,7,0,2,-1,-1,2,6543.555,2.0,-1,-1,1.0,0.4495936745003294,0.4495936745003294,1198.0,0.6831952456039544,78.60873873772867,255143.7301927195,7626.313,1683.4029999999998,1599.0829999999996,4343.827000000001,1814.875,5811.438000000001,23.7975414856432,1,0,0,26.0,26.0,26.0,1.0,1.0,0.0,0.0,1,0,0.0,0.0,0.0,1.0,1.0,0.0,0.0,0.0,0.0,0.0,1,1,1,1,0,0,0,8,1,2024,3,18,0,0,1,0,2,0,1,0.0,0,0,LEVE,0,0
10,1,0.2105205359103887,2,2,4,-12.162988322400883,-76.96899721644822,0,3,1,0,2,-1,-1,0,6543.555,2.0,-1,-1,1.0,0.4495936745003294,0.4495936745003294,1198.0,0.7289998534947872,80.50926319493618,384728.5117773019,7626.313,1683.4029999999998,1599.0829999999996,4343.827000000001,1814.875,5811.438000000001,23.7975414856432,1,0,0,24.0,24.0,24.0,1.0,1.0,0.0,0.0,1,0,0.0,0.0,0.0,1.0,1.0,0.0,0.0,0.0,0.0,0.0,1,1,1,1,0,0,0,10,1,2024,3,18,0,0,1,0,2,0,1,0.0,0,0,LEVE,0,0