CLASE SINIESTRO,CANTIDAD DE VEHICULOS DAÑADOS,DEPARTAMENTO,ZONA,TIPO DE VÍA,RED VIAL,COORDENADAS LATITUD,COORDENADAS  LONGITUD,CONDICIÓN CLIMÁTICA,ZONIFICACIÓN,CARACTERÍSTICAS DE VÍA,PERFIL LONGITUDINAL VÍA,SUPERFICIE DE CALZADA,¿EXISTE SEÑAL VERTICAL?,¿EXISTE SEÑAL HORIZONTAL?,CAUSA FACTOR PRINCIPAL,MTC_RVN_LONGITUD_KM,MTC_RVN_N_CARRILES_MEDIANA,MTC_RVN_SUPERFICIE_DOMINANTE,MTC_RVN_ESTADO_DOMINANTE,MTC_RVN_ES_CONCESIONADA,MTC_RVN_CONCESION_PRINCIPAL,MTC_RVN_CORREDOR_LOGISTICO,MTC_RVN_N_TRAMOS,IDH_2019,IDH_ESP_VIDA_2019,IDH_POBLACION_2019,MTC_DEP_RED_TOTAL_KM,MTC_DEP_NACIONAL_TOTAL_KM,MTC_DEP_DEPARTAMENTAL_TOTAL_KM,MTC_DEP_VECINAL_TOTAL_KM,MTC_DEP_PAV_TOTAL_KM,MTC_DEP_NO_PAV_TOTAL_KM,MTC_DEP_PCT_PAVIMENTADA,PER_N_CONDUCTORES,PER_N_CONDUCTORES_FUGADOS,PER_N_PEATONES,PER_EDAD_COND_PROM,PER_EDAD_COND_MIN,PER_EDAD_COND_MAX,PER_ANY_COND_MASCULINO,PER_ANY_LIC_PROBLEMA,PER_ANY_DOSAJE_POS,PER_ANY_DOSAJE_EVALUADO,VEH_TOTAL,VEH_N_FUGADOS,VEH_ANY_FUGADO,VEH_ANY_CARGA,VEH_ANY_PUBLICO,VEH_ANY_PARTICULAR,VEH_ANY_MOTO,VEH_ANY_AUTO,VEH_ANY_CAMION_BUS,VEH_ANY_SOAT_PROBLEMA,VEH_ANY_CITV_PROBLEMA,VEH_ANY_SEGURO_PROBLEMA,MTC_RVN_LONGITUD_KM_ERA_NULO,MTC_RVN_N_CARRILES_MEDIANA_ERA_NULO,MTC_RVN_ES_CONCESIONADA_ERA_NULO,MTC_RVN_N_TRAMOS_ERA_NULO,PER_EDAD_COND_PROM_ERA_NULO,PER_EDAD_COND_MIN_ERA_NULO,PER_EDAD_COND_MAX_ERA_NULO,HORA_NUM,FRANJA_HORARIA,ANIO,MES,DIA_MES,DIA_SEMANA,ES_FIN_SEMANA,ES_QUINCENA,REGION_NATURAL,NIVEL_SEÑALIZACION_ORD,ES_VIA_MULTICARRIL,ES_DEPTO_BAJO_PAVIMENTO,RATIO_CONDUCTORES_FUGADOS,ES_CURVA_Y_PENDIENTE,ES_VIA_NO_PAVIMENTADA,CATEGORIA_SEVERIDAD,CATEGORIA_SEVERIDAD_ENC,CLUSTER
3,1,0.2105205359103887,0,4,1,-12.373978582457598,-76.78193583566612,0,4,7,1,2,-1,-1,0,6639.975,2.0,5,2,1.0,0.340764331210191,0.074236766966835,1616.0,0.6997623570346938,76.1024633480164,8292.871520342613,7626.313,1683.4029999999998,1599.0829999999996,4343.827000000001,1814.875,5811.438000000001,23.7975414856432,2,0,0,34.0,29.0,39.0,1.0,0.0,0.0,0.0,2,0,0.0,0.0,0.0,1.0,0.0,1.0,1.0,0.0,0.0,0.0,0,0,0,0,0,0,0,3,0,2024,4,28,6,1,1,0,2,0,1,0.0,0,0,LEVE,0,0
3,2,0.0475510652317153,2,4,1,-13.6260052428199,-76.1519337048358,0,4,7,0,2,-1,-1,2,6639.975,2.0,5,2,1.0,0.340764331210191,0.074236766966835,1616.0,0.5723734005661165,76.14778354007997,24272.76659528908,3721.461,698.1859999999996,744.866,2278.409,1102.9029999999996,2618.558,29.636290693359403,2,0,0,50.0,43.0,57.0,1.0,0.0,0.0,0.0,2,0,0.0,1.0,1.0,0.0,1.0,0.0,1.0,0.0,0.0,0.0,0,0,0,0,0,0,0,5,0,2024,4,28,6,1,1,0,2,0,1,0.0,0,0,LEVE,0,7
6,1,0.2105205359103887,2,7,4,-12.082743412592244,-76.96919658779292,0,0,3,1,2,0,1,2,6543.555,2.0,-1,-1,1.0,0.4495936745003294,0.4495936745003294,1198.0,0.8452166148253858,80.64766902313956,160839.29764453962,7626.313,1683.4029999999998,1599.0829999999996,4343.827000000001,1814.875,5811.438000000001,23.7975414856432,1,0,0,48.0,48.0,48.0,1.0,0.0,0.0,0.0,1,0,0.0,0.0,0.0,1.0,1.0,0.0,0.0,1.0,1.0,1.0,1,1,1,1,0,0,0,6,1,2024,4,28,6,1,1,0,1,0,1,0.0,0,0,LEVE,0,0
3,2,0.0933450472216121,0,4,1,-8.435843904044715,-78.76493985013009,0,4,7,0,2,-1,-1,2,6543.555,3.0,5,2,1.0,0.1133318690972984,0.1133318690972984,1475.0,0.5051395598219868,77.13285387085847,67612.41755888652,8931.828000000005,1335.5899999999997,1935.9830000000004,5660.255000000005,1219.309,7712.519000000005,13.651281686122925,2,0,0,33.0,15.0,51.0,1.0,1.0,0.0,0.0,2,0,0.0,0.0,0.0,1.0,1.0,0.0,1.0,1.0,0.0,1.0,0,0,0,0,0,0,0,8,1,2024,4,28,6,1,1,0,2,1,1,0.0,0,0,LEVE,0,1
0,1,0.0766527564243356,2,4,1,-16.349813,-72.127218,0,3,7,0,2,1,1,0,6639.975,2.0,5,2,1.0,0.340764331210191,0.074236766966835,1616.0,0.5796346224596807,77.5661107176013,1227.436830835118,10322.272,1495.236,1749.739,7077.2970000000005,2886.595,7435.677000000001,27.964725207783708,1,0,1,56.0,56.0,56.0,1.0,0.0,0.0,1.0,1,0,0.0,1.0,0.0,0.0,0.0,0.0,1.0,0.0,0.0,0.0,0,0,0,0,0,0,0,18,3,2024,4,28,6,1,1,0,2,0,1,0.0,0,0,LEVE,0,4
1,1,0.0597408302218317,0,4,2,-7.11309,-78.829742,0,4,7,1,2,1,1,0,6543.555,2.0,-1,-1,1.0,0.4495936745003294,0.4495936745003294,1198.0,0.3334181514351879,65.70103407075928,11921.895074946468,15935.565011852366,1733.9250000199986,935.692,13265.948011832368,2000.1670000199988,13935.398011832369,12.551591352627522,1,1,1,37.0,33.0,40.0,0.0,0.0,0.0,0.0,1,1,1.0,0.0,0.0,0.0,0.0,0.0,0.0,0.0,0.0,1.0,1,1,1,1,1,1,1,21,3,2024,4,28,6,1,1,2,2,0,1,1.0,0,0,LEVE,0,1
6,1,0.0597408302218317,0,4,2,-6.929052,-78.241667,0,4,0,1,1,-1,-1,2,6543.555,2.0,-1,-1,1.0,0.4495936745003294,0.4495936745003294,1198.0,0.1969680140647228,72.48969518629403,11733.86295503212,15935.565011852366,1733.9250000199986,935.692,13265.948011832368,2000.1670000199988,13935.398011832369,12.551591352627522,1,0,0,62.0,62.0,62.0,1.0,0.0,0.0,1.0,1,0,0.0,0.0,1.0,0.0,0.0,0.0,1.0,0.0,0.0,0.0,1,1,1,1,0,0,0,23,3,2024,4,28,6,1,1,2,2,0,1,0.0,1,1,GRAVE_MORTALIDAD,2,1
7,1,0.2105205359103887,2,6,4,-12.061689415754488,-77.0527911158919,0,1,1,0,2,-1,-1,2,6543.555,2.0,-1,-1,1.0,0.4495936745003294,0.4495936745003294,1198.0,0.8121144527422384,79.97904399655734,75598.19486081369,7626.313,1683.4029999999998,1599.0829999999996,4343.827000000001,1814.875,5811.438000000001,23.7975414856432,1,0,0,68.0,68.0,68.0,1.0,0.0,0.0,0.0,1,0,0.0,1.0,0.0,0.0,0.0,0.0,1.0,0.0,0.0,0.0,1,1,1,1,0,0,0,11,1,2024,4,29,0,0,1,0,2,0,1,0.0,0,0,LEVE,0,0
6,1,0.0597408302218317,0,4,1,-6.71202257637767,-78.527831257903,0,4,0,1,2,-1,-1,2,280.57,1.0,2,0,0.0,0.340764331210191,0.1266198111135515,50.0,0.3484871558022944,76.33677469666252,76209.5845824411,15935.565011852366,1733.9250000199986,935.692,13265.948011832368,2000.1670000199988,13935.398011832369,12.551591352627522,1,0,0,44.0,44.0,44.0,1.0,1.0,0.0,1.0,1,0,0.0,0.0,1.0,0.0,1.0,0.0,0.0,1.0,1.0,1.0,0,0,0,0,0,0,0,18,3,2024,4,29,0,0,1,2,2,0,1,0.0,1,0,LEVE,0,1
6,1,0.0766527564243356,0,4,0,-16.373933,-71.645825,5,4,2,1,1,-1,-1,0,6543.555,2.0,-1,-1,1.0,0.4495936745003294,0.4495936745003294,1198.0,0.6005060748875158,78.21704200773246,33335.45824411135,10322.272,1495.236,1749.739,7077.2970000000005,2886.595,7435.677000000001,27.964725207783708,1,0,0,41.0,41.0,41.0,1.0,0.0,0.0,0.0,1,0,0.0,0.0,0.0,1.0,0.0,1.0,0.0,1.0,1.0,1.0,1,1,1,1,0,0,0,22,3,2024,4,29,0,0,1,0,2,0,1,0.0,0,1,LEVE,0,4
0,1,0.2105205359103887,2,2,4,-12.072586132798852,-76.99293356359962,0,0,1,0,2,0,1,4,6543.555,2.0,-1,-1,1.0,0.4495936745003294,0.4495936745003294,1198.0,0.7932581306844921,81.51631118964869,53672.69593147752,7626.313,1683.4029999999998,1599.0829999999996,4343.827000000001,1814.875,5811.438000000001,23.7975414856432,1,0,1,47.0,47.0,47.0,1.0,0.0,0.0,0.0,1,0,0.0,0.0,0.0,1.0,0.0,0.0,1.0,0.0,0.0,0.0,1,1,1,1,0,0,0,6,1,2024,4,30,1,0,1,0,1,0,1,0.0,0,0,LEVE,0,0
3,1,0.0902701515484296,0,4,1,-13.58416,-71.807641,6,5,6,-1,6,-1,-1,0,7586.903,2.0,5,2,1.0,0.340764331210191,0.067428069404788,1198.0,0.5065580412535501,64.79370905469777,8658.316916488222,17779.13499998999,2097.37099999,2863.123,12818.640999999989,2878.713,14900.421999989989,16.19152450331032,2,0,0,40.5,33.0,48.0,1.0,0.0,0.0,1.0,2,0,0.0,0.0,0.0,1.0,1.0,1.0,0.0,1.0,1.0,1.0,0,0,0,0,0,0,0,1,0,2024,5,1,2,0,0,2,2,0,1,0.0,0,0,LEVE,0,4
6,1,0.2105205359103887,2,2,4,-12.284074845730723,-76.86350874082176,0,3,7,0,2,-1,-1,0,6543.555,2.0,-1,-1,1.0,0.4495936745003294,0.4495936745003294,1198.0,0.6909236767275176,78.41626133969348,95908.53319057816,7626.313,1683.4029999999998,1599.0829999999996,4343.827000000001,1814.875,5811.438000000001,23.7975414856432,1,0,0,34.0,34.0,34.0,1.0,1.0,0.0,0.0,1,0,0.0,0.0,0.0,1.0,0.0,1.0,0.0,0.0,0.0,0.0,1,1,1,1,0,0,0,6,1,2024,5,1,2,0,0,0,2,0,1,0.0,0,0,LEVE,0,0
0,2,0.0475510652317153,0,4,1,-13.72784,-75.907835,0,4,7,1,2,-1,-1,0,1679.5849999999998,2.0,5,1,1.0,0.340764331210191,0.0082363276960245,315.0,0.5476064687943295,72.89816640240538,5923.768736616702,3721.461,698.1859999999996,744.866,2278.409,1102.9029999999996,2618.558,29.636290693359403,1,0,1,45.0,45.0,45.0,1.0,0.0,0.0,0.0,1,0,0.0,0.0,0.0,1.0,0.0,1.0,0.0,0.0,1.0,0.0,0,0,0,0,0,0,0,6,1,2024,5,1,2,0,0,0,2,0,1,0.0,0,0,LEVE,0,7
0,1,0.2105205359103887,2,4,1,-11.930494754097852,-77.07249372671109,0,0,1,0,2,-1,-1,4,6543.555,3.0,5,2,1.0,0.1133318690972984,0.1133318690972984,1475.0,0.758462599563312,80.5192231989937,363987.54389721627,7626.313,1683.4029999999998,1599.0829999999996,4343.827000000001,1814.875,5811.438000000001,23.7975414856432,1,0,1,1.0,1.0,1.0,1.0,1.0,0.0,0.0,1,0,0.0,0.0,0.0,1.0,0.0,1.0,0.0,0.0,0.0,0.0,0,0,0,0,0,0,0,11,1,2024,5,1,2,0,0,0,2,1,1,0.0,0,0,LEVE,0,0
3,2,0.0933450472216121,0,4,1,-7.8002935855,-77.9881664265,0,4,7,0,2,-1,-1,0,9936.932,2.0,5,2,1.0,0.340764331210191,0.1266198111135515,3830.0,0.3986882084754764,72.97869269132666,69564.29978586723,8931.828000000005,1335.5899999999997,1935.9830000000004,5660.255000000005,1219.309,7712.519000000005,13.651281686122925,2,0,0,43.0,30.0,56.0,1.0,0.0,0.0,0.0,2,0,0.0,1.0,0.0,1.0,1.0,0.0,1.0,1.0,1.0,1.0,0,0,0,0,0,0,0,17,2,2024,5,1,2,0,0,0,2,0,1,0.0,0,0,LEVE,0,1
6,1,0.006479244454206,0,4,0,-10.4986595078299,-76.5293626256855,0,4,7,1,2,-1,-1,2,6543.555,2.0,-1,-1,1.0,0.4495936745003294,0.4495936745003294,1198.0,0.5563774842369664,77.00938809632027,27932.19700214133,3677.119863,564.5869999999999,910.845,2201.687863000001,590.8779999999998,3086.2418630000006,16.06904376290656,1,0,0,40.0,40.0,40.0,1.0,1.0,0.0,1.0,1,0,0.0,0.0,0.0,1.0,1.0,0.0,0.0,1.0,1.0,1.0,1,1,1,1,0,0,0,17,2,2024,5,1,2,0,0,2,2,0,1,0.0,0,0,LEVE,0,4
3,1,0.0153744783659125,2,2,4,-11.8352697,-77.163536617,0,3,7,1,1,-1,-1,6,6543.555,2.0,-1,-1,1.0,0.4495936745003294,0.4495936745003294,1198.0,0.5563774842369664,77.00938809632027,27932.19700214133,51.58600000000001,44.68700000000001,6.899000000000001,0.0,49.838000000000015,1.748,96.61148373589734,3,0,1,49.0,47.0,51.0,1.0,0.0,0.0,0.0,3,0,0.0,0.0,1.0,1.0,0.0,1.0,1.0,1.0,1.0,1.0,1,1,1,1,0,0,0,18,3,2024,5,1,2,0,0,2,2,0,0,0.0,0,1,LEVE,0,0
10,1,0.0497474192839885,2,2,4,-5.185413,-80.64937,0,3,9,0,2,-1,-1,0,6543.555,2.0,-1,-1,1.0,0.4495936745003294,0.4495936745003294,1198.0,0.6582040223794163,78.74105515718446,178905.3426124197,8965.846000060003,1782.4120000599992,636.9959999999999,6546.438000000004,2214.505000059999,6751.341000000004,24.699342371541725,1,0,0,22.0,22.0,22.0,1.0,1.0,1.0,1.0,1,0,0.0,0.0,0.0,1.0,1.0,0.0,0.0,0.0,1.0,0.0,1,1,1,1,0,0,0,20,3,2024,5,1,2,0,0,0,2,0,1,0.0,0,0,GRAVE_MORTALIDAD,2,3
6,1,0.0933450472216121,0,4,1,-7.2331677838,-79.4523904431,0,4,7,0,2,-1,-1,2,6543.555,3.0,5,2,1.0,0.1133318690972984,0.1133318690972984,1475.0,0.5650979329787121,81.32490571897102,43897.946466809415,8931.828000000005,1335.5899999999997,1935.9830000000004,5660.255000000005,1219.309,7712.519000000005,13.651281686122925,1,0,0,41.0,41.0,41.0,1.0,0.0,0.0,0.0,1,0,0.0,0.0,0.0,1.0,0.0,1.0,0.0,0.0,1.0,0.0,0,0,0,0,0,0,0,21,3,2024,5,1,2,0,0,0,2,1,1,0.0,0,0,LEVE,0,1
4,1,0.0766527564243356,2,2,4,-16.326364,-71.590201,0,3,7,0,2,-1,-1,0,6543.555,2.0,-1,-1,1.0,0.4495936745003294,0.4495936745003294,1198.0,0.6411767862503931,77.2408324916572,193412.3169164882,10322.272,1495.236,1749.739,7077.2970000000005,2886.595,7435.677000000001,27.964725207783708,1,0,0,22.0,22.0,22.0,1.0,0.0,0.0,0.0,1,0,0.0,0.0,0.0,1.0,1.0,0.0,0.0,0.0,1.0,0.0,1,1,1,1,0,0,0,3,0,2024,5,2,3,0,0,0,2,0,1,0.0,0,0,LEVE,0,4
10,1,0.0902701515484296,0,3,4,-14.785918481541,-71.413439598388,0,4,7,0,2,-1,-1,2,6543.555,2.0,-1,-1,1.0,0.4495936745003294,0.4495936745003294,1198.0,0.553052655456334,69.21726434550523,33976.192719486084,17779.13499998999,2097.37099999,2863.123,12818.640999999989,2878.713,14900.421999989989,16.19152450331032,1,0,0,19.0,19.0,19.0,1.0,1.0,0.0,0.0,1,0,0.0,0.0,0.0,1.0,1.0,0.0,0.0,1.0,1.0,0.0,1,1,1,1,0,0,0,4,0,2024,5,2,3,0,0,2,2,0,1,0.0,0,0,LEVE,0,4
0,2,0.0821436415550186,0,4,1,-16.003964,-69.761705,0,4,7,0,2,-1,-1,6,7586.903,2.0,5,2,1.0,0.340764331210191,0.067428069404788,1198.0,0.3247057995130503,73.24682709519536,24872.03426124197,13642.312999999998,2020.7790000000005,2354.117,9267.416999999998,3314.0520000000006,10328.260999999997,24.29244952817019,2,0,1,51.5,43.0,60.0,1.0,0.0,0.0,0.0,2,0,0.0,0.0,0.0,1.0,0.0,1.0,1.0,0.0,0.0,0.0,0,0,0,0,0,0,0,5,0,2024,5,2,3,0,0,2,2,0,1,0.0,0,0,LEVE,0,4
0,1,0.2105205359103887,2,2,4,-12.210591929870656,-76.95533548680481,0,3,1,0,2,-1,-1,0,6543.555,2.0,-1,-1,1.0,0.4495936745003294,0.4495936745003294,1198.0,0.6990481232857558,80.14597904142546,459161.0728051392,7626.313,1683.4029999999998,1599.0829999999996,4343.827000000001,1814.875,5811.438000000001,23.7975414856432,1,0,1,39.0,39.0,39.0,1.0,1.0,0.0,0.0,1,0,0.0,0.0,1.0,0.0,1.0,0.0,0.0,1.0,1.0,1.0,1,1,1,1,0,0,0,6,1,2024,5,2,3,0,0,0,2,0,1,0.0,0,0,LEVE,0,0
6,1,0.2105205359103887,2,2,4,-12.072136199104516,-77.0782893308353,0,0,5,0,2,-1,-1,2,6543.555,2.0,-1,-1,1.0,0.4495936745003294,0.4495936745003294,1198.0,0.5563774842369664,77.00938809632027,27932.19700214133,7626.313,1683.4029999999998,1599.0829999999996,4343.827000000001,1814.875,5811.438000000001,23.7975414856432,1,0,0,22.0,22.0,22.0,1.0,0.0,0.0,0.0,1,0,0.0,0.0,0.0,1.0,1.0,0.0,0.0,1.0,1.0,1.0,1,1,1,1,0,0,0,6,1,2024,5,2,3,0,0,0,2,0,1,0.0,0,0,LEVE,0,0
3,1,0.2105205359103887,2,4,1,-12.092293,-76.980857,0,0,7,0,2,-1,-1,2,6639.975,2.0,5,2,1.0,0.340764331210191,0.074236766966835,1616.0,0.8236163632543221,80.64134543571234,106584.52890792293,7626.313,1683.4029999999998,1599.0829999999996,4343.827000000001,1814.875,5811.438000000001,23.7975414856432,2,0,1,41.0,29.0,53.0,1.0,0.0,0.0,0.0,2,0,0.0,0.0,1.0,0.0,0.0,0.0,1.0,0.0,1.0,0.0,0,0,0,0,0,0,0,7,1,2024,5,2,3,0,0,0,2,0,1,0.0,0,0,GRAVE_LESIONADOS,1,0
6,1,0.0597408302218317,2,6,4,-7.619482,-78.044672,0,0,7,0,4,-1,-1,2,6543.555,2.0,-1,-1,1.0,0.4495936745003294,0.4495936745003294,1198.0,0.4384361875352846,76.70622362399591,31678.2869379015,15935.565011852366,1733.9250000199986,935.692,13265.948011832368,2000.1670000199988,13935.398011832369,12.551591352627522,1,0,0,24.0,24.0,24.0,1.0,0.0,1.0,1.0,1,0,0.0,0.0,0.0,1.0,1.0,0.0,0.0,0.0,1.0,0.0,1,1,1,1,0,0,0,15,2,2024,5,2,3,0,0,2,2,0,1,0.0,0,0,LEVE,0,1
3,2,0.0821436415550186,0,4,0,-15.566421711216536,-69.97179505563115,0,4,7,0,2,-1,-1,2,6543.555,2.0,-1,-1,1.0,0.4495936745003294,0.4495936745003294,1198.0,0.2054781999352204,72.86726952696264,7653.85653104925,13642.312999999998,2020.7790000000005,2354.117,9267.416999999998,3314.0520000000006,10328.260999999997,24.29244952817019,2,0,0,61.0,61.0,61.0,1.0,0.0,0.0,0.0,2,0,0.0,0.0,0.0,1.0,0.0,0.0,1.0,0.0,0.0,1.0,1,1,1,1,0,0,0,18,3,2024,5,2,3,0,0,2,2,0,1,0.0,0,0,LEVE,0,4
0,1,0.2105205359103887,2,4,1,-12.37177720361196,-76.78410972011952,0,2,7,0,2,-1,-1,0,6639.975,2.0,5,2,1.0,0.340764331210191,0.074236766966835,1616.0,0.6997623570346938,76.1024633480164,8292.871520342613,7626.313,1683.4029999999998,1599.0829999999996,4343.827000000001,1814.875,5811.438000000001,23.7975414856432,1,0,1,33.0,33.0,33.0,1.0,0.0,0.0,0.0,1,0,0.0,1.0,0.0,0.0,0.0,0.0,1.0,0.0,1.0,0.0,0,0,0,0,0,0,0,21,3,2024,5,2,3,0,0,0,2,0,1,0.0,0,0,LEVE,0,0
1,1,0.0766527564243356,2,3,4,-16.307641385217,-72.1892234441462,7,4,7,0,7,-1,-1,0,6543.555,2.0,-1,-1,1.0,0.4495936745003294,0.4495936745003294,1198.0,0.6077843615696785,76.53072135400231,74658.55888650964,10322.272,1495.236,1749.739,7077.2970000000005,2886.595,7435.677000000001,27.964725207783708,1,1,1,37.0,33.0,40.0,0.0,0.0,0.0,0.0,1,1,1.0,0.0,0.0,0.0,0.0,0.0,0.0,0.0,0.0,1.0,1,1,1,1,1,1,1,8,1,2024,5,3,4,0,0,0,2,0,1,1.0,0,1,LEVE,0,4
3,2,0.2105205359103887,0,4,1,-11.28498138747742,-77.32506043281998,0,4,7,0,2,-1,-1,2,1422.177,2.0,5,2,0.0,0.340764331210191,0.0024159894575005,698.0,0.625259356790912,76.00710856837651,24684.304068522484,7626.313,1683.4029999999998,1599.0829999999996,4343.827000000001,1814.875,5811.438000000001,23.7975414856432,2,0,0,42.5,42.0,43.0,1.0,0.0,0.0,1.0,2,0,0.0,0.0,0.0,1.0,0.0,1.0,0.0,0.0,0.0,0.0,0,0,0,0,0,0,0,6,1,2024,5,4,5,1,0,0,2,0,1,0.0,0,0,LEVE,0,0
0,1,0.0902701515484296,2,4,1,-14.246629,-71.242679,0,3,7,0,2,-1,-1,4,7586.903,2.0,5,2,1.0,0.340764331210191,0.067428069404788,1198.0,0.5265643824923771,76.3202150422939,59032.11777301927,17779.13499998999,2097.37099999,2863.123,12818.640999999989,2878.713,14900.421999989989,16.19152450331032,1,0,1,48.0,48.0,48.0,1.0,0.0,0.0,0.0,1,0,0.0,0.0,1.0,0.0,0.0,0.0,1.0,0.0,0.0,0.0,0,0,0,0,0,0,0,6,1,2024,5,4,5,1,0,2,2,0,1,0.0,0,0,LEVE,0,4
1,1,0.2105205359103887,2,4,1,-12.485454,-76.74597,0,2,7,0,2,-1,-1,0,6639.975,2.0,5,2,1.0,0.340764331210191,0.074236766966835,1616.0,0.7033052422048006,79.27699023084553,18759.880085653105,7626.313,1683.4029999999998,1599.0829999999996,4343.827000000001,1814.875,5811.438000000001,23.7975414856432,1,1,1,37.0,33.0,40.0,0.0,0.0,0.0,0.0,1,1,1.0,0.0,0.0,0.0,0.0,0.0,0.0,0.0,0.0,1.0,0,0,0,0,1,1,1,8,1,2024,5,4,5,1,0,0,2,0,1,1.0,0,0,LEVE,0,0
3,2,0.0902701515484296,0,4,1,-14.3518785408741,-71.1730460997342,0,4,7,0,2,-1,-1,2,7586.903,2.0,5,2,1.0,0.340764331210191,0.067428069404788,1198.0,0.3688068892893833,76.47283450634272,9957.021413276232,17779.13499998999,2097.37099999,2863.123,12818.640999999989,2878.713,14900.421999989989,16.19152450331032,2,1,0,59.0,59.0,59.0,1.0,0.0,0.0,0.0,2,0,0.0,0.0,0.0,1.0,1.0,0.0,1.0,0.0,1.0,1.0,0,0,0,0,0,0,0,12,2,2024,5,4,5,1,0,2,2,0,1,0.5,0,0,LEVE,0,4
6,1,0.0933450472216121,0,4,2,-7.423961086783124,-79.50308939406725,0,4,7,0,2,-1,-1,2,6543.555,2.0,-1,-1,1.0,0.4495936745003294,0.4495936745003294,1198.0,0.6138517538553948,80.84826225715301,16852.97430406852,8931.828000000005,1335.5899999999997,1935.9830000000004,5660.255000000005,1219.309,7712.519000000005,13.651281686122925,1,0,0,35.0,35.0,35.0,1.0,0.0,0.0,0.0,1,0,0.0,0.0,0.0,1.0,1.0,0.0,0.0,1.0,1.0,1.0,1,1,1,1,0,0,0,17,2,2024,5,4,5,1,0,0,2,0,1,0.0,0,0,LEVE,0,1
3,2,0.0902701515484296,0,4,1,-14.3288253,-71.1955179,0,4,7,0,2,-1,-1,2,7586.903,2.0,5,2,1.0,0.340764331210191,0.067428069404788,1198.0,0.3688068892893833,76.47283450634272,9957.021413276232,17779.13499998999,2097.37099999,2863.123,12818.640999999989,2878.713,14900.421999989989,16.19152450331032,2,0,0,53.0,47.0,59.0,1.0,0.0,0.0,1.0,2,0,0.0,0.0,1.0,1.0,1.0,0.0,1.0,1.0,1.0,1.0,0,0,0,0,0,0,0,18,3,2024,5,4,5,1,0,2,2,0,1,0.0,0,0,LEVE,0,4
10,1,0.0497474192839885,2,2,4,-5.20492,-80.621518,0,4,7,0,2,-1,-1,0,6543.555,2.0,-1,-1,1.0,0.4495936745003294,0.4495936745003294,1198.0,0.6220812987247925,80.20155828147696,159840.92719486082,8965.846000060003,1782.4120000599992,636.9959999999999,6546.438000000004,2214.505000059999,6751.341000000004,24.699342371541725,1,0,0,41.0,41.0,41.0,1.0,1.0,1.0,1.0,1,0,0.0,0.0,0.0,1.0,1.0,0.0,0.0,1.0,1.0,1.0,1,1,1,1,0,0,0,21,3,2024,5,4,5,1,0,0,2,0,1,0.0,0,0,LEVE,0,3
10,1,0.0902701515484296,0,4,2,-14.815048,-71.496903,0,4,7,0,2,-1,-1,2,6543.555,2.0,-1,-1,1.0,0.4495936745003294,0.4495936745003294,1198.0,0.2895499003381874,68.53788948078248,14410.650963597433,17779.13499998999,2097.37099999,2863.123,12818.640999999989,2878.713,14900.421999989989,16.19152450331032,1,0,0,27.0,27.0,27.0,1.0,0.0,0.0,0.0,1,1,1.0,0.0,0.0,1.0,1.0,0.0,0.0,1.0,0.0,1.0,1,1,1,1,0,0,0,0,0,2024,5,5,6,1,0,2,2,0,1,0.0,0,0,LEVE,0,4
3,1,0.2105205359103887,2,4,1,-12.04092762705622,-77.03359750530842,0,0,7,0,2,-1,-1,0,6543.555,3.0,5,2,1.0,0.1133318690972984,0.1133318690972984,1475.0,0.7300036506368504,80.21724456394445,156759.78800856532,7626.313,1683.4029999999998,1599.0829999999996,4343.827000000001,1814.875,5811.438000000001,23.7975414856432,2,0,0,21.0,21.0,21.0,1.0,0.0,0.0,0.0,2,0,0.0,0.0,0.0,1.0,1.0,1.0,0.0,0.0,0.0,0.0,0,0,0,0,0,0,0,7,1,2024,5,5,6,1,0,0,2,1,1,0.0,0,0,LEVE,0,0
6,1,0.0902701515484296,2,4,1,-13.317981,-72.034401,0,4,7,0,2,-1,-1,1,3447.8009999999995,1.0,5,1,0.0,0.340764331210191,0.0101032286404568,1109.0,0.4562958894633943,70.99144093489087,23833.353319057816,17779.13499998999,2097.37099999,2863.123,12818.640999999989,2878.713,14900.421999989989,16.19152450331032,1,0,0,20.0,20.0,20.0,1.0,0.0,0.0,0.0,1,0,0.0,0.0,0.0,1.0,1.0,0.0,0.0,0.0,1.0,0.0,0,0,0,0,0,0,0,11,1,2024,5,5,6,1,0,2,2,0,1,0.0,0,0,LEVE,0,4
3,2,0.0933450472216121,2,2,4,-8.050661063295253,-79.05154544639286,0,2,1,0,2,-1,-1,2,6543.555,2.0,-1,-1,1.0,0.4495936745003294,0.4495936745003294,1198.0,0.5961574154611067,78.8610661942771,197397.5888650964,8931.828000000005,1335.5899999999997,1935.9830000000004,5660.255000000005,1219.309,7712.519000000005,13.651281686122925,2,0,0,40.0,28.0,52.0,1.0,0.0,0.0,0.0,2,0,0.0,0.0,0.0,1.0,1.0,1.0,0.0,1.0,0.0,0.0,1,1,1,1,0,0,0,14,2,2024,5,5,6,1,0,0,2,0,1,0.0,0,0,LEVE,0,1