CLASE SINIESTRO,CANTIDAD DE VEHICULOS DAÑADOS,DEPARTAMENTO,ZONA,TIPO DE VÍA,RED VIAL,COORDENADAS LATITUD,COORDENADAS  LONGITUD,CONDICIÓN CLIMÁTICA,ZONIFICACIÓN,CARACTERÍSTICAS DE VÍA,PERFIL LONGITUDINAL VÍA,SUPERFICIE DE CALZADA,¿EXISTE SEÑAL VERTICAL?,¿EXISTE SEÑAL HORIZONTAL?,CAUSA FACTOR PRINCIPAL,MTC_RVN_LONGITUD_KM,MTC_RVN_N_CARRILES_MEDIANA,MTC_RVN_SUPERFICIE_DOMINANTE,MTC_RVN_ESTADO_DOMINANTE,MTC_RVN_ES_CONCESIONADA,MTC_RVN_CONCESION_PRINCIPAL,MTC_RVN_CORREDOR_LOGISTICO,MTC_RVN_N_TRAMOS,IDH_2019,IDH_ESP_VIDA_2019,IDH_POBLACION_2019,MTC_DEP_RED_TOTAL_KM,MTC_DEP_NACIONAL_TOTAL_KM,MTC_DEP_DEPARTAMENTAL_TOTAL_KM,MTC_DEP_VECINAL_TOTAL_KM,MTC_DEP_PAV_TOTAL_KM,MTC_DEP_NO_PAV_TOTAL_KM,MTC_DEP_PCT_PAVIMENTADA,PER_N_CONDUCTORES,PER_N_CONDUCTORES_FUGADOS,PER_N_PEATONES,PER_EDAD_COND_PROM,PER_EDAD_COND_MIN,PER_EDAD_COND_MAX,PER_ANY_COND_MASCULINO,PER_ANY_LIC_PROBLEMA,PER_ANY_DOSAJE_POS,PER_ANY_DOSAJE_EVALUADO,VEH_TOTAL,VEH_N_FUGADOS,VEH_ANY_FUGADO,VEH_ANY_CARGA,VEH_ANY_PUBLICO,VEH_ANY_PARTICULAR,VEH_ANY_MOTO,VEH_ANY_AUTO,VEH_ANY_CAMION_BUS,VEH_ANY_SOAT_PROBLEMA,VEH_ANY_CITV_PROBLEMA,VEH_ANY_SEGURO_PROBLEMA,MTC_RVN_LONGITUD_KM_ERA_NULO,MTC_RVN_N_CARRILES_MEDIANA_ERA_NULO,MTC_RVN_ES_CONCESIONADA_ERA_NULO,MTC_RVN_N_TRAMOS_ERA_NULO,PER_EDAD_COND_PROM_ERA_NULO,PER_EDAD_COND_MIN_ERA_NULO,PER_EDAD_COND_MAX_ERA_NULO,HORA_NUM,FRANJA_HORARIA,ANIO,MES,DIA_MES,DIA_SEMANA,ES_FIN_SEMANA,ES_QUINCENA,REGION_NATURAL,NIVEL_SEÑALIZACION_ORD,ES_VIA_MULTICARRIL,ES_DEPTO_BAJO_PAVIMENTO,RATIO_CONDUCTORES_FUGADOS,ES_CURVA_Y_PENDIENTE,ES_VIA_NO_PAVIMENTADA,CATEGORIA_SEVERIDAD,CATEGORIA_SEVERIDAD_ENC,CLUSTER
3,2,0.0139468482319349,0,4,1,-3.529353403850634,-80.36389408213292,0,4,7,0,2,-1,-1,2,6543.555,3.0,5,2,1.0,0.1133318690972984,0.1133318690972984,1475.0,0.506393213976091,71.09604779417722,5253.152034261242,1009.101,138.47399999999996,287.471,583.156,276.972,732.129,27.447401201663663,2,0,0,40.5,40.0,41.0,1.0,0.0,0.0,1.0,2,0,0.0,1.0,0.0,1.0,1.0,1.0,0.0,0.0,1.0,0.0,0,0,0,0,0,0,0,7,1,2024,5,6,0,0,0,0,2,1,1,0.0,0,0,LEVE,0,13
6,1,0.0821436415550186,0,4,1,-15.94117228,-69.86260569,0,4,7,0,2,-1,-1,2,6543.555,3.0,5,2,1.0,0.1133318690972984,0.1133318690972984,1475.0,0.2884525097354768,64.20597588940076,7037.970021413275,13642.312999999998,2020.7790000000005,2354.117,9267.416999999998,3314.0520000000006,10328.260999999997,24.29244952817019,1,0,0,23.0,23.0,23.0,1.0,1.0,0.0,0.0,1,0,0.0,0.0,0.0,1.0,0.0,1.0,0.0,0.0,1.0,0.0,0,0,0,0,0,0,0,15,2,2024,5,6,0,0,0,2,2,1,1,0.0,0,0,LEVE,0,4
0,1,0.2105205359103887,2,2,4,-11.921251787818989,-77.04196330816289,0,0,7,0,2,-1,-1,0,6543.555,2.0,-1,-1,1.0,0.4495936745003294,0.4495936745003294,1198.0,0.7218926988400113,80.0902077245261,530000.3426124197,7626.313,1683.4029999999998,1599.0829999999996,4343.827000000001,1814.875,5811.438000000001,23.7975414856432,1,0,1,57.0,57.0,57.0,1.0,0.0,0.0,0.0,1,0,0.0,0.0,0.0,0.0,0.0,1.0,0.0,0.0,0.0,0.0,1,1,1,1,0,0,0,21,3,2024,5,6,0,0,0,0,2,0,1,0.0,0,0,LEVE,0,0
3,1,0.2105205359103887,2,4,2,-12.268766484904434,-76.84410294687619,0,4,7,0,2,-1,-1,0,6543.555,2.0,-1,-1,1.0,0.4495936745003294,0.4495936745003294,1198.0,0.6909236767275176,78.41626133969348,95908.53319057816,7626.313,1683.4029999999998,1599.0829999999996,4343.827000000001,1814.875,5811.438000000001,23.7975414856432,3,0,0,40.333333333333336,40.0,41.0,1.0,0.0,0.0,0.0,3,0,0.0,1.0,1.0,0.0,1.0,0.0,1.0,0.0,1.0,0.0,1,1,1,1,0,0,0,9,1,2024,5,7,1,0,0,0,2,0,1,0.0,0,0,LEVE,0,0
3,2,0.0821436415550186,0,4,1,-16.738935101004,-69.71669550114505,0,4,7,0,2,-1,-1,2,1529.105,2.0,5,2,1.0,0.340764331210191,0.0038436195914781,200.0,0.3367238884705214,79.36896456880557,5778.8501070663815,13642.312999999998,2020.7790000000005,2354.117,9267.416999999998,3314.0520000000006,10328.260999999997,24.29244952817019,2,0,0,48.5,41.0,56.0,1.0,1.0,0.0,0.0,2,0,0.0,0.0,0.0,1.0,1.0,0.0,1.0,0.0,1.0,1.0,0,0,0,0,0,0,0,16,2,2024,5,7,1,0,0,2,2,0,1,0.0,0,0,LEVE,0,4
0,1,0.0597408302218317,2,4,1,-6.57019,-78.642682,2,3,0,1,2,-1,-1,4,9936.932,2.0,5,2,1.0,0.340764331210191,0.1266198111135515,3830.0,0.4700875779194959,72.66081436888122,46090.54817987152,15935.565011852366,1733.9250000199986,935.692,13265.948011832368,2000.1670000199988,13935.398011832369,12.551591352627522,1,0,1,23.0,23.0,23.0,1.0,0.0,0.0,1.0,1,0,0.0,0.0,0.0,1.0,0.0,0.0,1.0,0.0,0.0,0.0,0,0,0,0,0,0,0,19,3,2024,5,7,1,0,0,2,2,0,1,0.0,1,0,LEVE,0,1
3,2,0.0475510652317153,2,4,1,-14.086836,-75.727742,0,3,1,0,2,-1,-1,2,6639.975,2.0,5,2,1.0,0.340764331210191,0.074236766966835,1616.0,0.6637216310803388,79.6446050662278,142450.24411134905,3721.461,698.1859999999996,744.866,2278.409,1102.9029999999996,2618.558,29.636290693359403,2,0,0,29.5,28.0,31.0,1.0,0.0,0.0,1.0,2,0,0.0,0.0,0.0,1.0,0.0,0.0,1.0,0.0,1.0,1.0,0,0,0,0,0,0,0,20,3,2024,5,8,2,0,0,0,2,0,1,0.0,0,0,LEVE,0,7
0,1,0.0933450472216121,2,2,4,-8.1032196276,-79.023969781,0,0,1,0,2,-1,-1,0,6543.555,2.0,-1,-1,1.0,0.4495936745003294,0.4495936745003294,1198.0,0.7151155191839451,79.57652607829836,331253.00214132766,8931.828000000005,1335.5899999999997,1935.9830000000004,5660.255000000005,1219.309,7712.519000000005,13.651281686122925,1,0,1,43.0,43.0,43.0,1.0,0.0,0.0,0.0,1,0,0.0,0.0,0.0,1.0,0.0,0.0,1.0,0.0,0.0,0.0,1,1,1,1,0,0,0,15,2,2024,5,9,3,0,0,0,2,0,1,0.0,0,0,LEVE,0,1
6,1,0.0766527564243356,0,4,1,-17.0299219497234,-71.6447817311079,7,4,0,0,2,-1,-1,0,6639.975,2.0,5,2,1.0,0.340764331210191,0.074236766966835,1616.0,0.6449493635682252,78.44719582624413,8054.678800856533,10322.272,1495.236,1749.739,7077.2970000000005,2886.595,7435.677000000001,27.964725207783708,1,0,0,36.0,36.0,36.0,1.0,0.0,0.0,0.0,1,0,0.0,0.0,0.0,1.0,0.0,1.0,0.0,0.0,0.0,0.0,0,0,0,0,0,0,0,16,2,2024,5,9,3,0,0,0,2,0,1,0.0,0,0,LEVE,0,4
6,1,0.0497474192839885,2,2,4,-5.163911,-80.648004,0,3,7,0,2,-1,-1,0,6543.555,2.0,-1,-1,1.0,0.4495936745003294,0.4495936745003294,1198.0,0.6582040223794163,78.74105515718446,178905.3426124197,8965.846000060003,1782.4120000599992,636.9959999999999,6546.438000000004,2214.505000059999,6751.341000000004,24.699342371541725,1,0,0,19.0,19.0,19.0,1.0,1.0,0.0,1.0,1,1,1.0,0.0,0.0,0.0,0.0,0.0,0.0,0.0,0.0,1.0,1,1,1,1,0,0,0,21,3,2024,5,9,3,0,0,0,2,0,1,0.0,0,0,LEVE,0,3
3,1,0.2105205359103887,2,4,1,-12.25012472194049,-76.93102612571977,0,2,7,0,2,-1,-1,0,6639.975,2.0,5,2,1.0,0.340764331210191,0.074236766966835,1616.0,0.6909236767275176,78.41626133969348,95908.53319057816,7626.313,1683.4029999999998,1599.0829999999996,4343.827000000001,1814.875,5811.438000000001,23.7975414856432,3,0,0,35.5,22.0,49.0,1.0,0.0,0.0,0.0,3,0,0.0,1.0,0.0,0.0,0.0,0.0,1.0,0.0,0.0,0.0,0,0,0,0,0,0,0,2,0,2024,5,10,4,0,0,0,2,0,1,0.0,0,0,GRAVE_LESIONADOS,1,0
6,1,0.0597408302218317,0,4,1,-6.882722,-78.135623,0,4,0,1,2,1,0,2,2760.8550000000005,1.0,-1,1,0.0,0.340764331210191,0.1266198111135515,1208.0,0.4626426475820469,68.55306494378911,29011.38543897216,15935.565011852366,1733.9250000199986,935.692,13265.948011832368,2000.1670000199988,13935.398011832369,12.551591352627522,1,0,0,23.0,23.0,23.0,1.0,0.0,1.0,1.0,1,0,0.0,0.0,0.0,1.0,0.0,1.0,0.0,0.0,1.0,0.0,0,0,0,0,0,0,0,3,0,2024,5,10,4,0,0,2,1,0,1,0.0,1,0,LEVE,0,1
6,1,0.0902701515484296,0,4,1,-13.31189558,-72.10391432,0,4,7,0,2,1,0,4,3447.8009999999995,1.0,5,1,0.0,0.340764331210191,0.0101032286404568,1109.0,0.5961225511084856,78.53035911580116,21509.777301927195,17779.13499998999,2097.37099999,2863.123,12818.640999999989,2878.713,14900.421999989989,16.19152450331032,1,0,0,42.0,42.0,42.0,1.0,0.0,0.0,1.0,1,0,0.0,0.0,0.0,1.0,1.0,0.0,0.0,0.0,1.0,0.0,0,0,0,0,0,0,0,7,1,2024,5,10,4,0,0,2,1,0,1,0.0,0,0,LEVE,0,4
0,1,0.0933450472216121,2,4,2,-7.424026822749218,-79.50308374665642,0,0,7,0,2,-1,-1,2,6543.555,2.0,-1,-1,1.0,0.4495936745003294,0.4495936745003294,1198.0,0.6138517538553948,80.84826225715301,16852.97430406852,8931.828000000005,1335.5899999999997,1935.9830000000004,5660.255000000005,1219.309,7712.519000000005,13.651281686122925,1,0,2,71.0,71.0,71.0,1.0,1.0,0.0,0.0,1,0,0.0,0.0,0.0,1.0,1.0,0.0,0.0,1.0,0.0,0.0,1,1,1,1,0,0,0,20,3,2024,5,10,4,0,0,0,2,0,1,0.0,0,0,LEVE,0,1
0,1,0.0902701515484296,0,4,1,-13.597937,-71.773723,0,4,7,0,2,-1,-1,4,7586.903,2.0,5,2,1.0,0.340764331210191,0.067428069404788,1198.0,0.5065580412535501,64.79370905469777,8658.316916488222,17779.13499998999,2097.37099999,2863.123,12818.640999999989,2878.713,14900.421999989989,16.19152450331032,1,0,1,40.0,40.0,40.0,1.0,0.0,0.0,1.0,1,0,0.0,0.0,0.0,0.0,0.0,0.0,1.0,0.0,0.0,0.0,0,0,0,0,0,0,0,21,3,2024,5,10,4,0,0,2,2,0,1,0.0,0,0,LEVE,0,4
6,1,0.0597408302218317,0,4,2,-6.249418,-78.862041,0,4,0,1,7,-1,-1,5,6543.555,2.0,-1,-1,1.0,0.4495936745003294,0.4495936745003294,1198.0,0.2709828626030399,81.54140913838565,4972.762312633833,15935.565011852366,1733.9250000199986,935.692,13265.948011832368,2000.1670000199988,13935.398011832369,12.551591352627522,1,0,0,51.0,51.0,51.0,1.0,1.0,0.0,1.0,1,0,0.0,0.0,0.0,1.0,0.0,0.0,1.0,1.0,1.0,1.0,1,1,1,1,0,0,0,4,0,2024,5,11,5,1,0,2,2,0,1,0.0,1,1,LEVE,0,1
1,1,0.0933450472216121,0,4,1,-7.746122048401552,-79.092496577822,0,4,7,0,2,-1,-1,0,748.6850000000001,2.0,5,2,0.0,0.340764331210191,0.1266198111135515,215.0,0.5721567587688113,77.67102283812494,15563.077087794432,8931.828000000005,1335.5899999999997,1935.9830000000004,5660.255000000005,1219.309,7712.519000000005,13.651281686122925,1,1,1,37.0,33.0,40.0,0.0,0.0,0.0,0.0,1,1,1.0,0.0,0.0,0.0,0.0,0.0,0.0,0.0,0.0,1.0,0,0,0,0,1,1,1,4,0,2024,5,11,5,1,0,0,2,0,1,1.0,0,0,LEVE,0,1
3,2,0.0475510652317153,2,4,1,-14.087787,-75.718012,0,3,7,0,2,-1,-1,2,583.2950000000001,1.0,-1,1,0.0,0.340764331210191,0.1266198111135515,248.0,0.6637216310803388,79.6446050662278,142450.24411134905,3721.461,698.1859999999996,744.866,2278.409,1102.9029999999996,2618.558,29.636290693359403,2,0,0,52.0,35.0,69.0,1.0,0.0,1.0,1.0,2,0,0.0,0.0,0.0,1.0,1.0,1.0,0.0,0.0,1.0,1.0,0,0,0,0,0,0,0,6,1,2024,5,11,5,1,0,0,2,0,1,0.0,0,0,LEVE,0,7
3,2,0.0597408302218317,0,4,1,-5.777851,-78.782939,0,4,7,0,2,-1,-1,2,7758.33400008,2.0,5,2,1.0,0.340764331210191,0.0464528882055787,2133.0,0.5803239946829384,74.49544278598792,102362.46895074946,15935.565011852366,1733.9250000199986,935.692,13265.948011832368,2000.1670000199988,13935.398011832369,12.551591352627522,2,0,0,39.0,38.0,40.0,1.0,1.0,0.0,1.0,2,0,0.0,0.0,0.0,1.0,1.0,0.0,0.0,0.0,1.0,1.0,0,0,0,0,0,0,0,14,2,2024,5,11,5,1,0,2,2,0,1,0.0,0,0,LEVE,0,1
6,1,0.0766527564243356,0,4,1,-15.90465,-71.188063,0,4,0,0,2,1,1,0,1504.4250000000002,2.0,5,2,1.0,0.0252580716011421,0.0230617175488688,241.0,0.4498224071382834,81.63336343193146,1358.612419700214,10322.272,1495.236,1749.739,7077.2970000000005,2886.595,7435.677000000001,27.964725207783708,1,0,0,54.0,54.0,54.0,1.0,1.0,0.0,0.0,1,0,0.0,0.0,0.0,0.0,0.0,0.0,1.0,0.0,0.0,0.0,0,0,0,0,0,0,0,19,3,2024,5,11,5,1,0,0,2,0,1,0.0,0,0,LEVE,0,4
0,1,0.2105205359103887,2,4,1,-12.297371,-76.855202,0,3,7,0,2,-1,-1,0,6639.975,2.0,5,2,1.0,0.340764331210191,0.074236766966835,1616.0,0.6909236767275176,78.41626133969348,95908.53319057816,7626.313,1683.4029999999998,1599.0829999999996,4343.827000000001,1814.875,5811.438000000001,23.7975414856432,1,0,1,30.0,30.0,30.0,1.0,0.0,0.0,0.0,1,0,0.0,0.0,0.0,1.0,0.0,1.0,0.0,0.0,0.0,0.0,0,0,0,0,0,0,0,21,3,2024,5,11,5,1,0,0,2,0,1,0.0,0,0,LEVE,0,0
6,1,0.0497474192839885,0,4,2,-5.476569,-80.745771,0,4,1,0,2,-1,-1,0,6543.555,2.0,-1,-1,1.0,0.4495936745003294,0.4495936745003294,1198.0,0.4417380575387691,72.77752189696822,7034.824411134903,8965.846000060003,1782.4120000599992,636.9959999999999,6546.438000000004,2214.505000059999,6751.341000000004,24.699342371541725,1,0,0,45.0,45.0,45.0,1.0,1.0,0.0,0.0,1,0,0.0,0.0,0.0,1.0,1.0,0.0,0.0,1.0,1.0,1.0,1,1,1,1,0,0,0,21,3,2024,5,11,5,1,0,0,2,0,1,0.0,0,0,LEVE,0,3
3,3,0.0902701515484296,0,4,1,-14.216545983228846,-71.29374342360288,0,4,7,0,2,-1,-1,2,7586.903,2.0,5,2,1.0,0.340764331210191,0.067428069404788,1198.0,0.5265643824923771,76.3202150422939,59032.11777301927,17779.13499998999,2097.37099999,2863.123,12818.640999999989,2878.713,14900.421999989989,16.19152450331032,3,0,0,31.666666666666668,31.0,32.0,1.0,1.0,0.0,0.0,3,0,0.0,1.0,1.0,1.0,1.0,1.0,1.0,0.0,1.0,1.0,0,0,0,0,0,0,0,23,3,2024,5,11,5,1,0,2,2,0,1,0.0,0,0,LEVE,0,4
6,1,0.0597408302218317,0,4,1,-7.28043407907949,-78.5434316327248,0,4,0,1,2,1,1,2,114.25,2.0,5,2,1.0,0.0008785416209092,0.1266198111135515,15.0,0.3499131122933449,74.39401817945264,8462.284796573875,15935.565011852366,1733.9250000199986,935.692,13265.948011832368,2000.1670000199988,13935.398011832369,12.551591352627522,1,0,0,33.0,33.0,33.0,1.0,0.0,0.0,1.0,1,0,0.0,0.0,1.0,0.0,0.0,0.0,1.0,0.0,0.0,0.0,0,0,0,0,0,0,0,10,1,2024,5,12,6,1,0,2,2,0,1,0.0,1,0,GRAVE_LESIONADOS,1,1
1,1,0.2105205359103887,2,2,4,-12.062222412658771,-77.01142928202842,0,0,7,0,2,-1,-1,0,6543.555,2.0,-1,-1,1.0,0.4495936745003294,0.4495936745003294,1198.0,0.7141594849782824,79.90829932185413,156887.87152034265,7626.313,1683.4029999999998,1599.0829999999996,4343.827000000001,1814.875,5811.438000000001,23.7975414856432,1,1,1,37.0,33.0,40.0,0.0,0.0,0.0,0.0,1,1,1.0,0.0,0.0,0.0,0.0,0.0,0.0,0.0,0.0,1.0,1,1,1,1,1,1,1,17,2,2024,5,12,6,1,0,0,2,0,1,1.0,0,0,LEVE,0,0
0,1,0.0045025258071601,2,4,0,-8.352035379068248,-74.59407151257452,0,0,1,0,4,1,0,0,6543.555,2.0,-1,-1,1.0,0.4495936745003294,0.4495936745003294,1198.0,0.5478371208327225,74.17370407104559,113671.11777301929,2689.139,392.697,1311.5319999999997,984.91,261.598,2427.541,9.727946379863592,1,0,1,44.0,44.0,44.0,1.0,0.0,0.0,0.0,1,0,0.0,0.0,0.0,1.0,0.0,1.0,0.0,0.0,1.0,0.0,1,1,1,1,0,0,0,21,3,2024,5,12,6,1,0,1,1,0,1,0.0,0,0,LEVE,0,18
0,2,0.0902701515484296,2,4,1,-13.561486,-71.845278,0,4,7,0,2,-1,-1,4,7586.903,2.0,5,2,1.0,0.340764331210191,0.067428069404788,1198.0,0.5196848738299176,77.87933372563211,6457.1220556745175,17779.13499998999,2097.37099999,2863.123,12818.640999999989,2878.713,14900.421999989989,16.19152450331032,2,0,1,47.5,39.0,56.0,1.0,0.0,1.0,1.0,2,0,0.0,0.0,0.0,1.0,0.0,1.0,0.0,0.0,0.0,0.0,0,0,0,0,0,0,0,22,3,2024,5,12,6,1,0,2,2,0,1,0.0,0,0,LEVE,0,4
3,1,0.0497474192839885,0,4,1,-5.18341702384324,-80.1363047328542,6,5,6,-1,6,-1,-1,0,1305.18,2.0,5,2,1.0,0.0160333845815945,0.0464528882055787,163.0,0.3893523155396837,73.6911779276771,12720.513918629553,8965.846000060003,1782.4120000599992,636.9959999999999,6546.438000000004,2214.505000059999,6751.341000000004,24.699342371541725,2,0,0,35.5,19.0,52.0,1.0,1.0,0.0,0.0,2,0,0.0,1.0,1.0,0.0,1.0,0.0,1.0,0.0,1.0,1.0,0,0,0,0,0,0,0,1,0,2024,5,13,0,0,0,0,2,0,1,0.0,0,0,LEVE,0,3
6,1,0.0933450472216121,2,4,2,-7.246859107944112,-79.46301694413772,0,0,1,0,2,-1,-1,0,6543.555,2.0,-1,-1,1.0,0.4495936745003294,0.4495936745003294,1198.0,0.5650979329787121,81.32490571897102,43897.946466809415,8931.828000000005,1335.5899999999997,1935.9830000000004,5660.255000000005,1219.309,7712.519000000005,13.651281686122925,1,0,0,49.0,49.0,49.0,1.0,1.0,0.0,0.0,1,0,0.0,0.0,0.0,1.0,1.0,0.0,0.0,1.0,0.0,0.0,1,1,1,1,0,0,0,2,0,2024,5,13,0,0,0,0,2,0,1,0.0,0,0,LEVE,0,1
6,1,0.0902701515484296,0,4,1,-13.60648,-71.727483,0,4,0,0,2,-1,-1,1,7586.903,2.0,5,2,1.0,0.340764331210191,0.067428069404788,1198.0,0.4475472256372688,60.13165495576951,4267.871520342612,17779.13499998999,2097.37099999,2863.123,12818.640999999989,2878.713,14900.421999989989,16.19152450331032,1,0,0,43.0,43.0,43.0,1.0,1.0,0.0,0.0,1,0,0.0,0.0,0.0,1.0,0.0,1.0,0.0,0.0,0.0,0.0,0,0,0,0,0,0,0,4,0,2024,5,13,0,0,0,2,2,0,1,0.0,0,0,LEVE,0,4
1,1,0.2105205359103887,2,2,4,-12.014555302603544,-77.08707058822898,0,3,7,0,2,-1,-1,0,6543.555,2.0,-1,-1,1.0,0.4495936745003294,0.4495936745003294,1198.0,0.7419979630670723,80.31822295927182,739416.2413542903,7626.313,1683.4029999999998,1599.0829999999996,4343.827000000001,1814.875,5811.438000000001,23.7975414856432,1,1,1,37.0,33.0,40.0,0.0,0.0,0.0,0.0,1,1,1.0,0.0,0.0,0.0,0.0,0.0,0.0,0.0,0.0,1.0,1,1,1,1,1,1,1,5,0,2024,5,13,0,0,0,0,2,0,1,1.0,0,0,LEVE,0,0
6,1,0.0933450472216121,0,4,2,-7.892093556508674,-78.54110974854092,0,4,7,0,2,-1,-1,0,6543.555,2.0,-1,-1,1.0,0.4495936745003294,0.4495936745003294,1198.0,0.3809823047796905,74.4473973089921,26695.141327623125,8931.828000000005,1335.5899999999997,1935.9830000000004,5660.255000000005,1219.309,7712.519000000005,13.651281686122925,1,0,0,34.0,34.0,34.0,1.0,1.0,0.0,0.0,1,0,0.0,1.0,0.0,0.0,0.0,0.0,1.0,1.0,0.0,0.0,1,1,1,1,0,0,0,10,1,2024,5,13,0,0,0,0,2,0,1,0.0,0,0,LEVE,0,1
10,1,0.2105205359103887,2,2,4,-12.036356258488178,-76.94102016715004,0,0,7,0,2,-1,-1,2,6543.555,2.0,-1,-1,1.0,0.4495936745003294,0.4495936745003294,1198.0,0.7347309224519117,80.70014842215761,229834.5310492505,7626.313,1683.4029999999998,1599.0829999999996,4343.827000000001,1814.875,5811.438000000001,23.7975414856432,1,0,0,54.0,54.0,54.0,1.0,0.0,0.0,0.0,1,0,0.0,0.0,0.0,1.0,1.0,0.0,0.0,0.0,0.0,0.0,1,1,1,1,0,0,0,16,2,2024,5,13,0,0,0,0,2,0,1,0.0,0,0,LEVE,0,0
0,1,0.2105205359103887,0,4,1,-11.757368,-77.152551,0,2,7,0,2,-1,-1,0,6543.555,3.0,5,2,1.0,0.1133318690972984,0.1133318690972984,1475.0,0.6688889885290078,77.65971620762488,54956.252676659526,7626.313,1683.4029999999998,1599.0829999999996,4343.827000000001,1814.875,5811.438000000001,23.7975414856432,1,0,1,47.0,47.0,47.0,1.0,0.0,0.0,0.0,1,0,0.0,1.0,0.0,0.0,0.0,0.0,1.0,0.0,0.0,0.0,0,0,0,0,0,0,0,18,3,2024,5,13,0,0,0,0,2,1,1,0.0,0,0,LEVE,0,0
3,2,0.0933450472216121,0,4,1,-8.460708795308928,-78.72292032308259,0,4,7,0,2,-1,-1,0,6543.555,3.0,5,2,1.0,0.1133318690972984,0.1133318690972984,1475.0,0.5051395598219868,77.13285387085847,67612.41755888652,8931.828000000005,1335.5899999999997,1935.9830000000004,5660.255000000005,1219.309,7712.519000000005,13.651281686122925,2,0,0,50.5,35.0,66.0,1.0,1.0,0.0,0.0,2,0,0.0,1.0,1.0,0.0,1.0,0.0,1.0,0.0,1.0,1.0,0,0,0,0,0,0,0,0,0,2024,5,14,1,0,0,0,2,1,1,0.0,0,0,GRAVE_LESIONADOS,1,1
0,1,0.0766527564243356,2,4,1,-16.425284,-71.524861,0,3,7,0,4,-1,-1,0,1101.78,1.0,1,0,0.0,0.340764331210191,0.1266198111135515,202.0,0.7453744058790387,79.4589730074046,76620.6295503212,10322.272,1495.236,1749.739,7077.2970000000005,2886.595,7435.677000000001,27.964725207783708,1,1,1,37.0,33.0,40.0,0.0,0.0,0.0,0.0,1,1,1.0,0.0,0.0,0.0,0.0,0.0,0.0,0.0,0.0,1.0,0,0,0,0,1,1,1,3,0,2024,5,14,1,0,0,0,2,0,1,1.0,0,0,LEVE,0,4
6,1,0.0213046343070502,0,4,1,-13.332019244631937,-74.50760101175511,0,4,0,1,2,1,0,2,1679.5849999999998,2.0,5,1,1.0,0.340764331210191,0.0082363276960245,315.0,0.1859776092837948,69.85250115366037,15617.884368308352,12678.733000000004,1805.074000000001,1774.0339999999994,9099.625000000004,2485.375000000001,10193.358000000002,19.602707936195205,1,0,0,53.0,53.0,53.0,1.0,0.0,0.0,1.0,1,0,0.0,0.0,1.0,0.0,0.0,0.0,1.0,0.0,0.0,0.0,0,0,0,0,0,0,0,5,0,2024,5,14,1,0,0,2,1,0,1,0.0,1,0,GRAVE_MORTALIDAD,2,4
3,2,0.2105205359103887,2,4,1,-11.135838749474328,-77.59689150569524,0,3,7,0,2,-1,-1,2,6543.555,3.0,5,2,1.0,0.1133318690972984,0.1133318690972984,1475.0,0.7327345537337897,78.20903814342847,62016.21841541756,7626.313,1683.4029999999998,1599.0829999999996,4343.827000000001,1814.875,5811.438000000001,23.7975414856432,2,0,0,38.5,35.0,42.0,1.0,1.0,0.0,1.0,2,0,0.0,0.0,1.0,1.0,1.0,1.0,0.0,0.0,1.0,1.0,0,0,0,0,0,0,0,13,2,2024,5,14,1,0,0,0,2,1,1,0.0,0,0,LEVE,0,0
3,2,0.0933450472216121,0,4,2,-8.455583,-78.852323,0,4,7,0,1,-1,-1,0,6543.555,2.0,-1,-1,1.0,0.4495936745003294,0.4495936745003294,1198.0,0.5051395598219868,77.13285387085847,67612.41755888652,8931.828000000005,1335.5899999999997,1935.9830000000004,5660.255000000005,1219.309,7712.519000000005,13.651281686122925,2,0,0,50.5,43.0,58.0,1.0,1.0,0.0,0.0,2,0,0.0,0.0,0.0,1.0,1.0,1.0,0.0,1.0,0.0,0.0,1,1,1,1,0,0,0,21,3,2024,5,14,1,0,0,0,2,0,1,0.0,0,1,LEVE,0,1
6,1,0.0933450472216121,0,4,1,-7.790679253911529,-77.97043736315956,0,4,7,0,2,-1,-1,0,1483.374,1.0,3,-1,0.0,0.340764331210191,0.1266198111135515,253.0,0.3986882084754764,72.97869269132666,69564.29978586723,8931.828000000005,1335.5899999999997,1935.9830000000004,5660.255000000005,1219.309,7712.519000000005,13.651281686122925,1,0,0,20.0,20.0,20.0,1.0,0.0,0.0,0.0,1,0,0.0,0.0,0.0,1.0,0.0,0.0,1.0,0.0,0.0,0.0,0,0,0,0,0,0,0,15,2,2024,5,15,2,0,1,0,2,0,1,0.0,0,0,LEVE,0,1
1,1,0.0475510652317153,0,4,1,-14.087782,-75.718023,0,4,7,0,2,-1,-1,0,583.2950000000001,1.0,-1,1,0.0,0.340764331210191,0.1266198111135515,248.0,0.6637216310803388,79.6446050662278,142450.24411134905,3721.461,698.1859999999996,744.866,2278.409,1102.9029999999996,2618.558,29.636290693359403,1,1,1,37.0,33.0,40.0,0.0,0.0,0.0,0.0,1,1,1.0,0.0,0.0,0.0,0.0,0.0,0.0,0.0,0.0,1.0,0,0,0,0,1,1,1,20,3,2024,5,15,2,0,1,0,2,0,1,1.0,0,0,LEVE,0,7