CLASE SINIESTRO,CANTIDAD DE VEHICULOS DAÑADOS,DEPARTAMENTO,ZONA,TIPO DE VÍA,RED VIAL,COORDENADAS LATITUD,COORDENADAS  LONGITUD,CONDICIÓN CLIMÁTICA,ZONIFICACIÓN,CARACTERÍSTICAS DE VÍA,PERFIL LONGITUDINAL VÍA,SUPERFICIE DE CALZADA,¿EXISTE SEÑAL VERTICAL?,¿EXISTE SEÑAL HORIZONTAL?,CAUSA FACTOR PRINCIPAL,MTC_RVN_LONGITUD_KM,MTC_RVN_N_CARRILES_MEDIANA,MTC_RVN_SUPERFICIE_DOMINANTE,MTC_RVN_ESTADO_DOMINANTE,MTC_RVN_ES_CONCESIONADA,MTC_RVN_CONCESION_PRINCIPAL,MTC_RVN_CORREDOR_LOGISTICO,MTC_RVN_N_TRAMOS,IDH_2019,IDH_ESP_VIDA_2019,IDH_POBLACION_2019,MTC_DEP_RED_TOTAL_KM,MTC_DEP_NACIONAL_TOTAL_KM,MTC_DEP_DEPARTAMENTAL_TOTAL_KM,MTC_DEP_VECINAL_TOTAL_KM,MTC_DEP_PAV_TOTAL_KM,MTC_DEP_NO_PAV_TOTAL_KM,MTC_DEP_PCT_PAVIMENTADA,PER_N_CONDUCTORES,PER_N_CONDUCTORES_FUGADOS,PER_N_PEATONES,PER_EDAD_COND_PROM,PER_EDAD_COND_MIN,PER_EDAD_COND_MAX,PER_ANY_COND_MASCULINO,PER_ANY_LIC_PROBLEMA,PER_ANY_DOSAJE_POS,PER_ANY_DOSAJE_EVALUADO,VEH_TOTAL,VEH_N_FUGADOS,VEH_ANY_FUGADO,VEH_ANY_CARGA,VEH_ANY_PUBLICO,VEH_ANY_PARTICULAR,VEH_ANY_MOTO,VEH_ANY_AUTO,VEH_ANY_CAMION_BUS,VEH_ANY_SOAT_PROBLEMA,VEH_ANY_CITV_PROBLEMA,VEH_ANY_SEGURO_PROBLEMA,MTC_RVN_LONGITUD_KM_ERA_NULO,MTC_RVN_N_CARRILES_MEDIANA_ERA_NULO,MTC_RVN_ES_CONCESIONADA_ERA_NULO,MTC_RVN_N_TRAMOS_ERA_NULO,PER_EDAD_COND_PROM_ERA_NULO,PER_EDAD_COND_MIN_ERA_NULO,PER_EDAD_COND_MAX_ERA_NULO,HORA_NUM,FRANJA_HORARIA,ANIO,MES,DIA_MES,DIA_SEMANA,ES_FIN_SEMANA,ES_QUINCENA,REGION_NATURAL,NIVEL_SEÑALIZACION_ORD,ES_VIA_MULTICARRIL,ES_DEPTO_BAJO_PAVIMENTO,RATIO_CONDUCTORES_FUGADOS,ES_CURVA_Y_PENDIENTE,ES_VIA_NO_PAVIMENTADA,CATEGORIA_SEVERIDAD,CATEGORIA_SEVERIDAD_ENC,CLUSTER
1,1,0.0933450472216121,0,4,1,-8.1694610122,-79.0041184355,0,0,7,0,2,-1,-1,2,6543.555,3.0,5,2,1.0,0.1133318690972984,0.1133318690972984,1475.0,0.618325375347301,78.45577068094175,37258.80942184154,8931.828000000005,1335.5899999999997,1935.9830000000004,5660.255000000005,1219.309,7712.519000000005,13.651281686122925,1,1,1,37.0,33.0,40.0,0.0,0.0,0.0,0.0,1,1,1.0,0.0,0.0,0.0,0.0,0.0,0.0,0.0,0.0,1.0,0,0,0,0,1,1,1,5,0,2024,5,16,3,0,1,0,2,1,1,1.0,0,0,LEVE,0,1
0,1,0.2105205359103887,2,2,4,-12.031633449832857,-77.05743216953307,0,3,7,0,2,-1,-1,0,6543.555,2.0,-1,-1,1.0,0.4495936745003294,0.4495936745003294,1198.0,0.7419979630670723,80.31822295927182,739416.2413542903,7626.313,1683.4029999999998,1599.0829999999996,4343.827000000001,1814.875,5811.438000000001,23.7975414856432,1,0,1,64.0,64.0,64.0,1.0,0.0,0.0,0.0,1,0,0.0,0.0,0.0,1.0,0.0,1.0,0.0,0.0,1.0,0.0,1,1,1,1,0,0,0,9,1,2024,5,16,3,0,1,0,2,0,1,0.0,0,0,LEVE,0,0
1,1,0.0153744783659125,2,4,1,-12.02854,-77.12784,2,2,7,0,2,0,1,0,139.23,-1.0,5,2,0.0,0.340764331210191,0.1266198111135515,69.0,0.5563774842369664,77.00938809632027,27932.19700214133,51.58600000000001,44.68700000000001,6.899000000000001,0.0,49.838000000000015,1.748,96.61148373589734,1,1,1,37.0,33.0,40.0,0.0,0.0,0.0,0.0,1,1,1.0,0.0,0.0,0.0,0.0,0.0,0.0,0.0,0.0,1.0,0,0,0,0,1,1,1,19,3,2024,5,16,3,0,1,2,1,0,0,1.0,0,0,LEVE,0,0
6,1,0.2105205359103887,1,2,4,-11.973816426203925,-76.76288582589841,6,5,6,-1,6,-1,-1,0,6543.555,2.0,-1,-1,1.0,0.4495936745003294,0.4495936745003294,1198.0,0.7410537419693288,80.72873693175681,43755.852248394,7626.313,1683.4029999999998,1599.0829999999996,4343.827000000001,1814.875,5811.438000000001,23.7975414856432,1,0,0,30.0,30.0,30.0,1.0,0.0,0.0,0.0,1,0,0.0,0.0,0.0,1.0,1.0,0.0,0.0,0.0,0.0,0.0,1,1,1,1,0,0,0,21,3,2024,5,16,3,0,1,0,2,0,1,0.0,0,0,LEVE,0,0
3,2,0.0045025258071601,0,4,1,-8.409284564934223,-74.64891322909108,0,4,7,0,2,-1,-1,2,1169.3919999999998,2.0,3,-1,0.0,0.340764331210191,0.1266198111135515,75.0,0.5478371208327225,74.17370407104559,113671.11777301929,2689.139,392.697,1311.5319999999997,984.91,261.598,2427.541,9.727946379863592,1,0,0,29.0,29.0,29.0,1.0,0.0,0.0,0.0,2,0,0.0,1.0,0.0,1.0,0.0,0.0,1.0,0.0,1.0,0.0,0,0,0,0,0,0,0,4,0,2024,5,17,4,0,1,1,2,0,1,0.0,0,0,LEVE,0,18
6,1,0.0293213265978475,0,4,2,-6.29237290809229,-77.0997671755404,0,4,0,1,7,-1,-1,0,6543.555,2.0,-1,-1,1.0,0.4495936745003294,0.4495936745003294,1198.0,0.4209273482033048,73.3551698063197,31717.576017130617,5645.136,815.0759999999999,965.298,3864.762,1013.406,4631.73,17.95184385283189,1,0,0,25.0,25.0,25.0,1.0,0.0,0.0,0.0,1,0,0.0,0.0,0.0,1.0,0.0,0.0,1.0,1.0,1.0,1.0,1,1,1,1,0,0,0,16,2,2024,5,17,4,0,1,1,2,0,1,0.0,1,1,GRAVE_LESIONADOS,1,2
0,1,0.2105205359103887,2,2,4,-12.012098239575083,-77.08736323430423,0,3,1,0,2,1,0,4,6543.555,2.0,-1,-1,1.0,0.4495936745003294,0.4495936745003294,1198.0,0.7419979630670723,80.31822295927182,739416.2413542903,7626.313,1683.4029999999998,1599.0829999999996,4343.827000000001,1814.875,5811.438000000001,23.7975414856432,1,0,1,22.0,22.0,22.0,1.0,0.0,0.0,0.0,1,0,0.0,0.0,0.0,1.0,1.0,0.0,0.0,1.0,1.0,0.0,1,1,1,1,0,0,0,0,0,2024,5,18,5,1,1,0,1,0,1,0.0,0,0,LEVE,0,0
6,1,0.0933450472216121,0,4,0,-7.079170571762353,-77.79556618362606,0,4,7,0,7,-1,-1,0,6543.555,2.0,-1,-1,1.0,0.4495936745003294,0.4495936745003294,1198.0,0.2967575668558554,78.85276608267903,2253.8479657387584,8931.828000000005,1335.5899999999997,1935.9830000000004,5660.255000000005,1219.309,7712.519000000005,13.651281686122925,1,0,0,24.0,24.0,24.0,1.0,1.0,0.0,0.0,1,0,0.0,0.0,0.0,1.0,0.0,0.0,1.0,0.0,1.0,0.0,1,1,1,1,0,0,0,5,0,2024,5,18,5,1,1,0,2,0,1,0.0,0,1,LEVE,0,41
0,1,0.0902701515484296,0,4,1,-13.479257457056944,-72.16122995243103,0,4,7,0,2,-1,-1,4,7586.903,2.0,5,2,1.0,0.340764331210191,0.067428069404788,1198.0,0.4461630003962475,73.21502670801013,18328.770877944324,17779.13499998999,2097.37099999,2863.123,12818.640999999989,2878.713,14900.421999989989,16.19152450331032,1,0,1,26.0,26.0,26.0,1.0,0.0,0.0,1.0,1,0,0.0,0.0,0.0,1.0,1.0,0.0,0.0,0.0,0.0,0.0,0,0,0,0,0,0,0,12,2,2024,5,18,5,1,1,2,2,0,1,0.0,0,0,LEVE,0,4
3,1,0.0766527564243356,0,4,1,-16.9838296287419,-71.7708158491995,4,4,0,1,2,1,1,0,6639.975,2.0,5,2,1.0,0.340764331210191,0.074236766966835,1616.0,0.6449493635682252,78.44719582624413,8054.678800856533,10322.272,1495.236,1749.739,7077.2970000000005,2886.595,7435.677000000001,27.964725207783708,2,0,0,49.5,37.0,62.0,1.0,0.0,0.0,1.0,2,0,0.0,0.0,0.0,1.0,0.0,1.0,0.0,0.0,0.0,0.0,0,0,0,0,0,0,0,13,2,2024,5,18,5,1,1,0,2,0,1,0.0,1,0,LEVE,0,4
0,1,0.2105205359103887,2,4,1,-11.812872,-77.129667,0,4,7,0,2,-1,-1,0,6543.555,3.0,5,2,1.0,0.1133318690972984,0.1133318690972984,1475.0,0.6688889885290078,77.65971620762488,54956.252676659526,7626.313,1683.4029999999998,1599.0829999999996,4343.827000000001,1814.875,5811.438000000001,23.7975414856432,1,0,2,44.0,44.0,44.0,1.0,0.0,0.0,0.0,1,0,0.0,1.0,0.0,0.0,0.0,0.0,1.0,0.0,0.0,0.0,0,0,0,0,0,0,0,14,2,2024,5,18,5,1,1,0,2,1,1,0.0,0,0,GRAVE_MORTALIDAD,2,0
3,1,0.0902701515484296,0,4,1,-13.00242,-72.571308,0,4,0,0,2,1,1,2,3447.8009999999995,1.0,5,1,0.0,0.340764331210191,0.0101032286404568,1109.0,0.4706944943299555,76.79406176595778,3282.6252676659524,17779.13499998999,2097.37099999,2863.123,12818.640999999989,2878.713,14900.421999989989,16.19152450331032,2,0,0,28.0,22.0,34.0,1.0,1.0,0.0,0.0,2,0,0.0,0.0,0.0,1.0,1.0,0.0,1.0,0.0,1.0,1.0,0,0,0,0,0,0,0,15,2,2024,5,18,5,1,1,2,2,0,1,0.0,0,0,LEVE,0,4
6,1,0.2105205359103887,0,4,1,-11.314284154821213,-77.48276560587419,0,4,7,0,2,-1,-1,2,6543.555,3.0,5,2,1.0,0.1133318690972984,0.1133318690972984,1475.0,0.7327345537337897,78.20903814342847,62016.21841541756,7626.313,1683.4029999999998,1599.0829999999996,4343.827000000001,1814.875,5811.438000000001,23.7975414856432,1,0,0,30.0,30.0,30.0,1.0,0.0,0.0,1.0,1,0,0.0,0.0,0.0,1.0,0.0,1.0,0.0,0.0,0.0,0.0,0,0,0,0,0,0,0,5,0,2024,5,19,6,1,1,0,2,1,1,0.0,0,0,LEVE,0,0
6,1,0.0597408302218317,2,4,1,-5.718479,-78.80186,0,0,7,1,4,-1,-1,2,7758.33400008,2.0,5,2,1.0,0.340764331210191,0.0464528882055787,2133.0,0.5803239946829384,74.49544278598792,102362.46895074946,15935.565011852366,1733.9250000199986,935.692,13265.948011832368,2000.1670000199988,13935.398011832369,12.551591352627522,1,0,0,18.0,18.0,18.0,1.0,1.0,1.0,1.0,1,0,0.0,0.0,0.0,1.0,1.0,0.0,0.0,0.0,1.0,0.0,0,0,0,0,0,0,0,9,1,2024,5,19,6,1,1,2,2,0,1,0.0,0,0,LEVE,0,1
0,1,0.2105205359103887,2,7,4,-12.038364250913126,-76.92035377085342,0,0,2,0,4,-1,-1,2,6543.555,2.0,-1,-1,1.0,0.4495936745003294,0.4495936745003294,1198.0,0.6868549636939637,79.62363164345142,684921.8484148846,7626.313,1683.4029999999998,1599.0829999999996,4343.827000000001,1814.875,5811.438000000001,23.7975414856432,1,0,1,40.0,40.0,40.0,1.0,0.0,0.0,0.0,1,0,0.0,0.0,0.0,1.0,0.0,1.0,0.0,0.0,0.0,0.0,1,1,1,1,0,0,0,12,2,2024,5,19,6,1,1,0,2,0,1,0.0,0,0,LEVE,0,0
0,2,0.0902701515484296,0,2,4,-13.530289,-71.931615,0,4,7,0,2,-1,-1,4,6543.555,2.0,-1,-1,1.0,0.4495936745003294,0.4495936745003294,1198.0,0.6806292796157144,77.51447806142957,131240.7944325482,17779.13499998999,2097.37099999,2863.123,12818.640999999989,2878.713,14900.421999989989,16.19152450331032,1,0,1,54.0,54.0,54.0,1.0,0.0,0.0,0.0,1,0,0.0,0.0,0.0,1.0,0.0,1.0,0.0,0.0,1.0,0.0,1,1,1,1,0,0,0,14,2,2024,5,19,6,1,1,2,2,0,1,0.0,0,0,LEVE,0,4
3,1,0.0821436415550186,2,2,4,-16.2438482,-69.0894543,0,0,2,0,2,-1,-1,2,6543.555,2.0,-1,-1,1.0,0.4495936745003294,0.4495936745003294,1198.0,0.4165447461855686,74.77127585660097,23516.528907922908,13642.312999999998,2020.7790000000005,2354.117,9267.416999999998,3314.0520000000006,10328.260999999997,24.29244952817019,2,0,0,47.5,35.0,60.0,1.0,1.0,0.0,0.0,2,0,0.0,0.0,0.0,1.0,1.0,0.0,1.0,0.0,0.0,1.0,1,1,1,1,0,0,0,16,2,2024,5,19,6,1,1,2,2,0,1,0.0,0,0,LEVE,0,4
0,1,0.2105205359103887,2,2,4,-12.17087749870441,-76.99375483648389,0,1,7,0,2,1,1,0,6543.555,2.0,-1,-1,1.0,0.4495936745003294,0.4495936745003294,1198.0,0.7583553928164398,79.82595632107274,333655.3618843683,7626.313,1683.4029999999998,1599.0829999999996,4343.827000000001,1814.875,5811.438000000001,23.7975414856432,1,0,1,25.0,25.0,25.0,1.0,0.0,0.0,0.0,1,0,0.0,0.0,0.0,0.0,0.0,0.0,0.0,0.0,0.0,1.0,1,1,1,1,0,0,0,19,3,2024,5,19,6,1,1,0,2,0,1,0.0,0,0,LEVE,0,0
0,1,0.2105205359103887,0,4,1,-12.274956,-76.891577,0,4,7,0,2,-1,-1,0,6639.975,2.0,5,2,1.0,0.340764331210191,0.074236766966835,1616.0,0.6909236767275176,78.41626133969348,95908.53319057816,7626.313,1683.4029999999998,1599.0829999999996,4343.827000000001,1814.875,5811.438000000001,23.7975414856432,2,0,1,46.0,32.0,60.0,1.0,0.0,0.0,0.0,2,0,0.0,0.0,1.0,1.0,0.0,0.0,1.0,0.0,0.0,0.0,0,0,0,0,0,0,0,20,3,2024,5,19,6,1,1,0,2,0,1,0.0,0,0,LEVE,0,0
6,1,0.0821436415550186,0,4,0,-16.2548724,-69.1277968,6,5,6,-1,6,-1,-1,2,6543.555,2.0,-1,-1,1.0,0.4495936745003294,0.4495936745003294,1198.0,0.4165447461855686,74.77127585660097,23516.528907922908,13642.312999999998,2020.7790000000005,2354.117,9267.416999999998,3314.0520000000006,10328.260999999997,24.29244952817019,1,0,0,17.0,17.0,17.0,1.0,1.0,0.0,0.0,1,0,0.0,0.0,0.0,1.0,1.0,0.0,0.0,1.0,0.0,1.0,1,1,1,1,0,0,0,21,3,2024,5,19,6,1,1,2,2,0,1,0.0,0,0,LEVE,0,4
3,2,0.0293213265978475,2,6,4,-6.044131,-76.972011,0,0,1,0,2,-1,-1,2,6543.555,2.0,-1,-1,1.0,0.4495936745003294,0.4495936745003294,1198.0,0.5294800468051228,72.46713251445857,86435.21199143468,5645.136,815.0759999999999,965.298,3864.762,1013.406,4631.73,17.95184385283189,2,0,0,20.5,17.0,24.0,1.0,1.0,0.0,0.0,2,0,0.0,0.0,0.0,1.0,1.0,0.0,0.0,1.0,1.0,1.0,1,1,1,1,0,0,0,23,3,2024,5,19,6,1,1,1,2,0,1,0.0,0,0,GRAVE_LESIONADOS,1,2
3,1,0.2105205359103887,2,4,1,-12.162007216136672,-76.98171171350097,0,3,7,0,2,-1,-1,0,6639.975,2.0,5,2,1.0,0.340764331210191,0.074236766966835,1616.0,0.7289998534947872,80.50926319493618,384728.5117773019,7626.313,1683.4029999999998,1599.0829999999996,4343.827000000001,1814.875,5811.438000000001,23.7975414856432,2,0,0,32.5,29.0,36.0,1.0,0.0,0.0,0.0,2,0,0.0,1.0,0.0,1.0,1.0,0.0,1.0,0.0,1.0,0.0,0,0,0,0,0,0,0,7,1,2024,5,20,0,0,1,0,2,0,1,0.0,0,0,LEVE,0,0
3,2,0.006479244454206,0,4,1,-10.5215686392873,-76.1803379146791,0,4,7,0,2,-1,-1,2,9936.932,2.0,5,2,1.0,0.340764331210191,0.1266198111135515,3830.0,0.5563774842369664,77.00938809632027,27932.19700214133,3677.119863,564.5869999999999,910.845,2201.687863000001,590.8779999999998,3086.2418630000006,16.06904376290656,2,0,0,25.5,22.0,29.0,1.0,0.0,0.0,0.0,2,0,0.0,1.0,1.0,0.0,0.0,0.0,1.0,0.0,0.0,0.0,0,0,0,0,0,0,0,8,1,2024,5,20,0,0,1,2,2,0,1,0.0,0,0,GRAVE_MORTALIDAD,2,4
0,1,0.0933450472216121,2,2,4,-8.093469954,-79.0268661407,0,0,7,0,2,-1,-1,0,6543.555,2.0,-1,-1,1.0,0.4495936745003294,0.4495936745003294,1198.0,0.7151155191839451,79.57652607829836,331253.00214132766,8931.828000000005,1335.5899999999997,1935.9830000000004,5660.255000000005,1219.309,7712.519000000005,13.651281686122925,1,0,1,44.0,44.0,44.0,1.0,0.0,0.0,0.0,1,0,0.0,1.0,0.0,0.0,0.0,0.0,1.0,1.0,1.0,0.0,1,1,1,1,0,0,0,11,1,2024,5,20,0,0,1,0,2,0,1,0.0,0,0,LEVE,0,1
3,2,0.0597408302218317,2,2,4,-7.16913,-78.503771,0,0,7,0,4,-1,-1,2,6543.555,2.0,-1,-1,1.0,0.4495936745003294,0.4495936745003294,1198.0,0.6070175276741574,73.19224654097276,257380.9443254818,15935.565011852366,1733.9250000199986,935.692,13265.948011832368,2000.1670000199988,13935.398011832369,12.551591352627522,2,0,0,39.0,26.0,52.0,1.0,1.0,0.0,1.0,2,1,1.0,0.0,0.0,1.0,0.0,1.0,0.0,0.0,0.0,1.0,1,1,1,1,0,0,0,14,2,2024,5,20,0,0,1,2,2,0,1,0.0,0,0,LEVE,0,1
6,1,0.0933450472216121,2,2,4,-8.0407378749289,-79.05935194068593,0,0,7,0,2,-1,-1,2,6543.555,2.0,-1,-1,1.0,0.4495936745003294,0.4495936745003294,1198.0,0.583006771156836,78.2441938961209,76607.295503212,8931.828000000005,1335.5899999999997,1935.9830000000004,5660.255000000005,1219.309,7712.519000000005,13.651281686122925,1,0,0,20.0,20.0,20.0,1.0,1.0,0.0,0.0,1,0,0.0,0.0,0.0,1.0,1.0,0.0,0.0,1.0,0.0,0.0,1,1,1,1,0,0,0,3,0,2024,5,21,1,0,1,0,2,0,1,0.0,0,0,LEVE,0,1
3,1,0.2105205359103887,2,4,1,-12.035766105422756,-77.04477332871173,0,0,0,1,2,1,0,2,6543.555,3.0,5,2,1.0,0.1133318690972984,0.1133318690972984,1475.0,0.7419979630670723,80.31822295927182,739416.2413542903,7626.313,1683.4029999999998,1599.0829999999996,4343.827000000001,1814.875,5811.438000000001,23.7975414856432,2,0,0,27.5,22.0,33.0,1.0,1.0,0.0,0.0,2,0,0.0,1.0,0.0,1.0,1.0,0.0,1.0,0.0,1.0,0.0,0,0,0,0,0,0,0,18,3,2024,5,21,1,0,1,0,1,1,1,0.0,1,0,LEVE,0,0
6,1,0.0475510652317153,0,9,4,-14.052459012854449,-76.26107628030537,0,4,2,0,7,-1,-1,0,6543.555,2.0,-1,-1,1.0,0.4495936745003294,0.4495936745003294,1198.0,0.6292184793170688,75.99906028374495,8492.554603854389,3721.461,698.1859999999996,744.866,2278.409,1102.9029999999996,2618.558,29.636290693359403,1,0,0,64.0,64.0,64.0,1.0,0.0,0.0,0.0,1,0,0.0,0.0,0.0,1.0,1.0,0.0,0.0,1.0,1.0,0.0,1,1,1,1,0,0,0,13,2,2024,5,22,2,0,1,0,2,0,1,0.0,0,1,LEVE,0,7
0,1,0.0902701515484296,2,3,4,-13.303568,-72.131051,0,3,7,0,4,-1,-1,4,6543.555,2.0,-1,-1,1.0,0.4495936745003294,0.4495936745003294,1198.0,0.5961225511084856,78.53035911580116,21509.777301927195,17779.13499998999,2097.37099999,2863.123,12818.640999999989,2878.713,14900.421999989989,16.19152450331032,1,0,1,46.0,46.0,46.0,1.0,0.0,0.0,1.0,1,0,0.0,0.0,1.0,0.0,0.0,0.0,1.0,0.0,1.0,0.0,1,1,1,1,0,0,0,14,2,2024,5,22,2,0,1,2,2,0,1,0.0,0,0,LEVE,0,4
0,1,0.2105205359103887,2,2,4,-11.977677209983089,-77.05009893242188,0,3,1,0,2,-1,-1,0,6543.555,2.0,-1,-1,1.0,0.4495936745003294,0.4495936745003294,1198.0,0.6853375063928137,80.04346891299102,217176.83083511773,7626.313,1683.4029999999998,1599.0829999999996,4343.827000000001,1814.875,5811.438000000001,23.7975414856432,1,0,1,46.0,46.0,46.0,1.0,1.0,0.0,0.0,1,0,0.0,0.0,1.0,0.0,0.0,0.0,1.0,1.0,1.0,1.0,1,1,1,1,0,0,0,17,2,2024,5,22,2,0,1,0,2,0,1,0.0,0,0,LEVE,0,0
3,2,0.0821436415550186,2,4,1,-16.091724,-69.632402,0,4,7,0,2,-1,-1,2,7586.903,2.0,5,2,1.0,0.340764331210191,0.067428069404788,1198.0,0.4020198374784472,77.80062735845667,50686.62526766595,13642.312999999998,2020.7790000000005,2354.117,9267.416999999998,3314.0520000000006,10328.260999999997,24.29244952817019,2,0,0,38.0,33.0,43.0,1.0,1.0,0.0,0.0,2,0,0.0,0.0,0.0,1.0,1.0,1.0,0.0,1.0,1.0,1.0,0,0,0,0,0,0,0,20,3,2024,5,22,2,0,1,2,2,0,1,0.0,0,0,LEVE,0,4
6,1,0.0213046343070502,0,4,1,-13.623384,-74.269101,0,4,0,1,1,-1,-1,2,1253.475,-1.0,-1,1,0.0,0.340764331210191,0.1266198111135515,217.0,0.2540058272950471,80.71271537106546,2107.111349036403,12678.733000000004,1805.074000000001,1774.0339999999994,9099.625000000004,2485.375000000001,10193.358000000002,19.602707936195205,1,0,0,32.0,32.0,32.0,1.0,0.0,1.0,1.0,1,0,0.0,0.0,0.0,1.0,0.0,0.0,1.0,0.0,1.0,0.0,0,0,0,0,0,0,0,21,3,2024,5,22,2,0,1,2,2,0,1,0.0,1,1,GRAVE_LESIONADOS,1,4
0,1,0.0475510652317153,0,4,1,-13.612964,-76.1687,0,4,7,0,2,-1,-1,4,205.54999999999995,-1.0,5,2,1.0,0.0040632549967054,0.074236766966835,15.0,0.5723734005661165,76.14778354007997,24272.76659528908,3721.461,698.1859999999996,744.866,2278.409,1102.9029999999996,2618.558,29.636290693359403,1,0,1,50.0,50.0,50.0,1.0,0.0,0.0,0.0,1,0,0.0,0.0,0.0,1.0,0.0,0.0,1.0,0.0,0.0,0.0,0,0,0,0,0,0,0,11,1,2024,5,23,3,0,1,0,2,0,1,0.0,0,0,LEVE,0,7
5,1,0.2105205359103887,2,4,1,-11.95930856964801,-77.06880100974995,0,3,7,0,2,1,0,0,6543.555,3.0,5,2,1.0,0.1133318690972984,0.1133318690972984,1475.0,0.758462599563312,80.5192231989937,363987.54389721627,7626.313,1683.4029999999998,1599.0829999999996,4343.827000000001,1814.875,5811.438000000001,23.7975414856432,2,1,0,20.0,20.0,20.0,1.0,0.0,0.0,0.0,2,1,1.0,0.0,0.0,1.0,1.0,0.0,0.0,0.0,0.0,1.0,0,0,0,0,0,0,0,7,1,2024,5,24,4,0,1,0,1,1,1,0.5,0,0,LEVE,0,0
6,1,0.0933450472216121,0,4,1,-8.331425175,-77.2509131115,0,4,7,0,7,-1,-1,0,1688.589,1.0,-1,1,0.0,0.340764331210191,0.1266198111135515,287.0,0.3197513128881681,72.75839607187493,13901.271948608137,8931.828000000005,1335.5899999999997,1935.9830000000004,5660.255000000005,1219.309,7712.519000000005,13.651281686122925,1,0,0,30.0,30.0,30.0,1.0,1.0,0.0,0.0,1,0,0.0,0.0,0.0,1.0,0.0,1.0,0.0,0.0,1.0,0.0,0,0,0,0,0,0,0,9,1,2024,5,24,4,0,1,0,2,0,1,0.0,0,1,LEVE,0,22
3,1,0.0766527564243356,0,4,1,-17.133403,-71.856379,7,4,7,0,2,0,1,0,1926.94,2.0,5,2,1.0,0.340764331210191,0.1266198111135515,393.0,0.61639083938292,77.65150347430681,6725.137044967881,10322.272,1495.236,1749.739,7077.2970000000005,2886.595,7435.677000000001,27.964725207783708,5,0,0,42.4,25.0,61.0,1.0,0.0,1.0,1.0,5,0,0.0,1.0,0.0,1.0,0.0,1.0,1.0,0.0,0.0,0.0,0,0,0,0,0,0,0,11,1,2024,5,24,4,0,1,0,1,0,1,0.0,0,0,GRAVE_MORTALIDAD,2,4
1,1,0.2105205359103887,2,2,4,-11.953146506266997,-77.06964522085592,0,0,1,0,2,-1,-1,0,6543.555,2.0,-1,-1,1.0,0.4495936745003294,0.4495936745003294,1198.0,0.758462599563312,80.5192231989937,363987.54389721627,7626.313,1683.4029999999998,1599.0829999999996,4343.827000000001,1814.875,5811.438000000001,23.7975414856432,1,1,1,37.0,33.0,40.0,0.0,0.0,0.0,0.0,1,1,1.0,0.0,0.0,0.0,0.0,0.0,0.0,0.0,0.0,1.0,1,1,1,1,1,1,1,20,3,2024,5,24,4,0,1,0,2,0,1,1.0,0,0,LEVE,0,0
6,1,0.0139468482319349,0,4,1,-3.976005929454473,-80.95257632364411,0,4,7,0,2,-1,-1,2,6543.555,3.0,5,2,1.0,0.1133318690972984,0.1133318690972984,1475.0,0.541317038400816,72.94324989979708,6440.817708333333,1009.101,138.47399999999996,287.471,583.156,276.972,732.129,27.447401201663663,1,0,0,65.0,65.0,65.0,1.0,1.0,0.0,0.0,1,0,0.0,0.0,0.0,1.0,1.0,0.0,0.0,1.0,1.0,1.0,0,0,0,0,0,0,0,6,1,2024,5,25,5,1,1,0,2,1,1,0.0,0,0,LEVE,0,13
3,2,0.0766527564243356,2,4,1,-16.424584,-71.505872,0,3,1,0,2,-1,-1,0,1101.78,1.0,1,0,0.0,0.340764331210191,0.1266198111135515,202.0,0.6497628344872909,78.50677470622946,126056.75374732334,10322.272,1495.236,1749.739,7077.2970000000005,2886.595,7435.677000000001,27.964725207783708,2,0,0,26.5,26.0,27.0,1.0,0.0,0.0,0.0,2,0,0.0,0.0,0.0,1.0,1.0,1.0,0.0,0.0,0.0,0.0,0,0,0,0,0,0,0,23,3,2024,5,25,5,1,1,0,2,0,1,0.0,0,0,LEVE,0,4
6,1,0.0902701515484296,0,4,1,-13.542062,-72.194637,0,4,0,0,2,-1,-1,6,2176.715,1.0,-1,1,0.0,0.340764331210191,0.1266198111135515,756.0,0.4461630003962475,73.21502670801013,18328.770877944324,17779.13499998999,2097.37099999,2863.123,12818.640999999989,2878.713,14900.421999989989,16.19152450331032,1,0,0,44.0,44.0,44.0,1.0,0.0,0.0,0.0,1,0,0.0,0.0,0.0,1.0,0.0,1.0,0.0,0.0,0.0,0.0,0,0,0,0,0,0,0,4,0,2024,5,26,6,1,1,2,2,0,1,0.0,0,0,GRAVE_MORTALIDAD,2,4
3,1,0.2105205359103887,2,4,1,-12.021266114678584,-76.93017588085614,0,2,0,0,2,-1,-1,0,875.67,2.0,5,2,1.0,0.0162530199868218,0.0124094003953437,156.0,0.6831952456039544,78.60873873772867,255143.7301927195,7626.313,1683.4029999999998,1599.0829999999996,4343.827000000001,1814.875,5811.438000000001,23.7975414856432,2,0,0,35.0,35.0,35.0,1.0,0.0,0.0,0.0,2,0,0.0,0.0,0.0,1.0,1.0,1.0,0.0,0.0,0.0,0.0,0,0,0,0,0,0,0,7,1,2024,5,26,6,1,1,0,2,0,1,0.0,0,0,LEVE,0,0
0,1,0.2105205359103887,2,4,2,-11.123795802276002,-77.6104688217317,0,3,7,0,2,-1,-1,2,6543.555,2.0,-1,-1,1.0,0.4495936745003294,0.4495936745003294,1198.0,0.7327345537337897,78.20903814342847,62016.21841541756,7626.313,1683.4029999999998,1599.0829999999996,4343.827000000001,1814.875,5811.438000000001,23.7975414856432,1,0,1,21.0,21.0,21.0,1.0,1.0,0.0,1.0,1,0,0.0,0.0,1.0,0.0,1.0,0.0,0.0,0.0,0.0,0.0,1,1,1,1,0,0,0,7,1,2024,5,26,6,1,1,0,2,0,1,0.0,0,0,LEVE,0,0