CLASE SINIESTRO,CANTIDAD DE VEHICULOS DAÑADOS,DEPARTAMENTO,ZONA,TIPO DE VÍA,RED VIAL,COORDENADAS LATITUD,COORDENADAS  LONGITUD,CONDICIÓN CLIMÁTICA,ZONIFICACIÓN,CARACTERÍSTICAS DE VÍA,PERFIL LONGITUDINAL VÍA,SUPERFICIE DE CALZADA,¿EXISTE SEÑAL VERTICAL?,¿EXISTE SEÑAL HORIZONTAL?,CAUSA FACTOR PRINCIPAL,MTC_RVN_LONGITUD_KM,MTC_RVN_N_CARRILES_MEDIANA,MTC_RVN_SUPERFICIE_DOMINANTE,MTC_RVN_ESTADO_DOMINANTE,MTC_RVN_ES_CONCESIONADA,MTC_RVN_CONCESION_PRINCIPAL,MTC_RVN_CORREDOR_LOGISTICO,MTC_RVN_N_TRAMOS,IDH_2019,IDH_ESP_VIDA_2019,IDH_POBLACION_2019,MTC_DEP_RED_TOTAL_KM,MTC_DEP_NACIONAL_TOTAL_KM,MTC_DEP_DEPARTAMENTAL_TOTAL_KM,MTC_DEP_VECINAL_TOTAL_KM,MTC_DEP_PAV_TOTAL_KM,MTC_DEP_NO_PAV_TOTAL_KM,MTC_DEP_PCT_PAVIMENTADA,PER_N_CONDUCTORES,PER_N_CONDUCTORES_FUGADOS,PER_N_PEATONES,PER_EDAD_COND_PROM,PER_EDAD_COND_MIN,PER_EDAD_COND_MAX,PER_ANY_COND_MASCULINO,PER_ANY_LIC_PROBLEMA,PER_ANY_DOSAJE_POS,PER_ANY_DOSAJE_EVALUADO,VEH_TOTAL,VEH_N_FUGADOS,VEH_ANY_FUGADO,VEH_ANY_CARGA,VEH_ANY_PUBLICO,VEH_ANY_PARTICULAR,VEH_ANY_MOTO,VEH_ANY_AUTO,VEH_ANY_CAMION_BUS,VEH_ANY_SOAT_PROBLEMA,VEH_ANY_CITV_PROBLEMA,VEH_ANY_SEGURO_PROBLEMA,MTC_RVN_LONGITUD_KM_ERA_NULO,MTC_RVN_N_CARRILES_MEDIANA_ERA_NULO,MTC_RVN_ES_CONCESIONADA_ERA_NULO,MTC_RVN_N_TRAMOS_ERA_NULO,PER_EDAD_COND_PROM_ERA_NULO,PER_EDAD_COND_MIN_ERA_NULO,PER_EDAD_COND_MAX_ERA_NULO,HORA_NUM,FRANJA_HORARIA,ANIO,MES,DIA_MES,DIA_SEMANA,ES_FIN_SEMANA,ES_QUINCENA,REGION_NATURAL,NIVEL_SEÑALIZACION_ORD,ES_VIA_MULTICARRIL,ES_DEPTO_BAJO_PAVIMENTO,RATIO_CONDUCTORES_FUGADOS,ES_CURVA_Y_PENDIENTE,ES_VIA_NO_PAVIMENTADA,CATEGORIA_SEVERIDAD,CATEGORIA_SEVERIDAD_ENC,CLUSTER
6,1,0.0902701515484296,0,4,0,-13.44427,-71.474343,0,4,0,0,7,-1,-1,2,6543.555,2.0,-1,-1,1.0,0.4495936745003294,0.4495936745003294,1198.0,0.2466226927938573,59.50771953912937,12676.173447537472,17779.13499998999,2097.37099999,2863.123,12818.640999999989,2878.713,14900.421999989989,16.19152450331032,1,0,0,40.0,40.0,40.0,1.0,0.0,0.0,0.0,1,0,0.0,0.0,0.0,1.0,1.0,0.0,0.0,1.0,1.0,1.0,1,1,1,1,0,0,0,10,1,2024,5,26,6,1,1,2,2,0,1,0.0,0,1,LEVE,0,4
3,1,0.0902701515484296,0,4,0,-13.450167,-72.145675,0,4,0,0,2,1,1,2,6543.555,2.0,-1,-1,1.0,0.4495936745003294,0.4495936745003294,1198.0,0.4461630003962475,73.21502670801013,18328.770877944324,17779.13499998999,2097.37099999,2863.123,12818.640999999989,2878.713,14900.421999989989,16.19152450331032,2,0,0,51.0,50.0,52.0,1.0,0.0,0.0,1.0,2,0,0.0,0.0,0.0,1.0,1.0,0.0,1.0,0.0,1.0,0.0,1,1,1,1,0,0,0,17,2,2024,5,26,6,1,1,2,2,0,1,0.0,0,0,LEVE,0,4
3,2,0.0902701515484296,0,4,1,-13.660308,-71.591075,0,4,7,0,2,1,1,1,3263.58,2.0,5,2,1.0,0.0080166922907972,0.0080166922907972,566.0,0.4629184740681672,65.5665792285447,7985.920770877943,17779.13499998999,2097.37099999,2863.123,12818.640999999989,2878.713,14900.421999989989,16.19152450331032,2,0,0,36.0,36.0,36.0,1.0,0.0,0.0,1.0,2,0,0.0,0.0,0.0,1.0,0.0,1.0,1.0,0.0,1.0,0.0,0,0,0,0,0,0,0,19,3,2024,5,26,6,1,1,2,2,0,1,0.0,0,0,GRAVE_LESIONADOS,1,4
3,2,0.0059301559411377,2,4,0,-6.244095,-77.85522,2,4,7,0,1,-1,-1,0,6543.555,2.0,-1,-1,1.0,0.4495936745003294,0.4495936745003294,1198.0,0.6423605938903921,72.19267446694317,33038.252676659526,3903.732,1155.121,585.018,2163.5930000000003,943.591,2960.1410000000005,24.17151074920102,2,0,0,29.5,24.0,35.0,1.0,0.0,0.0,0.0,2,0,0.0,0.0,0.0,1.0,1.0,0.0,1.0,1.0,1.0,1.0,1,1,1,1,0,0,0,20,3,2024,5,26,6,1,1,1,2,0,1,0.0,0,1,LEVE,0,33
6,1,0.0902701515484296,0,4,0,-13.298784,-71.596764,0,4,7,0,1,-1,-1,2,6543.555,2.0,-1,-1,1.0,0.4495936745003294,0.4495936745003294,1198.0,0.2466226927938573,59.50771953912937,12676.173447537472,17779.13499998999,2097.37099999,2863.123,12818.640999999989,2878.713,14900.421999989989,16.19152450331032,1,0,0,54.0,54.0,54.0,1.0,0.0,0.0,1.0,1,0,0.0,0.0,0.0,1.0,1.0,0.0,0.0,1.0,1.0,1.0,1,1,1,1,0,0,0,23,3,2024,5,26,6,1,1,2,2,0,1,0.0,0,1,LEVE,0,4
1,1,0.0045025258071601,2,4,1,-8.399332104483923,-74.60846295231482,0,2,7,0,2,-1,-1,0,1169.3919999999998,2.0,3,-1,0.0,0.340764331210191,0.1266198111135515,75.0,0.5634769861561197,73.0016356967691,126065.34475374733,2689.139,392.697,1311.5319999999997,984.91,261.598,2427.541,9.727946379863592,1,1,1,37.0,33.0,40.0,0.0,0.0,0.0,0.0,1,1,1.0,0.0,0.0,0.0,0.0,0.0,0.0,0.0,0.0,1.0,0,0,0,0,1,1,1,1,0,2024,5,27,0,0,1,1,2,0,1,1.0,0,0,LEVE,0,18
3,1,0.0293213265978475,2,6,4,-5.947354,-77.302978,0,0,1,0,1,-1,-1,2,6543.555,2.0,-1,-1,1.0,0.4495936745003294,0.4495936745003294,1198.0,0.4789759027469384,73.43778249935497,47552.6295503212,5645.136,815.0759999999999,965.298,3864.762,1013.406,4631.73,17.95184385283189,2,0,0,46.0,42.0,50.0,1.0,1.0,0.0,0.0,2,0,0.0,1.0,0.0,1.0,1.0,0.0,1.0,0.0,1.0,1.0,1,1,1,1,0,0,0,10,1,2024,5,27,0,0,1,1,2,0,1,0.0,0,1,LEVE,0,2
6,1,0.0475510652317153,0,4,1,-14.551381,-75.1938561,0,4,7,0,2,-1,-1,0,6639.975,2.0,5,2,1.0,0.340764331210191,0.074236766966835,1616.0,0.5979174613339426,80.76049717343994,1316.4689507494647,3721.461,698.1859999999996,744.866,2278.409,1102.9029999999996,2618.558,29.636290693359403,1,0,0,24.0,24.0,24.0,0.0,1.0,0.0,0.0,1,0,0.0,0.0,0.0,1.0,1.0,0.0,0.0,0.0,1.0,0.0,0,0,0,0,0,0,0,16,2,2024,5,27,0,0,1,0,2,0,1,0.0,0,0,LEVE,0,8
1,0,0.0766527564243356,0,4,1,-16.0721902064238,-71.5931876876696,0,4,7,0,2,0,1,0,1504.4250000000002,2.0,5,2,1.0,0.0252580716011421,0.0230617175488688,241.0,0.6005060748875158,78.21704200773246,33335.45824411135,10322.272,1495.236,1749.739,7077.2970000000005,2886.595,7435.677000000001,27.964725207783708,1,0,1,37.0,33.0,40.0,0.0,0.0,0.0,0.0,1,1,1.0,0.0,0.0,0.0,0.0,0.0,0.0,0.0,0.0,1.0,0,0,0,0,1,1,1,20,3,2024,5,27,0,0,1,0,1,0,1,0.0,0,0,LEVE,0,4
0,1,0.0475510652317153,2,4,2,-14.029773,-75.754567,0,3,7,0,2,-1,-1,0,6543.555,2.0,-1,-1,1.0,0.4495936745003294,0.4495936745003294,1198.0,0.6350781586942635,79.3721196581268,31104.417558886507,3721.461,698.1859999999996,744.866,2278.409,1102.9029999999996,2618.558,29.636290693359403,1,0,1,18.0,18.0,18.0,1.0,1.0,0.0,0.0,1,0,0.0,0.0,0.0,1.0,1.0,0.0,0.0,0.0,1.0,0.0,1,1,1,1,0,0,0,11,1,2024,5,28,1,0,1,0,2,0,1,0.0,0,0,LEVE,0,7
0,1,0.2105205359103887,2,4,1,-12.06171738079492,-76.97183037251226,0,2,7,0,2,-1,-1,0,6639.975,2.0,5,2,1.0,0.340764331210191,0.074236766966835,1616.0,0.6868549636939637,79.62363164345142,684921.8484148846,7626.313,1683.4029999999998,1599.0829999999996,4343.827000000001,1814.875,5811.438000000001,23.7975414856432,1,0,1,38.0,38.0,38.0,1.0,1.0,0.0,0.0,1,0,0.0,1.0,0.0,0.0,0.0,0.0,1.0,0.0,1.0,0.0,0,0,0,0,0,0,0,14,2,2024,5,28,1,0,1,0,2,0,1,0.0,0,0,LEVE,0,0
1,1,0.2105205359103887,2,2,4,-11.975816198074757,-77.08559173403523,0,0,7,0,2,-1,-1,0,6543.555,2.0,-1,-1,1.0,0.4495936745003294,0.4495936745003294,1198.0,0.758462599563312,80.5192231989937,363987.54389721627,7626.313,1683.4029999999998,1599.0829999999996,4343.827000000001,1814.875,5811.438000000001,23.7975414856432,1,1,1,37.0,33.0,40.0,0.0,0.0,0.0,0.0,1,1,1.0,0.0,0.0,0.0,0.0,0.0,0.0,0.0,0.0,1.0,1,1,1,1,1,1,1,5,0,2024,5,29,2,0,1,0,2,0,1,1.0,0,0,LEVE,0,0
6,1,0.0821436415550186,2,2,4,-16.212925,-69.454835,6,5,6,-1,6,-1,-1,0,6543.555,2.0,-1,-1,1.0,0.4495936745003294,0.4495936745003294,1198.0,0.4138545322335047,72.42365757071663,19964.802997858675,13642.312999999998,2020.7790000000005,2354.117,9267.416999999998,3314.0520000000006,10328.260999999997,24.29244952817019,1,0,0,73.0,73.0,73.0,1.0,1.0,0.0,0.0,1,0,0.0,0.0,0.0,1.0,0.0,1.0,0.0,1.0,1.0,1.0,1,1,1,1,0,0,0,10,1,2024,5,29,2,0,1,2,2,0,1,0.0,0,0,GRAVE_LESIONADOS,1,4
6,1,0.0597408302218317,0,4,1,-6.558534,-79.226609,0,4,7,1,2,1,1,2,919.085,2.0,5,1,0.0,0.340764331210191,0.0037338018888644,218.0,0.4198705264500552,71.07710978950026,7079.2912205567445,15935.565011852366,1733.9250000199986,935.692,13265.948011832368,2000.1670000199988,13935.398011832369,12.551591352627522,1,0,0,37.0,37.0,37.0,1.0,1.0,0.0,1.0,1,0,0.0,0.0,0.0,1.0,1.0,0.0,0.0,1.0,1.0,1.0,0,0,0,0,0,0,0,15,2,2024,5,29,2,0,1,2,2,0,1,0.0,0,0,LEVE,0,1
3,2,0.0902701515484296,2,4,1,-13.627811673831856,-71.38850439742114,0,4,7,0,2,1,0,4,3263.58,2.0,5,2,1.0,0.0080166922907972,0.0080166922907972,566.0,0.2701433460922377,67.03086854576458,16118.58886509636,17779.13499998999,2097.37099999,2863.123,12818.640999999989,2878.713,14900.421999989989,16.19152450331032,2,0,1,30.5,21.0,40.0,1.0,0.0,0.0,1.0,2,0,0.0,0.0,1.0,0.0,0.0,1.0,1.0,0.0,0.0,0.0,0,0,0,0,0,0,0,19,3,2024,5,29,2,0,1,2,1,0,1,0.0,0,0,LEVE,0,4
6,1,0.0821436415550186,0,4,1,-16.14884789071628,-69.56266699225276,0,4,7,0,2,-1,-1,2,7586.903,2.0,5,2,1.0,0.340764331210191,0.067428069404788,1198.0,0.4020198374784472,77.80062735845667,50686.62526766595,13642.312999999998,2020.7790000000005,2354.117,9267.416999999998,3314.0520000000006,10328.260999999997,24.29244952817019,1,0,0,49.0,49.0,49.0,1.0,0.0,0.0,0.0,1,0,0.0,0.0,0.0,1.0,0.0,0.0,1.0,0.0,1.0,0.0,0,0,0,0,0,0,0,20,3,2024,5,29,2,0,1,2,2,0,1,0.0,0,0,LEVE,0,4
1,1,0.0821436415550186,0,4,1,-16.274627666398704,-69.29014380638111,0,4,7,0,2,-1,-1,4,7586.903,2.0,5,2,1.0,0.340764331210191,0.067428069404788,1198.0,0.3165090894545869,72.969641049674,13778.516059957172,13642.312999999998,2020.7790000000005,2354.117,9267.416999999998,3314.0520000000006,10328.260999999997,24.29244952817019,1,1,1,37.0,33.0,40.0,0.0,0.0,0.0,0.0,1,1,1.0,0.0,0.0,0.0,0.0,0.0,0.0,0.0,0.0,1.0,0,0,0,0,1,1,1,6,1,2024,5,30,3,0,1,2,2,0,1,1.0,0,0,LEVE,0,4
0,1,0.0933450472216121,2,4,1,-8.140600574,-79.0524999253,0,2,1,0,2,-1,-1,4,6543.555,3.0,5,2,1.0,0.1133318690972984,0.1133318690972984,1475.0,0.7531641124604342,80.00312647864715,66889.78372591006,8931.828000000005,1335.5899999999997,1935.9830000000004,5660.255000000005,1219.309,7712.519000000005,13.651281686122925,1,0,1,62.0,62.0,62.0,1.0,0.0,0.0,0.0,1,0,0.0,1.0,0.0,0.0,0.0,0.0,1.0,0.0,0.0,0.0,0,0,0,0,0,0,0,9,1,2024,5,30,3,0,1,0,2,1,1,0.0,0,0,LEVE,0,1
3,2,0.0821436415550186,0,4,1,-15.898477993412756,-69.88927924278664,0,4,7,0,2,-1,-1,2,7586.903,2.0,5,2,1.0,0.340764331210191,0.067428069404788,1198.0,0.3492776286092784,69.0024577433395,6084.453961456104,13642.312999999998,2020.7790000000005,2354.117,9267.416999999998,3314.0520000000006,10328.260999999997,24.29244952817019,2,0,0,36.0,34.0,38.0,1.0,1.0,0.0,0.0,2,0,0.0,0.0,0.0,1.0,1.0,0.0,0.0,0.0,0.0,1.0,0,0,0,0,0,0,0,15,2,2024,5,30,3,0,1,2,2,0,1,0.0,0,0,LEVE,0,4
6,1,0.0597408302218317,2,3,4,-5.77017284299206,-79.3130565825078,0,0,7,0,4,-1,-1,2,6543.555,2.0,-1,-1,1.0,0.4495936745003294,0.4495936745003294,1198.0,0.297786533612683,75.69574057602979,5424.732334047108,15935.565011852366,1733.9250000199986,935.692,13265.948011832368,2000.1670000199988,13935.398011832369,12.551591352627522,1,0,0,12.0,12.0,12.0,1.0,0.0,0.0,1.0,1,0,0.0,0.0,0.0,1.0,0.0,0.0,0.0,1.0,0.0,1.0,1,1,1,1,0,0,0,17,2,2024,5,30,3,0,1,2,2,0,1,0.0,0,0,LEVE,0,1
6,1,0.0597408302218317,0,4,3,-6.028413,-79.100487,0,4,0,1,1,-1,-1,2,6543.555,2.0,-1,-1,1.0,0.4495936745003294,0.4495936745003294,1198.0,0.5089064260692896,75.49593859459377,6985.957173447538,15935.565011852366,1733.9250000199986,935.692,13265.948011832368,2000.1670000199988,13935.398011832369,12.551591352627522,1,0,0,24.0,24.0,24.0,1.0,0.0,0.0,1.0,1,0,0.0,1.0,0.0,0.0,0.0,0.0,1.0,0.0,1.0,0.0,1,1,1,1,0,0,0,16,2,2024,5,31,4,0,1,2,2,0,1,0.0,1,1,LEVE,0,1
6,1,0.2105205359103887,2,2,4,-12.134083605369293,-76.95033769074475,0,3,1,1,7,-1,-1,0,6543.555,2.0,-1,-1,1.0,0.4495936745003294,0.4495936745003294,1198.0,0.689811994580126,79.88015655965044,452660.364025696,7626.313,1683.4029999999998,1599.0829999999996,4343.827000000001,1814.875,5811.438000000001,23.7975414856432,1,0,0,68.0,68.0,68.0,1.0,0.0,0.0,0.0,1,0,0.0,0.0,0.0,1.0,0.0,1.0,0.0,1.0,1.0,1.0,1,1,1,1,0,0,0,22,3,2024,5,31,4,0,1,0,2,0,1,0.0,0,1,LEVE,0,0
3,1,0.0933450472216121,0,4,1,-7.273730020529267,-79.28734084682289,0,4,7,0,2,-1,-1,0,887.28,2.0,5,2,1.0,0.0133977597188666,0.0065890621568196,155.0,0.5885704819472196,78.81449187577415,48424.389721627405,8931.828000000005,1335.5899999999997,1935.9830000000004,5660.255000000005,1219.309,7712.519000000005,13.651281686122925,2,0,0,41.0,30.0,52.0,1.0,1.0,0.0,0.0,2,0,0.0,0.0,0.0,1.0,1.0,1.0,0.0,1.0,1.0,1.0,0,0,0,0,0,0,0,17,2,2024,6,1,5,1,0,0,2,0,1,0.0,0,0,LEVE,0,1
3,2,0.0933450472216121,0,4,2,-7.341020661291783,-79.49572045823975,0,4,7,0,2,-1,-1,0,6543.555,2.0,-1,-1,1.0,0.4495936745003294,0.4495936745003294,1198.0,0.5351117900300902,83.23861437968503,12592.21841541756,8931.828000000005,1335.5899999999997,1935.9830000000004,5660.255000000005,1219.309,7712.519000000005,13.651281686122925,2,0,0,25.5,20.0,31.0,1.0,1.0,0.0,0.0,2,0,0.0,0.0,1.0,1.0,1.0,1.0,0.0,1.0,0.0,1.0,1,1,1,1,0,0,0,19,3,2024,6,1,5,1,0,0,2,0,1,0.0,0,0,LEVE,0,1
1,1,0.2105205359103887,2,4,1,-11.930176,-77.072415,0,0,1,0,2,1,0,0,6543.555,3.0,5,2,1.0,0.1133318690972984,0.1133318690972984,1475.0,0.758462599563312,80.5192231989937,363987.54389721627,7626.313,1683.4029999999998,1599.0829999999996,4343.827000000001,1814.875,5811.438000000001,23.7975414856432,1,1,1,37.0,33.0,40.0,0.0,0.0,0.0,0.0,1,1,1.0,0.0,0.0,0.0,0.0,0.0,0.0,0.0,0.0,1.0,0,0,0,0,1,1,1,2,0,2024,6,2,6,1,0,0,1,1,1,1.0,0,0,LEVE,0,0
3,2,0.0933450472216121,0,4,1,-8.011856275320335,-78.69948108366218,0,4,7,0,2,-1,-1,0,610.6099999999999,2.0,5,2,1.0,0.0133977597188666,0.0065890621568196,100.0,0.2791284879085741,74.57203044034796,5611.197002141327,8931.828000000005,1335.5899999999997,1935.9830000000004,5660.255000000005,1219.309,7712.519000000005,13.651281686122925,2,0,0,28.5,23.0,34.0,1.0,0.0,0.0,0.0,2,0,0.0,0.0,0.0,1.0,0.0,1.0,1.0,0.0,0.0,0.0,0,0,0,0,0,0,0,9,1,2024,6,2,6,1,0,0,2,0,1,0.0,0,0,LEVE,0,1
5,1,0.0933450472216121,0,4,1,-7.303910820153995,-79.47253181141778,0,4,7,0,2,-1,-1,0,887.28,2.0,5,2,1.0,0.0133977597188666,0.0065890621568196,155.0,0.5650979329787121,81.32490571897102,43897.946466809415,8931.828000000005,1335.5899999999997,1935.9830000000004,5660.255000000005,1219.309,7712.519000000005,13.651281686122925,2,1,0,30.0,30.0,30.0,1.0,1.0,0.0,0.0,2,1,1.0,0.0,0.0,1.0,1.0,0.0,0.0,1.0,0.0,1.0,0,0,0,0,0,0,0,16,2,2024,6,2,6,1,0,0,2,0,1,0.5,0,0,LEVE,0,1
6,1,0.2105205359103887,2,4,1,-12.010602,-76.872794,0,0,7,0,2,-1,-1,2,875.67,2.0,5,2,1.0,0.0162530199868218,0.0124094003953437,156.0,0.6868549636939637,79.62363164345142,684921.8484148846,7626.313,1683.4029999999998,1599.0829999999996,4343.827000000001,1814.875,5811.438000000001,23.7975414856432,1,0,0,21.0,21.0,21.0,1.0,0.0,0.0,0.0,1,0,0.0,0.0,0.0,1.0,1.0,0.0,0.0,0.0,1.0,0.0,0,0,0,0,0,0,0,23,3,2024,6,2,6,1,0,0,2,0,1,0.0,0,0,GRAVE_MORTALIDAD,2,0
1,1,0.0933450472216121,0,4,1,-8.0273870967,-79.0778542345,0,4,7,0,2,-1,-1,4,6543.555,3.0,5,2,1.0,0.1133318690972984,0.1133318690972984,1475.0,0.583006771156836,78.2441938961209,76607.295503212,8931.828000000005,1335.5899999999997,1935.9830000000004,5660.255000000005,1219.309,7712.519000000005,13.651281686122925,1,1,1,37.0,33.0,40.0,0.0,0.0,0.0,0.0,1,1,1.0,0.0,0.0,0.0,0.0,0.0,0.0,0.0,0.0,1.0,0,0,0,0,1,1,1,23,3,2024,6,2,6,1,0,0,2,1,1,1.0,0,0,LEVE,0,1
6,1,0.0597408302218317,2,4,1,-6.550359,-78.674762,0,0,0,1,2,-1,-1,2,9936.932,2.0,5,2,1.0,0.340764331210191,0.1266198111135515,3830.0,0.4700875779194959,72.66081436888122,46090.54817987152,15935.565011852366,1733.9250000199986,935.692,13265.948011832368,2000.1670000199988,13935.398011832369,12.551591352627522,1,0,0,26.0,26.0,26.0,1.0,1.0,1.0,1.0,1,0,0.0,0.0,0.0,1.0,1.0,0.0,0.0,0.0,1.0,0.0,0,0,0,0,0,0,0,5,0,2024,6,3,0,0,0,2,2,0,1,0.0,1,0,LEVE,0,1
6,1,0.0597408302218317,0,4,1,-7.612798,-78.083209,0,4,0,1,2,1,1,6,9936.932,2.0,5,2,1.0,0.340764331210191,0.1266198111135515,3830.0,0.4384361875352846,76.70622362399591,31678.2869379015,15935.565011852366,1733.9250000199986,935.692,13265.948011832368,2000.1670000199988,13935.398011832369,12.551591352627522,1,0,0,32.0,32.0,32.0,1.0,1.0,0.0,1.0,1,0,0.0,0.0,1.0,0.0,1.0,0.0,0.0,1.0,1.0,1.0,0,0,0,0,0,0,0,14,2,2024,6,3,0,0,0,2,2,0,1,0.0,1,0,LEVE,0,1
1,1,0.0933450472216121,2,2,4,-7.1591543205491766,-79.44412667921272,0,1,7,0,2,-1,-1,2,6543.555,2.0,-1,-1,1.0,0.4495936745003294,0.4495936745003294,1198.0,0.5114727232493018,78.60606800160349,24701.19700214133,8931.828000000005,1335.5899999999997,1935.9830000000004,5660.255000000005,1219.309,7712.519000000005,13.651281686122925,1,1,1,37.0,33.0,40.0,0.0,0.0,0.0,0.0,1,1,1.0,0.0,0.0,0.0,0.0,0.0,0.0,0.0,0.0,1.0,1,1,1,1,1,1,1,16,2,2024,6,3,0,0,0,0,2,0,1,1.0,0,0,LEVE,0,1
3,3,0.0933450472216121,0,4,1,-8.126917155202126,-79.0104671173307,0,4,7,0,2,-1,-1,2,610.6099999999999,2.0,5,2,1.0,0.0133977597188666,0.0065890621568196,100.0,0.7151155191839451,79.57652607829836,331253.00214132766,8931.828000000005,1335.5899999999997,1935.9830000000004,5660.255000000005,1219.309,7712.519000000005,13.651281686122925,3,0,0,40.0,33.0,47.0,1.0,0.0,0.0,0.0,3,0,0.0,0.0,0.0,1.0,0.0,1.0,0.0,0.0,0.0,1.0,0,0,0,0,0,0,0,5,0,2024,6,4,1,0,0,0,2,0,1,0.0,0,0,LEVE,0,1
6,2,0.0766527564243356,0,4,1,-16.05142,-71.338553,0,4,0,1,2,0,1,0,1504.4250000000002,2.0,5,2,1.0,0.0252580716011421,0.0230617175488688,241.0,0.4685280505645348,81.83746865987648,1751.8736616702354,10322.272,1495.236,1749.739,7077.2970000000005,2886.595,7435.677000000001,27.964725207783708,2,0,0,36.5,32.0,41.0,1.0,0.0,0.0,0.0,2,0,0.0,1.0,0.0,1.0,0.0,1.0,1.0,0.0,0.0,0.0,0,0,0,0,0,0,0,5,0,2024,6,4,1,0,0,0,1,0,1,0.0,1,0,GRAVE_LESIONADOS,1,4
0,1,0.2105205359103887,2,4,1,-12.00452748167926,-76.84440435887166,0,0,1,0,2,-1,-1,4,875.67,2.0,5,2,1.0,0.0162530199868218,0.0124094003953437,156.0,0.6868549636939637,79.62363164345142,684921.8484148846,7626.313,1683.4029999999998,1599.0829999999996,4343.827000000001,1814.875,5811.438000000001,23.7975414856432,1,0,1,48.0,48.0,48.0,1.0,0.0,0.0,0.0,1,0,0.0,1.0,0.0,0.0,0.0,0.0,1.0,0.0,1.0,0.0,0,0,0,0,0,0,0,11,1,2024,6,4,1,0,0,0,2,0,1,0.0,0,0,LEVE,0,0
2,0,0.0766527564243356,2,4,3,-16.565759,-71.919435,0,3,1,0,7,-1,-1,0,6543.555,2.0,-1,-1,1.0,0.4495936745003294,0.4495936745003294,1198.0,0.6455852322566902,78.58826324858522,2628.282655246253,10322.272,1495.236,1749.739,7077.2970000000005,2886.595,7435.677000000001,27.964725207783708,1,0,0,68.0,68.0,68.0,1.0,1.0,0.0,0.0,1,0,0.0,1.0,0.0,0.0,0.0,0.0,0.0,1.0,1.0,1.0,1,1,1,1,0,0,0,13,2,2024,6,4,1,0,0,0,2,0,1,0.0,0,1,LEVE,0,4
3,2,0.0902701515484296,2,2,4,-14.454586,-72.08171,0,3,7,0,2,-1,-1,2,6543.555,2.0,-1,-1,1.0,0.4495936745003294,0.4495936745003294,1198.0,0.339323744940919,67.8567694463257,24527.03426124197,17779.13499998999,2097.37099999,2863.123,12818.640999999989,2878.713,14900.421999989989,16.19152450331032,2,0,0,30.0,29.0,31.0,1.0,1.0,0.0,0.0,2,1,1.0,0.0,0.0,1.0,1.0,0.0,0.0,1.0,1.0,1.0,1,1,1,1,0,0,0,15,2,2024,6,4,1,0,0,2,2,0,1,0.0,0,0,LEVE,0,4
6,1,0.0597408302218317,0,4,2,-6.49956135111446,-78.5360594614265,0,4,0,1,3,-1,-1,2,6543.555,2.0,-1,-1,1.0,0.4495936745003294,0.4495936745003294,1198.0,0.2775964697739569,71.67830860111216,10167.346895074945,15935.565011852366,1733.9250000199986,935.692,13265.948011832368,2000.1670000199988,13935.398011832369,12.551591352627522,1,0,0,21.0,21.0,21.0,1.0,0.0,0.0,1.0,1,0,0.0,0.0,0.0,1.0,0.0,0.0,1.0,0.0,1.0,0.0,1,1,1,1,0,0,0,5,0,2024,6,5,2,0,0,2,2,0,1,0.0,1,1,LEVE,0,1
0,1,0.2105205359103887,2,4,1,-12.103942,-76.979231,0,0,7,0,2,-1,-1,0,6639.975,2.0,5,2,1.0,0.340764331210191,0.074236766966835,1616.0,0.8236163632543221,80.64134543571234,106584.52890792293,7626.313,1683.4029999999998,1599.0829999999996,4343.827000000001,1814.875,5811.438000000001,23.7975414856432,1,0,1,51.0,51.0,51.0,1.0,0.0,0.0,0.0,1,0,0.0,1.0,0.0,0.0,0.0,0.0,1.0,0.0,0.0,0.0,0,0,0,0,0,0,0,11,1,2024,6,5,2,0,0,0,2,0,1,0.0,0,0,LEVE,0,0
0,2,0.0597408302218317,2,3,4,-7.50968807816278,-78.1432911070406,0,0,7,0,1,-1,-1,2,6543.555,2.0,-1,-1,1.0,0.4495936745003294,0.4495936745003294,1198.0,0.2517980913588912,79.04120044279121,13301.858672376871,15935.565011852366,1733.9250000199986,935.692,13265.948011832368,2000.1670000199988,13935.398011832369,12.551591352627522,2,0,3,31.0,31.0,31.0,1.0,0.0,0.0,1.0,2,0,0.0,1.0,0.0,1.0,1.0,1.0,0.0,0.0,1.0,0.0,1,1,1,1,0,0,0,18,3,2024,6,5,2,0,0,2,2,0,1,0.0,0,1,LEVE,0,1
6,1,0.2105205359103887,0,4,1,-11.12141,-77.31701,0,4,7,0,2,1,0,2,198.315,2.0,5,2,0.0,0.340764331210191,0.0012079947287502,55.0,0.625259356790912,76.00710856837651,24684.304068522484,7626.313,1683.4029999999998,1599.0829999999996,4343.827000000001,1814.875,5811.438000000001,23.7975414856432,1,0,0,50.0,50.0,50.0,1.0,1.0,0.0,0.0,1,0,0.0,0.0,0.0,1.0,1.0,0.0,0.0,1.0,0.0,1.0,0,0,0,0,0,0,0,20,3,2024,6,5,2,0,0,0,1,0,1,0.0,0,0,GRAVE_MORTALIDAD,2,0
6,1,0.0933450472216121,0,4,2,-8.5738646102,-78.69886157,0,4,7,0,2,-1,-1,0,6543.555,2.0,-1,-1,1.0,0.4495936745003294,0.4495936745003294,1198.0,0.4971504606547645,77.79759708660042,44368.59100642397,8931.828000000005,1335.5899999999997,1935.9830000000004,5660.255000000005,1219.309,7712.519000000005,13.651281686122925,1,0,0,25.0,25.0,25.0,1.0,0.0,0.0,0.0,1,0,0.0,0.0,0.0,1.0,0.0,0.0,1.0,0.0,0.0,0.0,1,1,1,1,0,0,0,23,3,2024,6,5,2,0,0,0,2,0,1,0.0,0,0,GRAVE_MORTALIDAD,2,1