CLASE SINIESTRO,CANTIDAD DE VEHICULOS DAÑADOS,DEPARTAMENTO,ZONA,TIPO DE VÍA,RED VIAL,COORDENADAS LATITUD,COORDENADAS  LONGITUD,CONDICIÓN CLIMÁTICA,ZONIFICACIÓN,CARACTERÍSTICAS DE VÍA,PERFIL LONGITUDINAL VÍA,SUPERFICIE DE CALZADA,¿EXISTE SEÑAL VERTICAL?,¿EXISTE SEÑAL HORIZONTAL?,CAUSA FACTOR PRINCIPAL,MTC_RVN_LONGITUD_KM,MTC_RVN_N_CARRILES_MEDIANA,MTC_RVN_SUPERFICIE_DOMINANTE,MTC_RVN_ESTADO_DOMINANTE,MTC_RVN_ES_CONCESIONADA,MTC_RVN_CONCESION_PRINCIPAL,MTC_RVN_CORREDOR_LOGISTICO,MTC_RVN_N_TRAMOS,IDH_2019,IDH_ESP_VIDA_2019,IDH_POBLACION_2019,MTC_DEP_RED_TOTAL_KM,MTC_DEP_NACIONAL_TOTAL_KM,MTC_DEP_DEPARTAMENTAL_TOTAL_KM,MTC_DEP_VECINAL_TOTAL_KM,MTC_DEP_PAV_TOTAL_KM,MTC_DEP_NO_PAV_TOTAL_KM,MTC_DEP_PCT_PAVIMENTADA,PER_N_CONDUCTORES,PER_N_CONDUCTORES_FUGADOS,PER_N_PEATONES,PER_EDAD_COND_PROM,PER_EDAD_COND_MIN,PER_EDAD_COND_MAX,PER_ANY_COND_MASCULINO,PER_ANY_LIC_PROBLEMA,PER_ANY_DOSAJE_POS,PER_ANY_DOSAJE_EVALUADO,VEH_TOTAL,VEH_N_FUGADOS,VEH_ANY_FUGADO,VEH_ANY_CARGA,VEH_ANY_PUBLICO,VEH_ANY_PARTICULAR,VEH_ANY_MOTO,VEH_ANY_AUTO,VEH_ANY_CAMION_BUS,VEH_ANY_SOAT_PROBLEMA,VEH_ANY_CITV_PROBLEMA,VEH_ANY_SEGURO_PROBLEMA,MTC_RVN_LONGITUD_KM_ERA_NULO,MTC_RVN_N_CARRILES_MEDIANA_ERA_NULO,MTC_RVN_ES_CONCESIONADA_ERA_NULO,MTC_RVN_N_TRAMOS_ERA_NULO,PER_EDAD_COND_PROM_ERA_NULO,PER_EDAD_COND_MIN_ERA_NULO,PER_EDAD_COND_MAX_ERA_NULO,HORA_NUM,FRANJA_HORARIA,ANIO,MES,DIA_MES,DIA_SEMANA,ES_FIN_SEMANA,ES_QUINCENA,REGION_NATURAL,NIVEL_SEÑALIZACION_ORD,ES_VIA_MULTICARRIL,ES_DEPTO_BAJO_PAVIMENTO,RATIO_CONDUCTORES_FUGADOS,ES_CURVA_Y_PENDIENTE,ES_VIA_NO_PAVIMENTADA,CATEGORIA_SEVERIDAD,CATEGORIA_SEVERIDAD_ENC,CLUSTER
6,1,0.0902701515484296,0,4,3,-13.351084,-72.100146,0,4,7,0,2,-1,-1,2,6543.555,2.0,-1,-1,1.0,0.4495936745003294,0.4495936745003294,1198.0,0.3091216969737358,74.65060422099381,5268.858672376874,17779.13499998999,2097.37099999,2863.123,12818.640999999989,2878.713,14900.421999989989,16.19152450331032,1,0,0,49.0,49.0,49.0,1.0,0.0,0.0,0.0,1,0,0.0,0.0,0.0,1.0,0.0,0.0,1.0,1.0,1.0,1.0,1,1,1,1,0,0,0,15,2,2024,6,14,4,0,0,2,2,0,1,0.0,0,0,GRAVE_LESIONADOS,1,4
3,1,0.2105205359103887,2,4,1,-12.042976482914572,-77.02266111511464,0,0,0,0,2,-1,-1,0,6543.555,3.0,5,2,1.0,0.1133318690972984,0.1133318690972984,1475.0,0.7300036506368504,80.21724456394445,156759.78800856532,7626.313,1683.4029999999998,1599.0829999999996,4343.827000000001,1814.875,5811.438000000001,23.7975414856432,2,0,0,47.0,30.0,64.0,1.0,0.0,0.0,0.0,2,0,0.0,1.0,0.0,1.0,1.0,0.0,1.0,0.0,1.0,0.0,0,0,0,0,0,0,0,17,2,2024,6,14,4,0,0,0,2,1,1,0.0,0,0,LEVE,0,0
6,1,0.0597408302218317,0,4,3,-5.880095,-78.99446,0,4,7,1,1,-1,-1,2,6543.555,2.0,-1,-1,1.0,0.4495936745003294,0.4495936745003294,1198.0,0.3186681371591724,75.57054103202115,8750.248394004284,15935.565011852366,1733.9250000199986,935.692,13265.948011832368,2000.1670000199988,13935.398011832369,12.551591352627522,1,0,0,53.0,53.0,53.0,1.0,0.0,0.0,1.0,1,0,0.0,1.0,0.0,0.0,0.0,0.0,1.0,0.0,0.0,0.0,1,1,1,1,0,0,0,18,3,2024,6,14,4,0,0,2,2,0,1,0.0,0,1,GRAVE_LESIONADOS,1,1
6,1,0.0933450472216121,0,4,1,-7.66309924536778,-79.3324267168397,0,4,7,0,2,-1,-1,0,6543.555,3.0,5,2,1.0,0.1133318690972984,0.1133318690972984,1475.0,0.5605164445866666,76.61349501649897,9448.43683083512,8931.828000000005,1335.5899999999997,1935.9830000000004,5660.255000000005,1219.309,7712.519000000005,13.651281686122925,1,0,0,54.0,54.0,54.0,1.0,1.0,0.0,0.0,1,0,0.0,0.0,0.0,1.0,1.0,0.0,0.0,0.0,0.0,0.0,0,0,0,0,0,0,0,19,3,2024,6,14,4,0,0,0,2,1,1,0.0,0,0,LEVE,0,1
3,1,0.2105205359103887,2,4,1,-12.127299003517887,-76.97704865225496,0,0,0,0,2,-1,-1,0,6639.975,2.0,5,2,1.0,0.340764331210191,0.074236766966835,1616.0,0.8017574897902351,80.48487267736287,359776.608137045,7626.313,1683.4029999999998,1599.0829999999996,4343.827000000001,1814.875,5811.438000000001,23.7975414856432,2,0,0,46.0,34.0,58.0,1.0,0.0,0.0,0.0,2,0,0.0,0.0,1.0,1.0,1.0,0.0,1.0,0.0,0.0,0.0,0,0,0,0,0,0,0,20,3,2024,6,14,4,0,0,0,2,0,1,0.0,0,0,LEVE,0,0
0,1,0.2105205359103887,2,4,1,-12.324326101652504,-76.82609434137815,0,2,7,0,2,-1,-1,0,6639.975,2.0,5,2,1.0,0.340764331210191,0.074236766966835,1616.0,0.6959889140821508,77.1307027422061,12550.856531049252,7626.313,1683.4029999999998,1599.0829999999996,4343.827000000001,1814.875,5811.438000000001,23.7975414856432,1,0,1,28.0,28.0,28.0,1.0,0.0,0.0,0.0,1,0,0.0,0.0,0.0,1.0,1.0,0.0,0.0,0.0,0.0,0.0,0,0,0,0,0,0,0,22,3,2024,6,14,4,0,0,0,2,0,1,0.0,0,0,LEVE,0,0
3,2,0.0475510652317153,2,4,1,-13.41022559,-76.16414532,0,4,1,0,2,1,1,2,6639.975,2.0,5,2,1.0,0.340764331210191,0.074236766966835,1616.0,0.5987683993460385,81.76116160264682,30276.65310492505,3721.461,698.1859999999996,744.866,2278.409,1102.9029999999996,2618.558,29.636290693359403,2,0,0,35.5,33.0,38.0,1.0,1.0,0.0,0.0,2,0,0.0,1.0,0.0,1.0,1.0,1.0,0.0,0.0,1.0,1.0,0,0,0,0,0,0,0,14,2,2024,6,15,5,1,1,0,2,0,1,0.0,0,0,LEVE,0,7
0,0,0.0902701515484296,0,4,3,-12.65974,-73.065154,0,4,7,0,7,-1,-1,1,6543.555,2.0,-1,-1,1.0,0.4495936745003294,0.4495936745003294,1198.0,0.4297325556987851,76.15904795703717,29458.58458244112,17779.13499998999,2097.37099999,2863.123,12818.640999999989,2878.713,14900.421999989989,16.19152450331032,1,0,1,51.0,51.0,51.0,1.0,0.0,0.0,0.0,1,0,0.0,0.0,0.0,1.0,0.0,0.0,1.0,1.0,1.0,1.0,1,1,1,1,0,0,0,17,2,2024,6,15,5,1,1,2,2,0,1,0.0,0,1,LEVE,0,29
0,1,0.0933450472216121,2,2,4,-8.0855807,-79.0153628,0,1,7,0,2,-1,-1,0,6543.555,2.0,-1,-1,1.0,0.4495936745003294,0.4495936745003294,1198.0,0.5628682280502054,79.35078533424159,209189.32119914345,8931.828000000005,1335.5899999999997,1935.9830000000004,5660.255000000005,1219.309,7712.519000000005,13.651281686122925,1,0,1,29.0,29.0,29.0,1.0,0.0,0.0,0.0,1,0,0.0,0.0,0.0,1.0,0.0,0.0,1.0,1.0,0.0,0.0,1,1,1,1,0,0,0,19,3,2024,6,15,5,1,1,0,2,0,1,0.0,0,0,LEVE,0,1
3,1,0.2105205359103887,2,4,1,-12.110083420518457,-76.97837558904305,0,3,7,0,2,-1,-1,0,6639.975,2.0,5,2,1.0,0.340764331210191,0.074236766966835,1616.0,0.8236163632543221,80.64134543571234,106584.52890792293,7626.313,1683.4029999999998,1599.0829999999996,4343.827000000001,1814.875,5811.438000000001,23.7975414856432,2,0,0,33.5,31.0,36.0,1.0,0.0,0.0,0.0,2,0,0.0,0.0,1.0,1.0,1.0,0.0,1.0,0.0,1.0,0.0,0,0,0,0,0,0,0,20,3,2024,6,15,5,1,1,0,2,0,1,0.0,0,0,LEVE,0,0
6,1,0.0902701515484296,0,4,1,-14.343236,-71.18383,0,4,7,0,2,-1,-1,2,7586.903,2.0,5,2,1.0,0.340764331210191,0.067428069404788,1198.0,0.3688068892893833,76.47283450634272,9957.021413276232,17779.13499998999,2097.37099999,2863.123,12818.640999999989,2878.713,14900.421999989989,16.19152450331032,1,0,0,21.0,21.0,21.0,1.0,1.0,0.0,0.0,1,0,0.0,0.0,0.0,1.0,1.0,0.0,0.0,1.0,1.0,1.0,0,0,0,0,0,0,0,0,0,2024,6,16,6,1,1,2,2,0,1,0.0,0,0,LEVE,0,4
6,1,0.2105205359103887,2,12,4,-12.08913539919278,-77.01020048194057,0,0,7,0,2,-1,-1,2,6543.555,2.0,-1,-1,1.0,0.4495936745003294,0.4495936745003294,1198.0,0.7141594849782824,79.90829932185413,156887.87152034265,7626.313,1683.4029999999998,1599.0829999999996,4343.827000000001,1814.875,5811.438000000001,23.7975414856432,1,0,0,28.0,28.0,28.0,1.0,0.0,0.0,0.0,1,0,0.0,0.0,0.0,1.0,0.0,1.0,0.0,0.0,1.0,0.0,1,1,1,1,0,0,0,2,0,2024,6,16,6,1,1,0,2,0,1,0.0,0,0,LEVE,0,0
8,0,0.0902701515484296,0,3,4,-13.504534,-71.995586,0,4,0,0,3,-1,-1,2,6543.555,2.0,-1,-1,1.0,0.4495936745003294,0.4495936745003294,1198.0,0.659083927657813,75.61465237849653,122604.71092077089,17779.13499998999,2097.37099999,2863.123,12818.640999999989,2878.713,14900.421999989989,16.19152450331032,1,0,1,67.0,67.0,67.0,1.0,0.0,0.0,0.0,1,0,0.0,1.0,0.0,0.0,0.0,0.0,0.0,0.0,1.0,0.0,1,1,1,1,0,0,0,3,0,2024,6,16,6,1,1,2,2,0,1,0.0,0,1,LEVE,0,4
6,1,0.0766527564243356,2,4,1,-17.0326963242302,-71.6865071124699,7,3,7,0,2,-1,-1,0,80.775,-1.0,5,2,0.0,0.340764331210191,0.1266198111135515,14.0,0.6449493635682252,78.44719582624413,8054.678800856533,10322.272,1495.236,1749.739,7077.2970000000005,2886.595,7435.677000000001,27.964725207783708,1,0,0,22.0,22.0,22.0,1.0,1.0,0.0,0.0,1,0,0.0,0.0,0.0,1.0,1.0,0.0,0.0,0.0,0.0,0.0,0,0,0,0,0,0,0,7,1,2024,6,16,6,1,1,0,2,0,1,0.0,0,0,LEVE,0,4
0,1,0.2105205359103887,2,4,1,-12.153351606296685,-76.98396179308388,0,3,0,0,2,-1,-1,0,6639.975,2.0,5,2,1.0,0.340764331210191,0.074236766966835,1616.0,0.8017574897902351,80.48487267736287,359776.608137045,7626.313,1683.4029999999998,1599.0829999999996,4343.827000000001,1814.875,5811.438000000001,23.7975414856432,1,0,1,37.0,37.0,37.0,1.0,0.0,0.0,0.0,1,0,0.0,0.0,0.0,1.0,0.0,1.0,0.0,0.0,0.0,0.0,0,0,0,0,0,0,0,17,2,2024,6,16,6,1,1,0,2,0,1,0.0,0,0,LEVE,0,0
6,1,0.0475510652317153,0,4,1,-15.286488,-75.091266,0,4,7,0,2,-1,-1,0,196.8,2.0,5,2,1.0,0.0036239841862508,0.0036239841862508,35.0,0.5563774842369664,77.00938809632027,27932.19700214133,3721.461,698.1859999999996,744.866,2278.409,1102.9029999999996,2618.558,29.636290693359403,1,0,0,67.0,67.0,67.0,1.0,0.0,0.0,0.0,1,0,0.0,0.0,0.0,1.0,0.0,1.0,0.0,0.0,0.0,0.0,0,0,0,0,0,0,0,22,3,2024,6,16,6,1,1,0,2,0,1,0.0,0,0,GRAVE_LESIONADOS,1,8
0,1,0.0766527564243356,2,4,1,-16.499813,-71.831295,0,0,7,0,2,-1,-1,0,6639.975,2.0,5,2,1.0,0.340764331210191,0.074236766966835,1616.0,0.6105481451420971,78.10653088113892,35025.678800856535,10322.272,1495.236,1749.739,7077.2970000000005,2886.595,7435.677000000001,27.964725207783708,1,0,1,53.0,53.0,53.0,1.0,0.0,0.0,0.0,1,0,0.0,0.0,0.0,1.0,0.0,1.0,0.0,0.0,0.0,0.0,0,0,0,0,0,0,0,0,0,2024,6,17,0,0,1,0,2,0,1,0.0,0,0,LEVE,0,4
6,1,0.0597408302218317,0,4,1,-6.52286946520376,-78.7964938356495,0,4,7,1,1,-1,-1,0,9936.932,2.0,5,2,1.0,0.340764331210191,0.1266198111135515,3830.0,0.3011301347839704,71.97114344661169,5264.304068522484,15935.565011852366,1733.9250000199986,935.692,13265.948011832368,2000.1670000199988,13935.398011832369,12.551591352627522,1,0,0,53.0,53.0,53.0,1.0,1.0,0.0,1.0,1,0,0.0,0.0,1.0,0.0,1.0,0.0,0.0,1.0,1.0,1.0,0,0,0,0,0,0,0,5,0,2024,6,17,0,0,1,2,2,0,1,0.0,0,1,LEVE,0,1
3,2,0.2105205359103887,0,4,1,-11.135933490965414,-77.59685928994054,0,4,7,1,2,-1,-1,2,6543.555,3.0,5,2,1.0,0.1133318690972984,0.1133318690972984,1475.0,0.7327345537337897,78.20903814342847,62016.21841541756,7626.313,1683.4029999999998,1599.0829999999996,4343.827000000001,1814.875,5811.438000000001,23.7975414856432,2,0,0,41.5,28.0,55.0,1.0,0.0,0.0,1.0,2,0,0.0,0.0,0.0,1.0,0.0,1.0,1.0,0.0,0.0,0.0,0,0,0,0,0,0,0,22,3,2024,6,17,0,0,1,0,2,1,1,0.0,0,0,GRAVE_LESIONADOS,1,0
6,1,0.0821436415550186,0,4,2,-16.0667614,-69.6287235,6,5,6,-1,6,-1,-1,2,6543.555,2.0,-1,-1,1.0,0.4495936745003294,0.4495936745003294,1198.0,0.4020198374784472,77.80062735845667,50686.62526766595,13642.312999999998,2020.7790000000005,2354.117,9267.416999999998,3314.0520000000006,10328.260999999997,24.29244952817019,1,0,0,27.0,27.0,27.0,1.0,0.0,0.0,0.0,1,0,0.0,0.0,0.0,1.0,0.0,1.0,0.0,0.0,0.0,0.0,1,1,1,1,0,0,0,6,1,2024,6,18,1,0,1,2,2,0,1,0.0,0,0,LEVE,0,4
3,2,0.0766527564243356,2,4,1,-16.493862,-71.842076,7,0,7,0,2,-1,-1,0,6639.975,2.0,5,2,1.0,0.340764331210191,0.074236766966835,1616.0,0.6105481451420971,78.10653088113892,35025.678800856535,10322.272,1495.236,1749.739,7077.2970000000005,2886.595,7435.677000000001,27.964725207783708,2,0,0,55.0,38.0,72.0,1.0,0.0,0.0,0.0,2,0,0.0,1.0,0.0,1.0,0.0,1.0,1.0,0.0,0.0,0.0,0,0,0,0,0,0,0,12,2,2024,6,18,1,0,1,0,2,0,1,0.0,0,0,LEVE,0,4
3,2,0.0193279156600043,0,4,1,-12.30544,-75.062555,0,4,7,0,2,-1,-1,0,891.625,1.0,2,1,0.0,0.340764331210191,0.1266198111135515,85.0,0.4769063067648997,73.0586440792864,1221.2548179871524,8511.426,1445.3929999999996,2008.516,5057.516999999999,1879.579,6631.846999999998,22.08300935706896,2,0,0,37.5,35.0,40.0,1.0,0.0,0.0,0.0,2,0,0.0,0.0,0.0,1.0,0.0,1.0,0.0,0.0,0.0,0.0,0,0,0,0,0,0,0,14,2,2024,6,18,1,0,1,2,2,0,1,0.0,0,0,GRAVE_MORTALIDAD,2,4
3,1,0.0475510652317153,0,4,1,-14.503455,-75.257135,0,4,0,0,2,-1,-1,0,6639.975,2.0,5,2,1.0,0.340764331210191,0.074236766966835,1616.0,0.5696116876324925,79.88318888188034,771.1927194860813,3721.461,698.1859999999996,744.866,2278.409,1102.9029999999996,2618.558,29.636290693359403,2,0,0,47.5,44.0,51.0,1.0,0.0,0.0,0.0,2,0,0.0,1.0,0.0,1.0,0.0,1.0,1.0,0.0,0.0,0.0,0,0,0,0,0,0,0,18,3,2024,6,18,1,0,1,0,2,0,1,0.0,0,0,GRAVE_LESIONADOS,1,8
1,1,0.2105205359103887,2,2,4,-12.004343115570125,-77.0612975762187,0,2,0,0,2,1,1,0,6543.555,2.0,-1,-1,1.0,0.4495936745003294,0.4495936745003294,1198.0,0.6853375063928137,80.04346891299102,217176.83083511773,7626.313,1683.4029999999998,1599.0829999999996,4343.827000000001,1814.875,5811.438000000001,23.7975414856432,1,0,1,40.0,40.0,40.0,1.0,0.0,0.0,0.0,1,0,0.0,1.0,0.0,0.0,0.0,0.0,1.0,0.0,0.0,0.0,1,1,1,1,0,0,0,5,0,2024,6,19,2,0,1,0,2,0,1,0.0,0,0,LEVE,0,0
0,0,0.0902701515484296,0,4,3,-12.65974,-73.065154,0,4,7,0,7,-1,-1,2,6543.555,2.0,-1,-1,1.0,0.4495936745003294,0.4495936745003294,1198.0,0.4297325556987851,76.15904795703717,29458.58458244112,17779.13499998999,2097.37099999,2863.123,12818.640999999989,2878.713,14900.421999989989,16.19152450331032,1,0,1,51.0,51.0,51.0,1.0,0.0,0.0,0.0,1,0,0.0,0.0,0.0,1.0,0.0,0.0,1.0,1.0,1.0,1.0,1,1,1,1,0,0,0,17,2,2024,6,19,2,0,1,2,2,0,1,0.0,0,1,LEVE,0,29
1,1,0.2105205359103887,2,3,4,-12.001652929263942,-76.88359459393475,0,1,7,0,1,-1,-1,0,6543.555,2.0,-1,-1,1.0,0.4495936745003294,0.4495936745003294,1198.0,0.6831952456039544,78.60873873772867,255143.7301927195,7626.313,1683.4029999999998,1599.0829999999996,4343.827000000001,1814.875,5811.438000000001,23.7975414856432,1,1,1,37.0,33.0,40.0,0.0,0.0,0.0,0.0,1,1,1.0,0.0,0.0,0.0,0.0,0.0,0.0,0.0,0.0,1.0,1,1,1,1,1,1,1,19,3,2024,6,19,2,0,1,0,2,0,1,1.0,0,1,LEVE,0,0
10,1,0.0902701515484296,0,4,0,-13.417462,-72.136983,0,4,7,0,2,1,0,2,6543.555,2.0,-1,-1,1.0,0.4495936745003294,0.4495936745003294,1198.0,0.4461630003962475,73.21502670801013,18328.770877944324,17779.13499998999,2097.37099999,2863.123,12818.640999999989,2878.713,14900.421999989989,16.19152450331032,1,0,0,20.0,20.0,20.0,1.0,0.0,0.0,0.0,1,0,0.0,0.0,0.0,1.0,1.0,0.0,0.0,1.0,1.0,1.0,1,1,1,1,0,0,0,23,3,2024,6,19,2,0,1,2,1,0,1,0.0,0,0,GRAVE_MORTALIDAD,2,4
0,1,0.2105205359103887,2,4,1,-11.982714012700349,-77.06533237378656,0,3,7,0,2,-1,-1,0,6543.555,3.0,5,2,1.0,0.1133318690972984,0.1133318690972984,1475.0,0.6853375063928137,80.04346891299102,217176.83083511773,7626.313,1683.4029999999998,1599.0829999999996,4343.827000000001,1814.875,5811.438000000001,23.7975414856432,1,0,1,36.0,36.0,36.0,1.0,0.0,0.0,0.0,1,0,0.0,1.0,0.0,0.0,0.0,0.0,1.0,0.0,0.0,0.0,0,0,0,0,0,0,0,4,0,2024,6,20,3,0,1,0,2,1,1,0.0,0,0,LEVE,0,0
0,1,0.2105205359103887,2,2,4,-12.161599763443215,-76.96524436950159,0,3,7,0,2,-1,-1,0,6543.555,2.0,-1,-1,1.0,0.4495936745003294,0.4495936745003294,1198.0,0.7289998534947872,80.50926319493618,384728.5117773019,7626.313,1683.4029999999998,1599.0829999999996,4343.827000000001,1814.875,5811.438000000001,23.7975414856432,1,0,1,60.0,60.0,60.0,1.0,0.0,0.0,0.0,1,0,0.0,0.0,1.0,0.0,1.0,0.0,0.0,1.0,1.0,1.0,1,1,1,1,0,0,0,7,1,2024,6,20,3,0,1,0,2,0,1,0.0,0,0,LEVE,0,0
0,1,0.0821436415550186,0,4,1,-15.924097054793595,-69.87893148188333,0,4,7,0,2,-1,-1,4,7586.903,2.0,5,2,1.0,0.340764331210191,0.067428069404788,1198.0,0.3492776286092784,69.0024577433395,6084.453961456104,13642.312999999998,2020.7790000000005,2354.117,9267.416999999998,3314.0520000000006,10328.260999999997,24.29244952817019,1,0,1,39.0,39.0,39.0,1.0,0.0,0.0,0.0,1,0,0.0,0.0,0.0,1.0,0.0,1.0,0.0,0.0,0.0,0.0,0,0,0,0,0,0,0,11,1,2024,6,20,3,0,1,2,2,0,1,0.0,0,0,LEVE,0,4
0,1,0.0766527564243356,2,3,4,-16.372110795723,-71.5372421913353,0,3,1,0,2,-1,-1,0,6543.555,2.0,-1,-1,1.0,0.4495936745003294,0.4495936745003294,1198.0,0.6738551636003771,78.16730405462371,97926.27408993576,10322.272,1495.236,1749.739,7077.2970000000005,2886.595,7435.677000000001,27.964725207783708,1,0,1,45.0,45.0,45.0,1.0,0.0,0.0,0.0,1,0,0.0,0.0,0.0,1.0,0.0,1.0,0.0,0.0,0.0,0.0,1,1,1,1,0,0,0,18,3,2024,6,20,3,0,1,0,2,0,1,0.0,0,0,LEVE,0,4
3,1,0.2105205359103887,2,12,4,-12.09758752580692,-77.07348284959961,0,0,0,0,2,1,1,0,6543.555,2.0,-1,-1,1.0,0.4495936745003294,0.4495936745003294,1198.0,0.8339285469381142,80.46197140280118,57878.755888650965,7626.313,1683.4029999999998,1599.0829999999996,4343.827000000001,1814.875,5811.438000000001,23.7975414856432,2,1,0,26.0,26.0,26.0,1.0,0.0,0.0,0.0,2,1,1.0,0.0,0.0,1.0,0.0,1.0,0.0,0.0,0.0,1.0,1,1,1,1,0,0,0,1,0,2024,6,21,4,0,1,0,2,0,1,0.5,0,0,LEVE,0,0
10,1,0.0193279156600043,0,4,0,-12.964583961566255,-74.70581886506412,0,4,7,0,2,-1,-1,0,6543.555,2.0,-1,-1,1.0,0.4495936745003294,0.4495936745003294,1198.0,0.3648777342527826,72.61386206398959,24733.083511777302,8511.426,1445.3929999999996,2008.516,5057.516999999999,1879.579,6631.846999999998,22.08300935706896,1,0,0,18.0,18.0,18.0,1.0,1.0,0.0,0.0,1,0,0.0,0.0,0.0,1.0,1.0,0.0,0.0,1.0,1.0,1.0,1,1,1,1,0,0,0,4,0,2024,6,21,4,0,1,2,2,0,1,0.0,0,0,LEVE,0,4
6,1,0.2105205359103887,2,4,1,-12.249106064553674,-76.93239072015122,0,2,7,0,2,-1,-1,0,6639.975,2.0,5,2,1.0,0.340764331210191,0.074236766966835,1616.0,0.6909236767275176,78.41626133969348,95908.53319057816,7626.313,1683.4029999999998,1599.0829999999996,4343.827000000001,1814.875,5811.438000000001,23.7975414856432,1,0,0,37.0,33.0,40.0,1.0,0.0,0.0,0.0,1,0,0.0,1.0,0.0,0.0,0.0,0.0,1.0,0.0,0.0,0.0,0,0,0,0,1,1,1,7,1,2024,6,21,4,0,1,0,2,0,1,0.0,0,0,LEVE,0,0
6,1,0.2105205359103887,2,2,4,-12.0325926037616,-77.06262473395378,0,0,7,0,2,-1,-1,2,6543.555,2.0,-1,-1,1.0,0.4495936745003294,0.4495936745003294,1198.0,0.7419979630670723,80.31822295927182,739416.2413542903,7626.313,1683.4029999999998,1599.0829999999996,4343.827000000001,1814.875,5811.438000000001,23.7975414856432,1,0,0,38.0,38.0,38.0,1.0,0.0,0.0,0.0,1,0,0.0,0.0,0.0,1.0,0.0,1.0,0.0,0.0,0.0,0.0,1,1,1,1,0,0,0,14,2,2024,6,21,4,0,1,0,2,0,1,0.0,0,0,LEVE,0,0
3,1,0.0597408302218317,2,6,4,-6.565185,-78.65898,0,0,7,1,2,-1,-1,2,6543.555,2.0,-1,-1,1.0,0.4495936745003294,0.4495936745003294,1198.0,0.4700875779194959,72.66081436888122,46090.54817987152,15935.565011852366,1733.9250000199986,935.692,13265.948011832368,2000.1670000199988,13935.398011832369,12.551591352627522,2,0,0,35.0,34.0,36.0,1.0,1.0,1.0,1.0,2,0,0.0,0.0,0.0,1.0,1.0,0.0,1.0,0.0,1.0,0.0,1,1,1,1,0,0,0,17,2,2024,6,21,4,0,1,2,2,0,1,0.0,0,0,LEVE,0,1
10,1,0.0902701515484296,0,4,0,-13.673586,-71.920159,0,4,7,0,1,-1,-1,2,6543.555,2.0,-1,-1,1.0,0.4495936745003294,0.4495936745003294,1198.0,0.2668637127112817,63.43982414235539,1930.706638115632,17779.13499998999,2097.37099999,2863.123,12818.640999999989,2878.713,14900.421999989989,16.19152450331032,1,0,0,54.0,54.0,54.0,1.0,0.0,0.0,0.0,1,0,0.0,0.0,0.0,1.0,0.0,1.0,0.0,0.0,1.0,0.0,1,1,1,1,0,0,0,20,3,2024,6,21,4,0,1,2,2,0,1,0.0,0,1,GRAVE_MORTALIDAD,2,4
1,1,0.2105205359103887,2,4,1,-12.201209,-76.973922,0,2,7,0,2,-1,-1,0,6639.975,2.0,5,2,1.0,0.340764331210191,0.074236766966835,1616.0,0.7583553928164398,79.82595632107274,333655.3618843683,7626.313,1683.4029999999998,1599.0829999999996,4343.827000000001,1814.875,5811.438000000001,23.7975414856432,1,1,1,37.0,33.0,40.0,0.0,0.0,0.0,0.0,1,1,1.0,0.0,0.0,0.0,0.0,0.0,0.0,0.0,0.0,1.0,0,0,0,0,1,1,1,21,3,2024,6,21,4,0,1,0,2,0,1,1.0,0,0,LEVE,0,0
10,1,0.2105205359103887,2,4,1,-11.793794609082996,-76.98315595935756,0,4,0,0,2,1,1,0,1084.715,2.0,5,1,0.0,0.340764331210191,0.0016472655392049,1025.0,0.6498693508177541,78.84967382596041,356854.23554603854,7626.313,1683.4029999999998,1599.0829999999996,4343.827000000001,1814.875,5811.438000000001,23.7975414856432,1,0,0,28.0,28.0,28.0,1.0,0.0,0.0,0.0,1,0,0.0,0.0,0.0,1.0,1.0,0.0,0.0,0.0,1.0,0.0,0,0,0,0,0,0,0,5,0,2024,6,22,5,1,1,0,2,0,1,0.0,0,0,LEVE,0,0
1,1,0.0821436415550186,0,4,1,-15.885767,-69.898305,0,4,7,0,2,-1,-1,0,7586.903,2.0,5,2,1.0,0.340764331210191,0.067428069404788,1198.0,0.3492776286092784,69.0024577433395,6084.453961456104,13642.312999999998,2020.7790000000005,2354.117,9267.416999999998,3314.0520000000006,10328.260999999997,24.29244952817019,1,1,1,37.0,33.0,40.0,0.0,0.0,0.0,0.0,1,1,1.0,0.0,0.0,0.0,0.0,0.0,0.0,0.0,0.0,1.0,0,0,0,0,1,1,1,5,0,2024,6,22,5,1,1,2,2,0,1,1.0,0,0,LEVE,0,4
6,1,0.0193279156600043,0,4,3,-13.518329,-75.327399,0,4,0,1,7,-1,-1,0,6543.555,2.0,-1,-1,1.0,0.4495936745003294,0.4495936745003294,1198.0,0.3142847863224586,64.32848809847779,689.2505353319058,8511.426,1445.3929999999996,2008.516,5057.516999999999,1879.579,6631.846999999998,22.08300935706896,1,0,0,67.0,67.0,67.0,1.0,0.0,0.0,0.0,1,0,0.0,0.0,0.0,1.0,0.0,1.0,0.0,0.0,0.0,0.0,1,1,1,1,0,0,0,15,2,2024,6,22,5,1,1,2,2,0,1,0.0,1,1,LEVE,0,4
6,1,0.0293213265978475,2,4,2,-6.132131,-77.110711,0,0,7,0,2,-1,-1,2,6543.555,2.0,-1,-1,1.0,0.4495936745003294,0.4495936745003294,1198.0,0.4209273482033048,73.3551698063197,31717.576017130617,5645.136,815.0759999999999,965.298,3864.762,1013.406,4631.73,17.95184385283189,1,0,0,24.0,24.0,24.0,1.0,1.0,0.0,0.0,1,0,0.0,0.0,0.0,1.0,1.0,0.0,0.0,1.0,1.0,1.0,1,1,1,1,0,0,0,21,3,2024,6,22,5,1,1,1,2,0,1,0.0,0,0,LEVE,0,2