CLASE SINIESTRO,CANTIDAD DE VEHICULOS DAÑADOS,DEPARTAMENTO,ZONA,TIPO DE VÍA,RED VIAL,COORDENADAS LATITUD,COORDENADAS  LONGITUD,CONDICIÓN CLIMÁTICA,ZONIFICACIÓN,CARACTERÍSTICAS DE VÍA,PERFIL LONGITUDINAL VÍA,SUPERFICIE DE CALZADA,¿EXISTE SEÑAL VERTICAL?,¿EXISTE SEÑAL HORIZONTAL?,CAUSA FACTOR PRINCIPAL,MTC_RVN_LONGITUD_KM,MTC_RVN_N_CARRILES_MEDIANA,MTC_RVN_SUPERFICIE_DOMINANTE,MTC_RVN_ESTADO_DOMINANTE,MTC_RVN_ES_CONCESIONADA,MTC_RVN_CONCESION_PRINCIPAL,MTC_RVN_CORREDOR_LOGISTICO,MTC_RVN_N_TRAMOS,IDH_2019,IDH_ESP_VIDA_2019,IDH_POBLACION_2019,MTC_DEP_RED_TOTAL_KM,MTC_DEP_NACIONAL_TOTAL_KM,MTC_DEP_DEPARTAMENTAL_TOTAL_KM,MTC_DEP_VECINAL_TOTAL_KM,MTC_DEP_PAV_TOTAL_KM,MTC_DEP_NO_PAV_TOTAL_KM,MTC_DEP_PCT_PAVIMENTADA,PER_N_CONDUCTORES,PER_N_CONDUCTORES_FUGADOS,PER_N_PEATONES,PER_EDAD_COND_PROM,PER_EDAD_COND_MIN,PER_EDAD_COND_MAX,PER_ANY_COND_MASCULINO,PER_ANY_LIC_PROBLEMA,PER_ANY_DOSAJE_POS,PER_ANY_DOSAJE_EVALUADO,VEH_TOTAL,VEH_N_FUGADOS,VEH_ANY_FUGADO,VEH_ANY_CARGA,VEH_ANY_PUBLICO,VEH_ANY_PARTICULAR,VEH_ANY_MOTO,VEH_ANY_AUTO,VEH_ANY_CAMION_BUS,VEH_ANY_SOAT_PROBLEMA,VEH_ANY_CITV_PROBLEMA,VEH_ANY_SEGURO_PROBLEMA,MTC_RVN_LONGITUD_KM_ERA_NULO,MTC_RVN_N_CARRILES_MEDIANA_ERA_NULO,MTC_RVN_ES_CONCESIONADA_ERA_NULO,MTC_RVN_N_TRAMOS_ERA_NULO,PER_EDAD_COND_PROM_ERA_NULO,PER_EDAD_COND_MIN_ERA_NULO,PER_EDAD_COND_MAX_ERA_NULO,HORA_NUM,FRANJA_HORARIA,ANIO,MES,DIA_MES,DIA_SEMANA,ES_FIN_SEMANA,ES_QUINCENA,REGION_NATURAL,NIVEL_SEÑALIZACION_ORD,ES_VIA_MULTICARRIL,ES_DEPTO_BAJO_PAVIMENTO,RATIO_CONDUCTORES_FUGADOS,ES_CURVA_Y_PENDIENTE,ES_VIA_NO_PAVIMENTADA,CATEGORIA_SEVERIDAD,CATEGORIA_SEVERIDAD_ENC,CLUSTER
0,1,0.2105205359103887,2,3,4,-11.870448199694373,-77.06469975319628,0,3,7,0,7,-1,-1,0,6543.555,2.0,-1,-1,1.0,0.4495936745003294,0.4495936745003294,1198.0,0.6632628912836565,79.15155564666024,383699.2119914347,7626.313,1683.4029999999998,1599.0829999999996,4343.827000000001,1814.875,5811.438000000001,23.7975414856432,1,0,1,31.0,31.0,31.0,1.0,0.0,0.0,0.0,1,0,0.0,0.0,0.0,1.0,0.0,0.0,1.0,0.0,0.0,0.0,1,1,1,1,0,0,0,16,2,2024,7,4,3,0,0,0,2,0,1,0.0,0,1,LEVE,0,0
0,1,0.0153744783659125,2,2,4,-12.0401285051537,-77.0934826487524,0,3,7,0,2,-1,-1,2,6543.555,2.0,-1,-1,1.0,0.4495936745003294,0.4495936745003294,1198.0,0.5563774842369664,77.00938809632027,27932.19700214133,51.58600000000001,44.68700000000001,6.899000000000001,0.0,49.838000000000015,1.748,96.61148373589734,1,0,1,47.0,47.0,47.0,1.0,0.0,0.0,0.0,1,0,0.0,0.0,1.0,0.0,1.0,0.0,0.0,1.0,1.0,1.0,1,1,1,1,0,0,0,18,3,2024,7,4,3,0,0,2,2,0,0,0.0,0,0,LEVE,0,0
3,1,0.2105205359103887,2,2,4,-12.1053873160405,-77.01780925597792,0,0,1,0,2,1,1,0,6543.555,2.0,-1,-1,1.0,0.4495936745003294,0.4495936745003294,1198.0,0.8171136689103559,80.21740365444107,88766.19486081369,7626.313,1683.4029999999998,1599.0829999999996,4343.827000000001,1814.875,5811.438000000001,23.7975414856432,2,0,0,58.0,33.0,83.0,1.0,0.0,0.0,0.0,2,0,0.0,0.0,0.0,1.0,1.0,1.0,0.0,0.0,1.0,0.0,1,1,1,1,0,0,0,21,3,2024,7,4,3,0,0,0,2,0,1,0.0,0,0,LEVE,0,0
3,2,0.0821436415550186,0,4,1,-16.460345,-69.138111,0,4,7,0,2,-1,-1,2,7586.903,2.0,5,2,1.0,0.340764331210191,0.067428069404788,1198.0,0.2394362064959017,73.4288503002124,17422.250535331903,13642.312999999998,2020.7790000000005,2354.117,9267.416999999998,3314.0520000000006,10328.260999999997,24.29244952817019,2,0,0,51.5,45.0,58.0,1.0,1.0,0.0,0.0,2,0,0.0,0.0,0.0,1.0,1.0,0.0,0.0,1.0,0.0,1.0,0,0,0,0,0,0,0,21,3,2024,7,4,3,0,0,2,2,0,1,0.0,0,0,LEVE,0,4
1,1,0.0821436415550186,0,4,2,-16.025852,-69.490229,6,5,6,-1,6,-1,-1,0,6543.555,2.0,-1,-1,1.0,0.4495936745003294,0.4495936745003294,1198.0,0.4020198374784472,77.80062735845667,50686.62526766595,13642.312999999998,2020.7790000000005,2354.117,9267.416999999998,3314.0520000000006,10328.260999999997,24.29244952817019,1,1,1,37.0,33.0,40.0,0.0,0.0,0.0,0.0,1,1,1.0,0.0,0.0,0.0,0.0,0.0,0.0,0.0,0.0,1.0,1,1,1,1,1,1,1,14,2,2024,7,5,4,0,0,2,2,0,1,1.0,0,0,LEVE,0,4
4,1,0.0766527564243356,0,2,4,-16.4109523452725,-71.5135675096222,7,4,1,0,2,-1,-1,0,6543.555,2.0,-1,-1,1.0,0.4495936745003294,0.4495936745003294,1198.0,0.6497628344872909,78.50677470622946,126056.75374732334,10322.272,1495.236,1749.739,7077.2970000000005,2886.595,7435.677000000001,27.964725207783708,1,0,0,29.0,29.0,29.0,1.0,0.0,0.0,1.0,1,0,0.0,0.0,0.0,1.0,0.0,1.0,0.0,0.0,0.0,0.0,1,1,1,1,0,0,0,16,2,2024,7,5,4,0,0,0,2,0,1,0.0,0,0,LEVE,0,4
0,1,0.0821436415550186,0,4,1,-16.0934809,-69.6263869,0,4,7,0,2,-1,-1,4,417.30000000000007,1.0,2,1,0.0,0.340764331210191,0.1266198111135515,52.0,0.4020198374784472,77.80062735845667,50686.62526766595,13642.312999999998,2020.7790000000005,2354.117,9267.416999999998,3314.0520000000006,10328.260999999997,24.29244952817019,1,0,1,58.0,58.0,58.0,1.0,0.0,0.0,0.0,1,0,0.0,0.0,1.0,0.0,0.0,0.0,1.0,0.0,0.0,0.0,0,0,0,0,0,0,0,19,3,2024,7,5,4,0,0,2,2,0,1,0.0,0,0,LEVE,0,4
0,1,0.2105205359103887,2,2,4,-12.211305041510728,-76.94464264628972,0,0,1,0,2,-1,-1,0,6543.555,2.0,-1,-1,1.0,0.4495936745003294,0.4495936745003294,1198.0,0.6990481232857558,80.14597904142546,459161.0728051392,7626.313,1683.4029999999998,1599.0829999999996,4343.827000000001,1814.875,5811.438000000001,23.7975414856432,1,0,1,29.0,29.0,29.0,1.0,0.0,0.0,0.0,1,0,0.0,0.0,0.0,1.0,1.0,0.0,0.0,0.0,0.0,0.0,1,1,1,1,0,0,0,20,3,2024,7,5,4,0,0,0,2,0,1,0.0,0,0,LEVE,0,0
0,1,0.2105205359103887,2,2,4,-12.140738445627314,-76.94873884564066,0,0,7,1,2,-1,-1,0,6543.555,2.0,-1,-1,1.0,0.4495936745003294,0.4495936745003294,1198.0,0.689811994580126,79.88015655965044,452660.364025696,7626.313,1683.4029999999998,1599.0829999999996,4343.827000000001,1814.875,5811.438000000001,23.7975414856432,1,0,1,32.0,32.0,32.0,1.0,0.0,0.0,0.0,1,0,0.0,1.0,0.0,0.0,0.0,0.0,1.0,0.0,0.0,0.0,1,1,1,1,0,0,0,12,2,2024,7,6,5,1,0,0,2,0,1,0.0,0,0,LEVE,0,0
6,1,0.0902701515484296,0,4,0,-13.079605,-71.559882,0,4,0,0,1,-1,-1,2,6543.555,2.0,-1,-1,1.0,0.4495936745003294,0.4495936745003294,1198.0,0.3612121566150602,62.7406214315804,5308.728051391863,17779.13499998999,2097.37099999,2863.123,12818.640999999989,2878.713,14900.421999989989,16.19152450331032,1,0,1,68.0,68.0,68.0,1.0,1.0,0.0,0.0,1,0,0.0,0.0,0.0,1.0,0.0,1.0,0.0,0.0,1.0,0.0,1,1,1,1,0,0,0,22,3,2024,7,6,5,1,0,2,2,0,1,0.0,0,1,GRAVE_MORTALIDAD,2,4
6,1,0.0902701515484296,2,4,1,-14.470243,-72.097836,0,4,7,0,1,-1,-1,2,1780.161,1.0,-1,1,0.0,0.340764331210191,0.1266198111135515,490.0,0.339323744940919,67.8567694463257,24527.03426124197,17779.13499998999,2097.37099999,2863.123,12818.640999999989,2878.713,14900.421999989989,16.19152450331032,1,0,1,42.0,42.0,42.0,1.0,0.0,0.0,0.0,1,0,0.0,0.0,1.0,0.0,0.0,0.0,1.0,0.0,1.0,0.0,0,0,0,0,0,0,0,3,0,2024,7,7,6,1,0,2,2,0,1,0.0,0,1,GRAVE_LESIONADOS,1,4
6,1,0.0193279156600043,0,4,1,-12.804602564283424,-74.58363349564864,0,4,7,0,2,-1,-1,0,778.685,-1.0,-1,2,0.0,0.340764331210191,0.1266198111135515,160.0,0.4494097725993661,75.13999379229948,9621.717344753748,8511.426,1445.3929999999996,2008.516,5057.516999999999,1879.579,6631.846999999998,22.08300935706896,1,0,0,54.0,54.0,54.0,1.0,1.0,0.0,0.0,1,0,0.0,0.0,0.0,1.0,1.0,0.0,0.0,1.0,1.0,1.0,0,0,0,0,0,0,0,4,0,2024,7,7,6,1,0,2,2,0,1,0.0,0,0,LEVE,0,4
5,2,0.0139468482319349,2,4,1,-3.4922005695280047,-80.26855400224463,0,4,7,0,2,-1,-1,2,34.68,2.0,5,2,0.0,0.340764331210191,0.1266198111135515,10.0,0.5517527352166962,72.19810860253655,23389.404710920768,1009.101,138.47399999999996,287.471,583.156,276.972,732.129,27.447401201663663,2,1,0,18.0,18.0,18.0,1.0,1.0,0.0,0.0,2,1,1.0,0.0,1.0,0.0,1.0,0.0,0.0,1.0,1.0,1.0,0,0,0,0,0,0,0,4,0,2024,7,7,6,1,0,0,2,0,1,0.5,0,0,LEVE,0,13
0,1,0.0821436415550186,0,4,2,-16.01711,-69.576786,0,4,7,0,2,-1,-1,4,6543.555,2.0,-1,-1,1.0,0.4495936745003294,0.4495936745003294,1198.0,0.4020198374784472,77.80062735845667,50686.62526766595,13642.312999999998,2020.7790000000005,2354.117,9267.416999999998,3314.0520000000006,10328.260999999997,24.29244952817019,1,0,1,56.0,56.0,56.0,1.0,0.0,0.0,0.0,1,0,0.0,0.0,0.0,1.0,0.0,0.0,1.0,0.0,0.0,0.0,1,1,1,1,0,0,0,11,1,2024,7,7,6,1,0,2,2,0,1,0.0,0,0,LEVE,0,4
0,1,0.0597408302218317,2,6,4,-5.143478,-79.000694,0,1,0,1,4,-1,-1,4,6543.555,2.0,-1,-1,1.0,0.4495936745003294,0.4495936745003294,1198.0,0.4391812721167056,75.54174317098156,37111.99571734476,15935.565011852366,1733.9250000199986,935.692,13265.948011832368,2000.1670000199988,13935.398011832369,12.551591352627522,1,0,1,45.0,45.0,45.0,1.0,0.0,0.0,1.0,1,0,0.0,1.0,0.0,0.0,0.0,0.0,1.0,0.0,1.0,0.0,1,1,1,1,0,0,0,13,2,2024,7,7,6,1,0,2,2,0,1,0.0,1,0,LEVE,0,1
0,1,0.0821436415550186,0,4,0,-15.63410904658044,-69.83268881343423,0,4,7,0,2,-1,-1,4,6543.555,2.0,-1,-1,1.0,0.4495936745003294,0.4495936745003294,1198.0,0.2340843824111472,70.52898898013444,9524.6573875803,13642.312999999998,2020.7790000000005,2354.117,9267.416999999998,3314.0520000000006,10328.260999999997,24.29244952817019,1,0,1,41.0,41.0,41.0,1.0,0.0,0.0,0.0,1,0,0.0,0.0,1.0,0.0,0.0,0.0,1.0,0.0,0.0,0.0,1,1,1,1,0,0,0,15,2,2024,7,7,6,1,0,2,2,0,1,0.0,0,0,LEVE,0,4
6,1,0.0213046343070502,0,4,0,-14.2300181904324,-74.8947654455861,0,4,5,1,7,-1,-1,0,6543.555,2.0,-1,-1,1.0,0.4495936745003294,0.4495936745003294,1198.0,0.4608532681397673,66.83626633131964,803.7194860813707,12678.733000000004,1805.074000000001,1774.0339999999994,9099.625000000004,2485.375000000001,10193.358000000002,19.602707936195205,1,0,0,34.0,34.0,34.0,1.0,0.0,0.0,0.0,1,0,0.0,1.0,0.0,0.0,0.0,0.0,1.0,0.0,1.0,0.0,1,1,1,1,0,0,0,17,2,2024,7,7,6,1,0,2,2,0,1,0.0,1,1,GRAVE_LESIONADOS,1,-1
0,0,0.0902701515484296,0,4,2,-13.894644,-72.039359,0,4,7,0,1,-1,-1,4,6543.555,2.0,-1,-1,1.0,0.4495936745003294,0.4495936745003294,1198.0,0.2244190091334229,64.64082794550986,2897.199143468951,17779.13499998999,2097.37099999,2863.123,12818.640999999989,2878.713,14900.421999989989,16.19152450331032,1,0,1,20.0,20.0,20.0,1.0,0.0,0.0,1.0,1,0,0.0,0.0,0.0,1.0,0.0,0.0,1.0,0.0,1.0,0.0,1,1,1,1,0,0,0,19,3,2024,7,7,6,1,0,2,2,0,1,0.0,0,1,LEVE,0,4
0,1,0.0933450472216121,0,4,0,-7.8210419787,-77.6397806089,0,4,7,0,7,-1,-1,0,6543.555,2.0,-1,-1,1.0,0.4495936745003294,0.4495936745003294,1198.0,0.4686292122960986,72.39347765706144,9440.374732334049,8931.828000000005,1335.5899999999997,1935.9830000000004,5660.255000000005,1219.309,7712.519000000005,13.651281686122925,1,1,1,17.0,17.0,17.0,1.0,1.0,0.0,0.0,1,0,0.0,0.0,0.0,1.0,0.0,1.0,0.0,0.0,1.0,0.0,1,1,1,1,0,0,0,20,3,2024,7,7,6,1,0,0,2,0,1,1.0,0,1,LEVE,0,1
3,2,0.0597408302218317,2,4,1,-5.677865,-78.780607,0,0,7,1,2,1,0,2,7758.33400008,2.0,5,2,1.0,0.340764331210191,0.0464528882055787,2133.0,0.5803239946829384,74.49544278598792,102362.46895074946,15935.565011852366,1733.9250000199986,935.692,13265.948011832368,2000.1670000199988,13935.398011832369,12.551591352627522,2,0,0,29.0,26.0,32.0,1.0,0.0,0.0,1.0,2,0,0.0,0.0,0.0,1.0,1.0,0.0,1.0,0.0,1.0,0.0,0,0,0,0,0,0,0,6,1,2024,7,8,0,0,0,2,1,0,1,0.0,0,0,GRAVE_MORTALIDAD,2,1
6,1,0.0597408302218317,0,4,3,-7.365094,-77.921702,0,4,7,0,1,-1,-1,2,6543.555,2.0,-1,-1,1.0,0.4495936745003294,0.4495936745003294,1198.0,0.257407821092545,79.22589573389911,7764.597430406853,15935.565011852366,1733.9250000199986,935.692,13265.948011832368,2000.1670000199988,13935.398011832369,12.551591352627522,1,0,0,21.0,21.0,21.0,1.0,0.0,0.0,1.0,1,0,0.0,0.0,1.0,0.0,0.0,0.0,1.0,0.0,0.0,0.0,1,1,1,1,0,0,0,7,1,2024,7,8,0,0,0,2,2,0,1,0.0,0,1,GRAVE_LESIONADOS,1,1
5,1,0.0045025258071601,2,4,1,-8.388407275047218,-74.5649867593487,0,0,1,0,4,-1,-1,2,1169.3919999999998,2.0,3,-1,0.0,0.340764331210191,0.1266198111135515,75.0,0.5478371208327225,74.17370407104559,113671.11777301929,2689.139,392.697,1311.5319999999997,984.91,261.598,2427.541,9.727946379863592,3,0,0,66.0,63.0,69.0,1.0,1.0,0.0,0.0,3,1,1.0,0.0,1.0,1.0,1.0,0.0,0.0,1.0,1.0,1.0,0,0,0,0,0,0,0,12,2,2024,7,8,0,0,0,1,2,0,1,0.0,0,0,LEVE,0,18
10,1,0.0597408302218317,0,4,1,-7.238167,-78.477142,0,4,0,1,2,-1,-1,2,887.28,2.0,5,2,1.0,0.0133977597188666,0.0065890621568196,155.0,0.6070175276741574,73.19224654097276,257380.9443254818,15935.565011852366,1733.9250000199986,935.692,13265.948011832368,2000.1670000199988,13935.398011832369,12.551591352627522,1,0,0,42.0,42.0,42.0,1.0,0.0,0.0,1.0,1,0,0.0,1.0,0.0,0.0,0.0,0.0,1.0,0.0,0.0,0.0,0,0,0,0,0,0,0,15,2,2024,7,8,0,0,0,2,2,0,1,0.0,1,0,LEVE,0,1
3,2,0.0902701515484296,0,4,0,-13.613334617929455,-71.94540188018637,0,4,7,0,2,-1,-1,2,6543.555,2.0,-1,-1,1.0,0.4495936745003294,0.4495936745003294,1198.0,0.6348954939297919,77.6245715059073,94654.62312633834,17779.13499998999,2097.37099999,2863.123,12818.640999999989,2878.713,14900.421999989989,16.19152450331032,2,0,0,33.5,32.0,35.0,1.0,0.0,0.0,1.0,2,0,0.0,0.0,1.0,1.0,0.0,0.0,1.0,0.0,1.0,0.0,1,1,1,1,0,0,0,15,2,2024,7,8,0,0,0,2,2,0,1,0.0,0,0,GRAVE_LESIONADOS,1,4
1,0,0.0902701515484296,0,4,1,-14.365861,-71.97692,0,4,7,0,2,-1,-1,2,781.9099999999999,-1.0,2,1,0.0,0.340764331210191,0.1266198111135515,75.0,0.2889521169082136,68.43497660341365,8001.259100642398,17779.13499998999,2097.37099999,2863.123,12818.640999999989,2878.713,14900.421999989989,16.19152450331032,1,1,1,37.0,33.0,40.0,0.0,0.0,0.0,0.0,1,1,1.0,0.0,0.0,0.0,0.0,0.0,0.0,0.0,0.0,1.0,0,0,0,0,1,1,1,17,2,2024,7,8,0,0,0,2,2,0,1,1.0,0,0,LEVE,0,4
3,2,0.0293213265978475,2,4,1,-5.8122,-77.390418,0,3,7,0,2,-1,-1,2,7758.33400008,2.0,5,2,1.0,0.340764331210191,0.0464528882055787,2133.0,0.4789759027469384,73.43778249935497,47552.6295503212,5645.136,815.0759999999999,965.298,3864.762,1013.406,4631.73,17.95184385283189,2,0,0,27.0,22.0,32.0,1.0,1.0,0.0,0.0,2,0,0.0,0.0,0.0,1.0,1.0,0.0,0.0,1.0,1.0,1.0,0,0,0,0,0,0,0,20,3,2024,7,8,0,0,0,1,2,0,1,0.0,0,0,LEVE,0,2
0,1,0.2105205359103887,2,2,4,-11.923019149931664,-76.96034636696854,0,0,7,0,2,-1,-1,0,6543.555,2.0,-1,-1,1.0,0.4495936745003294,0.4495936745003294,1198.0,0.701053025277506,79.62867561460851,1150285.0494171206,7626.313,1683.4029999999998,1599.0829999999996,4343.827000000001,1814.875,5811.438000000001,23.7975414856432,1,0,1,68.0,68.0,68.0,1.0,0.0,0.0,0.0,1,0,0.0,1.0,0.0,0.0,0.0,0.0,1.0,0.0,0.0,0.0,1,1,1,1,0,0,0,20,3,2024,7,8,0,0,0,0,2,0,1,0.0,0,0,LEVE,0,0
6,1,0.0139468482319349,2,4,1,-3.4977822395285343,-80.27516424452169,0,1,7,0,2,-1,-1,2,34.68,2.0,5,2,0.0,0.340764331210191,0.1266198111135515,10.0,0.5517527352166962,72.19810860253655,23389.404710920768,1009.101,138.47399999999996,287.471,583.156,276.972,732.129,27.447401201663663,1,0,0,17.0,17.0,17.0,1.0,1.0,0.0,1.0,1,0,0.0,0.0,0.0,1.0,1.0,0.0,0.0,0.0,0.0,0.0,0,0,0,0,0,0,0,20,3,2024,7,8,0,0,0,0,2,0,1,0.0,0,0,LEVE,0,13
6,1,0.0902701515484296,0,4,1,-13.665202,-71.679549,0,4,0,0,2,1,0,6,7586.903,2.0,5,2,1.0,0.340764331210191,0.067428069404788,1198.0,0.4479676236050441,63.30882145145972,5653.304068522484,17779.13499998999,2097.37099999,2863.123,12818.640999999989,2878.713,14900.421999989989,16.19152450331032,1,0,0,45.0,45.0,45.0,1.0,0.0,1.0,1.0,1,0,0.0,0.0,0.0,1.0,0.0,1.0,0.0,0.0,0.0,0.0,0,0,0,0,0,0,0,12,2,2024,7,9,1,0,0,2,1,0,1,0.0,0,0,GRAVE_MORTALIDAD,2,4
6,1,0.0475510652317153,0,4,1,-13.43467031,-76.18163258,0,4,7,0,2,-1,-1,2,205.54999999999995,-1.0,5,2,1.0,0.0040632549967054,0.074236766966835,15.0,0.5935454717688132,79.82270610044196,5314.299785867237,3721.461,698.1859999999996,744.866,2278.409,1102.9029999999996,2618.558,29.636290693359403,1,0,0,34.0,34.0,34.0,1.0,0.0,0.0,1.0,1,0,0.0,1.0,0.0,0.0,0.0,0.0,1.0,0.0,0.0,0.0,0,0,0,0,0,0,0,13,2,2024,7,9,1,0,0,0,2,0,1,0.0,0,0,GRAVE_MORTALIDAD,2,7
5,1,0.0182297386338677,2,4,1,-13.54140725,-73.66316029,0,4,0,1,1,-1,-1,2,7586.903,2.0,5,2,1.0,0.340764331210191,0.067428069404788,1198.0,0.5563774842369664,77.00938809632027,27932.19700214133,8358.971,1282.451,1298.0969999999998,5778.423,1432.683,6926.288,17.139466089785454,1,0,0,19.0,19.0,19.0,1.0,1.0,0.0,0.0,2,1,1.0,0.0,0.0,0.0,1.0,0.0,0.0,1.0,1.0,1.0,0,0,0,0,0,0,0,18,3,2024,7,9,1,0,0,2,2,0,1,0.0,1,1,LEVE,0,4
0,1,0.2105205359103887,2,4,1,-12.257469943402944,-76.91963593457477,0,2,7,0,2,-1,-1,0,6639.975,2.0,5,2,1.0,0.340764331210191,0.074236766966835,1616.0,0.6909236767275176,78.41626133969348,95908.53319057816,7626.313,1683.4029999999998,1599.0829999999996,4343.827000000001,1814.875,5811.438000000001,23.7975414856432,1,0,1,40.0,40.0,40.0,1.0,1.0,0.0,0.0,1,0,0.0,1.0,0.0,0.0,0.0,0.0,1.0,0.0,0.0,0.0,0,0,0,0,0,0,0,0,0,2024,7,10,2,0,0,0,2,0,1,0.0,0,0,LEVE,0,0
3,2,0.0293213265978475,0,4,1,-6.080939,-76.887707,0,4,7,1,2,-1,-1,0,7758.33400008,2.0,5,2,1.0,0.340764331210191,0.0464528882055787,2133.0,0.5294800468051228,72.46713251445857,86435.21199143468,5645.136,815.0759999999999,965.298,3864.762,1013.406,4631.73,17.95184385283189,2,0,0,50.0,36.0,64.0,1.0,1.0,0.0,0.0,2,0,0.0,0.0,1.0,0.0,1.0,1.0,0.0,0.0,1.0,1.0,0,0,0,0,0,0,0,5,0,2024,7,10,2,0,0,1,2,0,1,0.0,0,0,LEVE,0,2
3,2,0.0821436415550186,0,4,1,-16.000405,-69.765805,0,4,7,0,2,-1,-1,2,7586.903,2.0,5,2,1.0,0.340764331210191,0.067428069404788,1198.0,0.3247057995130503,73.24682709519536,24872.03426124197,13642.312999999998,2020.7790000000005,2354.117,9267.416999999998,3314.0520000000006,10328.260999999997,24.29244952817019,2,0,0,46.0,37.0,55.0,1.0,0.0,0.0,0.0,2,0,0.0,1.0,1.0,0.0,0.0,0.0,1.0,0.0,0.0,0.0,0,0,0,0,0,0,0,16,2,2024,7,10,2,0,0,2,2,0,1,0.0,0,0,GRAVE_MORTALIDAD,2,4
0,1,0.2105205359103887,2,2,4,-12.038309530451988,-77.06595375608863,0,0,1,0,2,-1,-1,0,6543.555,2.0,-1,-1,1.0,0.4495936745003294,0.4495936745003294,1198.0,0.7646845961658533,80.23682119426338,250806.0877944326,7626.313,1683.4029999999998,1599.0829999999996,4343.827000000001,1814.875,5811.438000000001,23.7975414856432,1,0,1,51.0,51.0,51.0,1.0,0.0,0.0,0.0,1,0,0.0,0.0,1.0,0.0,0.0,0.0,1.0,0.0,0.0,0.0,1,1,1,1,0,0,0,19,3,2024,7,10,2,0,0,0,2,0,1,0.0,0,0,LEVE,0,0
3,1,0.0597408302218317,0,4,1,-6.970766,-78.569055,0,4,7,1,2,1,1,6,9936.932,2.0,5,2,1.0,0.340764331210191,0.1266198111135515,3830.0,0.6070175276741574,73.19224654097276,257380.9443254818,15935.565011852366,1733.9250000199986,935.692,13265.948011832368,2000.1670000199988,13935.398011832369,12.551591352627522,2,0,0,34.0,34.0,34.0,1.0,1.0,0.0,1.0,2,0,0.0,1.0,0.0,1.0,1.0,0.0,1.0,0.0,1.0,1.0,0,0,0,0,0,0,0,6,1,2024,7,11,3,0,0,2,2,0,1,0.0,0,0,LEVE,0,1
2,1,0.2105205359103887,2,2,4,-11.874061786234163,-77.06049752985679,0,3,7,0,2,-1,-1,0,6543.555,2.0,-1,-1,1.0,0.4495936745003294,0.4495936745003294,1198.0,0.6632628912836565,79.15155564666024,383699.2119914347,7626.313,1683.4029999999998,1599.0829999999996,4343.827000000001,1814.875,5811.438000000001,23.7975414856432,1,0,0,44.0,44.0,44.0,1.0,0.0,0.0,0.0,1,0,0.0,1.0,0.0,0.0,0.0,0.0,1.0,0.0,0.0,0.0,1,1,1,1,0,0,0,10,1,2024,7,11,3,0,0,0,2,0,1,0.0,0,0,LEVE,0,0
0,1,0.2105205359103887,2,2,4,-12.225485914938512,-76.93954752444843,0,0,1,0,2,-1,-1,0,6543.555,2.0,-1,-1,1.0,0.4495936745003294,0.4495936745003294,1198.0,0.6990481232857558,80.14597904142546,459161.0728051392,7626.313,1683.4029999999998,1599.0829999999996,4343.827000000001,1814.875,5811.438000000001,23.7975414856432,1,0,1,35.0,35.0,35.0,0.0,0.0,0.0,0.0,1,0,0.0,0.0,1.0,0.0,1.0,0.0,0.0,0.0,1.0,0.0,1,1,1,1,0,0,0,10,1,2024,7,11,3,0,0,0,2,0,1,0.0,0,0,LEVE,0,0
7,1,0.0597408302218317,2,2,4,-6.55627655614299,-78.661086641139,0,0,7,1,2,-1,-1,6,6543.555,2.0,-1,-1,1.0,0.4495936745003294,0.4495936745003294,1198.0,0.4700875779194959,72.66081436888122,46090.54817987152,15935.565011852366,1733.9250000199986,935.692,13265.948011832368,2000.1670000199988,13935.398011832369,12.551591352627522,1,0,0,55.0,55.0,55.0,1.0,0.0,0.0,1.0,1,0,0.0,0.0,1.0,0.0,0.0,0.0,1.0,0.0,0.0,0.0,1,1,1,1,0,0,0,14,2,2024,7,11,3,0,0,2,2,0,1,0.0,0,0,GRAVE_LESIONADOS,1,1
0,1,0.0597408302218317,2,4,1,-7.090496,-78.345056,0,1,7,1,2,-1,-1,4,2760.8550000000005,1.0,-1,1,0.0,0.340764331210191,0.1266198111135515,1208.0,0.2787832446449395,76.6302139673737,20782.33618843683,15935.565011852366,1733.9250000199986,935.692,13265.948011832368,2000.1670000199988,13935.398011832369,12.551591352627522,1,0,1,48.0,48.0,48.0,1.0,0.0,0.0,1.0,1,0,0.0,1.0,0.0,0.0,0.0,0.0,1.0,0.0,0.0,0.0,0,0,0,0,0,0,0,18,3,2024,7,11,3,0,0,2,2,0,1,0.0,0,0,LEVE,0,1
0,1,0.0475510652317153,2,4,1,-14.2751579,-75.6835892,0,4,7,0,2,-1,-1,0,6639.975,2.0,5,2,1.0,0.340764331210191,0.074236766966835,1616.0,0.6261042306271147,80.48505954362174,31419.372591006424,3721.461,698.1859999999996,744.866,2278.409,1102.9029999999996,2618.558,29.636290693359403,1,0,1,32.0,32.0,32.0,1.0,0.0,0.0,0.0,1,0,0.0,0.0,0.0,1.0,0.0,1.0,0.0,0.0,1.0,0.0,0,0,0,0,0,0,0,20,3,2024,7,11,3,0,0,0,2,0,1,0.0,0,0,LEVE,0,7
10,1,0.0766527564243356,0,4,1,-16.425045,-72.021894,0,4,7,0,2,-1,-1,0,6639.975,2.0,5,2,1.0,0.340764331210191,0.074236766966835,1616.0,0.6455852322566902,78.58826324858522,2628.282655246253,10322.272,1495.236,1749.739,7077.2970000000005,2886.595,7435.677000000001,27.964725207783708,1,0,0,23.0,23.0,23.0,1.0,1.0,0.0,0.0,1,0,0.0,0.0,0.0,1.0,1.0,0.0,0.0,0.0,0.0,0.0,0,0,0,0,0,0,0,2,0,2024,7,12,4,0,0,0,2,0,1,0.0,0,0,LEVE,0,4