CLASE SINIESTRO,CANTIDAD DE VEHICULOS DAÑADOS,DEPARTAMENTO,ZONA,TIPO DE VÍA,RED VIAL,COORDENADAS LATITUD,COORDENADAS  LONGITUD,CONDICIÓN CLIMÁTICA,ZONIFICACIÓN,CARACTERÍSTICAS DE VÍA,PERFIL LONGITUDINAL VÍA,SUPERFICIE DE CALZADA,¿EXISTE SEÑAL VERTICAL?,¿EXISTE SEÑAL HORIZONTAL?,CAUSA FACTOR PRINCIPAL,MTC_RVN_LONGITUD_KM,MTC_RVN_N_CARRILES_MEDIANA,MTC_RVN_SUPERFICIE_DOMINANTE,MTC_RVN_ESTADO_DOMINANTE,MTC_RVN_ES_CONCESIONADA,MTC_RVN_CONCESION_PRINCIPAL,MTC_RVN_CORREDOR_LOGISTICO,MTC_RVN_N_TRAMOS,IDH_2019,IDH_ESP_VIDA_2019,IDH_POBLACION_2019,MTC_DEP_RED_TOTAL_KM,MTC_DEP_NACIONAL_TOTAL_KM,MTC_DEP_DEPARTAMENTAL_TOTAL_KM,MTC_DEP_VECINAL_TOTAL_KM,MTC_DEP_PAV_TOTAL_KM,MTC_DEP_NO_PAV_TOTAL_KM,MTC_DEP_PCT_PAVIMENTADA,PER_N_CONDUCTORES,PER_N_CONDUCTORES_FUGADOS,PER_N_PEATONES,PER_EDAD_COND_PROM,PER_EDAD_COND_MIN,PER_EDAD_COND_MAX,PER_ANY_COND_MASCULINO,PER_ANY_LIC_PROBLEMA,PER_ANY_DOSAJE_POS,PER_ANY_DOSAJE_EVALUADO,VEH_TOTAL,VEH_N_FUGADOS,VEH_ANY_FUGADO,VEH_ANY_CARGA,VEH_ANY_PUBLICO,VEH_ANY_PARTICULAR,VEH_ANY_MOTO,VEH_ANY_AUTO,VEH_ANY_CAMION_BUS,VEH_ANY_SOAT_PROBLEMA,VEH_ANY_CITV_PROBLEMA,VEH_ANY_SEGURO_PROBLEMA,MTC_RVN_LONGITUD_KM_ERA_NULO,MTC_RVN_N_CARRILES_MEDIANA_ERA_NULO,MTC_RVN_ES_CONCESIONADA_ERA_NULO,MTC_RVN_N_TRAMOS_ERA_NULO,PER_EDAD_COND_PROM_ERA_NULO,PER_EDAD_COND_MIN_ERA_NULO,PER_EDAD_COND_MAX_ERA_NULO,HORA_NUM,FRANJA_HORARIA,ANIO,MES,DIA_MES,DIA_SEMANA,ES_FIN_SEMANA,ES_QUINCENA,REGION_NATURAL,NIVEL_SEÑALIZACION_ORD,ES_VIA_MULTICARRIL,ES_DEPTO_BAJO_PAVIMENTO,RATIO_CONDUCTORES_FUGADOS,ES_CURVA_Y_PENDIENTE,ES_VIA_NO_PAVIMENTADA,CATEGORIA_SEVERIDAD,CATEGORIA_SEVERIDAD_ENC,CLUSTER
3,1,0.2105205359103887,2,2,4,-12.031195934975363,-77.08246990440594,0,0,7,0,2,-1,-1,0,6543.555,2.0,-1,-1,1.0,0.4495936745003294,0.4495936745003294,1198.0,0.7419979630670723,80.31822295927182,739416.2413542903,7626.313,1683.4029999999998,1599.0829999999996,4343.827000000001,1814.875,5811.438000000001,23.7975414856432,2,0,0,56.0,54.0,58.0,1.0,0.0,0.0,0.0,2,0,0.0,0.0,1.0,0.0,0.0,1.0,1.0,0.0,0.0,0.0,1,1,1,1,0,0,0,6,1,2024,7,22,0,0,1,0,2,0,1,0.0,0,0,LEVE,0,0
3,1,0.2105205359103887,2,4,1,-12.30868259331959,-76.83637699156124,0,2,7,0,2,1,0,0,6639.975,2.0,5,2,1.0,0.340764331210191,0.074236766966835,1616.0,0.6959889140821508,77.1307027422061,12550.856531049252,7626.313,1683.4029999999998,1599.0829999999996,4343.827000000001,1814.875,5811.438000000001,23.7975414856432,2,0,0,55.5,47.0,64.0,1.0,0.0,0.0,0.0,2,0,0.0,1.0,0.0,1.0,0.0,1.0,1.0,0.0,0.0,0.0,0,0,0,0,0,0,0,12,2,2024,7,22,0,0,1,0,1,0,1,0.0,0,0,LEVE,0,0
0,1,0.0902701515484296,0,4,1,-14.412777,-71.11768,0,4,7,0,2,-1,-1,4,7586.903,2.0,5,2,1.0,0.340764331210191,0.067428069404788,1198.0,0.3688068892893833,76.47283450634272,9957.021413276232,17779.13499998999,2097.37099999,2863.123,12818.640999999989,2878.713,14900.421999989989,16.19152450331032,1,0,1,73.0,73.0,73.0,1.0,0.0,0.0,1.0,1,0,0.0,0.0,0.0,1.0,0.0,1.0,0.0,0.0,1.0,0.0,0,0,0,0,0,0,0,6,1,2024,7,23,1,0,1,2,2,0,1,0.0,0,0,LEVE,0,4
6,2,0.0933450472216121,0,4,1,-8.0718795427,-79.0924021211,0,4,7,0,2,-1,-1,0,6543.555,3.0,5,2,1.0,0.1133318690972984,0.1133318690972984,1475.0,0.583006771156836,78.2441938961209,76607.295503212,8931.828000000005,1335.5899999999997,1935.9830000000004,5660.255000000005,1219.309,7712.519000000005,13.651281686122925,2,0,0,55.0,55.0,55.0,1.0,0.0,0.0,0.0,2,0,0.0,1.0,0.0,1.0,0.0,0.0,1.0,0.0,1.0,1.0,0,0,0,0,0,0,0,19,3,2024,7,23,1,0,1,0,2,1,1,0.0,0,0,LEVE,0,1
0,1,0.2105205359103887,2,2,4,-12.034956467799615,-77.00384329649837,0,0,7,0,2,-1,-1,0,6543.555,2.0,-1,-1,1.0,0.4495936745003294,0.4495936745003294,1198.0,0.6970617810314195,81.40501156526744,203379.9271948608,7626.313,1683.4029999999998,1599.0829999999996,4343.827000000001,1814.875,5811.438000000001,23.7975414856432,1,0,1,67.0,67.0,67.0,1.0,0.0,0.0,0.0,1,0,0.0,0.0,0.0,0.0,0.0,1.0,0.0,0.0,0.0,0.0,1,1,1,1,0,0,0,1,0,2024,7,24,2,0,1,0,2,0,1,0.0,0,0,LEVE,0,0
3,1,0.2105205359103887,2,2,4,-12.078733495366762,-77.06605431945458,0,3,7,0,2,-1,-1,0,6543.555,2.0,-1,-1,1.0,0.4495936745003294,0.4495936745003294,1198.0,0.5563774842369664,77.00938809632027,27932.19700214133,7626.313,1683.4029999999998,1599.0829999999996,4343.827000000001,1814.875,5811.438000000001,23.7975414856432,3,0,0,44.0,36.0,52.0,1.0,0.0,0.0,0.0,3,0,0.0,0.0,0.0,1.0,1.0,1.0,0.0,0.0,0.0,0.0,1,1,1,1,0,0,0,13,2,2024,7,24,2,0,1,0,2,0,1,0.0,0,0,LEVE,0,0
6,1,0.2105205359103887,0,4,0,-10.8723,-76.8519,0,4,7,1,1,-1,-1,2,6543.555,2.0,-1,-1,1.0,0.4495936745003294,0.4495936745003294,1198.0,0.3413897976191326,78.2906986953169,1497.6745182012849,7626.313,1683.4029999999998,1599.0829999999996,4343.827000000001,1814.875,5811.438000000001,23.7975414856432,1,0,0,44.0,44.0,44.0,1.0,0.0,0.0,1.0,1,0,0.0,0.0,0.0,1.0,0.0,1.0,0.0,0.0,0.0,0.0,1,1,1,1,0,0,0,17,2,2024,7,24,2,0,1,0,2,0,1,0.0,0,1,GRAVE_MORTALIDAD,2,0
3,1,0.2105205359103887,2,4,1,-12.031614062573912,-77.00445777153111,0,0,7,0,2,-1,-1,0,6543.555,3.0,5,2,1.0,0.1133318690972984,0.1133318690972984,1475.0,0.6970617810314195,81.40501156526744,203379.9271948608,7626.313,1683.4029999999998,1599.0829999999996,4343.827000000001,1814.875,5811.438000000001,23.7975414856432,3,0,0,40.66666666666666,26.0,63.0,1.0,0.0,0.0,0.0,3,0,0.0,1.0,0.0,1.0,0.0,1.0,1.0,0.0,0.0,0.0,0,0,0,0,0,0,0,6,1,2024,7,25,3,0,1,0,2,1,1,0.0,0,0,LEVE,0,0
3,1,0.0766527564243356,0,4,2,-16.413098,-71.911865,6,5,6,-1,6,-1,-1,0,6543.555,2.0,-1,-1,1.0,0.4495936745003294,0.4495936745003294,1198.0,0.6455852322566902,78.58826324858522,2628.282655246253,10322.272,1495.236,1749.739,7077.2970000000005,2886.595,7435.677000000001,27.964725207783708,2,0,0,27.0,24.0,30.0,1.0,1.0,0.0,0.0,2,0,0.0,0.0,0.0,1.0,1.0,0.0,1.0,0.0,0.0,0.0,1,1,1,1,0,0,0,6,1,2024,7,25,3,0,1,0,2,0,1,0.0,0,0,LEVE,0,4
6,1,0.0213046343070502,0,4,1,-14.63538,-74.03487,0,4,0,0,2,-1,-1,2,1504.4250000000002,2.0,5,2,1.0,0.0252580716011421,0.0230617175488688,241.0,0.4950731249259912,69.7513864790014,14073.599571734474,12678.733000000004,1805.074000000001,1774.0339999999994,9099.625000000004,2485.375000000001,10193.358000000002,19.602707936195205,1,0,0,18.0,18.0,18.0,1.0,0.0,0.0,1.0,1,0,0.0,1.0,0.0,0.0,0.0,1.0,0.0,0.0,0.0,0.0,0,0,0,0,0,0,0,9,1,2024,7,25,3,0,1,2,2,0,1,0.0,0,0,GRAVE_LESIONADOS,1,46
1,1,0.2105205359103887,2,2,4,-11.961057106789832,-76.98830056571667,0,0,1,0,2,-1,-1,0,6543.555,2.0,-1,-1,1.0,0.4495936745003294,0.4495936745003294,1198.0,0.701053025277506,79.62867561460851,1150285.0494171206,7626.313,1683.4029999999998,1599.0829999999996,4343.827000000001,1814.875,5811.438000000001,23.7975414856432,1,1,1,37.0,33.0,40.0,0.0,0.0,0.0,0.0,1,0,0.0,1.0,0.0,0.0,0.0,0.0,1.0,0.0,0.0,0.0,1,1,1,1,1,1,1,12,2,2024,7,25,3,0,1,0,2,0,1,1.0,0,0,LEVE,0,0
0,1,0.0902701515484296,0,4,1,-13.661707,-71.433908,0,4,7,0,2,1,0,4,3263.58,2.0,5,2,1.0,0.0080166922907972,0.0080166922907972,566.0,0.2701433460922377,67.03086854576458,16118.58886509636,17779.13499998999,2097.37099999,2863.123,12818.640999999989,2878.713,14900.421999989989,16.19152450331032,1,0,1,48.0,48.0,48.0,1.0,0.0,0.0,0.0,1,0,0.0,1.0,0.0,0.0,0.0,0.0,1.0,0.0,0.0,0.0,0,0,0,0,0,0,0,19,3,2024,7,25,3,0,1,2,1,0,1,0.0,0,0,LEVE,0,4
1,1,0.0821436415550186,0,4,1,-16.172154,-69.536041,0,4,7,0,2,-1,-1,0,7586.903,2.0,5,2,1.0,0.340764331210191,0.067428069404788,1198.0,0.4020198374784472,77.80062735845667,50686.62526766595,13642.312999999998,2020.7790000000005,2354.117,9267.416999999998,3314.0520000000006,10328.260999999997,24.29244952817019,1,1,1,37.0,33.0,40.0,0.0,0.0,0.0,0.0,1,1,1.0,0.0,0.0,0.0,0.0,0.0,0.0,0.0,0.0,1.0,0,0,0,0,1,1,1,20,3,2024,7,25,3,0,1,2,2,0,1,1.0,0,0,LEVE,0,4
3,1,0.2105205359103887,2,2,4,-12.089714879498835,-77.06591347309129,0,0,1,0,2,-1,-1,0,6543.555,2.0,-1,-1,1.0,0.4495936745003294,0.4495936745003294,1198.0,0.8339285469381142,80.46197140280118,57878.755888650965,7626.313,1683.4029999999998,1599.0829999999996,4343.827000000001,1814.875,5811.438000000001,23.7975414856432,3,0,1,45.0,31.0,55.0,1.0,0.0,0.0,0.0,3,0,0.0,0.0,1.0,1.0,1.0,0.0,1.0,0.0,1.0,1.0,1,1,1,1,0,0,0,13,2,2024,7,26,4,0,1,0,2,0,1,0.0,0,0,GRAVE_LESIONADOS,1,0
10,1,0.006479244454206,0,4,1,-11.034331900242442,-76.38868989112866,5,4,7,0,2,-1,-1,2,1084.715,2.0,5,1,0.0,0.340764331210191,0.0016472655392049,1025.0,0.632230858329541,71.21665908427565,11513.492505353315,3677.119863,564.5869999999999,910.845,2201.687863000001,590.8779999999998,3086.2418630000006,16.06904376290656,1,0,0,26.0,26.0,26.0,1.0,0.0,0.0,1.0,1,0,0.0,0.0,0.0,1.0,1.0,0.0,0.0,0.0,1.0,0.0,0,0,0,0,0,0,0,3,0,2024,7,27,5,1,1,2,2,0,1,0.0,0,0,LEVE,0,-1
5,2,0.0293213265978475,2,6,4,-6.034733,-76.972679,0,0,1,0,2,-1,-1,0,6543.555,2.0,-1,-1,1.0,0.4495936745003294,0.4495936745003294,1198.0,0.5294800468051228,72.46713251445857,86435.21199143468,5645.136,815.0759999999999,965.298,3864.762,1013.406,4631.73,17.95184385283189,2,0,0,21.5,20.0,23.0,1.0,1.0,0.0,0.0,2,0,0.0,0.0,0.0,1.0,1.0,1.0,0.0,0.0,1.0,1.0,1,1,1,1,0,0,0,4,0,2024,7,27,5,1,1,1,2,0,1,0.0,0,0,LEVE,0,2
6,1,0.2105205359103887,2,2,4,-11.89333149607932,-77.02887954798464,0,0,1,1,2,-1,-1,0,6543.555,2.0,-1,-1,1.0,0.4495936745003294,0.4495936745003294,1198.0,0.6498693508177541,78.84967382596041,356854.23554603854,7626.313,1683.4029999999998,1599.0829999999996,4343.827000000001,1814.875,5811.438000000001,23.7975414856432,1,0,0,64.0,64.0,64.0,1.0,0.0,0.0,0.0,1,0,0.0,0.0,0.0,0.0,0.0,1.0,0.0,0.0,0.0,0.0,1,1,1,1,0,0,0,5,0,2024,7,27,5,1,1,0,2,0,1,0.0,0,0,LEVE,0,0
3,2,0.0597408302218317,0,4,3,-6.077177,-78.657946,0,4,7,1,1,-1,-1,2,6543.555,2.0,-1,-1,1.0,0.4495936745003294,0.4495936745003294,1198.0,0.3565921950343068,75.80989314334012,6771.331905781584,15935.565011852366,1733.9250000199986,935.692,13265.948011832368,2000.1670000199988,13935.398011832369,12.551591352627522,2,0,0,49.5,46.0,53.0,1.0,0.0,0.0,1.0,2,0,0.0,0.0,0.0,1.0,1.0,0.0,1.0,0.0,1.0,1.0,1,1,1,1,0,0,0,16,2,2024,7,27,5,1,1,2,2,0,1,0.0,0,1,LEVE,0,1
3,2,0.0597408302218317,0,4,1,-7.270612,-79.260921,0,4,7,1,2,-1,-1,2,887.28,2.0,5,2,1.0,0.0133977597188666,0.0065890621568196,155.0,0.5563774842369664,73.07406660240972,7379.728051391864,15935.565011852366,1733.9250000199986,935.692,13265.948011832368,2000.1670000199988,13935.398011832369,12.551591352627522,2,0,0,36.0,36.0,36.0,1.0,1.0,1.0,1.0,2,0,0.0,1.0,0.0,1.0,1.0,0.0,1.0,0.0,1.0,0.0,0,0,0,0,0,0,0,16,2,2024,7,27,5,1,1,2,2,0,1,0.0,0,0,LEVE,0,1
3,2,0.0933450472216121,0,4,1,-7.324845210468321,-79.48085360646502,0,4,7,0,2,-1,-1,0,6543.555,3.0,5,2,1.0,0.1133318690972984,0.1133318690972984,1475.0,0.5650979329787121,81.32490571897102,43897.946466809415,8931.828000000005,1335.5899999999997,1935.9830000000004,5660.255000000005,1219.309,7712.519000000005,13.651281686122925,2,0,0,47.0,47.0,47.0,1.0,0.0,0.0,0.0,2,0,0.0,0.0,1.0,1.0,0.0,1.0,1.0,0.0,0.0,0.0,0,0,0,0,0,0,0,23,3,2024,7,27,5,1,1,0,2,1,1,0.0,0,0,LEVE,0,1
6,1,0.0902701515484296,0,4,1,-13.656946,-72.287216,0,4,0,1,2,1,0,4,2176.715,1.0,-1,1,0.0,0.340764331210191,0.1266198111135515,756.0,0.221263491726049,75.43345322294252,3523.3854389721623,17779.13499998999,2097.37099999,2863.123,12818.640999999989,2878.713,14900.421999989989,16.19152450331032,1,0,0,31.0,31.0,31.0,1.0,0.0,0.0,0.0,1,0,0.0,0.0,0.0,1.0,0.0,1.0,0.0,0.0,1.0,0.0,0,0,0,0,0,0,0,4,0,2024,7,28,6,1,1,2,1,0,1,0.0,1,0,LEVE,0,4
1,1,0.2105205359103887,2,4,1,-12.275511608670827,-76.89096800507835,0,2,7,0,2,-1,-1,0,6639.975,2.0,5,2,1.0,0.340764331210191,0.074236766966835,1616.0,0.6909236767275176,78.41626133969348,95908.53319057816,7626.313,1683.4029999999998,1599.0829999999996,4343.827000000001,1814.875,5811.438000000001,23.7975414856432,1,1,1,37.0,33.0,40.0,0.0,0.0,0.0,0.0,1,1,1.0,0.0,0.0,0.0,0.0,0.0,0.0,0.0,0.0,1.0,0,0,0,0,1,1,1,7,1,2024,7,28,6,1,1,0,2,0,1,1.0,0,0,LEVE,0,0
3,2,0.0597408302218317,0,4,2,-5.393828,-78.625466,0,4,0,1,3,-1,-1,2,6543.555,2.0,-1,-1,1.0,0.4495936745003294,0.4495936745003294,1198.0,0.3897502333482171,74.75582926062155,9485.256959314776,15935.565011852366,1733.9250000199986,935.692,13265.948011832368,2000.1670000199988,13935.398011832369,12.551591352627522,2,0,0,32.5,23.0,42.0,1.0,1.0,0.0,1.0,2,0,0.0,0.0,1.0,1.0,1.0,0.0,0.0,1.0,1.0,1.0,1,1,1,1,0,0,0,11,1,2024,7,28,6,1,1,2,2,0,1,0.0,1,1,LEVE,0,1
3,2,0.0597408302218317,0,4,2,-6.993696,-78.85229,0,4,0,1,3,1,0,2,6543.555,2.0,-1,-1,1.0,0.4495936745003294,0.4495936745003294,1198.0,0.3979651512756699,73.10247113897354,14086.278372591009,15935.565011852366,1733.9250000199986,935.692,13265.948011832368,2000.1670000199988,13935.398011832369,12.551591352627522,2,0,0,31.5,17.0,46.0,1.0,1.0,0.0,1.0,2,0,0.0,0.0,0.0,1.0,0.0,1.0,0.0,0.0,1.0,0.0,1,1,1,1,0,0,0,14,2,2024,7,28,6,1,1,2,1,0,1,0.0,1,1,GRAVE_MORTALIDAD,2,1
0,1,0.2105205359103887,2,4,1,-12.139991452109522,-76.98092575070824,0,0,7,0,2,-1,-1,0,6639.975,2.0,5,2,1.0,0.340764331210191,0.074236766966835,1616.0,0.7289998534947872,80.50926319493618,384728.5117773019,7626.313,1683.4029999999998,1599.0829999999996,4343.827000000001,1814.875,5811.438000000001,23.7975414856432,1,0,1,50.0,50.0,50.0,1.0,0.0,0.0,0.0,1,0,0.0,0.0,0.0,1.0,0.0,0.0,1.0,0.0,0.0,0.0,0,0,0,0,0,0,0,19,3,2024,7,28,6,1,1,0,2,0,1,0.0,0,0,LEVE,0,0
3,2,0.0293213265978475,0,4,1,-6.044053,-77.143859,0,4,7,0,2,-1,-1,2,7758.33400008,2.0,5,2,1.0,0.340764331210191,0.0464528882055787,2133.0,0.5147882301210585,74.70882653725891,4267.862955032119,5645.136,815.0759999999999,965.298,3864.762,1013.406,4631.73,17.95184385283189,2,0,0,42.0,32.0,52.0,1.0,1.0,0.0,0.0,2,0,0.0,0.0,0.0,1.0,1.0,0.0,1.0,0.0,1.0,1.0,0,0,0,0,0,0,0,21,3,2024,7,28,6,1,1,1,2,0,1,0.0,0,0,LEVE,0,2
3,2,0.0933450472216121,0,4,1,-8.536726169381975,-78.67956931549462,0,4,7,0,2,-1,-1,0,6543.555,3.0,5,2,1.0,0.1133318690972984,0.1133318690972984,1475.0,0.4971504606547645,77.79759708660042,44368.59100642397,8931.828000000005,1335.5899999999997,1935.9830000000004,5660.255000000005,1219.309,7712.519000000005,13.651281686122925,2,0,0,41.0,32.0,50.0,1.0,1.0,0.0,0.0,2,0,0.0,1.0,0.0,1.0,1.0,0.0,1.0,0.0,0.0,0.0,0,0,0,0,0,0,0,2,0,2024,7,29,0,0,1,0,2,1,1,0.0,0,0,LEVE,0,1
6,1,0.0933450472216121,0,4,2,-7.958367855769947,-77.52431461411932,0,4,7,0,7,-1,-1,2,6543.555,2.0,-1,-1,1.0,0.4495936745003294,0.4495936745003294,1198.0,0.5483466485199614,73.40947702180615,22858.52890792291,8931.828000000005,1335.5899999999997,1935.9830000000004,5660.255000000005,1219.309,7712.519000000005,13.651281686122925,1,0,0,25.0,25.0,25.0,1.0,0.0,0.0,0.0,1,0,0.0,0.0,0.0,1.0,0.0,1.0,0.0,0.0,0.0,0.0,1,1,1,1,0,0,0,3,0,2024,7,29,0,0,1,0,2,0,1,0.0,0,1,LEVE,0,1
6,1,0.0213046343070502,0,4,1,-14.630769,-73.800007,0,4,0,1,2,1,0,2,2238.6850000000004,2.0,5,2,1.0,0.0036239841862508,0.0036239841862508,115.0,0.3269238992120961,64.4532898479144,3099.3426124197003,12678.733000000004,1805.074000000001,1774.0339999999994,9099.625000000004,2485.375000000001,10193.358000000002,19.602707936195205,1,0,0,46.0,46.0,46.0,1.0,0.0,0.0,1.0,1,0,0.0,0.0,1.0,0.0,0.0,0.0,1.0,0.0,0.0,0.0,0,0,0,0,0,0,0,4,0,2024,7,29,0,0,1,2,1,0,1,0.0,1,0,GRAVE_MORTALIDAD,2,-1
6,1,0.0933450472216121,0,4,1,-7.820686125098988,-77.68399891266444,0,4,7,0,7,-1,-1,0,1688.589,1.0,-1,1,0.0,0.340764331210191,0.1266198111135515,287.0,0.207075822859255,73.60541053493367,9081.543897216274,8931.828000000005,1335.5899999999997,1935.9830000000004,5660.255000000005,1219.309,7712.519000000005,13.651281686122925,1,0,0,22.0,22.0,22.0,1.0,0.0,0.0,0.0,1,0,0.0,0.0,0.0,1.0,0.0,0.0,1.0,0.0,0.0,0.0,0,0,0,0,0,0,0,6,1,2024,7,29,0,0,1,0,2,0,1,0.0,0,1,LEVE,0,1
0,1,0.0902701515484296,2,4,1,-13.600589,-71.765022,0,0,7,0,2,-1,-1,4,7586.903,2.0,5,2,1.0,0.340764331210191,0.067428069404788,1198.0,0.5065580412535501,64.79370905469777,8658.316916488222,17779.13499998999,2097.37099999,2863.123,12818.640999999989,2878.713,14900.421999989989,16.19152450331032,1,0,1,30.0,30.0,30.0,1.0,0.0,0.0,0.0,1,0,0.0,0.0,1.0,0.0,0.0,0.0,1.0,0.0,0.0,0.0,0,0,0,0,0,0,0,6,1,2024,7,29,0,0,1,2,2,0,1,0.0,0,0,LEVE,0,4
6,1,0.0902701515484296,0,4,1,-14.295348,-72.139363,0,4,7,0,4,-1,-1,2,1780.161,1.0,-1,1,0.0,0.340764331210191,0.1266198111135515,490.0,0.2411536248675914,71.16845637511706,4403.670235546038,17779.13499998999,2097.37099999,2863.123,12818.640999999989,2878.713,14900.421999989989,16.19152450331032,1,0,0,30.0,30.0,30.0,1.0,0.0,0.0,0.0,1,0,0.0,0.0,0.0,1.0,0.0,0.0,1.0,0.0,0.0,0.0,0,0,0,0,0,0,0,11,1,2024,7,29,0,0,1,2,2,0,1,0.0,0,0,LEVE,0,4
0,1,0.0475510652317153,2,4,1,-13.437039,-76.134847,0,0,7,0,2,-1,-1,0,6639.975,2.0,5,2,1.0,0.340764331210191,0.074236766966835,1616.0,0.6055729655078196,80.58213764502653,66625.16488222699,3721.461,698.1859999999996,744.866,2278.409,1102.9029999999996,2618.558,29.636290693359403,1,0,1,37.0,37.0,37.0,1.0,0.0,0.0,0.0,1,0,0.0,1.0,0.0,0.0,0.0,0.0,1.0,0.0,1.0,0.0,0,0,0,0,0,0,0,6,1,2024,7,30,1,0,1,0,2,0,1,0.0,0,0,LEVE,0,7
3,1,0.0139468482319349,2,4,1,-3.9908722811640938,-80.97274667841917,0,4,7,0,2,-1,-1,2,6543.555,3.0,5,2,1.0,0.1133318690972984,0.1133318690972984,1475.0,0.541317038400816,72.94324989979708,6440.817708333333,1009.101,138.47399999999996,287.471,583.156,276.972,732.129,27.447401201663663,2,0,0,50.5,46.0,55.0,1.0,1.0,0.0,1.0,2,0,0.0,0.0,1.0,0.0,1.0,0.0,1.0,0.0,1.0,1.0,0,0,0,0,0,0,0,14,2,2024,7,30,1,0,1,0,2,1,1,0.0,0,0,LEVE,0,13
3,2,0.2105205359103887,0,4,1,-11.179285010135423,-77.57978438914351,0,4,7,1,2,-1,-1,2,6543.555,3.0,5,2,1.0,0.1133318690972984,0.1133318690972984,1475.0,0.7327345537337897,78.20903814342847,62016.21841541756,7626.313,1683.4029999999998,1599.0829999999996,4343.827000000001,1814.875,5811.438000000001,23.7975414856432,2,0,0,40.0,22.0,58.0,1.0,1.0,0.0,0.0,2,0,0.0,1.0,0.0,1.0,1.0,0.0,1.0,0.0,1.0,0.0,0,0,0,0,0,0,0,17,2,2024,7,30,1,0,1,0,2,1,1,0.0,0,0,LEVE,0,0
0,1,0.2105205359103887,2,2,4,-12.014150301591329,-77.08711876284981,0,0,7,0,2,-1,-1,4,6543.555,2.0,-1,-1,1.0,0.4495936745003294,0.4495936745003294,1198.0,0.7419979630670723,80.31822295927182,739416.2413542903,7626.313,1683.4029999999998,1599.0829999999996,4343.827000000001,1814.875,5811.438000000001,23.7975414856432,1,0,1,47.0,47.0,47.0,1.0,0.0,0.0,0.0,1,0,0.0,0.0,1.0,0.0,0.0,0.0,1.0,0.0,0.0,0.0,1,1,1,1,0,0,0,23,3,2024,7,30,1,0,1,0,2,0,1,0.0,0,0,LEVE,0,0
6,1,0.2105205359103887,0,4,1,-10.65123,-76.77769,0,4,7,0,1,-1,-1,0,1031.172,-1.0,-1,2,0.0,0.340764331210191,0.1266198111135515,405.0,0.6329626849738527,79.69467338238256,14347.565310492504,7626.313,1683.4029999999998,1599.0829999999996,4343.827000000001,1814.875,5811.438000000001,23.7975414856432,1,0,0,48.0,48.0,48.0,1.0,0.0,0.0,0.0,1,0,0.0,0.0,0.0,1.0,0.0,0.0,1.0,0.0,0.0,0.0,0,0,0,0,0,0,0,9,1,2024,7,31,2,0,1,0,2,0,1,0.0,0,1,GRAVE_MORTALIDAD,2,0
3,1,0.0766527564243356,2,4,1,-15.86526,-71.130362,0,0,7,0,2,-1,-1,0,1504.4250000000002,2.0,5,2,1.0,0.0252580716011421,0.0230617175488688,241.0,0.4498224071382834,81.63336343193146,1358.612419700214,10322.272,1495.236,1749.739,7077.2970000000005,2886.595,7435.677000000001,27.964725207783708,2,0,0,35.0,25.0,45.0,1.0,0.0,0.0,0.0,2,0,0.0,1.0,0.0,1.0,0.0,1.0,1.0,0.0,0.0,0.0,0,0,0,0,0,0,0,1,0,2024,8,1,3,0,0,0,2,0,1,0.0,0,0,LEVE,0,4
6,1,0.2105205359103887,2,4,1,-12.297117325417394,-76.85578655789531,0,2,7,0,2,-1,-1,0,6639.975,2.0,5,2,1.0,0.340764331210191,0.074236766966835,1616.0,0.6909236767275176,78.41626133969348,95908.53319057816,7626.313,1683.4029999999998,1599.0829999999996,4343.827000000001,1814.875,5811.438000000001,23.7975414856432,1,0,0,40.0,40.0,40.0,1.0,0.0,0.0,0.0,1,0,0.0,0.0,0.0,0.0,0.0,0.0,1.0,0.0,1.0,0.0,0,0,0,0,0,0,0,6,1,2024,8,1,3,0,0,0,2,0,1,0.0,0,0,GRAVE_MORTALIDAD,2,0
3,1,0.0902701515484296,0,4,1,-13.455667,-72.397139,0,0,0,0,2,-1,-1,2,7586.903,2.0,5,2,1.0,0.340764331210191,0.067428069404788,1198.0,0.3401816617977222,71.10991456121904,8685.158458244112,17779.13499998999,2097.37099999,2863.123,12818.640999999989,2878.713,14900.421999989989,16.19152450331032,2,0,0,27.5,25.0,30.0,1.0,0.0,0.0,0.0,2,0,0.0,0.0,0.0,1.0,0.0,1.0,0.0,0.0,1.0,0.0,0,0,0,0,0,0,0,8,1,2024,8,1,3,0,0,2,2,0,1,0.0,0,0,GRAVE_LESIONADOS,1,4
6,1,0.2105205359103887,2,3,4,-11.86643195941559,-77.09008028927042,0,3,7,1,1,-1,-1,0,6543.555,2.0,-1,-1,1.0,0.4495936745003294,0.4495936745003294,1198.0,0.6632628912836565,79.15155564666024,383699.2119914347,7626.313,1683.4029999999998,1599.0829999999996,4343.827000000001,1814.875,5811.438000000001,23.7975414856432,1,0,1,31.0,31.0,31.0,1.0,1.0,0.0,0.0,1,0,0.0,0.0,0.0,1.0,1.0,0.0,0.0,1.0,1.0,1.0,1,1,1,1,0,0,0,10,1,2024,8,1,3,0,0,0,2,0,1,0.0,0,1,GRAVE_LESIONADOS,1,0