CLASE SINIESTRO,CANTIDAD DE VEHICULOS DAÑADOS,DEPARTAMENTO,ZONA,TIPO DE VÍA,RED VIAL,COORDENADAS LATITUD,COORDENADAS  LONGITUD,CONDICIÓN CLIMÁTICA,ZONIFICACIÓN,CARACTERÍSTICAS DE VÍA,PERFIL LONGITUDINAL VÍA,SUPERFICIE DE CALZADA,¿EXISTE SEÑAL VERTICAL?,¿EXISTE SEÑAL HORIZONTAL?,CAUSA FACTOR PRINCIPAL,MTC_RVN_LONGITUD_KM,MTC_RVN_N_CARRILES_MEDIANA,MTC_RVN_SUPERFICIE_DOMINANTE,MTC_RVN_ESTADO_DOMINANTE,MTC_RVN_ES_CONCESIONADA,MTC_RVN_CONCESION_PRINCIPAL,MTC_RVN_CORREDOR_LOGISTICO,MTC_RVN_N_TRAMOS,IDH_2019,IDH_ESP_VIDA_2019,IDH_POBLACION_2019,MTC_DEP_RED_TOTAL_KM,MTC_DEP_NACIONAL_TOTAL_KM,MTC_DEP_DEPARTAMENTAL_TOTAL_KM,MTC_DEP_VECINAL_TOTAL_KM,MTC_DEP_PAV_TOTAL_KM,MTC_DEP_NO_PAV_TOTAL_KM,MTC_DEP_PCT_PAVIMENTADA,PER_N_CONDUCTORES,PER_N_CONDUCTORES_FUGADOS,PER_N_PEATONES,PER_EDAD_COND_PROM,PER_EDAD_COND_MIN,PER_EDAD_COND_MAX,PER_ANY_COND_MASCULINO,PER_ANY_LIC_PROBLEMA,PER_ANY_DOSAJE_POS,PER_ANY_DOSAJE_EVALUADO,VEH_TOTAL,VEH_N_FUGADOS,VEH_ANY_FUGADO,VEH_ANY_CARGA,VEH_ANY_PUBLICO,VEH_ANY_PARTICULAR,VEH_ANY_MOTO,VEH_ANY_AUTO,VEH_ANY_CAMION_BUS,VEH_ANY_SOAT_PROBLEMA,VEH_ANY_CITV_PROBLEMA,VEH_ANY_SEGURO_PROBLEMA,MTC_RVN_LONGITUD_KM_ERA_NULO,MTC_RVN_N_CARRILES_MEDIANA_ERA_NULO,MTC_RVN_ES_CONCESIONADA_ERA_NULO,MTC_RVN_N_TRAMOS_ERA_NULO,PER_EDAD_COND_PROM_ERA_NULO,PER_EDAD_COND_MIN_ERA_NULO,PER_EDAD_COND_MAX_ERA_NULO,HORA_NUM,FRANJA_HORARIA,ANIO,MES,DIA_MES,DIA_SEMANA,ES_FIN_SEMANA,ES_QUINCENA,REGION_NATURAL,NIVEL_SEÑALIZACION_ORD,ES_VIA_MULTICARRIL,ES_DEPTO_BAJO_PAVIMENTO,RATIO_CONDUCTORES_FUGADOS,ES_CURVA_Y_PENDIENTE,ES_VIA_NO_PAVIMENTADA,CATEGORIA_SEVERIDAD,CATEGORIA_SEVERIDAD_ENC,CLUSTER
0,1,0.0293213265978475,2,4,1,-5.806079,-77.398141,0,0,7,0,2,-1,-1,4,7758.33400008,2.0,5,2,1.0,0.340764331210191,0.0464528882055787,2133.0,0.4789759027469384,73.43778249935497,47552.6295503212,5645.136,815.0759999999999,965.298,3864.762,1013.406,4631.73,17.95184385283189,1,0,1,19.0,19.0,19.0,1.0,1.0,0.0,0.0,1,0,0.0,0.0,1.0,0.0,1.0,0.0,0.0,1.0,1.0,1.0,0,0,0,0,0,0,0,18,3,2024,10,20,6,1,1,1,2,0,1,0.0,0,0,LEVE,0,2
3,1,0.2105205359103887,2,2,4,-11.970517398662444,-77.00579345896607,0,1,1,1,2,-1,-1,0,6543.555,2.0,-1,-1,1.0,0.4495936745003294,0.4495936745003294,1198.0,0.701053025277506,79.62867561460851,1150285.0494171206,7626.313,1683.4029999999998,1599.0829999999996,4343.827000000001,1814.875,5811.438000000001,23.7975414856432,2,0,0,41.0,28.0,54.0,1.0,1.0,0.0,0.0,2,0,0.0,0.0,0.0,1.0,1.0,1.0,0.0,0.0,1.0,0.0,1,1,1,1,0,0,0,21,3,2024,10,20,6,1,1,0,2,0,1,0.0,0,0,LEVE,0,0
6,1,0.0597408302218317,2,2,4,-6.562292,-78.644627,0,0,0,0,2,-1,-1,0,6543.555,2.0,-1,-1,1.0,0.4495936745003294,0.4495936745003294,1198.0,0.4700875779194959,72.66081436888122,46090.54817987152,15935.565011852366,1733.9250000199986,935.692,13265.948011832368,2000.1670000199988,13935.398011832369,12.551591352627522,1,1,0,37.0,33.0,40.0,0.0,0.0,0.0,1.0,1,0,0.0,0.0,0.0,1.0,1.0,0.0,0.0,1.0,1.0,1.0,1,1,1,1,1,1,1,0,0,2024,10,21,0,0,1,2,2,0,1,1.0,0,0,LEVE,0,1
3,1,0.2105205359103887,2,2,4,-12.03054003853724,-77.08825772304178,0,0,1,0,2,-1,-1,2,6543.555,2.0,-1,-1,1.0,0.4495936745003294,0.4495936745003294,1198.0,0.7419979630670723,80.31822295927182,739416.2413542903,7626.313,1683.4029999999998,1599.0829999999996,4343.827000000001,1814.875,5811.438000000001,23.7975414856432,2,0,0,34.5,31.0,38.0,1.0,0.0,0.0,0.0,2,0,0.0,0.0,0.0,1.0,1.0,1.0,0.0,0.0,0.0,0.0,1,1,1,1,0,0,0,2,0,2024,10,21,0,0,1,0,2,0,1,0.0,0,0,LEVE,0,0
6,1,0.0933450472216121,0,4,0,-7.8940277778,-77.947583333,0,4,7,0,7,-1,-1,2,6543.555,2.0,-1,-1,1.0,0.4495936745003294,0.4495936745003294,1198.0,0.1172719909274447,77.44715343374133,8213.20556745182,8931.828000000005,1335.5899999999997,1935.9830000000004,5660.255000000005,1219.309,7712.519000000005,13.651281686122925,1,0,0,33.0,33.0,33.0,1.0,0.0,0.0,0.0,1,0,0.0,1.0,0.0,0.0,0.0,0.0,1.0,0.0,0.0,0.0,1,1,1,1,0,0,0,3,0,2024,10,21,0,0,1,0,2,0,1,0.0,0,1,LEVE,0,1
0,1,0.0153744783659125,2,2,4,-12.05144404667245,-77.0853240936385,0,0,1,0,2,-1,-1,0,6543.555,2.0,-1,-1,1.0,0.4495936745003294,0.4495936745003294,1198.0,0.5563774842369664,77.00938809632027,27932.19700214133,51.58600000000001,44.68700000000001,6.899000000000001,0.0,49.838000000000015,1.748,96.61148373589734,1,0,1,30.0,30.0,30.0,1.0,0.0,0.0,0.0,1,0,0.0,0.0,1.0,0.0,0.0,0.0,1.0,0.0,0.0,0.0,1,1,1,1,0,0,0,15,2,2024,10,21,0,0,1,2,2,0,0,0.0,0,0,LEVE,0,0
1,1,0.2105205359103887,2,2,4,-12.215251540607827,-76.93236728543265,0,0,7,0,2,-1,-1,0,6543.555,2.0,-1,-1,1.0,0.4495936745003294,0.4495936745003294,1198.0,0.6990481232857558,80.14597904142546,459161.0728051392,7626.313,1683.4029999999998,1599.0829999999996,4343.827000000001,1814.875,5811.438000000001,23.7975414856432,1,1,1,37.0,33.0,40.0,0.0,0.0,0.0,0.0,1,1,1.0,0.0,0.0,0.0,0.0,0.0,0.0,0.0,0.0,1.0,1,1,1,1,1,1,1,20,3,2024,10,21,0,0,1,0,2,0,1,1.0,0,0,LEVE,0,0
0,1,0.0766527564243356,2,6,4,-16.349747,-71.548487,0,3,1,0,2,-1,-1,0,6543.555,2.0,-1,-1,1.0,0.4495936745003294,0.4495936745003294,1198.0,0.6738551636003771,78.16730405462371,97926.27408993576,10322.272,1495.236,1749.739,7077.2970000000005,2886.595,7435.677000000001,27.964725207783708,1,0,1,51.0,51.0,51.0,0.0,0.0,0.0,0.0,1,0,0.0,0.0,0.0,1.0,0.0,1.0,0.0,0.0,1.0,0.0,1,1,1,1,0,0,0,15,2,2024,10,22,1,0,1,0,2,0,1,0.0,0,0,LEVE,0,4
6,1,0.0597408302218317,2,4,1,-7.569672,-78.139411,0,0,7,0,2,-1,-1,2,9936.932,2.0,5,2,1.0,0.340764331210191,0.1266198111135515,3830.0,0.2517980913588912,79.04120044279121,13301.858672376871,15935.565011852366,1733.9250000199986,935.692,13265.948011832368,2000.1670000199988,13935.398011832369,12.551591352627522,1,0,0,39.0,39.0,39.0,1.0,0.0,0.0,1.0,1,0,0.0,0.0,1.0,0.0,1.0,0.0,0.0,1.0,1.0,1.0,0,0,0,0,0,0,0,18,3,2024,10,22,1,0,1,2,2,0,1,0.0,0,0,LEVE,0,1
6,1,0.0766527564243356,0,4,2,-16.1989715144,-71.6896657288,0,4,0,0,2,-1,-1,0,6543.555,2.0,-1,-1,1.0,0.4495936745003294,0.4495936745003294,1198.0,0.6005060748875158,78.21704200773246,33335.45824411135,10322.272,1495.236,1749.739,7077.2970000000005,2886.595,7435.677000000001,27.964725207783708,1,0,0,39.0,39.0,39.0,1.0,0.0,0.0,0.0,1,0,0.0,0.0,0.0,0.0,0.0,0.0,0.0,1.0,1.0,1.0,1,1,1,1,0,0,0,18,3,2024,10,22,1,0,1,0,2,0,1,0.0,0,0,LEVE,0,4
3,1,0.2105205359103887,2,2,4,-12.089157932744463,-77.01169798641595,0,0,2,1,2,1,1,2,6543.555,2.0,-1,-1,1.0,0.4495936745003294,0.4495936745003294,1198.0,0.7141594849782824,79.90829932185413,156887.87152034265,7626.313,1683.4029999999998,1599.0829999999996,4343.827000000001,1814.875,5811.438000000001,23.7975414856432,2,0,1,52.0,37.0,67.0,1.0,0.0,0.0,0.0,2,0,0.0,1.0,0.0,1.0,0.0,1.0,1.0,0.0,0.0,0.0,1,1,1,1,0,0,0,2,0,2024,10,23,2,0,1,0,2,0,1,0.0,0,0,LEVE,0,0
0,1,0.0293213265978475,0,4,3,-5.961061,-76.996591,0,4,0,1,2,1,0,0,6543.555,2.0,-1,-1,1.0,0.4495936745003294,0.4495936745003294,1198.0,0.5294800468051228,72.46713251445857,86435.21199143468,5645.136,815.0759999999999,965.298,3864.762,1013.406,4631.73,17.95184385283189,1,0,1,31.0,31.0,31.0,1.0,0.0,0.0,0.0,1,0,0.0,0.0,0.0,1.0,1.0,0.0,0.0,0.0,1.0,0.0,1,1,1,1,0,0,0,20,3,2024,10,23,2,0,1,1,1,0,1,0.0,1,0,LEVE,0,2
3,1,0.2105205359103887,2,2,4,-11.84051799652794,-76.99915497563767,0,0,0,0,2,0,1,0,6543.555,2.0,-1,-1,1.0,0.4495936745003294,0.4495936745003294,1198.0,0.6498693508177541,78.84967382596041,356854.23554603854,7626.313,1683.4029999999998,1599.0829999999996,4343.827000000001,1814.875,5811.438000000001,23.7975414856432,2,0,0,41.5,34.0,49.0,1.0,0.0,0.0,0.0,2,0,0.0,1.0,0.0,0.0,0.0,0.0,1.0,1.0,1.0,0.0,1,1,1,1,0,0,0,4,0,2024,10,24,3,0,1,0,1,0,1,0.0,0,0,GRAVE_MORTALIDAD,2,0
3,1,0.0766527564243356,0,4,1,-15.8148516603397,-71.0664846432553,0,4,7,0,2,-1,-1,0,1504.4250000000002,2.0,5,2,1.0,0.0252580716011421,0.0230617175488688,241.0,0.4498224071382834,81.63336343193146,1358.612419700214,10322.272,1495.236,1749.739,7077.2970000000005,2886.595,7435.677000000001,27.964725207783708,2,0,0,39.5,32.0,47.0,1.0,0.0,0.0,0.0,2,0,0.0,1.0,0.0,1.0,0.0,1.0,1.0,0.0,0.0,0.0,0,0,0,0,0,0,0,11,1,2024,10,24,3,0,1,0,2,0,1,0.0,0,0,LEVE,0,4
3,2,0.0933450472216121,0,4,1,-8.17953221994708,-78.9910851223929,0,4,7,0,2,-1,-1,0,6543.555,3.0,5,2,1.0,0.1133318690972984,0.1133318690972984,1475.0,0.5704872313485707,78.73040511828864,20630.58672376873,8931.828000000005,1335.5899999999997,1935.9830000000004,5660.255000000005,1219.309,7712.519000000005,13.651281686122925,2,0,0,48.0,34.0,62.0,1.0,0.0,0.0,0.0,2,0,0.0,0.0,0.0,1.0,0.0,1.0,1.0,0.0,1.0,0.0,0,0,0,0,0,0,0,18,3,2024,10,24,3,0,1,0,2,1,1,0.0,0,0,LEVE,0,1
0,1,0.2105205359103887,2,2,4,-12.05189793557219,-77.00329128604257,0,0,1,0,2,-1,-1,0,6543.555,2.0,-1,-1,1.0,0.4495936745003294,0.4495936745003294,1198.0,0.6970617810314195,81.40501156526744,203379.9271948608,7626.313,1683.4029999999998,1599.0829999999996,4343.827000000001,1814.875,5811.438000000001,23.7975414856432,1,0,1,68.0,68.0,68.0,1.0,0.0,0.0,0.0,1,0,0.0,0.0,1.0,0.0,0.0,0.0,1.0,0.0,0.0,0.0,1,1,1,1,0,0,0,21,3,2024,10,24,3,0,1,0,2,0,1,0.0,0,0,LEVE,0,0
3,1,0.0766527564243356,0,4,0,-16.487548,-71.623516,0,4,0,0,2,-1,-1,0,6543.555,2.0,-1,-1,1.0,0.4495936745003294,0.4495936745003294,1198.0,0.6689013265491138,80.68275010974979,14385.036402569593,10322.272,1495.236,1749.739,7077.2970000000005,2886.595,7435.677000000001,27.964725207783708,2,0,0,40.0,30.0,50.0,1.0,0.0,0.0,0.0,2,0,0.0,0.0,0.0,1.0,0.0,1.0,1.0,0.0,0.0,0.0,1,1,1,1,0,0,0,6,1,2024,10,26,5,1,1,0,2,0,1,0.0,0,0,GRAVE_MORTALIDAD,2,4
6,2,0.0139468482319349,0,4,1,-3.7184627680260296,-80.75308440282073,7,4,0,1,2,-1,-1,2,6543.555,3.0,5,2,1.0,0.1133318690972984,0.1133318690972984,1475.0,0.568342833663152,74.37886913017682,11360.244111349037,1009.101,138.47399999999996,287.471,583.156,276.972,732.129,27.447401201663663,1,0,0,37.0,37.0,37.0,1.0,0.0,0.0,1.0,1,0,0.0,0.0,0.0,0.0,0.0,0.0,1.0,0.0,0.0,0.0,0,0,0,0,0,0,0,11,1,2024,10,26,5,1,1,0,2,1,1,0.0,1,0,GRAVE_LESIONADOS,1,13
6,1,0.0902701515484296,0,4,1,-13.030966,-72.474889,0,4,0,0,4,-1,-1,2,3447.8009999999995,1.0,5,1,0.0,0.340764331210191,0.0101032286404568,1109.0,0.4706944943299555,76.79406176595778,3282.6252676659524,17779.13499998999,2097.37099999,2863.123,12818.640999999989,2878.713,14900.421999989989,16.19152450331032,1,0,0,69.0,69.0,69.0,1.0,0.0,0.0,0.0,1,0,0.0,0.0,0.0,1.0,0.0,1.0,0.0,0.0,0.0,0.0,0,0,0,0,0,0,0,14,2,2024,10,26,5,1,1,2,2,0,1,0.0,0,0,LEVE,0,4
6,1,0.0933450472216121,0,4,1,-7.902365213998411,-78.13209083165182,0,4,7,0,1,-1,-1,2,9936.932,2.0,5,2,1.0,0.340764331210191,0.1266198111135515,3830.0,0.3986882084754764,72.97869269132666,69564.29978586723,8931.828000000005,1335.5899999999997,1935.9830000000004,5660.255000000005,1219.309,7712.519000000005,13.651281686122925,1,0,0,47.0,47.0,47.0,1.0,0.0,0.0,0.0,1,0,0.0,0.0,0.0,1.0,0.0,0.0,1.0,0.0,0.0,0.0,0,0,0,0,0,0,0,17,2,2024,10,26,5,1,1,0,2,0,1,0.0,0,1,GRAVE_LESIONADOS,1,1
3,2,0.0821436415550186,0,4,2,-16.059387,-69.620865,0,4,7,0,2,-1,-1,2,6543.555,2.0,-1,-1,1.0,0.4495936745003294,0.4495936745003294,1198.0,0.4020198374784472,77.80062735845667,50686.62526766595,13642.312999999998,2020.7790000000005,2354.117,9267.416999999998,3314.0520000000006,10328.260999999997,24.29244952817019,2,0,0,46.0,15.0,77.0,1.0,1.0,0.0,0.0,2,0,0.0,0.0,0.0,1.0,1.0,0.0,0.0,1.0,1.0,1.0,1,1,1,1,0,0,0,18,3,2024,10,26,5,1,1,2,2,0,1,0.0,0,0,LEVE,0,4
0,2,0.0293213265978475,0,4,1,-6.003299,-77.258576,0,4,7,0,2,-1,-1,2,7758.33400008,2.0,5,2,1.0,0.340764331210191,0.0464528882055787,2133.0,0.5963332411867256,73.80959983510441,24031.167023554604,5645.136,815.0759999999999,965.298,3864.762,1013.406,4631.73,17.95184385283189,2,0,1,33.5,27.0,40.0,1.0,1.0,0.0,0.0,2,0,0.0,0.0,0.0,1.0,1.0,0.0,0.0,1.0,1.0,1.0,0,0,0,0,0,0,0,6,1,2024,10,27,6,1,1,1,2,0,1,0.0,0,0,LEVE,0,2
3,1,0.2105205359103887,2,2,4,-12.149741609104453,-76.98709475687463,0,0,0,0,2,-1,-1,0,6543.555,2.0,-1,-1,1.0,0.4495936745003294,0.4495936745003294,1198.0,0.8017574897902351,80.48487267736287,359776.608137045,7626.313,1683.4029999999998,1599.0829999999996,4343.827000000001,1814.875,5811.438000000001,23.7975414856432,2,0,0,32.5,25.0,40.0,1.0,1.0,0.0,0.0,2,0,0.0,0.0,1.0,1.0,1.0,0.0,1.0,0.0,1.0,0.0,1,1,1,1,0,0,0,7,1,2024,10,27,6,1,1,0,2,0,1,0.0,0,0,LEVE,0,0
6,1,0.2105205359103887,2,4,1,-12.07308731864632,-76.97379610224523,0,1,1,0,2,-1,-1,0,6639.975,2.0,5,2,1.0,0.340764331210191,0.074236766966835,1616.0,0.8452166148253858,80.64766902313956,160839.29764453962,7626.313,1683.4029999999998,1599.0829999999996,4343.827000000001,1814.875,5811.438000000001,23.7975414856432,1,0,0,44.0,44.0,44.0,1.0,1.0,0.0,0.0,1,0,0.0,0.0,0.0,1.0,1.0,0.0,0.0,0.0,0.0,0.0,0,0,0,0,0,0,0,12,2,2024,10,27,6,1,1,0,2,0,1,0.0,0,0,LEVE,0,0
3,2,0.0597408302218317,0,4,1,-5.80052600529829,-78.7780580135235,0,4,7,0,2,-1,-1,0,7758.33400008,2.0,5,2,1.0,0.340764331210191,0.0464528882055787,2133.0,0.5803239946829384,74.49544278598792,102362.46895074946,15935.565011852366,1733.9250000199986,935.692,13265.948011832368,2000.1670000199988,13935.398011832369,12.551591352627522,2,1,0,67.0,67.0,67.0,1.0,0.0,0.0,0.0,2,0,0.0,0.0,1.0,1.0,1.0,1.0,0.0,0.0,1.0,0.0,0,0,0,0,0,0,0,15,2,2024,10,27,6,1,1,2,2,0,1,0.5,0,0,LEVE,0,1
3,1,0.0902701515484296,0,4,1,-13.473334,-72.15645,0,4,7,0,2,-1,-1,2,7586.903,2.0,5,2,1.0,0.340764331210191,0.067428069404788,1198.0,0.4461630003962475,73.21502670801013,18328.770877944324,17779.13499998999,2097.37099999,2863.123,12818.640999999989,2878.713,14900.421999989989,16.19152450331032,2,0,0,49.0,34.0,64.0,1.0,1.0,1.0,1.0,2,0,0.0,0.0,1.0,1.0,1.0,0.0,0.0,1.0,1.0,1.0,0,0,0,0,0,0,0,18,3,2024,10,27,6,1,1,2,2,0,1,0.0,0,0,LEVE,0,4
3,1,0.2105205359103887,2,4,1,-12.24230019417219,-76.94443531208574,0,2,7,0,2,-1,-1,0,6639.975,2.0,5,2,1.0,0.340764331210191,0.074236766966835,1616.0,0.6990481232857558,80.14597904142546,459161.0728051392,7626.313,1683.4029999999998,1599.0829999999996,4343.827000000001,1814.875,5811.438000000001,23.7975414856432,2,0,0,56.0,52.0,60.0,1.0,1.0,0.0,0.0,2,0,0.0,0.0,1.0,1.0,1.0,1.0,0.0,0.0,1.0,1.0,0,0,0,0,0,0,0,18,3,2024,10,27,6,1,1,0,2,0,1,0.0,0,0,LEVE,0,0
6,1,0.2105205359103887,2,2,4,-12.279974880069188,-76.87612210383425,0,2,7,0,2,-1,-1,0,6543.555,2.0,-1,-1,1.0,0.4495936745003294,0.4495936745003294,1198.0,0.6909236767275176,78.41626133969348,95908.53319057816,7626.313,1683.4029999999998,1599.0829999999996,4343.827000000001,1814.875,5811.438000000001,23.7975414856432,1,0,0,23.0,23.0,23.0,1.0,0.0,0.0,0.0,1,0,0.0,0.0,0.0,1.0,1.0,0.0,0.0,0.0,0.0,0.0,1,1,1,1,0,0,0,19,3,2024,10,27,6,1,1,0,2,0,1,0.0,0,0,LEVE,0,0
0,1,0.2105205359103887,2,2,4,-11.995942722966085,-77.08386123229786,0,0,1,0,2,-1,-1,0,6543.555,2.0,-1,-1,1.0,0.4495936745003294,0.4495936745003294,1198.0,0.758462599563312,80.5192231989937,363987.54389721627,7626.313,1683.4029999999998,1599.0829999999996,4343.827000000001,1814.875,5811.438000000001,23.7975414856432,1,0,1,60.0,60.0,60.0,1.0,0.0,0.0,0.0,1,0,0.0,0.0,0.0,1.0,0.0,1.0,0.0,0.0,0.0,0.0,1,1,1,1,0,0,0,20,3,2024,10,27,6,1,1,0,2,0,1,0.0,0,0,LEVE,0,0
1,1,0.2105205359103887,2,2,4,-11.96297459216236,-76.98040688295917,0,0,7,1,2,-1,-1,0,6543.555,2.0,-1,-1,1.0,0.4495936745003294,0.4495936745003294,1198.0,0.701053025277506,79.62867561460851,1150285.0494171206,7626.313,1683.4029999999998,1599.0829999999996,4343.827000000001,1814.875,5811.438000000001,23.7975414856432,1,1,1,37.0,33.0,40.0,0.0,0.0,0.0,0.0,1,1,1.0,0.0,1.0,0.0,1.0,0.0,0.0,0.0,0.0,1.0,1,1,1,1,1,1,1,20,3,2024,10,27,6,1,1,0,2,0,1,1.0,0,0,LEVE,0,0
6,1,0.0933450472216121,0,4,3,-8.10049640506016,-77.3155814047431,0,4,7,0,2,-1,-1,0,6543.555,2.0,-1,-1,1.0,0.4495936745003294,0.4495936745003294,1198.0,0.3588693476595687,74.14327217126986,3717.3126338329766,8931.828000000005,1335.5899999999997,1935.9830000000004,5660.255000000005,1219.309,7712.519000000005,13.651281686122925,1,0,0,22.0,22.0,22.0,1.0,0.0,0.0,0.0,1,0,0.0,0.0,0.0,1.0,0.0,0.0,1.0,0.0,0.0,0.0,1,1,1,1,0,0,0,21,3,2024,10,27,6,1,1,0,2,0,1,0.0,0,0,GRAVE_MORTALIDAD,2,1
6,1,0.2105205359103887,2,4,1,-12.20297238697622,-76.97422639407436,0,2,7,0,2,-1,-1,0,6639.975,2.0,5,2,1.0,0.340764331210191,0.074236766966835,1616.0,0.7583553928164398,79.82595632107274,333655.3618843683,7626.313,1683.4029999999998,1599.0829999999996,4343.827000000001,1814.875,5811.438000000001,23.7975414856432,1,0,0,45.0,45.0,45.0,1.0,0.0,0.0,0.0,1,0,0.0,0.0,0.0,1.0,0.0,1.0,0.0,0.0,0.0,0.0,0,0,0,0,0,0,0,2,0,2024,10,28,0,0,1,0,2,0,1,0.0,0,0,LEVE,0,0
3,2,0.0821436415550186,0,4,1,-16.053277403549732,-70.00857881806755,0,4,7,0,2,-1,-1,2,779.525,2.0,5,2,1.0,0.0252580716011421,0.0021963540522732,163.0,0.3279226888241855,68.17036545870775,5184.3083511777295,13642.312999999998,2020.7790000000005,2354.117,9267.416999999998,3314.0520000000006,10328.260999999997,24.29244952817019,2,0,0,40.5,23.0,58.0,1.0,1.0,0.0,0.0,2,0,0.0,0.0,0.0,1.0,1.0,0.0,1.0,0.0,0.0,1.0,0,0,0,0,0,0,0,6,1,2024,10,28,0,0,1,2,2,0,1,0.0,0,0,LEVE,0,4
6,1,0.0293213265978475,0,4,2,-6.097813,-77.153127,2,4,7,0,2,-1,-1,2,6543.555,2.0,-1,-1,1.0,0.4495936745003294,0.4495936745003294,1198.0,0.5963332411867256,73.80959983510441,24031.167023554604,5645.136,815.0759999999999,965.298,3864.762,1013.406,4631.73,17.95184385283189,1,0,0,55.0,55.0,55.0,1.0,1.0,0.0,0.0,1,0,0.0,0.0,0.0,1.0,1.0,0.0,0.0,1.0,1.0,1.0,1,1,1,1,0,0,0,7,1,2024,10,28,0,0,1,1,2,0,1,0.0,0,0,LEVE,0,2
3,1,0.0766527564243356,0,4,1,-16.91296,-71.834013,0,4,7,0,2,-1,-1,0,6639.975,2.0,5,2,1.0,0.340764331210191,0.074236766966835,1616.0,0.6449493635682252,78.44719582624413,8054.678800856533,10322.272,1495.236,1749.739,7077.2970000000005,2886.595,7435.677000000001,27.964725207783708,2,0,0,26.0,19.0,33.0,1.0,0.0,0.0,0.0,2,0,0.0,0.0,0.0,1.0,0.0,1.0,0.0,0.0,0.0,0.0,0,0,0,0,0,0,0,17,2,2024,10,28,0,0,1,0,2,0,1,0.0,0,0,GRAVE_MORTALIDAD,2,4
5,1,0.0902701515484296,0,4,1,-14.823718,-71.31396,0,4,7,0,1,-1,-1,2,1780.161,1.0,-1,1,0.0,0.340764331210191,0.1266198111135515,490.0,0.553052655456334,69.21726434550523,33976.192719486084,17779.13499998999,2097.37099999,2863.123,12818.640999999989,2878.713,14900.421999989989,16.19152450331032,2,1,0,54.0,54.0,54.0,1.0,1.0,0.0,0.0,2,1,1.0,0.0,0.0,1.0,1.0,0.0,0.0,1.0,1.0,1.0,0,0,0,0,0,0,0,19,3,2024,10,28,0,0,1,2,2,0,1,0.5,0,1,LEVE,0,4
3,2,0.0933450472216121,0,4,1,-8.11070019432683,-78.9978807729408,0,4,7,0,2,-1,-1,2,610.6099999999999,2.0,5,2,1.0,0.0133977597188666,0.0065890621568196,100.0,0.7151155191839451,79.57652607829836,331253.00214132766,8931.828000000005,1335.5899999999997,1935.9830000000004,5660.255000000005,1219.309,7712.519000000005,13.651281686122925,2,0,0,32.0,23.0,41.0,1.0,0.0,0.0,0.0,2,0,0.0,1.0,0.0,1.0,1.0,0.0,1.0,0.0,1.0,0.0,0,0,0,0,0,0,0,10,1,2024,10,29,1,0,1,0,2,0,1,0.0,0,0,LEVE,0,1
3,1,0.0902701515484296,0,4,2,-13.127077,-71.733965,0,4,0,0,1,-1,-1,1,6543.555,2.0,-1,-1,1.0,0.4495936745003294,0.4495936745003294,1198.0,0.19075270827632,59.71559562867156,9921.785867237688,17779.13499998999,2097.37099999,2863.123,12818.640999999989,2878.713,14900.421999989989,16.19152450331032,2,0,0,29.5,23.0,36.0,1.0,1.0,0.0,0.0,2,0,0.0,0.0,0.0,1.0,1.0,0.0,1.0,1.0,1.0,1.0,1,1,1,1,0,0,0,11,1,2024,10,29,1,0,1,2,2,0,1,0.0,0,1,LEVE,0,4
6,1,0.0475510652317153,0,4,1,-13.532677,-76.183176,0,4,7,0,2,1,0,0,205.54999999999995,-1.0,5,2,1.0,0.0040632549967054,0.074236766966835,15.0,0.575108675542622,80.48751485041296,12460.550321199144,3721.461,698.1859999999996,744.866,2278.409,1102.9029999999996,2618.558,29.636290693359403,1,0,0,53.0,53.0,53.0,1.0,0.0,0.0,1.0,1,0,0.0,0.0,0.0,1.0,0.0,0.0,1.0,0.0,0.0,0.0,0,0,0,0,0,0,0,13,2,2024,10,29,1,0,1,0,1,0,1,0.0,0,0,LEVE,0,7
1,1,0.0933450472216121,0,4,1,-8.1584946911,-79.0122101523,0,4,7,0,2,-1,-1,0,6543.555,3.0,5,2,1.0,0.1133318690972984,0.1133318690972984,1475.0,0.618325375347301,78.45577068094175,37258.80942184154,8931.828000000005,1335.5899999999997,1935.9830000000004,5660.255000000005,1219.309,7712.519000000005,13.651281686122925,1,1,1,37.0,33.0,40.0,0.0,0.0,0.0,0.0,1,1,1.0,0.0,0.0,0.0,0.0,0.0,0.0,0.0,0.0,1.0,0,0,0,0,1,1,1,19,3,2024,10,29,1,0,1,0,2,1,1,1.0,0,0,LEVE,0,1
0,1,0.2105205359103887,2,2,4,-12.07796771263166,-77.08851208524169,0,0,1,0,2,1,1,0,6543.555,2.0,-1,-1,1.0,0.4495936745003294,0.4495936745003294,1198.0,0.8224006497057281,80.32617651391924,146885.81156316918,7626.313,1683.4029999999998,1599.0829999999996,4343.827000000001,1814.875,5811.438000000001,23.7975414856432,1,0,1,30.0,30.0,30.0,1.0,0.0,0.0,0.0,1,0,0.0,0.0,1.0,0.0,0.0,0.0,1.0,0.0,0.0,0.0,1,1,1,1,0,0,0,0,0,2024,10,30,2,0,1,0,2,0,1,0.0,0,0,LEVE,0,0
1,1,0.0153744783659125,2,2,4,-12.0245005646918,-77.0986984334239,6,5,6,-1,6,-1,-1,0,6543.555,2.0,-1,-1,1.0,0.4495936745003294,0.4495936745003294,1198.0,0.5563774842369664,77.00938809632027,27932.19700214133,51.58600000000001,44.68700000000001,6.899000000000001,0.0,49.838000000000015,1.748,96.61148373589734,1,1,1,37.0,33.0,40.0,0.0,0.0,0.0,0.0,1,1,1.0,0.0,0.0,0.0,0.0,0.0,0.0,0.0,0.0,1.0,1,1,1,1,1,1,1,12,2,2024,10,30,2,0,1,2,2,0,0,1.0,0,0,LEVE,0,0