CLASE SINIESTRO,CANTIDAD DE VEHICULOS DAÑADOS,DEPARTAMENTO,ZONA,TIPO DE VÍA,RED VIAL,COORDENADAS LATITUD,COORDENADAS  LONGITUD,CONDICIÓN CLIMÁTICA,ZONIFICACIÓN,CARACTERÍSTICAS DE VÍA,PERFIL LONGITUDINAL VÍA,SUPERFICIE DE CALZADA,¿EXISTE SEÑAL VERTICAL?,¿EXISTE SEÑAL HORIZONTAL?,CAUSA FACTOR PRINCIPAL,MTC_RVN_LONGITUD_KM,MTC_RVN_N_CARRILES_MEDIANA,MTC_RVN_SUPERFICIE_DOMINANTE,MTC_RVN_ESTADO_DOMINANTE,MTC_RVN_ES_CONCESIONADA,MTC_RVN_CONCESION_PRINCIPAL,MTC_RVN_CORREDOR_LOGISTICO,MTC_RVN_N_TRAMOS,IDH_2019,IDH_ESP_VIDA_2019,IDH_POBLACION_2019,MTC_DEP_RED_TOTAL_KM,MTC_DEP_NACIONAL_TOTAL_KM,MTC_DEP_DEPARTAMENTAL_TOTAL_KM,MTC_DEP_VECINAL_TOTAL_KM,MTC_DEP_PAV_TOTAL_KM,MTC_DEP_NO_PAV_TOTAL_KM,MTC_DEP_PCT_PAVIMENTADA,PER_N_CONDUCTORES,PER_N_CONDUCTORES_FUGADOS,PER_N_PEATONES,PER_EDAD_COND_PROM,PER_EDAD_COND_MIN,PER_EDAD_COND_MAX,PER_ANY_COND_MASCULINO,PER_ANY_LIC_PROBLEMA,PER_ANY_DOSAJE_POS,PER_ANY_DOSAJE_EVALUADO,VEH_TOTAL,VEH_N_FUGADOS,VEH_ANY_FUGADO,VEH_ANY_CARGA,VEH_ANY_PUBLICO,VEH_ANY_PARTICULAR,VEH_ANY_MOTO,VEH_ANY_AUTO,VEH_ANY_CAMION_BUS,VEH_ANY_SOAT_PROBLEMA,VEH_ANY_CITV_PROBLEMA,VEH_ANY_SEGURO_PROBLEMA,MTC_RVN_LONGITUD_KM_ERA_NULO,MTC_RVN_N_CARRILES_MEDIANA_ERA_NULO,MTC_RVN_ES_CONCESIONADA_ERA_NULO,MTC_RVN_N_TRAMOS_ERA_NULO,PER_EDAD_COND_PROM_ERA_NULO,PER_EDAD_COND_MIN_ERA_NULO,PER_EDAD_COND_MAX_ERA_NULO,HORA_NUM,FRANJA_HORARIA,ANIO,MES,DIA_MES,DIA_SEMANA,ES_FIN_SEMANA,ES_QUINCENA,REGION_NATURAL,NIVEL_SEÑALIZACION_ORD,ES_VIA_MULTICARRIL,ES_DEPTO_BAJO_PAVIMENTO,RATIO_CONDUCTORES_FUGADOS,ES_CURVA_Y_PENDIENTE,ES_VIA_NO_PAVIMENTADA,CATEGORIA_SEVERIDAD,CATEGORIA_SEVERIDAD_ENC,CLUSTER
1,1,0.2105205359103887,2,4,1,-12.12760071038172,-76.97691375951386,0,3,0,0,2,-1,-1,0,6639.975,2.0,5,2,1.0,0.340764331210191,0.074236766966835,1616.0,0.8017574897902351,80.48487267736287,359776.608137045,7626.313,1683.4029999999998,1599.0829999999996,4343.827000000001,1814.875,5811.438000000001,23.7975414856432,1,1,1,43.0,43.0,43.0,1.0,0.0,0.0,0.0,1,0,0.0,0.0,0.0,1.0,0.0,1.0,0.0,0.0,1.0,0.0,0,0,0,0,0,0,0,22,3,2024,12,1,6,1,0,0,2,0,1,1.0,0,0,LEVE,0,0
1,1,0.2105205359103887,2,4,1,-12.033338291762696,-77.05347766528016,0,0,7,0,2,1,0,0,6543.555,3.0,5,2,1.0,0.1133318690972984,0.1133318690972984,1475.0,0.7419979630670723,80.31822295927182,739416.2413542903,7626.313,1683.4029999999998,1599.0829999999996,4343.827000000001,1814.875,5811.438000000001,23.7975414856432,1,1,1,37.0,33.0,40.0,0.0,0.0,0.0,0.0,1,1,1.0,0.0,0.0,0.0,0.0,0.0,0.0,0.0,0.0,1.0,0,0,0,0,1,1,1,23,3,2024,12,1,6,1,0,0,1,1,1,1.0,0,0,LEVE,0,0
6,1,0.0933450472216121,0,4,1,-7.301119844390617,-79.41004905909178,0,4,7,0,2,-1,-1,0,887.28,2.0,5,2,1.0,0.0133977597188666,0.0065890621568196,155.0,0.5650979329787121,81.32490571897102,43897.946466809415,8931.828000000005,1335.5899999999997,1935.9830000000004,5660.255000000005,1219.309,7712.519000000005,13.651281686122925,1,0,0,34.0,34.0,34.0,1.0,1.0,0.0,0.0,1,0,0.0,0.0,0.0,1.0,1.0,0.0,0.0,1.0,0.0,1.0,0,0,0,0,0,0,0,6,1,2024,12,2,0,0,0,0,2,0,1,0.0,0,0,LEVE,0,1
3,2,0.0933450472216121,0,4,1,-8.064350172,-79.0904013872,0,4,7,0,2,-1,-1,2,6543.555,3.0,5,2,1.0,0.1133318690972984,0.1133318690972984,1475.0,0.583006771156836,78.2441938961209,76607.295503212,8931.828000000005,1335.5899999999997,1935.9830000000004,5660.255000000005,1219.309,7712.519000000005,13.651281686122925,2,0,0,28.5,21.0,36.0,1.0,0.0,0.0,0.0,2,0,0.0,1.0,0.0,1.0,0.0,0.0,1.0,0.0,0.0,0.0,0,0,0,0,0,0,0,7,1,2024,12,2,0,0,0,0,2,1,1,0.0,0,0,GRAVE_MORTALIDAD,2,1
7,1,0.0597408302218317,0,4,1,-6.487601,-78.848345,0,4,7,0,2,-1,-1,2,9936.932,2.0,5,2,1.0,0.340764331210191,0.1266198111135515,3830.0,0.3011301347839704,71.97114344661169,5264.304068522484,15935.565011852366,1733.9250000199986,935.692,13265.948011832368,2000.1670000199988,13935.398011832369,12.551591352627522,1,0,0,38.0,38.0,38.0,1.0,0.0,0.0,1.0,1,0,0.0,0.0,1.0,0.0,0.0,0.0,1.0,0.0,0.0,0.0,0,0,0,0,0,0,0,15,2,2024,12,2,0,0,0,2,2,0,1,0.0,0,0,GRAVE_LESIONADOS,1,1
6,1,0.0597408302218317,0,4,2,-6.40521378454527,-78.567186620142,0,4,7,1,7,-1,-1,2,6543.555,2.0,-1,-1,1.0,0.4495936745003294,0.4495936745003294,1198.0,0.2757434784300815,73.32619806115628,17249.26552462527,15935.565011852366,1733.9250000199986,935.692,13265.948011832368,2000.1670000199988,13935.398011832369,12.551591352627522,1,0,0,44.0,44.0,44.0,1.0,0.0,0.0,1.0,1,0,0.0,0.0,1.0,0.0,0.0,0.0,1.0,1.0,1.0,0.0,1,1,1,1,0,0,0,17,2,2024,12,2,0,0,0,2,2,0,1,0.0,0,1,LEVE,0,1
6,2,0.0597408302218317,0,4,1,-7.19711729832245,-79.0420781470672,0,4,0,1,2,1,0,2,887.28,2.0,5,2,1.0,0.0133977597188666,0.0065890621568196,155.0,0.5563774842369664,73.07406660240972,7379.728051391864,15935.565011852366,1733.9250000199986,935.692,13265.948011832368,2000.1670000199988,13935.398011832369,12.551591352627522,2,0,0,29.0,25.0,33.0,1.0,0.0,1.0,1.0,2,0,0.0,0.0,0.0,1.0,0.0,1.0,1.0,0.0,1.0,0.0,0,0,0,0,0,0,0,18,3,2024,12,2,0,0,0,2,1,0,1,0.0,1,0,LEVE,0,1
5,1,0.2105205359103887,2,2,4,-11.99276343579075,-77.06414031914186,0,0,1,0,2,-1,-1,0,6543.555,2.0,-1,-1,1.0,0.4495936745003294,0.4495936745003294,1198.0,0.758462599563312,80.5192231989937,363987.54389721627,7626.313,1683.4029999999998,1599.0829999999996,4343.827000000001,1814.875,5811.438000000001,23.7975414856432,2,1,0,31.0,31.0,31.0,1.0,0.0,0.0,0.0,2,1,1.0,0.0,0.0,1.0,1.0,0.0,0.0,0.0,0.0,1.0,1,1,1,1,0,0,0,5,0,2024,12,3,1,0,0,0,2,0,1,0.5,0,0,LEVE,0,0
3,2,0.0933450472216121,2,3,4,-8.0857789111,-78.9968245909,0,3,1,0,2,-1,-1,0,6543.555,2.0,-1,-1,1.0,0.4495936745003294,0.4495936745003294,1198.0,0.5628682280502054,79.35078533424159,209189.32119914345,8931.828000000005,1335.5899999999997,1935.9830000000004,5660.255000000005,1219.309,7712.519000000005,13.651281686122925,2,0,0,33.5,16.0,51.0,1.0,1.0,0.0,0.0,2,0,0.0,0.0,1.0,1.0,1.0,0.0,0.0,1.0,0.0,1.0,1,1,1,1,0,0,0,17,2,2024,12,3,1,0,0,0,2,0,1,0.0,0,0,GRAVE_MORTALIDAD,2,1
1,1,0.2105205359103887,2,4,1,-11.933814470408452,-77.07207325287774,0,2,7,0,2,-1,-1,0,6543.555,3.0,5,2,1.0,0.1133318690972984,0.1133318690972984,1475.0,0.7218926988400113,80.0902077245261,530000.3426124197,7626.313,1683.4029999999998,1599.0829999999996,4343.827000000001,1814.875,5811.438000000001,23.7975414856432,1,1,1,37.0,33.0,40.0,0.0,0.0,0.0,0.0,1,1,1.0,0.0,0.0,0.0,0.0,0.0,0.0,0.0,0.0,1.0,0,0,0,0,1,1,1,2,0,2024,12,4,2,0,0,0,2,1,1,1.0,0,0,LEVE,0,0
0,2,0.0597408302218317,0,3,4,-6.643943,-78.5494,0,4,7,1,1,-1,-1,2,6543.555,2.0,-1,-1,1.0,0.4495936745003294,0.4495936745003294,1198.0,0.3484871558022944,76.33677469666252,76209.5845824411,15935.565011852366,1733.9250000199986,935.692,13265.948011832368,2000.1670000199988,13935.398011832369,12.551591352627522,2,0,1,38.0,38.0,38.0,1.0,1.0,0.0,1.0,2,0,0.0,0.0,1.0,1.0,1.0,0.0,0.0,1.0,1.0,1.0,1,1,1,1,0,0,0,10,1,2024,12,4,2,0,0,2,2,0,1,0.0,0,1,LEVE,0,1
3,2,0.0933450472216121,0,4,1,-7.987232,-78.268777,0,4,7,0,1,-1,-1,0,9936.932,2.0,5,2,1.0,0.340764331210191,0.1266198111135515,3830.0,0.4320883936567258,76.718936301794,13167.552462526766,8931.828000000005,1335.5899999999997,1935.9830000000004,5660.255000000005,1219.309,7712.519000000005,13.651281686122925,2,1,0,34.0,34.0,34.0,1.0,0.0,0.0,0.0,2,0,0.0,0.0,0.0,1.0,0.0,0.0,1.0,0.0,0.0,0.0,0,0,0,0,0,0,0,12,2,2024,12,4,2,0,0,0,2,0,1,0.5,0,1,GRAVE_MORTALIDAD,2,1
0,1,0.2105205359103887,2,4,2,-12.121224576377882,-76.8727343792582,0,0,1,0,2,-1,-1,0,6543.555,2.0,-1,-1,1.0,0.4495936745003294,0.4495936745003294,1198.0,0.6463106547105882,77.51872248135703,140977.61456102785,7626.313,1683.4029999999998,1599.0829999999996,4343.827000000001,1814.875,5811.438000000001,23.7975414856432,1,0,1,38.0,38.0,38.0,1.0,0.0,0.0,0.0,1,0,0.0,0.0,0.0,1.0,1.0,0.0,0.0,1.0,1.0,1.0,1,1,1,1,0,0,0,20,3,2024,12,4,2,0,0,0,2,0,1,0.0,0,0,LEVE,0,0
6,1,0.0933450472216121,0,4,0,-7.7598782543923805,-77.59461697132812,0,4,7,0,7,-1,-1,0,6543.555,2.0,-1,-1,1.0,0.4495936745003294,0.4495936745003294,1198.0,0.4686292122960986,72.39347765706144,9440.374732334049,8931.828000000005,1335.5899999999997,1935.9830000000004,5660.255000000005,1219.309,7712.519000000005,13.651281686122925,1,0,0,37.0,33.0,40.0,1.0,0.0,0.0,0.0,1,0,0.0,0.0,0.0,1.0,0.0,0.0,1.0,1.0,1.0,1.0,1,1,1,1,1,1,1,7,1,2024,12,5,3,0,0,0,2,0,1,0.0,0,1,GRAVE_MORTALIDAD,2,1
0,1,0.2105205359103887,2,2,4,-11.990137556621333,-77.09541737990095,0,3,7,0,2,-1,-1,0,6543.555,2.0,-1,-1,1.0,0.4495936745003294,0.4495936745003294,1198.0,0.7419979630670723,80.31822295927182,739416.2413542903,7626.313,1683.4029999999998,1599.0829999999996,4343.827000000001,1814.875,5811.438000000001,23.7975414856432,1,0,1,45.0,45.0,45.0,1.0,0.0,0.0,0.0,1,0,0.0,0.0,0.0,0.0,0.0,0.0,1.0,0.0,0.0,0.0,1,1,1,1,0,0,0,10,1,2024,12,5,3,0,0,0,2,0,1,0.0,0,0,LEVE,0,0
0,1,0.2105205359103887,2,4,1,-12.002458267726476,-76.84165583396636,0,0,7,0,2,-1,-1,2,875.67,2.0,5,2,1.0,0.0162530199868218,0.0124094003953437,156.0,0.6868549636939637,79.62363164345142,684921.8484148846,7626.313,1683.4029999999998,1599.0829999999996,4343.827000000001,1814.875,5811.438000000001,23.7975414856432,1,0,1,20.0,20.0,20.0,1.0,1.0,0.0,0.0,1,0,0.0,0.0,0.0,1.0,1.0,0.0,0.0,1.0,1.0,1.0,0,0,0,0,0,0,0,12,2,2024,12,5,3,0,0,0,2,0,1,0.0,0,0,LEVE,0,0
0,1,0.2105205359103887,2,2,4,-12.080752802091435,-77.05822341740915,0,3,1,0,2,1,1,4,6543.555,2.0,-1,-1,1.0,0.4495936745003294,0.4495936745003294,1198.0,0.8371895927825478,80.41920952305908,74873.16916488222,7626.313,1683.4029999999998,1599.0829999999996,4343.827000000001,1814.875,5811.438000000001,23.7975414856432,1,0,1,63.0,63.0,63.0,1.0,0.0,0.0,0.0,1,0,0.0,0.0,1.0,0.0,0.0,0.0,1.0,0.0,0.0,0.0,1,1,1,1,0,0,0,20,3,2024,12,5,3,0,0,0,2,0,1,0.0,0,0,LEVE,0,0
6,1,0.2105205359103887,2,2,4,-12.399872898747908,-76.75794493912079,0,2,0,0,2,-1,-1,0,6543.555,2.0,-1,-1,1.0,0.4495936745003294,0.4495936745003294,1198.0,0.7466597389219729,79.05910008235186,1631.10278372591,7626.313,1683.4029999999998,1599.0829999999996,4343.827000000001,1814.875,5811.438000000001,23.7975414856432,1,0,0,24.0,24.0,24.0,1.0,1.0,0.0,0.0,1,0,0.0,0.0,0.0,1.0,1.0,0.0,0.0,1.0,1.0,1.0,1,1,1,1,0,0,0,22,3,2024,12,5,3,0,0,0,2,0,1,0.0,0,0,LEVE,0,0
5,1,0.2105205359103887,0,4,1,-11.5766921,-77.2624778,6,5,6,-1,6,-1,-1,0,6543.555,3.0,5,2,1.0,0.1133318690972984,0.1133318690972984,1475.0,0.6328991168419597,79.8522840328396,65701.61456102783,7626.313,1683.4029999999998,1599.0829999999996,4343.827000000001,1814.875,5811.438000000001,23.7975414856432,2,2,0,37.0,33.0,40.0,0.0,0.0,0.0,0.0,2,1,1.0,0.0,0.0,1.0,1.0,0.0,0.0,1.0,1.0,1.0,0,0,0,0,1,1,1,5,0,2024,12,6,4,0,0,0,2,1,1,1.0,0,0,LEVE,0,0
6,1,0.0933450472216121,0,4,1,-7.721090767434792,-79.30876836899603,0,4,7,0,2,-1,-1,0,6543.555,3.0,5,2,1.0,0.1133318690972984,0.1133318690972984,1475.0,0.5345074857798321,76.79673752589963,27037.03854389721,8931.828000000005,1335.5899999999997,1935.9830000000004,5660.255000000005,1219.309,7712.519000000005,13.651281686122925,1,0,0,37.0,33.0,40.0,1.0,0.0,0.0,0.0,1,0,0.0,0.0,0.0,1.0,1.0,0.0,0.0,1.0,0.0,1.0,0,0,0,0,1,1,1,21,3,2024,12,6,4,0,0,0,2,1,1,0.0,0,0,LEVE,0,1
0,1,0.0933450472216121,0,4,1,-8.56395034512075,-78.6738830759724,0,4,7,0,2,-1,-1,0,6543.555,3.0,5,2,1.0,0.1133318690972984,0.1133318690972984,1475.0,0.4971504606547645,77.79759708660042,44368.59100642397,8931.828000000005,1335.5899999999997,1935.9830000000004,5660.255000000005,1219.309,7712.519000000005,13.651281686122925,1,0,1,28.0,28.0,28.0,1.0,0.0,0.0,0.0,1,0,0.0,0.0,0.0,1.0,0.0,1.0,0.0,0.0,1.0,0.0,0,0,0,0,0,0,0,23,3,2024,12,6,4,0,0,0,2,1,1,0.0,0,0,LEVE,0,1
6,1,0.2105205359103887,2,2,4,-12.03273811614064,-76.99669402204279,0,3,1,0,2,-1,-1,0,6543.555,2.0,-1,-1,1.0,0.4495936745003294,0.4495936745003294,1198.0,0.6970617810314195,81.40501156526744,203379.9271948608,7626.313,1683.4029999999998,1599.0829999999996,4343.827000000001,1814.875,5811.438000000001,23.7975414856432,1,0,0,48.0,48.0,48.0,1.0,0.0,0.0,0.0,1,0,0.0,0.0,0.0,1.0,0.0,1.0,0.0,0.0,0.0,0.0,1,1,1,1,0,0,0,2,0,2024,12,7,5,1,0,0,2,0,1,0.0,0,0,LEVE,0,0
6,1,0.0766527564243356,0,4,1,-16.4272,-72.01706,0,4,7,0,2,-1,-1,0,6639.975,2.0,5,2,1.0,0.340764331210191,0.074236766966835,1616.0,0.6455852322566902,78.58826324858522,2628.282655246253,10322.272,1495.236,1749.739,7077.2970000000005,2886.595,7435.677000000001,27.964725207783708,1,0,0,28.0,28.0,28.0,1.0,0.0,0.0,1.0,1,0,0.0,0.0,1.0,0.0,0.0,0.0,1.0,0.0,0.0,0.0,0,0,0,0,0,0,0,3,0,2024,12,7,5,1,0,0,2,0,1,0.0,0,0,GRAVE_LESIONADOS,1,4
6,1,0.2105205359103887,2,4,1,-11.945755066531916,-76.71007762607162,0,3,0,0,2,-1,-1,0,875.67,2.0,5,2,1.0,0.0162530199868218,0.0124094003953437,156.0,0.6831952456039544,78.60873873772867,255143.7301927195,7626.313,1683.4029999999998,1599.0829999999996,4343.827000000001,1814.875,5811.438000000001,23.7975414856432,1,0,0,20.0,20.0,20.0,1.0,1.0,0.0,0.0,1,0,0.0,0.0,0.0,1.0,1.0,0.0,0.0,0.0,1.0,0.0,0,0,0,0,0,0,0,4,0,2024,12,7,5,1,0,0,2,0,1,0.0,0,0,LEVE,0,0
3,1,0.0037338018888644,0,4,1,-17.7653195,-71.1926493,6,5,6,-1,6,-1,-1,0,1926.94,2.0,5,2,1.0,0.340764331210191,0.1266198111135515,393.0,0.6831569654189188,78.20298093881752,68663.72805139187,2949.174,470.28500000000025,903.055,1575.834,866.4460000000004,2082.728,29.37927704503025,2,0,0,44.0,42.0,46.0,1.0,0.0,0.0,0.0,2,0,0.0,0.0,0.0,1.0,0.0,1.0,1.0,0.0,0.0,0.0,0,0,0,0,0,0,0,18,3,2024,12,7,5,1,0,0,2,0,1,0.0,0,0,GRAVE_MORTALIDAD,2,-1
3,1,0.0933450472216121,0,4,1,-7.304353956270891,-79.46374628680131,0,4,7,0,2,-1,-1,0,887.28,2.0,5,2,1.0,0.0133977597188666,0.0065890621568196,155.0,0.5650979329787121,81.32490571897102,43897.946466809415,8931.828000000005,1335.5899999999997,1935.9830000000004,5660.255000000005,1219.309,7712.519000000005,13.651281686122925,2,0,0,56.0,54.0,58.0,1.0,1.0,0.0,0.0,2,0,0.0,1.0,0.0,1.0,1.0,0.0,1.0,0.0,0.0,1.0,0,0,0,0,0,0,0,19,3,2024,12,7,5,1,0,0,2,0,1,0.0,0,0,LEVE,0,1
0,1,0.2105205359103887,2,4,1,-11.768235708143576,-77.16107079620207,0,0,7,0,2,-1,-1,0,114.25,2.0,5,2,1.0,0.0008785416209092,0.1266198111135515,15.0,0.6688889885290078,77.65971620762488,54956.252676659526,7626.313,1683.4029999999998,1599.0829999999996,4343.827000000001,1814.875,5811.438000000001,23.7975414856432,1,0,1,19.0,19.0,19.0,1.0,1.0,0.0,0.0,1,0,0.0,0.0,1.0,0.0,1.0,0.0,0.0,1.0,1.0,1.0,0,0,0,0,0,0,0,19,3,2024,12,7,5,1,0,0,2,0,1,0.0,0,0,LEVE,0,0
1,1,0.0821436415550186,0,4,1,-16.19617,-69.523736,6,5,6,-1,6,-1,-1,4,7586.903,2.0,5,2,1.0,0.340764331210191,0.067428069404788,1198.0,0.4138545322335047,72.42365757071663,19964.802997858675,13642.312999999998,2020.7790000000005,2354.117,9267.416999999998,3314.0520000000006,10328.260999999997,24.29244952817019,1,1,1,37.0,33.0,40.0,0.0,0.0,0.0,0.0,1,1,1.0,0.0,0.0,0.0,0.0,0.0,0.0,0.0,0.0,1.0,0,0,0,0,1,1,1,21,3,2024,12,7,5,1,0,2,2,0,1,1.0,0,0,LEVE,0,4
3,2,0.0597408302218317,2,6,4,-6.67775848267079,-78.5206684337211,0,0,7,0,4,-1,-1,2,6543.555,2.0,-1,-1,1.0,0.4495936745003294,0.4495936745003294,1198.0,0.3484871558022944,76.33677469666252,76209.5845824411,15935.565011852366,1733.9250000199986,935.692,13265.948011832368,2000.1670000199988,13935.398011832369,12.551591352627522,2,0,0,19.5,19.0,20.0,1.0,1.0,1.0,1.0,2,0,0.0,0.0,0.0,1.0,1.0,0.0,0.0,1.0,1.0,1.0,1,1,1,1,0,0,0,0,0,2024,12,8,6,1,0,2,2,0,1,0.0,0,0,LEVE,0,1
3,2,0.2105205359103887,2,4,1,-11.5645605,-77.2652412,0,4,1,0,2,1,1,0,6543.555,3.0,5,2,1.0,0.1133318690972984,0.1133318690972984,1475.0,0.6328991168419597,79.8522840328396,65701.61456102783,7626.313,1683.4029999999998,1599.0829999999996,4343.827000000001,1814.875,5811.438000000001,23.7975414856432,2,0,0,35.5,27.0,44.0,1.0,0.0,0.0,1.0,2,0,0.0,1.0,0.0,1.0,1.0,0.0,1.0,1.0,0.0,1.0,0,0,0,0,0,0,0,1,0,2024,12,8,6,1,0,0,2,1,1,0.0,0,0,LEVE,0,0
4,1,0.2105205359103887,2,4,1,-12.080560232466665,-76.97758366172309,0,3,0,0,2,-1,-1,0,6639.975,2.0,5,2,1.0,0.340764331210191,0.074236766966835,1616.0,0.8017574897902351,80.48487267736287,359776.608137045,7626.313,1683.4029999999998,1599.0829999999996,4343.827000000001,1814.875,5811.438000000001,23.7975414856432,1,0,0,27.0,27.0,27.0,1.0,1.0,0.0,0.0,1,0,0.0,0.0,0.0,1.0,1.0,0.0,0.0,0.0,0.0,0.0,0,0,0,0,0,0,0,1,0,2024,12,8,6,1,0,0,2,0,1,0.0,0,0,LEVE,0,0
6,1,0.0933450472216121,0,4,0,-8.37192163569244,-78.53529204635618,0,4,7,0,1,-1,-1,0,6543.555,2.0,-1,-1,1.0,0.4495936745003294,0.4495936745003294,1198.0,0.4971504606547645,77.79759708660042,44368.59100642397,8931.828000000005,1335.5899999999997,1935.9830000000004,5660.255000000005,1219.309,7712.519000000005,13.651281686122925,1,0,0,26.0,26.0,26.0,1.0,1.0,0.0,0.0,1,0,0.0,0.0,0.0,1.0,1.0,0.0,0.0,1.0,0.0,1.0,1,1,1,1,0,0,0,6,1,2024,12,8,6,1,0,0,2,0,1,0.0,0,1,LEVE,0,1
3,1,0.0475510652317153,0,4,1,-13.51293184,-76.14193829,6,5,6,-1,6,-1,-1,0,6639.975,2.0,5,2,1.0,0.340764331210191,0.074236766966835,1616.0,0.575108675542622,80.48751485041296,12460.550321199144,3721.461,698.1859999999996,744.866,2278.409,1102.9029999999996,2618.558,29.636290693359403,1,0,0,57.0,57.0,57.0,1.0,0.0,0.0,0.0,2,0,0.0,0.0,0.0,1.0,1.0,1.0,0.0,1.0,1.0,1.0,0,0,0,0,0,0,0,7,1,2024,12,8,6,1,0,0,2,0,1,0.0,0,0,LEVE,0,7
0,1,0.2105205359103887,2,2,4,-12.15511208588376,-76.95864852025149,0,3,7,1,2,-1,-1,0,6543.555,2.0,-1,-1,1.0,0.4495936745003294,0.4495936745003294,1198.0,0.689811994580126,79.88015655965044,452660.364025696,7626.313,1683.4029999999998,1599.0829999999996,4343.827000000001,1814.875,5811.438000000001,23.7975414856432,1,0,1,23.0,23.0,23.0,1.0,0.0,0.0,0.0,1,0,0.0,0.0,0.0,1.0,1.0,0.0,0.0,1.0,1.0,1.0,1,1,1,1,0,0,0,19,3,2024,12,8,6,1,0,0,2,0,1,0.0,0,0,LEVE,0,0
3,1,0.0475510652317153,2,4,1,-13.44978188,-76.13609755,6,5,6,-1,6,-1,-1,0,6639.975,2.0,5,2,1.0,0.340764331210191,0.074236766966835,1616.0,0.5587971735938619,78.87090394897412,8209.766595289078,3721.461,698.1859999999996,744.866,2278.409,1102.9029999999996,2618.558,29.636290693359403,1,0,0,24.0,24.0,24.0,1.0,0.0,0.0,0.0,2,0,0.0,0.0,1.0,0.0,1.0,0.0,1.0,0.0,0.0,0.0,0,0,0,0,0,0,0,22,3,2024,12,8,6,1,0,0,2,0,1,0.0,0,0,LEVE,0,7
6,1,0.2105205359103887,2,2,4,-12.029377134050511,-77.01776087661604,0,3,0,1,2,1,1,0,6543.555,2.0,-1,-1,1.0,0.4495936745003294,0.4495936745003294,1198.0,0.701053025277506,79.62867561460851,1150285.0494171206,7626.313,1683.4029999999998,1599.0829999999996,4343.827000000001,1814.875,5811.438000000001,23.7975414856432,1,0,0,35.0,35.0,35.0,1.0,1.0,0.0,0.0,1,0,0.0,0.0,0.0,1.0,1.0,0.0,0.0,1.0,1.0,1.0,1,1,1,1,0,0,0,5,0,2024,12,9,0,0,0,0,2,0,1,0.0,1,0,GRAVE_MORTALIDAD,2,0
3,2,0.0902701515484296,0,4,0,-12.654692,-72.345679,0,4,0,1,1,-1,-1,2,6543.555,2.0,-1,-1,1.0,0.4495936745003294,0.4495936745003294,1198.0,0.3458285951625388,71.92356146222339,11927.233404710922,17779.13499998999,2097.37099999,2863.123,12818.640999999989,2878.713,14900.421999989989,16.19152450331032,2,0,0,37.0,28.0,46.0,1.0,1.0,0.0,0.0,2,0,0.0,0.0,0.0,1.0,1.0,0.0,1.0,1.0,1.0,1.0,1,1,1,1,0,0,0,8,1,2024,12,9,0,0,0,2,2,0,1,0.0,1,1,LEVE,0,4
3,1,0.2105205359103887,2,4,1,-12.20626581299505,-76.97498784346062,0,2,7,0,2,-1,-1,0,6639.975,2.0,5,2,1.0,0.340764331210191,0.074236766966835,1616.0,0.7583553928164398,79.82595632107274,333655.3618843683,7626.313,1683.4029999999998,1599.0829999999996,4343.827000000001,1814.875,5811.438000000001,23.7975414856432,2,0,0,26.0,19.0,33.0,1.0,1.0,0.0,0.0,2,0,0.0,0.0,1.0,1.0,1.0,1.0,0.0,0.0,0.0,0.0,0,0,0,0,0,0,0,16,2,2024,12,9,0,0,0,0,2,0,1,0.0,0,0,LEVE,0,0
0,1,0.2105205359103887,2,4,1,-12.331775684162482,-76.82095575612404,0,2,7,0,2,-1,-1,0,6639.975,2.0,5,2,1.0,0.340764331210191,0.074236766966835,1616.0,0.6959889140821508,77.1307027422061,12550.856531049252,7626.313,1683.4029999999998,1599.0829999999996,4343.827000000001,1814.875,5811.438000000001,23.7975414856432,1,0,1,54.0,54.0,54.0,1.0,0.0,0.0,0.0,1,0,0.0,0.0,0.0,1.0,0.0,1.0,0.0,0.0,0.0,0.0,0,0,0,0,0,0,0,23,3,2024,12,9,0,0,0,0,2,0,1,0.0,0,0,LEVE,0,0
6,1,0.2105205359103887,2,2,4,-12.137919555219083,-76.96104368818563,0,1,1,1,2,-1,-1,0,6543.555,2.0,-1,-1,1.0,0.4495936745003294,0.4495936745003294,1198.0,0.7289998534947872,80.50926319493618,384728.5117773019,7626.313,1683.4029999999998,1599.0829999999996,4343.827000000001,1814.875,5811.438000000001,23.7975414856432,1,1,1,37.0,33.0,40.0,0.0,0.0,0.0,0.0,1,0,0.0,0.0,0.0,1.0,0.0,0.0,1.0,0.0,0.0,0.0,1,1,1,1,1,1,1,8,1,2024,12,10,1,0,0,0,2,0,1,1.0,0,0,GRAVE_LESIONADOS,1,0
3,2,0.0766527564243356,2,4,0,-16.3811419,-71.5451439,0,3,7,0,2,-1,-1,0,6543.555,2.0,-1,-1,1.0,0.4495936745003294,0.4495936745003294,1198.0,0.6738551636003771,78.16730405462371,97926.27408993576,10322.272,1495.236,1749.739,7077.2970000000005,2886.595,7435.677000000001,27.964725207783708,2,0,0,56.0,50.0,62.0,1.0,1.0,0.0,1.0,2,0,0.0,1.0,0.0,1.0,0.0,1.0,1.0,0.0,0.0,0.0,1,1,1,1,0,0,0,8,1,2024,12,10,1,0,0,0,2,0,1,0.0,0,0,LEVE,0,4
3,1,0.0766527564243356,2,4,1,-16.499251,-71.832093,7,4,7,0,2,1,1,0,6639.975,2.0,5,2,1.0,0.340764331210191,0.074236766966835,1616.0,0.6105481451420971,78.10653088113892,35025.678800856535,10322.272,1495.236,1749.739,7077.2970000000005,2886.595,7435.677000000001,27.964725207783708,2,0,0,48.0,44.0,52.0,1.0,0.0,1.0,1.0,2,0,0.0,0.0,1.0,1.0,1.0,0.0,1.0,0.0,0.0,1.0,0,0,0,0,0,0,0,10,1,2024,12,10,1,0,0,0,2,0,1,0.0,0,0,LEVE,0,4