CLASE SINIESTRO,CANTIDAD DE VEHICULOS DAÑADOS,DEPARTAMENTO,ZONA,TIPO DE VÍA,RED VIAL,COORDENADAS LATITUD,COORDENADAS  LONGITUD,CONDICIÓN CLIMÁTICA,ZONIFICACIÓN,CARACTERÍSTICAS DE VÍA,PERFIL LONGITUDINAL VÍA,SUPERFICIE DE CALZADA,¿EXISTE SEÑAL VERTICAL?,¿EXISTE SEÑAL HORIZONTAL?,CAUSA FACTOR PRINCIPAL,MTC_RVN_LONGITUD_KM,MTC_RVN_N_CARRILES_MEDIANA,MTC_RVN_SUPERFICIE_DOMINANTE,MTC_RVN_ESTADO_DOMINANTE,MTC_RVN_ES_CONCESIONADA,MTC_RVN_CONCESION_PRINCIPAL,MTC_RVN_CORREDOR_LOGISTICO,MTC_RVN_N_TRAMOS,IDH_2019,IDH_ESP_VIDA_2019,IDH_POBLACION_2019,MTC_DEP_RED_TOTAL_KM,MTC_DEP_NACIONAL_TOTAL_KM,MTC_DEP_DEPARTAMENTAL_TOTAL_KM,MTC_DEP_VECINAL_TOTAL_KM,MTC_DEP_PAV_TOTAL_KM,MTC_DEP_NO_PAV_TOTAL_KM,MTC_DEP_PCT_PAVIMENTADA,PER_N_CONDUCTORES,PER_N_CONDUCTORES_FUGADOS,PER_N_PEATONES,PER_EDAD_COND_PROM,PER_EDAD_COND_MIN,PER_EDAD_COND_MAX,PER_ANY_COND_MASCULINO,PER_ANY_LIC_PROBLEMA,PER_ANY_DOSAJE_POS,PER_ANY_DOSAJE_EVALUADO,VEH_TOTAL,VEH_N_FUGADOS,VEH_ANY_FUGADO,VEH_ANY_CARGA,VEH_ANY_PUBLICO,VEH_ANY_PARTICULAR,VEH_ANY_MOTO,VEH_ANY_AUTO,VEH_ANY_CAMION_BUS,VEH_ANY_SOAT_PROBLEMA,VEH_ANY_CITV_PROBLEMA,VEH_ANY_SEGURO_PROBLEMA,MTC_RVN_LONGITUD_KM_ERA_NULO,MTC_RVN_N_CARRILES_MEDIANA_ERA_NULO,MTC_RVN_ES_CONCESIONADA_ERA_NULO,MTC_RVN_N_TRAMOS_ERA_NULO,PER_EDAD_COND_PROM_ERA_NULO,PER_EDAD_COND_MIN_ERA_NULO,PER_EDAD_COND_MAX_ERA_NULO,HORA_NUM,FRANJA_HORARIA,ANIO,MES,DIA_MES,DIA_SEMANA,ES_FIN_SEMANA,ES_QUINCENA,REGION_NATURAL,NIVEL_SEÑALIZACION_ORD,ES_VIA_MULTICARRIL,ES_DEPTO_BAJO_PAVIMENTO,RATIO_CONDUCTORES_FUGADOS,ES_CURVA_Y_PENDIENTE,ES_VIA_NO_PAVIMENTADA,CATEGORIA_SEVERIDAD,CATEGORIA_SEVERIDAD_ENC,CLUSTER
0,1,0.0766527564243356,2,2,4,-16.45123,-71.55468,5,0,7,0,2,0,1,0,6543.555,2.0,-1,-1,1.0,0.4495936745003294,0.4495936745003294,1198.0,0.6631745849019589,78.63253022415783,46994.9721627409,10322.272,1495.236,1749.739,7077.2970000000005,2886.595,7435.677000000001,27.964725207783708,0,0,1,37.0,33.0,40.0,1.0,0.0,0.0,0.0,1,0,0.0,0.0,0.0,0.0,0.0,0.0,1.0,0.0,1.0,0.0,1,1,1,1,1,1,1,21,3,2025,1,1,2,0,0,0,1,0,1,0.0,0,0,LEVE,0,4
3,1,0.0475510652317153,2,3,4,-13.420321,-76.130663,6,5,6,-1,6,-1,-1,0,6543.555,2.0,-1,-1,1.0,0.4495936745003294,0.4495936745003294,1198.0,0.6055729655078196,80.58213764502653,66625.16488222699,3721.461,698.1859999999996,744.866,2278.409,1102.9029999999996,2618.558,29.636290693359403,2,1,0,30.0,30.0,30.0,1.0,0.0,0.0,0.0,2,0,0.0,0.0,1.0,1.0,1.0,1.0,0.0,0.0,0.0,0.0,1,1,1,1,0,0,0,11,1,2025,1,2,3,0,0,0,2,0,1,0.5,0,0,GRAVE_LESIONADOS,1,7
0,1,0.0497474192839885,2,3,4,-5.762407,-80.853743,0,4,7,0,2,-1,-1,0,6543.555,2.0,-1,-1,1.0,0.4495936745003294,0.4495936745003294,1198.0,0.4860724693701166,72.15814961491549,48691.10064239828,8965.846000060003,1782.4120000599992,636.9959999999999,6546.438000000004,2214.505000059999,6751.341000000004,24.699342371541725,1,0,1,54.0,54.0,54.0,1.0,0.0,0.0,0.0,1,0,0.0,0.0,0.0,0.0,0.0,0.0,1.0,0.0,1.0,0.0,1,1,1,1,0,0,0,14,2,2025,1,2,3,0,0,0,2,0,1,0.0,0,0,LEVE,0,3
6,1,0.0933450472216121,0,4,3,-7.54611765087164,-77.60686912276813,0,4,7,0,7,-1,-1,0,6543.555,2.0,-1,-1,1.0,0.4495936745003294,0.4495936745003294,1198.0,0.2595559487171204,78.90675231188277,1674.1327623126338,8931.828000000005,1335.5899999999997,1935.9830000000004,5660.255000000005,1219.309,7712.519000000005,13.651281686122925,1,0,0,32.0,32.0,32.0,1.0,1.0,0.0,0.0,1,0,0.0,0.0,0.0,1.0,0.0,0.0,1.0,0.0,1.0,0.0,1,1,1,1,0,0,0,18,3,2025,1,2,3,0,0,0,2,0,1,0.0,0,1,LEVE,0,1
0,1,0.0597408302218317,0,4,1,-7.24186943880627,-79.0593128240189,0,4,7,0,2,1,0,0,887.28,2.0,5,2,1.0,0.0133977597188666,0.0065890621568196,155.0,0.5563774842369664,73.07406660240972,7379.728051391864,15935.565011852366,1733.9250000199986,935.692,13265.948011832368,2000.1670000199988,13935.398011832369,12.551591352627522,1,1,1,37.0,33.0,40.0,0.0,0.0,0.0,0.0,1,1,1.0,0.0,0.0,0.0,0.0,0.0,0.0,0.0,0.0,1.0,0,0,0,0,1,1,1,22,3,2025,1,2,3,0,0,2,1,0,1,1.0,0,0,LEVE,0,1
6,1,0.0139468482319349,0,4,0,-4.061167,-80.702533,0,4,7,0,7,-1,-1,2,6543.555,2.0,-1,-1,1.0,0.4495936745003294,0.4495936745003294,1198.0,0.4399307731962694,72.67979120851548,2030.498929336189,1009.101,138.47399999999996,287.471,583.156,276.972,732.129,27.447401201663663,1,0,0,46.0,46.0,46.0,1.0,0.0,0.0,0.0,1,0,0.0,1.0,0.0,0.0,1.0,0.0,0.0,0.0,0.0,0.0,1,1,1,1,0,0,0,10,1,2025,1,3,4,0,0,0,2,0,1,0.0,0,1,LEVE,0,-1
0,1,0.0766527564243356,2,4,2,-16.3901627067465,-71.5460038706564,0,3,7,0,2,1,1,0,6543.555,2.0,-1,-1,1.0,0.4495936745003294,0.4495936745003294,1198.0,0.6738551636003771,78.16730405462371,97926.27408993576,10322.272,1495.236,1749.739,7077.2970000000005,2886.595,7435.677000000001,27.964725207783708,0,0,1,37.0,33.0,40.0,1.0,0.0,0.0,0.0,1,0,0.0,0.0,1.0,0.0,0.0,0.0,1.0,0.0,0.0,0.0,1,1,1,1,1,1,1,14,2,2025,1,3,4,0,0,0,2,0,1,0.0,0,0,LEVE,0,4
0,1,0.0902701515484296,0,4,0,-13.60118,-71.959325,0,4,7,0,2,-1,-1,4,6543.555,2.0,-1,-1,1.0,0.4495936745003294,0.4495936745003294,1198.0,0.6348954939297919,77.6245715059073,94654.62312633834,17779.13499998999,2097.37099999,2863.123,12818.640999999989,2878.713,14900.421999989989,16.19152450331032,1,0,1,55.0,55.0,55.0,1.0,0.0,0.0,0.0,1,0,0.0,0.0,0.0,1.0,0.0,1.0,0.0,0.0,0.0,0.0,1,1,1,1,0,0,0,15,2,2025,1,3,4,0,0,2,2,0,1,0.0,0,0,LEVE,0,4
7,1,0.0821436415550186,0,4,3,-16.639392,-69.22611,6,5,6,-1,6,-1,-1,0,6543.555,2.0,-1,-1,1.0,0.4495936745003294,0.4495936745003294,1198.0,0.3395425415266465,75.63312664085699,20389.45182012848,13642.312999999998,2020.7790000000005,2354.117,9267.416999999998,3314.0520000000006,10328.260999999997,24.29244952817019,0,0,0,37.0,33.0,40.0,1.0,0.0,0.0,0.0,1,0,0.0,0.0,0.0,0.0,0.0,0.0,0.0,1.0,0.0,1.0,1,1,1,1,1,1,1,16,2,2025,1,3,4,0,0,2,2,0,1,0.0,0,0,LEVE,0,4
3,2,0.2105205359103887,0,4,1,-11.4491108,-77.3405447,0,4,7,1,2,-1,-1,0,6543.555,3.0,5,2,1.0,0.1133318690972984,0.1133318690972984,1475.0,0.6328991168419597,79.8522840328396,65701.61456102783,7626.313,1683.4029999999998,1599.0829999999996,4343.827000000001,1814.875,5811.438000000001,23.7975414856432,2,0,0,46.0,38.0,54.0,1.0,0.0,0.0,1.0,2,0,0.0,1.0,0.0,0.0,0.0,0.0,1.0,0.0,0.0,0.0,0,0,0,0,0,0,0,23,3,2025,1,3,4,0,0,0,2,1,1,0.0,0,0,LEVE,0,0
3,1,0.0902701515484296,0,4,1,-14.7289382,-71.31884003,0,4,7,0,1,-1,-1,2,566.7160000000001,2.0,1,0,0.0,0.340764331210191,0.0057105205359103,137.0,0.3365713390351058,64.75107972549431,2850.758029978587,17779.13499998999,2097.37099999,2863.123,12818.640999999989,2878.713,14900.421999989989,16.19152450331032,2,0,0,41.5,39.0,44.0,1.0,0.0,0.0,1.0,2,0,0.0,1.0,0.0,1.0,0.0,1.0,1.0,0.0,1.0,0.0,0,0,0,0,0,0,0,0,0,2025,1,4,5,1,0,2,2,0,1,0.0,0,1,GRAVE_MORTALIDAD,2,4
3,2,0.0902701515484296,0,4,1,-13.598449003776391,-71.77179828819027,0,4,7,0,2,-1,-1,2,7586.903,2.0,5,2,1.0,0.340764331210191,0.067428069404788,1198.0,0.5065580412535501,64.79370905469777,8658.316916488222,17779.13499998999,2097.37099999,2863.123,12818.640999999989,2878.713,14900.421999989989,16.19152450331032,2,0,0,30.0,24.0,36.0,1.0,0.0,0.0,0.0,2,0,0.0,0.0,0.0,1.0,0.0,1.0,1.0,0.0,0.0,0.0,0,0,0,0,0,0,0,5,0,2025,1,4,5,1,0,2,2,0,1,0.0,0,0,GRAVE_MORTALIDAD,2,4
0,1,0.2105205359103887,2,2,4,-12.090974073655154,-77.06673723684166,0,3,7,0,2,1,0,4,6543.555,2.0,-1,-1,1.0,0.4495936745003294,0.4495936745003294,1198.0,0.8339285469381142,80.46197140280118,57878.755888650965,7626.313,1683.4029999999998,1599.0829999999996,4343.827000000001,1814.875,5811.438000000001,23.7975414856432,1,0,1,54.0,54.0,54.0,1.0,0.0,0.0,0.0,1,0,0.0,0.0,1.0,0.0,0.0,0.0,1.0,0.0,0.0,0.0,1,1,1,1,0,0,0,11,1,2025,1,4,5,1,0,0,1,0,1,0.0,0,0,LEVE,0,0
6,1,0.0902701515484296,0,4,0,-13.0531993216957,-72.627867510286,0,4,0,0,7,-1,-1,2,6543.555,2.0,-1,-1,1.0,0.4495936745003294,0.4495936745003294,1198.0,0.4183383728297812,76.39884073986579,5045.957173447538,17779.13499998999,2097.37099999,2863.123,12818.640999999989,2878.713,14900.421999989989,16.19152450331032,1,0,0,25.0,25.0,25.0,1.0,0.0,0.0,1.0,1,0,0.0,0.0,0.0,0.0,1.0,0.0,0.0,0.0,1.0,0.0,1,1,1,1,0,0,0,19,3,2025,1,4,5,1,0,2,2,0,1,0.0,0,1,LEVE,0,4
4,1,0.0902701515484296,0,4,1,-13.534673,-71.9392,0,0,7,0,2,1,0,2,7586.903,2.0,5,2,1.0,0.340764331210191,0.067428069404788,1198.0,0.7389014524656411,77.12870395561643,61899.75802997858,17779.13499998999,2097.37099999,2863.123,12818.640999999989,2878.713,14900.421999989989,16.19152450331032,1,0,0,54.0,54.0,54.0,1.0,0.0,0.0,0.0,1,0,0.0,0.0,0.0,1.0,0.0,1.0,0.0,0.0,0.0,0.0,0,0,0,0,0,0,0,19,3,2025,1,4,5,1,0,2,1,0,1,0.0,0,0,GRAVE_LESIONADOS,1,4
0,1,0.2105205359103887,2,4,3,-12.03388265680954,-76.92836175940424,0,3,1,0,2,-1,-1,0,6543.555,2.0,-1,-1,1.0,0.4495936745003294,0.4495936745003294,1198.0,0.6868549636939637,79.62363164345142,684921.8484148846,7626.313,1683.4029999999998,1599.0829999999996,4343.827000000001,1814.875,5811.438000000001,23.7975414856432,1,0,1,54.0,54.0,54.0,1.0,0.0,0.0,0.0,1,0,0.0,0.0,0.0,1.0,1.0,0.0,0.0,0.0,0.0,0.0,1,1,1,1,0,0,0,22,3,2025,1,4,5,1,0,0,2,0,1,0.0,0,0,LEVE,0,0
6,1,0.0902701515484296,0,4,1,-14.3715556,-71.32525,0,4,0,0,2,-1,-1,2,203.87500000000009,1.0,5,1,0.0,0.340764331210191,0.1266198111135515,71.0,0.3335583800255638,64.76699777563081,1833.167023554604,17779.13499998999,2097.37099999,2863.123,12818.640999999989,2878.713,14900.421999989989,16.19152450331032,1,0,0,27.0,27.0,27.0,1.0,0.0,0.0,1.0,1,0,0.0,0.0,0.0,1.0,1.0,0.0,0.0,1.0,1.0,1.0,0,0,0,0,0,0,0,6,1,2025,1,5,6,1,0,2,2,0,1,0.0,0,0,LEVE,0,4
6,1,0.0902701515484296,0,4,1,-14.3715556,-71.32525,0,4,0,0,1,-1,-1,2,203.87500000000009,1.0,5,1,0.0,0.340764331210191,0.1266198111135515,71.0,0.3335583800255638,64.76699777563081,1833.167023554604,17779.13499998999,2097.37099999,2863.123,12818.640999999989,2878.713,14900.421999989989,16.19152450331032,1,0,0,27.0,27.0,27.0,1.0,0.0,0.0,0.0,1,0,0.0,0.0,0.0,1.0,1.0,0.0,0.0,1.0,1.0,1.0,0,0,0,0,0,0,0,6,1,2025,1,5,6,1,0,2,2,0,1,0.0,0,1,LEVE,0,4
10,1,0.0293213265978475,2,4,1,-6.039502,-77.06126,0,0,7,0,2,-1,-1,2,7758.33400008,2.0,5,2,1.0,0.340764331210191,0.0464528882055787,2133.0,0.5147882301210585,74.70882653725891,4267.862955032119,5645.136,815.0759999999999,965.298,3864.762,1013.406,4631.73,17.95184385283189,1,0,0,32.0,32.0,32.0,1.0,1.0,0.0,0.0,1,0,0.0,0.0,0.0,1.0,1.0,0.0,0.0,1.0,1.0,1.0,0,0,0,0,0,0,0,6,1,2025,1,5,6,1,0,1,2,0,1,0.0,0,0,LEVE,0,2
0,1,0.0766527564243356,2,4,0,-16.34086,-72.19509,7,0,0,0,2,0,1,0,6543.555,2.0,-1,-1,1.0,0.4495936745003294,0.4495936745003294,1198.0,0.6077843615696785,76.53072135400231,74658.55888650964,10322.272,1495.236,1749.739,7077.2970000000005,2886.595,7435.677000000001,27.964725207783708,0,0,1,37.0,33.0,40.0,1.0,0.0,0.0,0.0,1,0,0.0,0.0,0.0,0.0,1.0,0.0,0.0,0.0,1.0,0.0,1,1,1,1,1,1,1,15,2,2025,1,5,6,1,0,0,1,0,1,0.0,0,0,LEVE,0,4
6,1,0.0131781243136393,0,4,1,-8.5407504792,-77.211523416,0,4,7,0,1,-1,-1,5,1703.219,1.0,2,1,0.0,0.340764331210191,0.0008785416209092,247.0,0.3147536845962848,66.7597589865683,14485.197002141327,8209.057,1333.4779999999996,791.9770000000001,6083.602,1059.8589999999997,7149.198,12.910849565303296,1,0,0,40.0,40.0,40.0,1.0,0.0,0.0,0.0,1,0,0.0,1.0,0.0,0.0,0.0,0.0,1.0,0.0,0.0,0.0,0,0,0,0,0,0,0,2,0,2025,1,6,0,0,0,2,2,0,1,0.0,0,1,GRAVE_MORTALIDAD,2,22
1,1,0.0902701515484296,2,4,1,-13.5276956191727,-71.9898821413213,0,0,7,0,2,1,0,2,7586.903,2.0,5,2,1.0,0.340764331210191,0.067428069404788,1198.0,0.6348954939297919,77.6245715059073,94654.62312633834,17779.13499998999,2097.37099999,2863.123,12818.640999999989,2878.713,14900.421999989989,16.19152450331032,1,0,1,46.0,46.0,46.0,1.0,0.0,1.0,1.0,1,0,0.0,0.0,0.0,1.0,0.0,1.0,0.0,0.0,1.0,0.0,0,0,0,0,0,0,0,9,1,2025,1,6,0,0,0,2,1,0,1,0.0,0,0,LEVE,0,4
3,2,0.0902701515484296,2,4,1,-13.4684825769354,-72.137045716238,0,0,7,0,2,-1,-1,2,7586.903,2.0,5,2,1.0,0.340764331210191,0.067428069404788,1198.0,0.4461630003962475,73.21502670801013,18328.770877944324,17779.13499998999,2097.37099999,2863.123,12818.640999999989,2878.713,14900.421999989989,16.19152450331032,2,0,0,49.5,31.0,68.0,1.0,0.0,0.0,1.0,2,0,0.0,0.0,0.0,1.0,1.0,0.0,1.0,0.0,1.0,0.0,0,0,0,0,0,0,0,14,2,2025,1,6,0,0,0,2,2,0,1,0.0,0,0,LEVE,0,4
6,1,0.0902701515484296,0,4,2,-13.0676697068969,-72.0656557849802,0,4,7,0,1,-1,-1,2,6543.555,2.0,-1,-1,1.0,0.4495936745003294,0.4495936745003294,1198.0,0.2310138329166804,69.70483973976968,5501.668094218416,17779.13499998999,2097.37099999,2863.123,12818.640999999989,2878.713,14900.421999989989,16.19152450331032,1,0,0,54.0,54.0,54.0,1.0,1.0,0.0,0.0,1,0,0.0,0.0,0.0,1.0,1.0,0.0,0.0,1.0,1.0,1.0,1,1,1,1,0,0,0,18,3,2025,1,6,0,0,0,2,2,0,1,0.0,0,1,LEVE,0,4
0,1,0.0766527564243356,0,4,1,-16.40553,-72.22581,0,4,7,0,2,0,1,0,6639.975,2.0,5,2,1.0,0.340764331210191,0.074236766966835,1616.0,0.6077843615696785,76.53072135400231,74658.55888650964,10322.272,1495.236,1749.739,7077.2970000000005,2886.595,7435.677000000001,27.964725207783708,0,0,1,37.0,33.0,40.0,1.0,0.0,0.0,0.0,1,1,1.0,0.0,0.0,0.0,0.0,0.0,0.0,0.0,0.0,1.0,0,0,0,0,1,1,1,23,3,2025,1,6,0,0,0,0,1,0,1,0.0,0,0,LEVE,0,4
3,1,0.0902701515484296,0,4,1,-13.5380595449706,-72.520106187488,0,4,7,0,2,-1,-1,2,7586.903,2.0,5,2,1.0,0.340764331210191,0.067428069404788,1198.0,0.4039638292503104,73.01962146656598,2500.27408993576,17779.13499998999,2097.37099999,2863.123,12818.640999999989,2878.713,14900.421999989989,16.19152450331032,2,0,0,45.0,36.0,54.0,1.0,0.0,0.0,0.0,2,0,0.0,1.0,0.0,1.0,0.0,1.0,1.0,0.0,0.0,0.0,0,0,0,0,0,0,0,6,1,2025,1,7,1,0,0,2,2,0,1,0.0,0,0,LEVE,0,4
0,1,0.2105205359103887,2,2,4,-12.042161710353668,-77.04315979132093,0,0,7,0,2,-1,-1,4,6543.555,2.0,-1,-1,1.0,0.4495936745003294,0.4495936745003294,1198.0,0.7646845961658533,80.23682119426338,250806.0877944326,7626.313,1683.4029999999998,1599.0829999999996,4343.827000000001,1814.875,5811.438000000001,23.7975414856432,1,0,1,34.0,34.0,34.0,1.0,0.0,0.0,0.0,1,0,0.0,0.0,0.0,0.0,0.0,0.0,1.0,0.0,1.0,0.0,1,1,1,1,0,0,0,7,1,2025,1,7,1,0,0,0,2,0,1,0.0,0,0,LEVE,0,0
3,3,0.0497474192839885,0,4,1,-5.550354,-80.818554,0,4,7,0,2,-1,-1,0,453.9549999999999,2.0,5,1,0.0,0.340764331210191,0.1266198111135515,133.0,0.4860724693701166,72.15814961491549,48691.10064239828,8965.846000060003,1782.4120000599992,636.9959999999999,6546.438000000004,2214.505000059999,6751.341000000004,24.699342371541725,3,0,0,56.66666666666666,42.0,70.0,1.0,0.0,0.0,0.0,3,0,0.0,0.0,1.0,1.0,1.0,0.0,1.0,0.0,1.0,0.0,0,0,0,0,0,0,0,11,1,2025,1,7,1,0,0,0,2,0,1,0.0,0,0,LEVE,0,3
0,1,0.2105205359103887,2,2,4,-12.023156480367572,-76.96511496545861,0,0,1,0,2,-1,-1,0,6543.555,2.0,-1,-1,1.0,0.4495936745003294,0.4495936745003294,1198.0,0.701053025277506,79.62867561460851,1150285.0494171206,7626.313,1683.4029999999998,1599.0829999999996,4343.827000000001,1814.875,5811.438000000001,23.7975414856432,1,0,1,35.0,35.0,35.0,1.0,0.0,0.0,0.0,1,0,0.0,1.0,0.0,0.0,0.0,0.0,1.0,0.0,0.0,0.0,1,1,1,1,0,0,0,11,1,2025,1,7,1,0,0,0,2,0,1,0.0,0,0,LEVE,0,0
1,1,0.0902701515484296,0,4,1,-14.19784,-71.320042,0,1,7,0,2,-1,-1,2,7586.903,2.0,5,2,1.0,0.340764331210191,0.067428069404788,1198.0,0.3429990955037023,73.73981737249511,4044.237687366168,17779.13499998999,2097.37099999,2863.123,12818.640999999989,2878.713,14900.421999989989,16.19152450331032,1,1,1,37.0,33.0,40.0,0.0,0.0,0.0,0.0,1,1,1.0,0.0,0.0,0.0,0.0,0.0,0.0,0.0,0.0,1.0,0,0,0,0,1,1,1,12,2,2025,1,7,1,0,0,2,2,0,1,1.0,0,0,LEVE,0,4
1,1,0.0597408302218317,0,4,1,-6.543665,-78.705535,2,4,7,1,2,1,0,0,9936.932,2.0,5,2,1.0,0.340764331210191,0.1266198111135515,3830.0,0.3305799940760894,71.82871391566232,10312.132762312636,15935.565011852366,1733.9250000199986,935.692,13265.948011832368,2000.1670000199988,13935.398011832369,12.551591352627522,1,1,1,37.0,33.0,40.0,0.0,0.0,0.0,0.0,1,1,1.0,0.0,0.0,0.0,0.0,0.0,0.0,0.0,0.0,1.0,0,0,0,0,1,1,1,22,3,2025,1,7,1,0,0,2,1,0,1,1.0,0,0,LEVE,0,1
10,1,0.0766527564243356,0,4,1,-16.693724,-71.870564,0,3,7,0,2,1,1,0,6639.975,2.0,5,2,1.0,0.340764331210191,0.074236766966835,1616.0,0.6105481451420971,78.10653088113892,35025.678800856535,10322.272,1495.236,1749.739,7077.2970000000005,2886.595,7435.677000000001,27.964725207783708,1,0,0,23.0,23.0,23.0,1.0,1.0,0.0,0.0,1,0,0.0,0.0,0.0,1.0,1.0,0.0,0.0,0.0,1.0,0.0,0,0,0,0,0,0,0,22,3,2025,1,7,1,0,0,0,2,0,1,0.0,0,0,LEVE,0,4
0,1,0.0139468482319349,0,4,1,-3.514474845190771,-80.31997737947555,0,4,7,0,2,-1,-1,4,6543.555,3.0,5,2,1.0,0.1133318690972984,0.1133318690972984,1475.0,0.506393213976091,71.09604779417722,5253.152034261242,1009.101,138.47399999999996,287.471,583.156,276.972,732.129,27.447401201663663,1,0,1,63.0,63.0,63.0,1.0,0.0,0.0,0.0,1,0,0.0,0.0,1.0,0.0,0.0,1.0,0.0,0.0,0.0,0.0,0,0,0,0,0,0,0,5,0,2025,1,8,2,0,0,0,2,1,1,0.0,0,0,LEVE,0,13
3,2,0.0933450472216121,0,4,2,-8.421529391820037,-78.75230385956986,0,4,7,0,2,-1,-1,0,6543.555,2.0,-1,-1,1.0,0.4495936745003294,0.4495936745003294,1198.0,0.5051395598219868,77.13285387085847,67612.41755888652,8931.828000000005,1335.5899999999997,1935.9830000000004,5660.255000000005,1219.309,7712.519000000005,13.651281686122925,2,0,0,37.0,35.0,39.0,1.0,0.0,0.0,0.0,2,0,0.0,1.0,0.0,1.0,1.0,0.0,1.0,1.0,0.0,0.0,1,1,1,1,0,0,0,19,3,2025,1,8,2,0,0,0,2,0,1,0.0,0,0,LEVE,0,1
0,1,0.2105205359103887,0,4,1,-11.6083912,-77.2175561,0,1,1,0,2,1,1,0,6543.555,3.0,5,2,1.0,0.1133318690972984,0.1133318690972984,1475.0,0.606011890732538,79.10580202061365,20981.39186295503,7626.313,1683.4029999999998,1599.0829999999996,4343.827000000001,1814.875,5811.438000000001,23.7975414856432,0,0,2,37.0,33.0,40.0,1.0,0.0,0.0,0.0,1,0,0.0,0.0,0.0,1.0,0.0,1.0,0.0,0.0,0.0,0.0,0,0,0,0,1,1,1,19,3,2025,1,8,2,0,0,0,2,1,1,0.0,0,0,GRAVE_MORTALIDAD,2,0
6,1,0.0597408302218317,2,4,1,-7.524396,-78.147494,0,0,0,0,2,-1,-1,2,9936.932,2.0,5,2,1.0,0.340764331210191,0.1266198111135515,3830.0,0.2517980913588912,79.04120044279121,13301.858672376871,15935.565011852366,1733.9250000199986,935.692,13265.948011832368,2000.1670000199988,13935.398011832369,12.551591352627522,1,0,0,23.0,23.0,23.0,1.0,0.0,0.0,1.0,1,0,0.0,0.0,0.0,1.0,1.0,0.0,0.0,0.0,1.0,0.0,0,0,0,0,0,0,0,20,3,2025,1,8,2,0,0,2,2,0,1,0.0,0,0,LEVE,0,1
6,1,0.0213046343070502,0,4,2,-13.370327,-73.90041,0,4,0,1,1,-1,-1,2,6543.555,2.0,-1,-1,1.0,0.4495936745003294,0.4495936745003294,1198.0,0.2301276524254768,69.17262093358879,5819.244111349037,12678.733000000004,1805.074000000001,1774.0339999999994,9099.625000000004,2485.375000000001,10193.358000000002,19.602707936195205,1,0,0,35.0,35.0,35.0,1.0,0.0,1.0,1.0,1,0,0.0,0.0,0.0,0.0,0.0,0.0,1.0,0.0,0.0,0.0,1,1,1,1,0,0,0,21,3,2025,1,8,2,0,0,2,2,0,1,0.0,1,1,GRAVE_MORTALIDAD,2,4
6,1,0.2105205359103887,2,2,4,-12.284073708732857,-76.86337971399395,0,2,7,0,2,-1,-1,0,6543.555,2.0,-1,-1,1.0,0.4495936745003294,0.4495936745003294,1198.0,0.6909236767275176,78.41626133969348,95908.53319057816,7626.313,1683.4029999999998,1599.0829999999996,4343.827000000001,1814.875,5811.438000000001,23.7975414856432,1,0,0,23.0,23.0,23.0,1.0,1.0,0.0,0.0,1,0,0.0,0.0,0.0,1.0,1.0,0.0,0.0,0.0,0.0,0.0,1,1,1,1,0,0,0,22,3,2025,1,8,2,0,0,0,2,0,1,0.0,0,0,LEVE,0,0
6,1,0.0193279156600043,0,4,1,-12.39773241738,-75.0504625881299,0,4,7,0,2,1,0,0,7586.903,2.0,5,2,1.0,0.340764331210191,0.067428069404788,1198.0,0.3197508632812603,73.35600919181914,3265.2034261241965,8511.426,1445.3929999999996,2008.516,5057.516999999999,1879.579,6631.846999999998,22.08300935706896,1,0,0,47.0,47.0,47.0,1.0,1.0,0.0,0.0,1,0,0.0,0.0,0.0,1.0,0.0,1.0,0.0,0.0,0.0,0.0,0,0,0,0,0,0,0,10,1,2025,1,9,3,0,0,2,1,0,1,0.0,0,0,GRAVE_MORTALIDAD,2,4
6,1,0.0193279156600043,0,4,0,-12.967431,-74.713102,0,4,7,0,2,1,0,0,6543.555,2.0,-1,-1,1.0,0.4495936745003294,0.4495936745003294,1198.0,0.3648777342527826,72.61386206398959,24733.083511777302,8511.426,1445.3929999999996,2008.516,5057.516999999999,1879.579,6631.846999999998,22.08300935706896,1,0,0,47.0,47.0,47.0,1.0,1.0,0.0,0.0,1,0,0.0,0.0,0.0,1.0,0.0,1.0,0.0,0.0,1.0,0.0,1,1,1,1,0,0,0,10,1,2025,1,10,4,0,0,2,1,0,1,0.0,0,0,LEVE,0,4
6,1,0.0597408302218317,0,4,0,-7.471807,-78.534956,5,4,7,1,7,-1,-1,2,6543.555,2.0,-1,-1,1.0,0.4495936745003294,0.4495936745003294,1198.0,0.1913741190087475,72.16457305341952,6877.021413276232,15935.565011852366,1733.9250000199986,935.692,13265.948011832368,2000.1670000199988,13935.398011832369,12.551591352627522,1,0,0,52.0,52.0,52.0,1.0,0.0,0.0,1.0,1,0,0.0,0.0,0.0,1.0,0.0,1.0,0.0,1.0,1.0,1.0,1,1,1,1,0,0,0,1,0,2025,1,11,5,1,0,2,2,0,1,0.0,0,1,GRAVE_MORTALIDAD,2,1
3,2,0.0933450472216121,0,4,1,-7.419061555000607,-79.5350589325773,0,4,7,0,2,-1,-1,0,6543.555,3.0,5,2,1.0,0.1133318690972984,0.1133318690972984,1475.0,0.6138517538553948,80.84826225715301,16852.97430406852,8931.828000000005,1335.5899999999997,1935.9830000000004,5660.255000000005,1219.309,7712.519000000005,13.651281686122925,2,0,0,39.0,30.0,48.0,1.0,1.0,0.0,0.0,2,0,0.0,1.0,0.0,1.0,1.0,0.0,1.0,1.0,0.0,1.0,0,0,0,0,0,0,0,6,1,2025,1,11,5,1,0,0,2,1,1,0.0,0,0,LEVE,0,1