CLASE SINIESTRO,CANTIDAD DE VEHICULOS DAÑADOS,DEPARTAMENTO,ZONA,TIPO DE VÍA,RED VIAL,COORDENADAS LATITUD,COORDENADAS  LONGITUD,CONDICIÓN CLIMÁTICA,ZONIFICACIÓN,CARACTERÍSTICAS DE VÍA,PERFIL LONGITUDINAL VÍA,SUPERFICIE DE CALZADA,¿EXISTE SEÑAL VERTICAL?,¿EXISTE SEÑAL HORIZONTAL?,CAUSA FACTOR PRINCIPAL,MTC_RVN_LONGITUD_KM,MTC_RVN_N_CARRILES_MEDIANA,MTC_RVN_SUPERFICIE_DOMINANTE,MTC_RVN_ESTADO_DOMINANTE,MTC_RVN_ES_CONCESIONADA,MTC_RVN_CONCESION_PRINCIPAL,MTC_RVN_CORREDOR_LOGISTICO,MTC_RVN_N_TRAMOS,IDH_2019,IDH_ESP_VIDA_2019,IDH_POBLACION_2019,MTC_DEP_RED_TOTAL_KM,MTC_DEP_NACIONAL_TOTAL_KM,MTC_DEP_DEPARTAMENTAL_TOTAL_KM,MTC_DEP_VECINAL_TOTAL_KM,MTC_DEP_PAV_TOTAL_KM,MTC_DEP_NO_PAV_TOTAL_KM,MTC_DEP_PCT_PAVIMENTADA,PER_N_CONDUCTORES,PER_N_CONDUCTORES_FUGADOS,PER_N_PEATONES,PER_EDAD_COND_PROM,PER_EDAD_COND_MIN,PER_EDAD_COND_MAX,PER_ANY_COND_MASCULINO,PER_ANY_LIC_PROBLEMA,PER_ANY_DOSAJE_POS,PER_ANY_DOSAJE_EVALUADO,VEH_TOTAL,VEH_N_FUGADOS,VEH_ANY_FUGADO,VEH_ANY_CARGA,VEH_ANY_PUBLICO,VEH_ANY_PARTICULAR,VEH_ANY_MOTO,VEH_ANY_AUTO,VEH_ANY_CAMION_BUS,VEH_ANY_SOAT_PROBLEMA,VEH_ANY_CITV_PROBLEMA,VEH_ANY_SEGURO_PROBLEMA,MTC_RVN_LONGITUD_KM_ERA_NULO,MTC_RVN_N_CARRILES_MEDIANA_ERA_NULO,MTC_RVN_ES_CONCESIONADA_ERA_NULO,MTC_RVN_N_TRAMOS_ERA_NULO,PER_EDAD_COND_PROM_ERA_NULO,PER_EDAD_COND_MIN_ERA_NULO,PER_EDAD_COND_MAX_ERA_NULO,HORA_NUM,FRANJA_HORARIA,ANIO,MES,DIA_MES,DIA_SEMANA,ES_FIN_SEMANA,ES_QUINCENA,REGION_NATURAL,NIVEL_SEÑALIZACION_ORD,ES_VIA_MULTICARRIL,ES_DEPTO_BAJO_PAVIMENTO,RATIO_CONDUCTORES_FUGADOS,ES_CURVA_Y_PENDIENTE,ES_VIA_NO_PAVIMENTADA,CATEGORIA_SEVERIDAD,CATEGORIA_SEVERIDAD_ENC,CLUSTER
6,1,0.0193279156600043,0,4,2,-12.2376523522364,-74.9687394893111,0,4,7,0,7,-1,-1,0,6543.555,2.0,-1,-1,1.0,0.4495936745003294,0.4495936745003294,1198.0,0.2778374067164198,76.3467601260823,5514.537473233406,8511.426,1445.3929999999996,2008.516,5057.516999999999,1879.579,6631.846999999998,22.08300935706896,1,0,0,23.0,23.0,23.0,1.0,0.0,0.0,0.0,1,0,0.0,0.0,0.0,1.0,0.0,0.0,1.0,0.0,0.0,0.0,1,1,1,1,0,0,0,9,1,2025,4,4,4,0,0,2,2,0,1,0.0,0,1,LEVE,0,4
3,2,0.0213046343070502,0,4,1,-13.4198097257978,-73.8956944727291,0,4,0,0,2,1,0,2,7586.903,2.0,5,2,1.0,0.340764331210191,0.067428069404788,1198.0,0.2301276524254768,69.17262093358879,5819.244111349037,12678.733000000004,1805.074000000001,1774.0339999999994,9099.625000000004,2485.375000000001,10193.358000000002,19.602707936195205,2,0,0,32.0,22.0,42.0,1.0,1.0,1.0,1.0,2,0,0.0,0.0,0.0,1.0,1.0,1.0,0.0,0.0,1.0,0.0,0,0,0,0,0,0,0,18,3,2025,4,4,4,0,0,2,1,0,1,0.0,0,0,LEVE,0,4
3,1,0.0766527564243356,2,2,4,-16.380383,-72.198597,0,3,1,0,2,1,1,0,6543.555,2.0,-1,-1,1.0,0.4495936745003294,0.4495936745003294,1198.0,0.6077843615696785,76.53072135400231,74658.55888650964,10322.272,1495.236,1749.739,7077.2970000000005,2886.595,7435.677000000001,27.964725207783708,2,0,0,32.0,26.0,38.0,1.0,1.0,0.0,1.0,2,0,0.0,1.0,1.0,0.0,1.0,0.0,1.0,0.0,1.0,0.0,1,1,1,1,0,0,0,8,1,2025,4,5,5,1,0,0,2,0,1,0.0,0,0,GRAVE_LESIONADOS,1,4
6,1,0.0597408302218317,0,4,2,-6.665888,-78.332336,0,4,0,1,3,-1,-1,0,6543.555,2.0,-1,-1,1.0,0.4495936745003294,0.4495936745003294,1198.0,0.1945762573857959,72.39677943595696,9191.541755888651,15935.565011852366,1733.9250000199986,935.692,13265.948011832368,2000.1670000199988,13935.398011832369,12.551591352627522,1,0,0,27.0,27.0,27.0,1.0,1.0,0.0,1.0,1,0,0.0,1.0,0.0,0.0,1.0,0.0,0.0,1.0,1.0,1.0,1,1,1,1,0,0,0,10,1,2025,4,5,5,1,0,2,2,0,1,0.0,1,1,GRAVE_LESIONADOS,1,1
6,1,0.2105205359103887,0,4,1,-11.5552925,-77.2709639,6,5,6,-1,6,-1,-1,0,6543.555,3.0,5,2,1.0,0.1133318690972984,0.1133318690972984,1475.0,0.6328991168419597,79.8522840328396,65701.61456102783,7626.313,1683.4029999999998,1599.0829999999996,4343.827000000001,1814.875,5811.438000000001,23.7975414856432,1,0,0,31.0,31.0,31.0,1.0,1.0,0.0,0.0,1,0,0.0,0.0,0.0,1.0,1.0,0.0,0.0,1.0,1.0,1.0,0,0,0,0,0,0,0,4,0,2025,4,6,6,1,0,0,2,1,1,0.0,0,0,LEVE,0,0
3,2,0.0293213265978475,0,4,1,-6.100706,-76.858954,7,4,0,1,2,-1,-1,1,7758.33400008,2.0,5,2,1.0,0.340764331210191,0.0464528882055787,2133.0,0.3492524985551798,73.87945975179423,16120.93790149893,5645.136,815.0759999999999,965.298,3864.762,1013.406,4631.73,17.95184385283189,2,0,0,33.5,19.0,48.0,1.0,1.0,0.0,0.0,2,0,0.0,0.0,0.0,1.0,1.0,1.0,0.0,0.0,1.0,0.0,0,0,0,0,0,0,0,11,1,2025,4,6,6,1,0,1,2,0,1,0.0,1,0,LEVE,0,2
3,3,0.2105205359103887,0,4,1,-11.5519824,-77.2641056,0,4,7,0,2,-1,-1,0,48.79,2.0,5,2,1.0,0.0006589062156819,0.0024159894575005,19.0,0.6328991168419597,79.8522840328396,65701.61456102783,7626.313,1683.4029999999998,1599.0829999999996,4343.827000000001,1814.875,5811.438000000001,23.7975414856432,3,0,0,69.66666666666667,68.0,71.0,1.0,1.0,0.0,1.0,3,0,0.0,0.0,1.0,1.0,1.0,1.0,1.0,0.0,1.0,0.0,0,0,0,0,0,0,0,8,1,2025,4,7,0,0,0,0,2,0,1,0.0,0,0,LEVE,0,0
0,1,0.0213046343070502,2,4,1,-13.1906963669891,-74.2009152255625,0,3,0,1,2,1,0,2,7586.903,2.0,5,2,1.0,0.340764331210191,0.067428069404788,1198.0,0.5434028420964154,74.57852402616055,55908.47323340471,12678.733000000004,1805.074000000001,1774.0339999999994,9099.625000000004,2485.375000000001,10193.358000000002,19.602707936195205,1,0,1,68.0,68.0,68.0,1.0,0.0,0.0,1.0,1,0,0.0,0.0,0.0,1.0,0.0,0.0,1.0,0.0,0.0,0.0,0,0,0,0,0,0,0,17,2,2025,4,8,1,0,0,2,1,0,1,0.0,1,0,LEVE,0,4
8,0,0.0902701515484296,0,7,4,-13.271591967212144,-72.22043566499373,0,4,7,1,3,-1,-1,2,6543.555,2.0,-1,-1,1.0,0.4495936745003294,0.4495936745003294,1198.0,0.4436910265814239,73.23231952981627,11277.284796573877,17779.13499998999,2097.37099999,2863.123,12818.640999999989,2878.713,14900.421999989989,16.19152450331032,1,0,0,63.0,63.0,63.0,1.0,0.0,0.0,0.0,1,0,0.0,0.0,0.0,0.0,0.0,0.0,0.0,0.0,0.0,0.0,1,1,1,1,0,0,0,20,3,2025,4,8,1,0,0,2,2,0,1,0.0,0,1,LEVE,0,4
1,1,0.2105205359103887,0,4,1,-11.5646857,-77.2651276,0,4,7,0,2,1,1,0,6543.555,3.0,5,2,1.0,0.1133318690972984,0.1133318690972984,1475.0,0.6328991168419597,79.8522840328396,65701.61456102783,7626.313,1683.4029999999998,1599.0829999999996,4343.827000000001,1814.875,5811.438000000001,23.7975414856432,1,1,1,37.0,33.0,40.0,0.0,0.0,0.0,0.0,1,1,1.0,0.0,0.0,0.0,0.0,0.0,0.0,0.0,0.0,1.0,0,0,0,0,1,1,1,23,3,2025,4,9,2,0,0,0,2,1,1,1.0,0,0,LEVE,0,0
0,1,0.0318471337579617,2,4,1,-9.32486316564175,-77.6037375127407,0,4,9,0,2,-1,-1,0,9936.932,2.0,5,2,1.0,0.340764331210191,0.1266198111135515,3830.0,0.4161630303068592,82.13569226632181,9466.338329764452,10767.648,1885.0630000000003,1222.721,7659.864000000001,2100.343,8667.305000000002,19.506051832303577,1,0,1,42.0,42.0,42.0,1.0,0.0,1.0,1.0,1,0,0.0,0.0,0.0,1.0,0.0,0.0,1.0,0.0,1.0,0.0,0,0,0,0,0,0,0,6,1,2025,4,10,3,0,0,0,2,0,1,0.0,0,0,LEVE,0,20
6,1,0.0902701515484296,0,4,1,-15.174107,-71.166016,0,4,0,0,2,-1,-1,2,568.5409999999999,1.0,5,1,0.0,0.340764331210191,0.0057105205359103,93.0,0.3491291336434085,68.34579473193322,1114.627408993576,17779.13499998999,2097.37099999,2863.123,12818.640999999989,2878.713,14900.421999989989,16.19152450331032,1,0,0,33.0,33.0,33.0,1.0,0.0,0.0,0.0,1,0,0.0,0.0,0.0,1.0,0.0,1.0,0.0,0.0,0.0,0.0,0,0,0,0,0,0,0,14,2,2025,4,10,3,0,0,2,2,0,1,0.0,0,0,GRAVE_LESIONADOS,1,4
0,1,0.2105205359103887,2,2,4,-11.4973717,-77.2090798,0,1,1,0,2,1,1,0,6543.555,2.0,-1,-1,1.0,0.4495936745003294,0.4495936745003294,1198.0,0.6447048661877788,79.92873744030881,104439.11563169166,7626.313,1683.4029999999998,1599.0829999999996,4343.827000000001,1814.875,5811.438000000001,23.7975414856432,1,0,1,32.0,32.0,32.0,1.0,1.0,1.0,1.0,1,0,0.0,0.0,0.0,1.0,1.0,0.0,0.0,0.0,1.0,0.0,1,1,1,1,0,0,0,18,3,2025,4,10,3,0,0,0,2,0,1,0.0,0,0,LEVE,0,0
6,1,0.0766527564243356,0,4,1,-16.42505,-72.25803,0,4,7,0,2,0,1,0,6639.975,2.0,5,2,1.0,0.340764331210191,0.074236766966835,1616.0,0.6077843615696785,76.53072135400231,74658.55888650964,10322.272,1495.236,1749.739,7077.2970000000005,2886.595,7435.677000000001,27.964725207783708,1,0,0,33.0,33.0,33.0,1.0,0.0,0.0,1.0,1,0,0.0,0.0,0.0,1.0,0.0,1.0,0.0,0.0,0.0,0.0,0,0,0,0,0,0,0,10,1,2025,4,11,4,0,0,0,1,0,1,0.0,0,0,GRAVE_MORTALIDAD,2,4
6,1,0.0597408302218317,0,4,1,-7.226349,-78.822903,0,4,7,0,2,-1,-1,0,887.28,2.0,5,2,1.0,0.0133977597188666,0.0065890621568196,155.0,0.5294503947944683,73.66048171208529,2245.513918629551,15935.565011852366,1733.9250000199986,935.692,13265.948011832368,2000.1670000199988,13935.398011832369,12.551591352627522,1,0,0,22.0,22.0,22.0,1.0,0.0,0.0,1.0,1,0,0.0,0.0,0.0,1.0,1.0,0.0,0.0,1.0,1.0,1.0,0,0,0,0,0,0,0,17,2,2025,4,12,5,1,0,2,2,0,1,0.0,0,0,LEVE,0,1
10,1,0.0902701515484296,0,4,1,-14.5544600132645,-71.9203460256972,0,4,7,0,1,-1,-1,2,1780.161,1.0,-1,1,0.0,0.340764331210191,0.1266198111135515,490.0,0.4670263153502933,65.5237709552973,9065.880085653103,17779.13499998999,2097.37099999,2863.123,12818.640999999989,2878.713,14900.421999989989,16.19152450331032,1,0,0,19.0,19.0,19.0,1.0,1.0,0.0,0.0,1,0,0.0,0.0,0.0,1.0,1.0,0.0,0.0,1.0,1.0,1.0,0,0,0,0,0,0,0,20,3,2025,4,13,6,1,0,2,2,0,1,0.0,0,1,GRAVE_MORTALIDAD,2,4
3,2,0.0597408302218317,0,4,1,-7.071712,-78.9544799,0,4,0,1,2,-1,-1,0,6543.555,3.0,5,2,1.0,0.1133318690972984,0.1133318690972984,1475.0,0.3979651512756699,73.10247113897354,14086.278372591009,15935.565011852366,1733.9250000199986,935.692,13265.948011832368,2000.1670000199988,13935.398011832369,12.551591352627522,2,0,0,34.5,21.0,48.0,1.0,1.0,0.0,1.0,2,0,0.0,0.0,0.0,1.0,1.0,0.0,0.0,1.0,1.0,1.0,0,0,0,0,0,0,0,6,1,2025,4,14,0,0,0,2,2,1,1,0.0,1,0,LEVE,0,1
6,1,0.0902701515484296,0,4,0,-14.44683,-72.075008,0,4,0,0,1,-1,-1,2,6543.555,2.0,-1,-1,1.0,0.4495936745003294,0.4495936745003294,1198.0,0.339323744940919,67.8567694463257,24527.03426124197,17779.13499998999,2097.37099999,2863.123,12818.640999999989,2878.713,14900.421999989989,16.19152450331032,1,0,0,52.0,52.0,52.0,1.0,1.0,0.0,0.0,1,0,0.0,0.0,0.0,1.0,1.0,0.0,0.0,1.0,1.0,1.0,1,1,1,1,0,0,0,10,1,2025,4,15,1,0,1,2,2,0,1,0.0,0,1,LEVE,0,4
1,1,0.0902701515484296,2,2,4,-13.520023,-71.972141,0,0,7,0,4,-1,-1,2,6543.555,2.0,-1,-1,1.0,0.4495936745003294,0.4495936745003294,1198.0,0.7389014524656411,77.12870395561643,61899.75802997858,17779.13499998999,2097.37099999,2863.123,12818.640999999989,2878.713,14900.421999989989,16.19152450331032,1,1,1,37.0,33.0,40.0,0.0,0.0,0.0,0.0,1,1,1.0,0.0,0.0,0.0,0.0,0.0,0.0,0.0,0.0,1.0,1,1,1,1,1,1,1,15,2,2025,4,15,1,0,1,2,2,0,1,1.0,0,0,LEVE,0,4
6,1,0.0193279156600043,0,4,1,-12.674205247125562,-74.5931337723548,0,4,7,0,7,-1,-1,0,7586.903,2.0,5,2,1.0,0.340764331210191,0.067428069404788,1198.0,0.2669869704035935,67.31900861264701,6301.164882226981,8511.426,1445.3929999999996,2008.516,5057.516999999999,1879.579,6631.846999999998,22.08300935706896,1,0,0,29.0,29.0,29.0,1.0,0.0,0.0,0.0,1,0,0.0,0.0,0.0,1.0,0.0,0.0,1.0,0.0,0.0,0.0,0,0,0,0,0,0,0,19,3,2025,4,15,1,0,1,2,2,0,1,0.0,0,1,GRAVE_MORTALIDAD,2,4
3,2,0.0213046343070502,0,4,0,-12.987883,-73.98542,0,4,0,0,2,-1,-1,2,6543.555,2.0,-1,-1,1.0,0.4495936745003294,0.4495936745003294,1198.0,0.3320448174461976,76.07070288737705,9097.079229122057,12678.733000000004,1805.074000000001,1774.0339999999994,9099.625000000004,2485.375000000001,10193.358000000002,19.602707936195205,2,0,0,31.5,31.0,32.0,1.0,1.0,0.0,1.0,2,0,0.0,0.0,0.0,1.0,0.0,1.0,1.0,0.0,1.0,0.0,1,1,1,1,0,0,0,7,1,2025,4,16,2,0,1,2,2,0,1,0.0,0,0,GRAVE_LESIONADOS,1,4
3,1,0.0766527564243356,0,4,1,-15.88421,-71.1601,5,4,7,0,2,0,1,0,1504.4250000000002,2.0,5,2,1.0,0.0252580716011421,0.0230617175488688,241.0,0.4498224071382834,81.63336343193146,1358.612419700214,10322.272,1495.236,1749.739,7077.2970000000005,2886.595,7435.677000000001,27.964725207783708,2,0,0,45.5,39.0,52.0,1.0,0.0,0.0,0.0,2,0,0.0,1.0,0.0,1.0,0.0,0.0,1.0,0.0,0.0,0.0,0,0,0,0,0,0,0,6,1,2025,4,18,4,0,1,0,1,0,1,0.0,0,0,LEVE,0,4
0,1,0.0766527564243356,0,4,3,-16.5798727686942,-71.9349128013153,0,4,7,0,7,-1,-1,0,6543.555,2.0,-1,-1,1.0,0.4495936745003294,0.4495936745003294,1198.0,0.6455852322566902,78.58826324858522,2628.282655246253,10322.272,1495.236,1749.739,7077.2970000000005,2886.595,7435.677000000001,27.964725207783708,1,0,1,34.0,34.0,34.0,1.0,0.0,0.0,1.0,1,0,0.0,1.0,0.0,0.0,0.0,0.0,1.0,1.0,0.0,0.0,1,1,1,1,0,0,0,18,3,2025,4,18,4,0,1,0,2,0,1,0.0,0,1,LEVE,0,4
6,1,0.0318471337579617,2,4,3,-9.536849377678784,-77.15973429242257,0,4,7,0,2,-1,-1,0,6543.555,2.0,-1,-1,1.0,0.4495936745003294,0.4495936745003294,1198.0,0.5466010705537504,75.4454210513517,16661.132762312634,10767.648,1885.0630000000003,1222.721,7659.864000000001,2100.343,8667.305000000002,19.506051832303577,1,0,0,30.0,30.0,30.0,1.0,1.0,0.0,0.0,1,0,0.0,0.0,0.0,1.0,1.0,0.0,0.0,1.0,1.0,1.0,1,1,1,1,0,0,0,1,0,2025,4,19,5,1,1,0,2,0,1,0.0,0,0,LEVE,0,1
6,1,0.0902701515484296,0,4,0,-13.312484,-73.282705,0,4,0,0,7,-1,-1,1,6543.555,2.0,-1,-1,1.0,0.4495936745003294,0.4495936745003294,1198.0,0.302350520347279,77.51137080866397,3516.0,17779.13499998999,2097.37099999,2863.123,12818.640999999989,2878.713,14900.421999989989,16.19152450331032,1,0,0,20.0,20.0,20.0,1.0,1.0,0.0,1.0,1,0,0.0,0.0,0.0,1.0,1.0,0.0,0.0,0.0,0.0,0.0,1,1,1,1,0,0,0,10,1,2025,4,20,6,1,1,2,2,0,1,0.0,0,1,LEVE,0,4
6,1,0.0902701515484296,0,4,3,-13.521432,-72.003805,0,4,7,0,1,-1,-1,2,6543.555,2.0,-1,-1,1.0,0.4495936745003294,0.4495936745003294,1198.0,0.659083927657813,75.61465237849653,122604.71092077089,17779.13499998999,2097.37099999,2863.123,12818.640999999989,2878.713,14900.421999989989,16.19152450331032,1,0,0,47.0,47.0,47.0,1.0,0.0,0.0,0.0,1,0,0.0,0.0,0.0,1.0,0.0,1.0,0.0,0.0,0.0,0.0,1,1,1,1,0,0,0,13,2,2025,4,20,6,1,1,2,2,0,1,0.0,0,1,LEVE,0,4
3,1,0.0902701515484296,0,4,1,-14.546164,-71.899198,0,4,0,0,1,-1,-1,1,1780.161,1.0,-1,1,0.0,0.340764331210191,0.1266198111135515,490.0,0.4670263153502933,65.5237709552973,9065.880085653103,17779.13499998999,2097.37099999,2863.123,12818.640999999989,2878.713,14900.421999989989,16.19152450331032,2,0,0,28.5,28.0,29.0,1.0,0.0,0.0,0.0,2,0,0.0,0.0,0.0,1.0,1.0,1.0,0.0,0.0,0.0,1.0,0,0,0,0,0,0,0,15,2,2025,4,20,6,1,1,2,2,0,1,0.0,0,1,LEVE,0,4
3,1,0.0766527564243356,2,4,1,-16.52899,-71.78459,0,3,7,0,2,1,1,0,6639.975,2.0,5,2,1.0,0.340764331210191,0.074236766966835,1616.0,0.6105481451420971,78.10653088113892,35025.678800856535,10322.272,1495.236,1749.739,7077.2970000000005,2886.595,7435.677000000001,27.964725207783708,2,0,0,46.5,46.0,47.0,1.0,0.0,0.0,1.0,2,0,0.0,1.0,0.0,1.0,0.0,1.0,1.0,0.0,0.0,0.0,0,0,0,0,0,0,0,19,3,2025,4,20,6,1,1,0,2,0,1,0.0,0,0,LEVE,0,4
3,2,0.0318471337579617,0,4,1,-9.11478229901101,-77.7666163169284,0,4,7,0,2,-1,-1,0,9936.932,2.0,5,2,1.0,0.340764331210191,0.1266198111135515,3830.0,0.4225175571417921,72.0073136099048,21231.4068522484,10767.648,1885.0630000000003,1222.721,7659.864000000001,2100.343,8667.305000000002,19.506051832303577,2,0,0,20.5,3.0,38.0,1.0,0.0,0.0,1.0,2,0,0.0,0.0,1.0,1.0,1.0,0.0,1.0,0.0,1.0,0.0,0,0,0,0,0,0,0,5,0,2025,4,21,0,0,1,0,2,0,1,0.0,0,0,LEVE,0,20
6,1,0.0193279156600043,0,4,1,-12.309111,-75.04651,0,4,7,0,2,-1,-1,0,891.625,1.0,2,1,0.0,0.340764331210191,0.1266198111135515,85.0,0.4769063067648997,73.0586440792864,1221.2548179871524,8511.426,1445.3929999999996,2008.516,5057.516999999999,1879.579,6631.846999999998,22.08300935706896,1,0,0,54.0,54.0,54.0,1.0,0.0,0.0,0.0,1,0,0.0,0.0,0.0,1.0,0.0,1.0,0.0,0.0,0.0,0.0,0,0,0,0,0,0,0,17,2,2025,4,21,0,0,1,2,2,0,1,0.0,0,0,GRAVE_MORTALIDAD,2,4
1,1,0.0902701515484296,0,4,0,-12.9844,-71.427692,0,4,7,0,1,-1,-1,1,6543.555,2.0,-1,-1,1.0,0.4495936745003294,0.4495936745003294,1198.0,0.3612121566150602,62.7406214315804,5308.728051391863,17779.13499998999,2097.37099999,2863.123,12818.640999999989,2878.713,14900.421999989989,16.19152450331032,1,1,1,37.0,33.0,40.0,0.0,0.0,0.0,0.0,1,1,1.0,0.0,0.0,0.0,0.0,0.0,0.0,0.0,0.0,1.0,1,1,1,1,1,1,1,21,3,2025,4,21,0,0,1,2,2,0,1,1.0,0,1,LEVE,0,4
3,2,0.0318471337579617,0,11,3,-9.538339498607,-77.0642926145385,0,4,2,1,7,-1,-1,0,6543.555,2.0,-1,-1,1.0,0.4495936745003294,0.4495936745003294,1198.0,0.5466010705537504,75.4454210513517,16661.132762312634,10767.648,1885.0630000000003,1222.721,7659.864000000001,2100.343,8667.305000000002,19.506051832303577,2,0,0,44.0,42.0,46.0,1.0,0.0,0.0,1.0,2,0,0.0,0.0,0.0,1.0,0.0,0.0,1.0,0.0,1.0,1.0,1,1,1,1,0,0,0,14,2,2025,4,22,1,0,1,0,2,0,1,0.0,0,1,GRAVE_MORTALIDAD,2,1
1,1,0.0293213265978475,2,4,1,-5.826115,-77.372734,0,1,7,1,2,-1,-1,0,7758.33400008,2.0,5,2,1.0,0.340764331210191,0.0464528882055787,2133.0,0.3490236341472501,73.80303880571165,11414.025695931476,5645.136,815.0759999999999,965.298,3864.762,1013.406,4631.73,17.95184385283189,1,1,1,37.0,33.0,40.0,0.0,0.0,0.0,0.0,1,1,1.0,0.0,0.0,0.0,0.0,0.0,0.0,0.0,0.0,1.0,0,0,0,0,1,1,1,19,3,2025,4,22,1,0,1,1,2,0,1,1.0,0,0,LEVE,0,2
0,1,0.0902701515484296,0,4,1,-14.22892,-71.279282,0,4,7,0,2,-1,-1,4,7586.903,2.0,5,2,1.0,0.340764331210191,0.067428069404788,1198.0,0.5265643824923771,76.3202150422939,59032.11777301927,17779.13499998999,2097.37099999,2863.123,12818.640999999989,2878.713,14900.421999989989,16.19152450331032,1,0,1,35.0,35.0,35.0,1.0,0.0,0.0,1.0,1,0,0.0,0.0,1.0,0.0,0.0,0.0,1.0,0.0,0.0,0.0,0,0,0,0,0,0,0,20,3,2025,4,22,1,0,1,2,2,0,1,0.0,0,0,LEVE,0,4
6,1,0.0293213265978475,2,2,4,-5.98850041690745,-77.2804817489797,0,0,7,0,1,-1,-1,2,6543.555,2.0,-1,-1,1.0,0.4495936745003294,0.4495936745003294,1198.0,0.3873075948511574,72.98119449957349,17629.94004282655,5645.136,815.0759999999999,965.298,3864.762,1013.406,4631.73,17.95184385283189,1,0,0,21.0,21.0,21.0,1.0,1.0,0.0,0.0,1,0,0.0,0.0,0.0,1.0,1.0,0.0,0.0,1.0,1.0,1.0,1,1,1,1,0,0,0,5,0,2025,4,23,2,0,1,1,2,0,1,0.0,0,1,LEVE,0,2
6,1,0.0318471337579617,0,4,2,-8.67799659840183,-77.9187243393879,0,4,0,0,2,-1,-1,0,6543.555,2.0,-1,-1,1.0,0.4495936745003294,0.4495936745003294,1198.0,0.4617372894434681,72.54487823534316,816.6466809421843,10767.648,1885.0630000000003,1222.721,7659.864000000001,2100.343,8667.305000000002,19.506051832303577,1,0,0,68.0,68.0,68.0,1.0,1.0,0.0,0.0,1,0,0.0,0.0,0.0,1.0,0.0,0.0,1.0,0.0,0.0,0.0,1,1,1,1,0,0,0,0,0,2025,4,24,3,0,1,0,2,0,1,0.0,0,0,LEVE,0,1
0,1,0.2105205359103887,0,4,1,-11.5191527,-77.2933989,0,4,7,0,2,-1,-1,0,6543.555,3.0,5,2,1.0,0.1133318690972984,0.1133318690972984,1475.0,0.6328991168419597,79.8522840328396,65701.61456102783,7626.313,1683.4029999999998,1599.0829999999996,4343.827000000001,1814.875,5811.438000000001,23.7975414856432,1,0,1,25.0,25.0,25.0,1.0,0.0,0.0,1.0,1,0,0.0,0.0,0.0,1.0,0.0,1.0,0.0,0.0,1.0,0.0,0,0,0,0,0,0,0,5,0,2025,4,25,4,0,1,0,2,1,1,0.0,0,0,LEVE,0,0
6,1,0.0318471337579617,2,3,4,-10.156889002388,-77.4700920563845,0,4,5,0,2,-1,-1,2,6543.555,2.0,-1,-1,1.0,0.4495936745003294,0.4495936745003294,1198.0,0.3698277092299585,75.50696542030133,931.1113490364024,10767.648,1885.0630000000003,1222.721,7659.864000000001,2100.343,8667.305000000002,19.506051832303577,1,0,0,52.0,52.0,52.0,1.0,0.0,0.0,0.0,1,0,0.0,1.0,0.0,0.0,0.0,0.0,1.0,1.0,1.0,1.0,1,1,1,1,0,0,0,10,1,2025,4,25,4,0,1,0,2,0,1,0.0,0,0,LEVE,0,20
3,1,0.0766527564243356,0,4,1,-17.039021,-71.619746,0,4,0,1,2,1,1,0,6639.975,2.0,5,2,1.0,0.340764331210191,0.074236766966835,1616.0,0.6449493635682252,78.44719582624413,8054.678800856533,10322.272,1495.236,1749.739,7077.2970000000005,2886.595,7435.677000000001,27.964725207783708,2,0,0,54.0,42.0,66.0,1.0,0.0,0.0,1.0,2,0,0.0,1.0,1.0,0.0,0.0,0.0,1.0,0.0,0.0,0.0,0,0,0,0,0,0,0,2,0,2025,4,26,5,1,1,0,2,0,1,0.0,1,0,GRAVE_LESIONADOS,1,4
6,1,0.0902701515484296,0,4,0,-13.513281668998784,-72.52386631832593,0,4,7,0,2,-1,-1,2,6543.555,2.0,-1,-1,1.0,0.4495936745003294,0.4495936745003294,1198.0,0.4039638292503104,73.01962146656598,2500.27408993576,17779.13499998999,2097.37099999,2863.123,12818.640999999989,2878.713,14900.421999989989,16.19152450331032,1,0,0,51.0,51.0,51.0,1.0,0.0,0.0,1.0,1,0,0.0,0.0,0.0,1.0,0.0,1.0,0.0,0.0,1.0,0.0,1,1,1,1,0,0,0,7,1,2025,4,26,5,1,1,2,2,0,1,0.0,0,0,LEVE,0,4
0,1,0.0902701515484296,0,4,1,-13.5657274385257,-71.835935950328,7,4,7,0,2,-1,-1,2,7586.903,2.0,5,2,1.0,0.340764331210191,0.067428069404788,1198.0,0.5196848738299176,77.87933372563211,6457.1220556745175,17779.13499998999,2097.37099999,2863.123,12818.640999999989,2878.713,14900.421999989989,16.19152450331032,1,0,1,40.0,40.0,40.0,1.0,0.0,1.0,1.0,1,0,0.0,0.0,0.0,1.0,1.0,0.0,0.0,0.0,1.0,0.0,0,0,0,0,0,0,0,19,3,2025,4,26,5,1,1,2,2,0,1,0.0,0,0,LEVE,0,4
3,2,0.0293213265978475,0,4,1,-5.82794965819435,-77.370500851458,0,4,7,0,4,-1,-1,0,7758.33400008,2.0,5,2,1.0,0.340764331210191,0.0464528882055787,2133.0,0.4789759027469384,73.43778249935497,47552.6295503212,5645.136,815.0759999999999,965.298,3864.762,1013.406,4631.73,17.95184385283189,2,0,0,46.5,36.0,57.0,1.0,1.0,0.0,0.0,2,0,0.0,0.0,1.0,1.0,1.0,0.0,0.0,1.0,1.0,1.0,0,0,0,0,0,0,0,20,3,2025,4,26,5,1,1,1,2,0,1,0.0,0,0,LEVE,0,2