CLASE SINIESTRO,CANTIDAD DE VEHICULOS DAÑADOS,DEPARTAMENTO,ZONA,TIPO DE VÍA,RED VIAL,COORDENADAS LATITUD,COORDENADAS  LONGITUD,CONDICIÓN CLIMÁTICA,ZONIFICACIÓN,CARACTERÍSTICAS DE VÍA,PERFIL LONGITUDINAL VÍA,SUPERFICIE DE CALZADA,¿EXISTE SEÑAL VERTICAL?,¿EXISTE SEÑAL HORIZONTAL?,CAUSA FACTOR PRINCIPAL,MTC_RVN_LONGITUD_KM,MTC_RVN_N_CARRILES_MEDIANA,MTC_RVN_SUPERFICIE_DOMINANTE,MTC_RVN_ESTADO_DOMINANTE,MTC_RVN_ES_CONCESIONADA,MTC_RVN_CONCESION_PRINCIPAL,MTC_RVN_CORREDOR_LOGISTICO,MTC_RVN_N_TRAMOS,IDH_2019,IDH_ESP_VIDA_2019,IDH_POBLACION_2019,MTC_DEP_RED_TOTAL_KM,MTC_DEP_NACIONAL_TOTAL_KM,MTC_DEP_DEPARTAMENTAL_TOTAL_KM,MTC_DEP_VECINAL_TOTAL_KM,MTC_DEP_PAV_TOTAL_KM,MTC_DEP_NO_PAV_TOTAL_KM,MTC_DEP_PCT_PAVIMENTADA,PER_N_CONDUCTORES,PER_N_CONDUCTORES_FUGADOS,PER_N_PEATONES,PER_EDAD_COND_PROM,PER_EDAD_COND_MIN,PER_EDAD_COND_MAX,PER_ANY_COND_MASCULINO,PER_ANY_LIC_PROBLEMA,PER_ANY_DOSAJE_POS,PER_ANY_DOSAJE_EVALUADO,VEH_TOTAL,VEH_N_FUGADOS,VEH_ANY_FUGADO,VEH_ANY_CARGA,VEH_ANY_PUBLICO,VEH_ANY_PARTICULAR,VEH_ANY_MOTO,VEH_ANY_AUTO,VEH_ANY_CAMION_BUS,VEH_ANY_SOAT_PROBLEMA,VEH_ANY_CITV_PROBLEMA,VEH_ANY_SEGURO_PROBLEMA,MTC_RVN_LONGITUD_KM_ERA_NULO,MTC_RVN_N_CARRILES_MEDIANA_ERA_NULO,MTC_RVN_ES_CONCESIONADA_ERA_NULO,MTC_RVN_N_TRAMOS_ERA_NULO,PER_EDAD_COND_PROM_ERA_NULO,PER_EDAD_COND_MIN_ERA_NULO,PER_EDAD_COND_MAX_ERA_NULO,HORA_NUM,FRANJA_HORARIA,ANIO,MES,DIA_MES,DIA_SEMANA,ES_FIN_SEMANA,ES_QUINCENA,REGION_NATURAL,NIVEL_SEÑALIZACION_ORD,ES_VIA_MULTICARRIL,ES_DEPTO_BAJO_PAVIMENTO,RATIO_CONDUCTORES_FUGADOS,ES_CURVA_Y_PENDIENTE,ES_VIA_NO_PAVIMENTADA,CATEGORIA_SEVERIDAD,CATEGORIA_SEVERIDAD_ENC,CLUSTER
0,1,0.0902701515484296,0,4,1,-14.194283,-71.329443,0,4,7,0,2,-1,-1,4,7586.903,2.0,5,2,1.0,0.340764331210191,0.067428069404788,1198.0,0.4107458749971457,72.1547719826022,2466.282655246253,17779.13499998999,2097.37099999,2863.123,12818.640999999989,2878.713,14900.421999989989,16.19152450331032,1,0,1,27.0,27.0,27.0,0.0,0.0,0.0,0.0,1,0,0.0,0.0,0.0,1.0,0.0,1.0,0.0,0.0,1.0,0.0,0,0,0,0,0,0,0,20,3,2025,4,26,5,1,1,2,2,0,1,0.0,0,0,LEVE,0,4
6,1,0.0902701515484296,0,4,0,-13.9895230185019,-71.4279941740332,0,4,0,0,7,-1,-1,2,6543.555,2.0,-1,-1,1.0,0.4495936745003294,0.4495936745003294,1198.0,0.3409107564841972,74.2782790389362,4833.456102783726,17779.13499998999,2097.37099999,2863.123,12818.640999999989,2878.713,14900.421999989989,16.19152450331032,1,0,0,33.0,33.0,33.0,1.0,0.0,0.0,1.0,1,0,0.0,0.0,0.0,1.0,1.0,0.0,0.0,1.0,1.0,1.0,1,1,1,1,0,0,0,14,2,2025,4,27,6,1,1,2,2,0,1,0.0,0,1,LEVE,0,4
3,1,0.0902701515484296,0,4,1,-13.62028,-71.712517,0,4,7,0,2,1,0,2,7586.903,2.0,5,2,1.0,0.340764331210191,0.067428069404788,1198.0,0.4479676236050441,63.30882145145972,5653.304068522484,17779.13499998999,2097.37099999,2863.123,12818.640999999989,2878.713,14900.421999989989,16.19152450331032,3,0,0,41.333333333333336,34.0,48.0,1.0,0.0,0.0,1.0,3,0,0.0,0.0,1.0,1.0,0.0,1.0,1.0,0.0,0.0,0.0,0,0,0,0,0,0,0,7,1,2025,4,28,0,0,1,2,1,0,1,0.0,0,0,LEVE,0,4
3,1,0.0293213265978475,2,2,4,-5.945122,-77.305492,0,3,7,0,2,-1,-1,2,6543.555,2.0,-1,-1,1.0,0.4495936745003294,0.4495936745003294,1198.0,0.4789759027469384,73.43778249935497,47552.6295503212,5645.136,815.0759999999999,965.298,3864.762,1013.406,4631.73,17.95184385283189,2,0,0,45.0,43.0,47.0,1.0,1.0,0.0,0.0,2,0,0.0,1.0,0.0,1.0,1.0,0.0,1.0,0.0,1.0,1.0,1,1,1,1,0,0,0,12,2,2025,4,30,2,0,1,1,2,0,1,0.0,0,0,LEVE,0,2
3,1,0.0766527564243356,2,4,0,-16.3620754095,-71.6242131316,0,3,7,0,2,1,1,0,6543.555,2.0,-1,-1,1.0,0.4495936745003294,0.4495936745003294,1198.0,0.6411767862503931,77.2408324916572,193412.3169164882,10322.272,1495.236,1749.739,7077.2970000000005,2886.595,7435.677000000001,27.964725207783708,2,0,0,60.5,56.0,65.0,1.0,0.0,0.0,1.0,2,0,0.0,1.0,0.0,1.0,1.0,0.0,1.0,1.0,1.0,1.0,1,1,1,1,0,0,0,19,3,2025,4,30,2,0,1,0,2,0,1,0.0,0,0,LEVE,0,4
10,1,0.0597408302218317,0,4,1,-6.5370162,-78.6946091,0,4,7,0,1,-1,-1,0,208.095,1.0,2,0,0.0,0.340764331210191,0.0010981770261366,15.0,0.4700875779194959,72.66081436888122,46090.54817987152,15935.565011852366,1733.9250000199986,935.692,13265.948011832368,2000.1670000199988,13935.398011832369,12.551591352627522,1,0,0,31.0,31.0,31.0,0.0,1.0,0.0,1.0,1,1,1.0,0.0,0.0,0.0,0.0,0.0,0.0,0.0,0.0,1.0,0,0,0,0,0,0,0,20,3,2025,4,30,2,0,1,2,2,0,1,0.0,0,1,GRAVE_MORTALIDAD,2,1
0,1,0.0766527564243356,2,3,4,-16.407954,-71.476814,5,3,1,0,2,-1,-1,0,6543.555,2.0,-1,-1,1.0,0.4495936745003294,0.4495936745003294,1198.0,0.6497628344872909,78.50677470622946,126056.75374732334,10322.272,1495.236,1749.739,7077.2970000000005,2886.595,7435.677000000001,27.964725207783708,2,0,3,73.0,73.0,73.0,1.0,0.0,1.0,1.0,2,0,0.0,0.0,0.0,1.0,0.0,1.0,0.0,0.0,0.0,0.0,1,1,1,1,0,0,0,13,2,2025,5,1,3,0,0,0,2,0,1,0.0,0,0,LEVE,0,4
6,1,0.0213046343070502,0,4,1,-13.077157,-74.235676,0,4,7,0,2,-1,-1,2,943.58,1.0,-1,2,0.0,0.340764331210191,0.1266198111135515,135.0,0.3609714615164157,65.31453141123527,3411.385438972163,12678.733000000004,1805.074000000001,1774.0339999999994,9099.625000000004,2485.375000000001,10193.358000000002,19.602707936195205,1,0,0,66.0,66.0,66.0,1.0,0.0,0.0,1.0,1,0,0.0,0.0,0.0,1.0,0.0,0.0,1.0,0.0,1.0,0.0,0,0,0,0,0,0,0,14,2,2025,5,1,3,0,0,2,2,0,1,0.0,0,0,LEVE,0,4
6,1,0.0766527564243356,2,4,0,-16.450423,-71.840037,0,3,7,0,2,0,1,0,6543.555,2.0,-1,-1,1.0,0.4495936745003294,0.4495936745003294,1198.0,0.6105481451420971,78.10653088113892,35025.678800856535,10322.272,1495.236,1749.739,7077.2970000000005,2886.595,7435.677000000001,27.964725207783708,1,0,0,25.0,25.0,25.0,1.0,0.0,0.0,0.0,1,0,0.0,0.0,0.0,1.0,1.0,0.0,0.0,1.0,1.0,1.0,1,1,1,1,0,0,0,3,0,2025,5,3,5,1,0,0,1,0,1,0.0,0,0,LEVE,0,4
0,1,0.0182297386338677,0,4,0,-13.784193,-73.618418,0,4,7,0,7,-1,-1,2,6543.555,2.0,-1,-1,1.0,0.4495936745003294,0.4495936745003294,1198.0,0.2620281376747534,73.64830841104089,2774.593147751606,8358.971,1282.451,1298.0969999999998,5778.423,1432.683,6926.288,17.139466089785454,1,0,1,69.0,69.0,69.0,1.0,1.0,0.0,1.0,1,0,0.0,0.0,0.0,1.0,0.0,0.0,1.0,0.0,0.0,0.0,1,1,1,1,0,0,0,17,2,2025,5,4,6,1,0,2,2,0,1,0.0,0,1,LEVE,0,4
3,1,0.0139468482319349,0,4,1,-3.630833149041761,-80.57249523368198,0,4,7,0,2,-1,-1,2,6543.555,3.0,5,2,1.0,0.1133318690972984,0.1133318690972984,1475.0,0.5933967853231009,76.15936550169532,9240.781584582444,1009.101,138.47399999999996,287.471,583.156,276.972,732.129,27.447401201663663,2,1,0,44.0,44.0,44.0,1.0,1.0,0.0,1.0,2,0,0.0,0.0,1.0,1.0,1.0,1.0,0.0,1.0,1.0,1.0,0,0,0,0,0,0,0,19,3,2025,5,4,6,1,0,0,2,1,1,0.5,0,0,GRAVE_LESIONADOS,1,13
0,1,0.0153744783659125,1,2,4,-11.8748559633264,-77.1276945401241,6,5,6,-1,6,-1,-1,0,6543.555,2.0,-1,-1,1.0,0.4495936745003294,0.4495936745003294,1198.0,0.5563774842369664,77.00938809632027,27932.19700214133,51.58600000000001,44.68700000000001,6.899000000000001,0.0,49.838000000000015,1.748,96.61148373589734,1,0,1,48.0,48.0,48.0,1.0,1.0,0.0,0.0,1,0,0.0,0.0,0.0,1.0,0.0,1.0,0.0,1.0,1.0,1.0,1,1,1,1,0,0,0,19,3,2025,5,6,1,0,0,2,2,0,0,0.0,0,0,LEVE,0,0
0,1,0.0062596090489786,0,4,0,-12.675341005323675,-71.34500862105887,0,4,7,0,7,-1,-1,4,6543.555,2.0,-1,-1,1.0,0.4495936745003294,0.4495936745003294,1198.0,0.5463073647192098,74.79448830372067,1430.343505006335,2090.391,399.431,340.021,1350.9389999999996,493.824,1596.5669999999996,23.62352306338862,1,0,1,27.0,27.0,27.0,1.0,0.0,0.0,1.0,1,0,0.0,1.0,0.0,0.0,0.0,0.0,1.0,0.0,0.0,0.0,1,1,1,1,0,0,0,20,3,2025,5,7,2,0,0,1,2,0,1,0.0,0,1,LEVE,0,4
1,1,0.0766527564243356,2,4,0,-16.36045,-71.61908,6,5,6,-1,6,-1,-1,0,6543.555,2.0,-1,-1,1.0,0.4495936745003294,0.4495936745003294,1198.0,0.6411767862503931,77.2408324916572,193412.3169164882,10322.272,1495.236,1749.739,7077.2970000000005,2886.595,7435.677000000001,27.964725207783708,1,1,1,37.0,33.0,40.0,0.0,0.0,0.0,0.0,1,1,1.0,0.0,0.0,0.0,0.0,0.0,0.0,0.0,0.0,1.0,1,1,1,1,1,1,1,18,3,2025,5,8,3,0,0,0,2,0,1,1.0,0,0,LEVE,0,4
3,1,0.0766527564243356,0,4,1,-16.466287454924,-71.9356278529147,0,4,7,0,2,1,1,0,6639.975,2.0,5,2,1.0,0.340764331210191,0.074236766966835,1616.0,0.6455852322566902,78.58826324858522,2628.282655246253,10322.272,1495.236,1749.739,7077.2970000000005,2886.595,7435.677000000001,27.964725207783708,2,0,0,53.5,43.0,64.0,1.0,0.0,0.0,1.0,2,0,0.0,1.0,0.0,0.0,0.0,0.0,1.0,0.0,0.0,0.0,0,0,0,0,0,0,0,18,3,2025,5,9,4,0,0,0,2,0,1,0.0,0,0,LEVE,0,4
3,2,0.0293213265978475,0,4,1,-5.835548,-77.361,0,4,7,0,2,-1,-1,2,7758.33400008,2.0,5,2,1.0,0.340764331210191,0.0464528882055787,2133.0,0.3490236341472501,73.80303880571165,11414.025695931476,5645.136,815.0759999999999,965.298,3864.762,1013.406,4631.73,17.95184385283189,2,0,0,35.0,27.0,43.0,1.0,1.0,0.0,0.0,2,0,0.0,0.0,1.0,1.0,1.0,0.0,0.0,1.0,1.0,1.0,0,0,0,0,0,0,0,20,3,2025,5,9,4,0,0,1,2,0,1,0.0,0,0,LEVE,0,2
6,1,0.0902701515484296,0,4,1,-13.218336,-70.735652,0,4,7,0,2,-1,-1,1,3263.58,2.0,5,2,1.0,0.0080166922907972,0.0080166922907972,566.0,0.456269323491559,57.22814439496783,2071.82869379015,17779.13499998999,2097.37099999,2863.123,12818.640999999989,2878.713,14900.421999989989,16.19152450331032,1,0,0,0.0,0.0,0.0,1.0,1.0,0.0,0.0,1,0,0.0,0.0,0.0,1.0,0.0,1.0,0.0,0.0,1.0,0.0,0,0,0,0,0,0,0,13,2,2025,5,10,5,1,0,2,2,0,1,0.0,0,0,LEVE,0,45
6,1,0.0902701515484296,0,4,0,-14.446861,-72.075056,0,4,7,0,1,-1,-1,2,6543.555,2.0,-1,-1,1.0,0.4495936745003294,0.4495936745003294,1198.0,0.339323744940919,67.8567694463257,24527.03426124197,17779.13499998999,2097.37099999,2863.123,12818.640999999989,2878.713,14900.421999989989,16.19152450331032,1,0,0,54.0,54.0,54.0,1.0,1.0,0.0,1.0,1,0,0.0,0.0,0.0,1.0,1.0,0.0,0.0,1.0,1.0,1.0,1,1,1,1,0,0,0,21,3,2025,5,13,1,0,0,2,2,0,1,0.0,0,1,LEVE,0,4
6,1,0.0293213265978475,2,4,0,-6.05687841640869,-76.9726393527798,0,3,7,0,2,-1,-1,2,6543.555,2.0,-1,-1,1.0,0.4495936745003294,0.4495936745003294,1198.0,0.5294800468051228,72.46713251445857,86435.21199143468,5645.136,815.0759999999999,965.298,3864.762,1013.406,4631.73,17.95184385283189,1,0,0,26.0,26.0,26.0,1.0,1.0,0.0,0.0,1,0,0.0,0.0,0.0,1.0,1.0,0.0,0.0,1.0,1.0,1.0,1,1,1,1,0,0,0,4,0,2025,5,16,4,0,1,1,2,0,1,0.0,0,0,LEVE,0,2
3,1,0.0766527564243356,0,4,2,-16.52261,-72.64418,0,4,7,0,7,-1,-1,0,6543.555,2.0,-1,-1,1.0,0.4495936745003294,0.4495936745003294,1198.0,0.6445408585995467,81.26293480409497,6803.177730192719,10322.272,1495.236,1749.739,7077.2970000000005,2886.595,7435.677000000001,27.964725207783708,2,0,0,52.0,48.0,56.0,1.0,1.0,0.0,1.0,2,0,0.0,1.0,0.0,1.0,1.0,0.0,1.0,0.0,1.0,1.0,1,1,1,1,0,0,0,5,0,2025,5,16,4,0,1,0,2,0,1,0.0,0,1,LEVE,0,4
1,1,0.0766527564243356,0,4,0,-16.302738,-72.205849,0,4,7,0,7,-1,-1,0,6543.555,2.0,-1,-1,1.0,0.4495936745003294,0.4495936745003294,1198.0,0.6077843615696785,76.53072135400231,74658.55888650964,10322.272,1495.236,1749.739,7077.2970000000005,2886.595,7435.677000000001,27.964725207783708,1,1,1,37.0,33.0,40.0,0.0,0.0,0.0,0.0,1,1,1.0,0.0,0.0,0.0,0.0,0.0,0.0,0.0,0.0,1.0,1,1,1,1,1,1,1,15,2,2025,5,16,4,0,1,0,2,0,1,1.0,0,1,LEVE,0,4
0,1,0.0766527564243356,2,2,4,-16.390425,-71.516481,7,3,7,1,2,1,1,0,6543.555,2.0,-1,-1,1.0,0.4495936745003294,0.4495936745003294,1198.0,0.6893081609955986,78.72461703282094,53016.63811563169,10322.272,1495.236,1749.739,7077.2970000000005,2886.595,7435.677000000001,27.964725207783708,1,0,1,54.0,54.0,54.0,1.0,0.0,0.0,1.0,1,0,0.0,1.0,0.0,0.0,0.0,0.0,1.0,0.0,0.0,0.0,1,1,1,1,0,0,0,9,1,2025,5,17,5,1,1,0,2,0,1,0.0,0,0,LEVE,0,4
6,1,0.0213046343070502,0,4,2,-13.6159570554151,-74.1408888681164,0,4,7,1,1,-1,-1,2,6543.555,2.0,-1,-1,1.0,0.4495936745003294,0.4495936745003294,1198.0,0.4012828134779898,75.56604743111033,6408.9293361884365,12678.733000000004,1805.074000000001,1774.0339999999994,9099.625000000004,2485.375000000001,10193.358000000002,19.602707936195205,1,0,0,46.0,46.0,46.0,1.0,1.0,0.0,1.0,1,0,0.0,1.0,0.0,0.0,0.0,0.0,1.0,1.0,0.0,0.0,1,1,1,1,0,0,0,13,2,2025,5,17,5,1,1,2,2,0,1,0.0,0,1,GRAVE_LESIONADOS,1,4
3,1,0.0182297386338677,2,4,3,-13.812534001663469,-73.3317874232672,6,5,6,-1,6,-1,-1,0,6543.555,2.0,-1,-1,1.0,0.4495936745003294,0.4495936745003294,1198.0,0.5563774842369664,77.00938809632027,27932.19700214133,8358.971,1282.451,1298.0969999999998,5778.423,1432.683,6926.288,17.139466089785454,2,0,0,46.5,40.0,53.0,1.0,1.0,0.0,0.0,3,0,0.0,1.0,0.0,0.0,0.0,0.0,1.0,0.0,1.0,0.0,1,1,1,1,0,0,0,15,2,2025,5,17,5,1,1,2,2,0,1,0.0,0,0,LEVE,0,4
0,1,0.0902701515484296,0,4,1,-13.327553903114028,-72.0452744367236,0,4,7,0,2,-1,-1,2,3447.8009999999995,1.0,5,1,0.0,0.340764331210191,0.0101032286404568,1109.0,0.4746839628280104,74.76269963274814,5389.192719486081,17779.13499998999,2097.37099999,2863.123,12818.640999999989,2878.713,14900.421999989989,16.19152450331032,1,0,1,21.0,21.0,21.0,1.0,0.0,0.0,1.0,1,0,0.0,0.0,0.0,1.0,1.0,0.0,0.0,0.0,0.0,0.0,0,0,0,0,0,0,0,2,0,2025,5,18,6,1,1,2,2,0,1,0.0,0,0,LEVE,0,4
3,2,0.0213046343070502,0,4,1,-13.550614053895,-74.1816499912805,0,4,7,1,2,-1,-1,2,1682.702,1.0,-1,2,0.0,0.340764331210191,0.1266198111135515,305.0,0.3406799305127204,82.16511766435296,7946.807280513918,12678.733000000004,1805.074000000001,1774.0339999999994,9099.625000000004,2485.375000000001,10193.358000000002,19.602707936195205,2,0,0,37.5,37.0,38.0,1.0,0.0,1.0,1.0,2,0,0.0,0.0,0.0,1.0,0.0,1.0,1.0,0.0,0.0,0.0,0,0,0,0,0,0,0,5,0,2025,5,18,6,1,1,2,2,0,1,0.0,0,0,GRAVE_MORTALIDAD,2,4
6,1,0.0902701515484296,0,4,1,-13.242384500676966,-72.29380316683198,0,4,0,0,1,-1,-1,2,3447.8009999999995,1.0,5,1,0.0,0.340764331210191,0.0101032286404568,1109.0,0.4436910265814239,73.23231952981627,11277.284796573877,17779.13499998999,2097.37099999,2863.123,12818.640999999989,2878.713,14900.421999989989,16.19152450331032,1,0,0,22.0,22.0,22.0,1.0,1.0,0.0,0.0,1,0,0.0,0.0,0.0,1.0,1.0,0.0,0.0,1.0,1.0,1.0,0,0,0,0,0,0,0,7,1,2025,5,18,6,1,1,2,2,0,1,0.0,0,1,LEVE,0,4
6,1,0.0293213265978475,0,11,3,-5.938629,-77.300632,0,4,0,0,2,-1,-1,0,6543.555,2.0,-1,-1,1.0,0.4495936745003294,0.4495936745003294,1198.0,0.4789759027469384,73.43778249935497,47552.6295503212,5645.136,815.0759999999999,965.298,3864.762,1013.406,4631.73,17.95184385283189,1,0,0,16.0,16.0,16.0,1.0,1.0,0.0,0.0,1,0,0.0,0.0,0.0,1.0,1.0,0.0,0.0,1.0,1.0,1.0,1,1,1,1,0,0,0,13,2,2025,5,18,6,1,1,1,2,0,1,0.0,0,0,LEVE,0,2
0,1,0.0902701515484296,2,4,1,-13.324225,-71.955884,0,0,7,0,2,-1,-1,4,3447.8009999999995,1.0,5,1,0.0,0.340764331210191,0.0101032286404568,1109.0,0.4562958894633943,70.99144093489087,23833.353319057816,17779.13499998999,2097.37099999,2863.123,12818.640999999989,2878.713,14900.421999989989,16.19152450331032,1,0,1,42.0,42.0,42.0,1.0,0.0,0.0,1.0,1,0,0.0,0.0,1.0,0.0,0.0,0.0,1.0,0.0,0.0,0.0,0,0,0,0,0,0,0,19,3,2025,5,18,6,1,1,2,2,0,1,0.0,0,0,LEVE,0,4
10,1,0.0597408302218317,0,4,1,-5.255974,-78.823854,0,4,0,1,2,-1,-1,0,7758.33400008,2.0,5,2,1.0,0.340764331210191,0.0464528882055787,2133.0,0.3892940905457197,75.5719627800036,13817.460385438972,15935.565011852366,1733.9250000199986,935.692,13265.948011832368,2000.1670000199988,13935.398011832369,12.551591352627522,1,0,0,22.0,22.0,22.0,1.0,0.0,0.0,1.0,1,0,0.0,1.0,0.0,0.0,0.0,0.0,1.0,0.0,0.0,0.0,0,0,0,0,0,0,0,6,1,2025,5,20,1,0,1,2,2,0,1,0.0,1,0,LEVE,0,1
6,1,0.0902701515484296,0,4,1,-14.407863,-71.132033,0,4,0,0,2,-1,-1,2,7586.903,2.0,5,2,1.0,0.340764331210191,0.067428069404788,1198.0,0.3688068892893833,76.47283450634272,9957.021413276232,17779.13499998999,2097.37099999,2863.123,12818.640999999989,2878.713,14900.421999989989,16.19152450331032,1,0,0,37.0,37.0,37.0,1.0,0.0,1.0,1.0,1,0,0.0,0.0,0.0,1.0,0.0,0.0,1.0,0.0,0.0,0.0,0,0,0,0,0,0,0,7,1,2025,5,20,1,0,1,2,2,0,1,0.0,0,0,LEVE,0,4
6,1,0.0597408302218317,0,4,1,-6.997698,-78.34717,0,4,7,1,1,-1,-1,0,48.79,2.0,5,2,1.0,0.0006589062156819,0.0024159894575005,19.0,0.2787832446449395,76.6302139673737,20782.33618843683,15935.565011852366,1733.9250000199986,935.692,13265.948011832368,2000.1670000199988,13935.398011832369,12.551591352627522,1,0,0,71.0,71.0,71.0,1.0,0.0,0.0,1.0,1,0,0.0,1.0,0.0,0.0,0.0,0.0,1.0,0.0,0.0,0.0,0,0,0,0,0,0,0,13,2,2025,5,20,1,0,1,2,2,0,1,0.0,0,1,LEVE,0,1
3,1,0.0318471337579617,2,4,1,-9.14210418552568,-77.7460930338357,6,5,6,-1,6,-1,-1,0,9936.932,2.0,5,2,1.0,0.340764331210191,0.1266198111135515,3830.0,0.4225175571417921,72.0073136099048,21231.4068522484,10767.648,1885.0630000000003,1222.721,7659.864000000001,2100.343,8667.305000000002,19.506051832303577,1,0,0,25.0,25.0,25.0,1.0,1.0,0.0,0.0,1,0,0.0,0.0,0.0,1.0,1.0,0.0,0.0,1.0,1.0,1.0,0,0,0,0,0,0,0,21,3,2025,5,23,4,0,1,0,2,0,1,0.0,0,0,LEVE,0,20
0,1,0.0597408302218317,0,4,1,-7.026276,-78.211091,0,4,7,0,2,1,0,4,2760.8550000000005,1.0,-1,1,0.0,0.340764331210191,0.1266198111135515,1208.0,0.3487472001511887,74.09278158286126,5459.293361884368,15935.565011852366,1733.9250000199986,935.692,13265.948011832368,2000.1670000199988,13935.398011832369,12.551591352627522,1,0,1,27.0,27.0,27.0,1.0,0.0,0.0,1.0,1,0,0.0,0.0,0.0,1.0,0.0,1.0,0.0,0.0,1.0,0.0,0,0,0,0,0,0,0,7,1,2025,5,24,5,1,1,2,1,0,1,0.0,0,0,LEVE,0,1
6,1,0.0597408302218317,0,4,2,-6.278328,-79.018848,0,4,7,0,2,-1,-1,2,6543.555,2.0,-1,-1,1.0,0.4495936745003294,0.4495936745003294,1198.0,0.2742253135147108,74.59588535012482,14725.552462526768,15935.565011852366,1733.9250000199986,935.692,13265.948011832368,2000.1670000199988,13935.398011832369,12.551591352627522,1,0,0,22.0,22.0,22.0,1.0,0.0,0.0,0.0,1,0,0.0,0.0,0.0,1.0,0.0,0.0,1.0,0.0,0.0,0.0,1,1,1,1,0,0,0,3,0,2025,5,25,6,1,1,2,2,0,1,0.0,0,0,LEVE,0,1
3,2,0.0293213265978475,2,4,1,-6.1730294566101,-76.8325393509118,0,4,7,0,2,-1,-1,2,7758.33400008,2.0,5,2,1.0,0.340764331210191,0.0464528882055787,2133.0,0.3492524985551798,73.87945975179423,16120.93790149893,5645.136,815.0759999999999,965.298,3864.762,1013.406,4631.73,17.95184385283189,2,0,0,38.5,20.0,57.0,1.0,1.0,0.0,0.0,2,0,0.0,0.0,1.0,1.0,1.0,1.0,0.0,1.0,1.0,1.0,0,0,0,0,0,0,0,20,3,2025,5,25,6,1,1,1,2,0,1,0.0,0,0,LEVE,0,2
0,1,0.0293213265978475,2,4,1,-5.814956,-77.38707,0,0,7,0,2,1,0,2,7758.33400008,2.0,5,2,1.0,0.340764331210191,0.0464528882055787,2133.0,0.4789759027469384,73.43778249935497,47552.6295503212,5645.136,815.0759999999999,965.298,3864.762,1013.406,4631.73,17.95184385283189,1,0,1,31.0,31.0,31.0,1.0,1.0,0.0,0.0,1,0,0.0,0.0,0.0,1.0,1.0,0.0,0.0,1.0,1.0,1.0,0,0,0,0,0,0,0,5,0,2025,5,26,0,0,1,1,1,0,1,0.0,0,0,LEVE,0,2
6,1,0.0902701515484296,0,4,0,-12.616003,-72.423874,0,4,7,0,1,-1,-1,2,6543.555,2.0,-1,-1,1.0,0.4495936745003294,0.4495936745003294,1198.0,0.3224274496902619,73.65891617421137,17387.97858672377,17779.13499998999,2097.37099999,2863.123,12818.640999999989,2878.713,14900.421999989989,16.19152450331032,1,0,0,20.0,20.0,20.0,1.0,0.0,0.0,0.0,1,0,0.0,0.0,0.0,1.0,0.0,0.0,1.0,0.0,0.0,0.0,1,1,1,1,0,0,0,7,1,2025,5,27,1,0,1,2,2,0,1,0.0,0,1,LEVE,0,4
6,1,0.0902701515484296,0,4,1,-14.474858,-72.098543,0,4,0,0,1,-1,-1,2,1780.161,1.0,-1,1,0.0,0.340764331210191,0.1266198111135515,490.0,0.339323744940919,67.8567694463257,24527.03426124197,17779.13499998999,2097.37099999,2863.123,12818.640999999989,2878.713,14900.421999989989,16.19152450331032,1,0,0,39.0,39.0,39.0,1.0,1.0,0.0,0.0,1,0,0.0,0.0,0.0,1.0,1.0,0.0,0.0,1.0,1.0,1.0,0,0,0,0,0,0,0,18,3,2025,5,29,3,0,1,2,2,0,1,0.0,0,1,LEVE,0,4
0,1,0.0902701515484296,0,4,2,-14.08636,-71.502842,0,4,7,0,1,-1,-1,2,6543.555,2.0,-1,-1,1.0,0.4495936745003294,0.4495936745003294,1198.0,0.2868848693968708,64.19224905142373,2123.259100642398,17779.13499998999,2097.37099999,2863.123,12818.640999999989,2878.713,14900.421999989989,16.19152450331032,1,0,1,31.0,31.0,31.0,1.0,0.0,0.0,0.0,1,0,0.0,0.0,0.0,1.0,0.0,0.0,1.0,0.0,0.0,0.0,1,1,1,1,0,0,0,0,0,2025,5,30,4,0,1,2,2,0,1,0.0,0,1,LEVE,0,4
6,1,0.0597408302218317,0,4,1,-6.556244,-78.744502,0,4,7,1,1,-1,-1,2,9936.932,2.0,5,2,1.0,0.340764331210191,0.1266198111135515,3830.0,0.3305799940760894,71.82871391566232,10312.132762312636,15935.565011852366,1733.9250000199986,935.692,13265.948011832368,2000.1670000199988,13935.398011832369,12.551591352627522,1,0,0,17.0,17.0,17.0,1.0,1.0,1.0,1.0,1,0,0.0,0.0,0.0,1.0,0.0,1.0,0.0,0.0,1.0,0.0,0,0,0,0,0,0,0,4,0,2025,5,30,4,0,1,2,2,0,1,0.0,0,1,GRAVE_LESIONADOS,1,1
3,1,0.0902701515484296,0,4,1,-15.33731609649099,-71.11973093063617,0,4,0,0,2,-1,-1,2,568.5409999999999,1.0,5,1,0.0,0.340764331210191,0.0057105205359103,93.0,0.4222081089999886,68.53644198939976,1204.2119914346897,17779.13499998999,2097.37099999,2863.123,12818.640999999989,2878.713,14900.421999989989,16.19152450331032,2,0,0,57.0,46.0,68.0,1.0,0.0,0.0,1.0,2,0,0.0,1.0,0.0,1.0,0.0,0.0,1.0,0.0,0.0,0.0,0,0,0,0,0,0,0,7,1,2025,5,30,4,0,1,2,2,0,1,0.0,0,0,LEVE,0,4
3,2,0.0153744783659125,2,2,4,-12.0486122550387,-77.1010524073493,2,0,7,0,2,-1,-1,0,6543.555,2.0,-1,-1,1.0,0.4495936745003294,0.4495936745003294,1198.0,0.5563774842369664,77.00938809632027,27932.19700214133,51.58600000000001,44.68700000000001,6.899000000000001,0.0,49.838000000000015,1.748,96.61148373589734,2,0,0,32.0,20.0,44.0,1.0,0.0,0.0,0.0,2,0,0.0,0.0,0.0,1.0,1.0,0.0,1.0,1.0,1.0,1.0,1,1,1,1,0,0,0,3,0,2025,5,31,5,1,1,2,2,0,0,0.0,0,0,LEVE,0,0