CLASE SINIESTRO,CANTIDAD DE VEHICULOS DAÑADOS,DEPARTAMENTO,ZONA,TIPO DE VÍA,RED VIAL,COORDENADAS LATITUD,COORDENADAS  LONGITUD,CONDICIÓN CLIMÁTICA,ZONIFICACIÓN,CARACTERÍSTICAS DE VÍA,PERFIL LONGITUDINAL VÍA,SUPERFICIE DE CALZADA,¿EXISTE SEÑAL VERTICAL?,¿EXISTE SEÑAL HORIZONTAL?,CAUSA FACTOR PRINCIPAL,MTC_RVN_LONGITUD_KM,MTC_RVN_N_CARRILES_MEDIANA,MTC_RVN_SUPERFICIE_DOMINANTE,MTC_RVN_ESTADO_DOMINANTE,MTC_RVN_ES_CONCESIONADA,MTC_RVN_CONCESION_PRINCIPAL,MTC_RVN_CORREDOR_LOGISTICO,MTC_RVN_N_TRAMOS,IDH_2019,IDH_ESP_VIDA_2019,IDH_POBLACION_2019,MTC_DEP_RED_TOTAL_KM,MTC_DEP_NACIONAL_TOTAL_KM,MTC_DEP_DEPARTAMENTAL_TOTAL_KM,MTC_DEP_VECINAL_TOTAL_KM,MTC_DEP_PAV_TOTAL_KM,MTC_DEP_NO_PAV_TOTAL_KM,MTC_DEP_PCT_PAVIMENTADA,PER_N_CONDUCTORES,PER_N_CONDUCTORES_FUGADOS,PER_N_PEATONES,PER_EDAD_COND_PROM,PER_EDAD_COND_MIN,PER_EDAD_COND_MAX,PER_ANY_COND_MASCULINO,PER_ANY_LIC_PROBLEMA,PER_ANY_DOSAJE_POS,PER_ANY_DOSAJE_EVALUADO,VEH_TOTAL,VEH_N_FUGADOS,VEH_ANY_FUGADO,VEH_ANY_CARGA,VEH_ANY_PUBLICO,VEH_ANY_PARTICULAR,VEH_ANY_MOTO,VEH_ANY_AUTO,VEH_ANY_CAMION_BUS,VEH_ANY_SOAT_PROBLEMA,VEH_ANY_CITV_PROBLEMA,VEH_ANY_SEGURO_PROBLEMA,MTC_RVN_LONGITUD_KM_ERA_NULO,MTC_RVN_N_CARRILES_MEDIANA_ERA_NULO,MTC_RVN_ES_CONCESIONADA_ERA_NULO,MTC_RVN_N_TRAMOS_ERA_NULO,PER_EDAD_COND_PROM_ERA_NULO,PER_EDAD_COND_MIN_ERA_NULO,PER_EDAD_COND_MAX_ERA_NULO,HORA_NUM,FRANJA_HORARIA,ANIO,MES,DIA_MES,DIA_SEMANA,ES_FIN_SEMANA,ES_QUINCENA,REGION_NATURAL,NIVEL_SEÑALIZACION_ORD,ES_VIA_MULTICARRIL,ES_DEPTO_BAJO_PAVIMENTO,RATIO_CONDUCTORES_FUGADOS,ES_CURVA_Y_PENDIENTE,ES_VIA_NO_PAVIMENTADA,CATEGORIA_SEVERIDAD,CATEGORIA_SEVERIDAD_ENC,CLUSTER
6,1,0.0597408302218317,0,4,1,-5.165646,-78.910036,0,4,7,0,2,1,1,2,7758.33400008,2.0,5,2,1.0,0.340764331210191,0.0464528882055787,2133.0,0.4391812721167056,75.54174317098156,37111.99571734476,15935.565011852366,1733.9250000199986,935.692,13265.948011832368,2000.1670000199988,13935.398011832369,12.551591352627522,1,0,0,36.0,36.0,36.0,1.0,1.0,0.0,1.0,1,0,0.0,0.0,0.0,1.0,1.0,0.0,0.0,1.0,0.0,1.0,0,0,0,0,0,0,0,7,1,2025,7,20,6,1,1,2,2,0,1,0.0,0,0,LEVE,0,1
6,1,0.0597408302218317,1,4,1,-6.61774078358485,-78.5857917696024,6,5,6,-1,6,-1,-1,0,9936.932,2.0,5,2,1.0,0.340764331210191,0.1266198111135515,3830.0,0.4700875779194959,72.66081436888122,46090.54817987152,15935.565011852366,1733.9250000199986,935.692,13265.948011832368,2000.1670000199988,13935.398011832369,12.551591352627522,1,0,0,37.0,33.0,40.0,0.0,0.0,0.0,0.0,1,0,0.0,0.0,0.0,1.0,1.0,0.0,0.0,1.0,0.0,1.0,0,0,0,0,1,1,1,7,1,2025,7,20,6,1,1,2,2,0,1,0.0,0,0,LEVE,0,1
3,2,0.0213046343070502,0,4,1,-12.930705,-74.262873,0,4,0,1,2,1,0,2,7586.903,2.0,5,2,1.0,0.340764331210191,0.067428069404788,1198.0,0.4493406382074752,74.14434204360414,45975.54773927236,12678.733000000004,1805.074000000001,1774.0339999999994,9099.625000000004,2485.375000000001,10193.358000000002,19.602707936195205,2,0,0,37.5,21.0,54.0,1.0,1.0,0.0,1.0,2,0,0.0,0.0,0.0,1.0,1.0,0.0,1.0,0.0,1.0,0.0,0,0,0,0,0,0,0,18,3,2025,7,20,6,1,1,2,1,0,1,0.0,1,0,LEVE,0,4
6,1,0.0766527564243356,0,4,3,-16.393125,-72.224887,0,4,7,0,2,-1,-1,0,6543.555,2.0,-1,-1,1.0,0.4495936745003294,0.4495936745003294,1198.0,0.6077843615696785,76.53072135400231,74658.55888650964,10322.272,1495.236,1749.739,7077.2970000000005,2886.595,7435.677000000001,27.964725207783708,1,0,0,54.0,54.0,54.0,1.0,1.0,0.0,0.0,1,0,0.0,0.0,0.0,1.0,1.0,0.0,0.0,1.0,1.0,0.0,1,1,1,1,0,0,0,14,2,2025,7,21,0,0,1,0,2,0,1,0.0,0,0,LEVE,0,4
5,1,0.2105205359103887,0,4,1,-11.4326752,-77.362552,0,4,2,1,2,1,0,0,6543.555,3.0,5,2,1.0,0.1133318690972984,0.1133318690972984,1475.0,0.6328991168419597,79.8522840328396,65701.61456102783,7626.313,1683.4029999999998,1599.0829999999996,4343.827000000001,1814.875,5811.438000000001,23.7975414856432,2,1,0,20.0,20.0,20.0,1.0,0.0,0.0,0.0,2,1,1.0,0.0,0.0,1.0,1.0,0.0,0.0,0.0,1.0,1.0,0,0,0,0,0,0,0,20,3,2025,7,22,1,0,1,0,1,1,1,0.5,0,0,LEVE,0,0
0,0,0.0213046343070502,2,6,4,-13.1667622945567,-74.2215688907526,0,3,7,1,2,-1,-1,2,6543.555,2.0,-1,-1,1.0,0.4495936745003294,0.4495936745003294,1198.0,0.5434028420964154,74.57852402616055,55908.47323340471,12678.733000000004,1805.074000000001,1774.0339999999994,9099.625000000004,2485.375000000001,10193.358000000002,19.602707936195205,1,0,1,21.0,21.0,21.0,1.0,0.0,0.0,1.0,1,0,0.0,1.0,0.0,0.0,0.0,0.0,1.0,0.0,0.0,0.0,1,1,1,1,0,0,0,10,1,2025,7,23,2,0,1,2,2,0,1,0.0,0,0,LEVE,0,4
3,1,0.0139468482319349,0,4,1,-3.594363347555513,-80.4805451009477,0,4,7,0,2,0,0,2,6543.555,3.0,5,2,1.0,0.1133318690972984,0.1133318690972984,1475.0,0.5691277377037675,76.83860361118322,23971.755888650965,1009.101,138.47399999999996,287.471,583.156,276.972,732.129,27.447401201663663,3,0,0,34.333333333333336,21.0,55.0,1.0,1.0,1.0,1.0,3,0,0.0,0.0,1.0,1.0,1.0,0.0,1.0,0.0,1.0,1.0,0,0,0,0,0,0,0,7,1,2025,7,24,3,0,1,0,0,1,1,0.0,0,0,LEVE,0,13
6,1,0.0193279156600043,0,4,0,-12.7782291692809,-74.6718877580734,0,4,0,0,2,1,0,0,6543.555,2.0,-1,-1,1.0,0.4495936745003294,0.4495936745003294,1198.0,0.1393873091163629,72.85769733503652,7591.738758029978,8511.426,1445.3929999999996,2008.516,5057.516999999999,1879.579,6631.846999999998,22.08300935706896,1,0,0,54.0,54.0,54.0,1.0,1.0,0.0,0.0,1,0,0.0,0.0,0.0,1.0,0.0,1.0,0.0,0.0,0.0,0.0,1,1,1,1,0,0,0,9,1,2025,7,24,3,0,1,2,1,0,1,0.0,0,0,GRAVE_MORTALIDAD,2,4
6,1,0.0318471337579617,0,4,1,-9.90924235989658,-77.3916342984006,0,4,0,1,7,-1,-1,0,9936.932,2.0,5,2,1.0,0.340764331210191,0.1266198111135515,3830.0,0.4654799331603382,71.10800342011737,3873.366167023554,10767.648,1885.0630000000003,1222.721,7659.864000000001,2100.343,8667.305000000002,19.506051832303577,1,0,0,41.0,41.0,41.0,1.0,0.0,0.0,0.0,1,0,0.0,1.0,0.0,0.0,1.0,0.0,0.0,1.0,1.0,1.0,0,0,0,0,0,0,0,15,2,2025,7,24,3,0,1,0,2,0,1,0.0,1,1,LEVE,0,20
0,1,0.0766527564243356,2,4,1,-16.407988,-71.609071,0,4,7,0,2,1,1,0,1504.4250000000002,2.0,5,2,1.0,0.0252580716011421,0.0230617175488688,241.0,0.6689013265491138,80.68275010974979,14385.036402569593,10322.272,1495.236,1749.739,7077.2970000000005,2886.595,7435.677000000001,27.964725207783708,1,0,1,29.0,29.0,29.0,1.0,0.0,0.0,1.0,1,0,0.0,0.0,1.0,0.0,0.0,0.0,1.0,0.0,0.0,0.0,0,0,0,0,0,0,0,18,3,2025,7,24,3,0,1,0,2,0,1,0.0,0,0,LEVE,0,4
6,1,0.0902701515484296,0,4,1,-14.546139,-71.903889,0,4,7,0,1,-1,-1,2,1780.161,1.0,-1,1,0.0,0.340764331210191,0.1266198111135515,490.0,0.4670263153502933,65.5237709552973,9065.880085653103,17779.13499998999,2097.37099999,2863.123,12818.640999999989,2878.713,14900.421999989989,16.19152450331032,1,0,0,36.0,36.0,36.0,1.0,0.0,1.0,1.0,1,0,0.0,0.0,0.0,1.0,0.0,1.0,0.0,0.0,0.0,0.0,0,0,0,0,0,0,0,6,1,2025,7,26,5,1,1,2,2,0,1,0.0,0,1,LEVE,0,4
6,1,0.0193279156600043,0,4,1,-13.4404584330898,-74.9609379249257,0,4,7,0,2,1,0,0,1679.5849999999998,2.0,5,1,1.0,0.340764331210191,0.0082363276960245,315.0,0.2997946406100768,72.83003345209801,3327.8779443254816,8511.426,1445.3929999999996,2008.516,5057.516999999999,1879.579,6631.846999999998,22.08300935706896,1,0,0,37.0,37.0,37.0,1.0,0.0,0.0,0.0,1,0,0.0,0.0,0.0,1.0,0.0,1.0,0.0,0.0,0.0,0.0,0,0,0,0,0,0,0,9,1,2025,7,26,5,1,1,2,1,0,1,0.0,0,0,GRAVE_MORTALIDAD,2,4
3,2,0.0318471337579617,0,4,3,-9.064603534715877,-77.73958032286248,0,4,7,0,2,-1,-1,0,6543.555,2.0,-1,-1,1.0,0.4495936745003294,0.4495936745003294,1198.0,0.4225175571417921,72.0073136099048,21231.4068522484,10767.648,1885.0630000000003,1222.721,7659.864000000001,2100.343,8667.305000000002,19.506051832303577,2,0,0,43.0,33.0,53.0,1.0,1.0,1.0,1.0,2,0,0.0,0.0,1.0,1.0,0.0,1.0,1.0,0.0,0.0,0.0,1,1,1,1,0,0,0,19,3,2025,7,26,5,1,1,0,2,0,1,0.0,0,0,LEVE,0,20
2,0,0.0902701515484296,0,4,2,-13.626098835481228,-72.24029474646503,0,4,0,0,1,-1,-1,2,6543.555,2.0,-1,-1,1.0,0.4495936745003294,0.4495936745003294,1198.0,0.221263491726049,75.43345322294252,3523.3854389721623,17779.13499998999,2097.37099999,2863.123,12818.640999999989,2878.713,14900.421999989989,16.19152450331032,1,0,0,30.0,30.0,30.0,1.0,0.0,0.0,1.0,1,0,0.0,0.0,1.0,0.0,0.0,0.0,1.0,0.0,0.0,0.0,1,1,1,1,0,0,0,16,2,2025,7,28,0,0,1,2,2,0,1,0.0,0,1,LEVE,0,4
6,1,0.0293213265978475,0,4,1,-6.162995,-76.83646,2,4,0,0,2,-1,-1,0,7758.33400008,2.0,5,2,1.0,0.340764331210191,0.0464528882055787,2133.0,0.3492524985551798,73.87945975179423,16120.93790149893,5645.136,815.0759999999999,965.298,3864.762,1013.406,4631.73,17.95184385283189,1,0,0,28.0,28.0,28.0,1.0,1.0,0.0,0.0,1,0,0.0,0.0,0.0,1.0,1.0,0.0,0.0,0.0,1.0,0.0,0,0,0,0,0,0,0,3,0,2025,7,29,1,0,1,1,2,0,1,0.0,0,0,LEVE,0,2
3,2,0.0139468482319349,0,4,1,-3.7147262790658586,-80.73764025306184,0,4,7,0,2,-1,-1,2,6543.555,3.0,5,2,1.0,0.1133318690972984,0.1133318690972984,1475.0,0.568342833663152,74.37886913017682,11360.244111349037,1009.101,138.47399999999996,287.471,583.156,276.972,732.129,27.447401201663663,2,0,0,35.5,34.0,37.0,1.0,1.0,0.0,1.0,2,0,0.0,0.0,1.0,0.0,1.0,0.0,1.0,1.0,1.0,1.0,0,0,0,0,0,0,0,20,3,2025,7,29,1,0,1,0,2,1,1,0.0,0,0,LEVE,0,13
6,1,0.0293213265978475,2,6,4,-5.92736694303303,-77.3190036361322,0,3,7,0,1,-1,-1,0,6543.555,2.0,-1,-1,1.0,0.4495936745003294,0.4495936745003294,1198.0,0.4789759027469384,73.43778249935497,47552.6295503212,5645.136,815.0759999999999,965.298,3864.762,1013.406,4631.73,17.95184385283189,1,0,0,21.0,21.0,21.0,1.0,1.0,0.0,0.0,1,0,0.0,0.0,0.0,1.0,1.0,0.0,0.0,1.0,1.0,1.0,1,1,1,1,0,0,0,23,3,2025,7,29,1,0,1,1,2,0,1,0.0,0,1,LEVE,0,2
1,1,0.0766527564243356,2,4,1,-16.351566,-71.580756,0,0,7,1,2,0,1,0,1504.4250000000002,2.0,5,2,1.0,0.0252580716011421,0.0230617175488688,241.0,0.6411767862503931,77.2408324916572,193412.3169164882,10322.272,1495.236,1749.739,7077.2970000000005,2886.595,7435.677000000001,27.964725207783708,1,1,2,37.0,33.0,40.0,0.0,0.0,0.0,0.0,1,1,1.0,0.0,0.0,0.0,0.0,0.0,0.0,0.0,0.0,1.0,0,0,0,0,1,1,1,21,3,2025,8,2,5,1,0,0,1,0,1,1.0,0,0,GRAVE_MORTALIDAD,2,4
6,1,0.0213046343070502,0,4,0,-13.595,-74.351,0,4,0,1,7,-1,-1,2,6543.555,2.0,-1,-1,1.0,0.4495936745003294,0.4495936745003294,1198.0,0.3182703045618507,80.2549122085561,7722.331905781584,12678.733000000004,1805.074000000001,1774.0339999999994,9099.625000000004,2485.375000000001,10193.358000000002,19.602707936195205,1,0,0,20.0,20.0,20.0,1.0,1.0,1.0,1.0,1,0,0.0,0.0,0.0,1.0,0.0,0.0,1.0,0.0,1.0,0.0,1,1,1,1,0,0,0,1,0,2025,8,3,6,1,0,2,2,0,1,0.0,1,1,LEVE,0,4
3,2,0.0902701515484296,0,4,1,-14.916305,-71.193779,0,4,0,0,2,-1,-1,2,568.5409999999999,1.0,5,1,0.0,0.340764331210191,0.0057105205359103,93.0,0.3947357298822749,66.64682076332791,5092.139186295502,17779.13499998999,2097.37099999,2863.123,12818.640999999989,2878.713,14900.421999989989,16.19152450331032,2,0,0,42.0,31.0,53.0,1.0,0.0,0.0,1.0,2,0,0.0,0.0,1.0,0.0,0.0,0.0,1.0,0.0,0.0,0.0,0,0,0,0,0,0,0,3,0,2025,8,3,6,1,0,2,2,0,1,0.0,0,0,GRAVE_MORTALIDAD,2,4
6,1,0.0902701515484296,0,4,1,-13.224433,-70.7423,0,4,0,0,2,-1,-1,2,3263.58,2.0,5,2,1.0,0.0080166922907972,0.0080166922907972,566.0,0.456269323491559,57.22814439496783,2071.82869379015,17779.13499998999,2097.37099999,2863.123,12818.640999999989,2878.713,14900.421999989989,16.19152450331032,1,0,0,21.0,21.0,21.0,1.0,0.0,1.0,1.0,1,0,0.0,0.0,0.0,1.0,1.0,0.0,0.0,0.0,0.0,0.0,0,0,0,0,0,0,0,9,1,2025,8,3,6,1,0,2,2,0,1,0.0,0,0,LEVE,0,45
3,3,0.0139468482319349,0,4,1,-3.5270681428462614,-80.35939572108758,0,4,7,0,2,-1,-1,2,6543.555,3.0,5,2,1.0,0.1133318690972984,0.1133318690972984,1475.0,0.506393213976091,71.09604779417722,5253.152034261242,1009.101,138.47399999999996,287.471,583.156,276.972,732.129,27.447401201663663,3,1,0,44.5,39.0,50.0,1.0,1.0,0.0,1.0,3,0,0.0,0.0,1.0,0.0,1.0,1.0,0.0,0.0,1.0,1.0,0,0,0,0,0,0,0,6,1,2025,8,4,0,0,0,0,2,1,1,0.3333333333333333,0,0,LEVE,0,13
5,1,0.0766527564243356,0,4,2,-17.123828,-71.850587,0,4,7,0,2,-1,-1,0,6543.555,2.0,-1,-1,1.0,0.4495936745003294,0.4495936745003294,1198.0,0.61639083938292,77.65150347430681,6725.137044967881,10322.272,1495.236,1749.739,7077.2970000000005,2886.595,7435.677000000001,27.964725207783708,2,1,0,73.0,73.0,73.0,1.0,0.0,0.0,0.0,2,1,1.0,0.0,0.0,1.0,1.0,0.0,0.0,0.0,1.0,1.0,1,1,1,1,0,0,0,18,3,2025,8,5,1,0,0,0,2,0,1,0.5,0,0,LEVE,0,4
0,1,0.0193279156600043,0,4,3,-12.775655,-74.58469,0,4,7,0,7,-1,-1,0,6543.555,2.0,-1,-1,1.0,0.4495936745003294,0.4495936745003294,1198.0,0.2215265046905056,74.81473766188749,6747.850107066381,8511.426,1445.3929999999996,2008.516,5057.516999999999,1879.579,6631.846999999998,22.08300935706896,1,0,1,37.0,37.0,37.0,1.0,0.0,0.0,0.0,1,0,0.0,0.0,0.0,1.0,0.0,1.0,0.0,0.0,0.0,0.0,1,1,1,1,0,0,0,10,1,2025,8,8,4,0,0,2,2,0,1,0.0,0,1,LEVE,0,4
3,2,0.0213046343070502,0,4,1,-14.6623,-74.386078,0,4,7,0,2,1,0,2,2238.6850000000004,2.0,5,2,1.0,0.0036239841862508,0.0036239841862508,115.0,0.3765288260269777,68.18120476047088,3716.779443254818,12678.733000000004,1805.074000000001,1774.0339999999994,9099.625000000004,2485.375000000001,10193.358000000002,19.602707936195205,2,0,0,51.5,41.0,62.0,1.0,0.0,0.0,1.0,2,0,0.0,1.0,0.0,0.0,0.0,0.0,1.0,0.0,1.0,0.0,0,0,0,0,0,0,0,3,0,2025,8,9,5,1,0,2,1,0,1,0.0,0,0,LEVE,0,50
3,1,0.0766527564243356,0,4,1,-16.069505,-71.572433,0,4,7,0,2,0,1,0,1504.4250000000002,2.0,5,2,1.0,0.0252580716011421,0.0230617175488688,241.0,0.6005060748875158,78.21704200773246,33335.45824411135,10322.272,1495.236,1749.739,7077.2970000000005,2886.595,7435.677000000001,27.964725207783708,2,0,0,42.0,35.0,49.0,1.0,0.0,0.0,1.0,2,0,0.0,1.0,0.0,0.0,0.0,0.0,1.0,0.0,0.0,0.0,0,0,0,0,0,0,0,5,0,2025,8,9,5,1,0,0,1,0,1,0.0,0,0,GRAVE_MORTALIDAD,2,4
3,2,0.0293213265978475,0,4,1,-6.038646,-77.081384,0,4,7,0,2,-1,-1,0,7758.33400008,2.0,5,2,1.0,0.340764331210191,0.0464528882055787,2133.0,0.5147882301210585,74.70882653725891,4267.862955032119,5645.136,815.0759999999999,965.298,3864.762,1013.406,4631.73,17.95184385283189,2,0,0,50.0,34.0,66.0,1.0,1.0,0.0,0.0,2,0,0.0,1.0,0.0,1.0,1.0,0.0,1.0,1.0,1.0,1.0,0,0,0,0,0,0,0,0,0,2025,8,10,6,1,0,1,2,0,1,0.0,0,0,LEVE,0,2
0,1,0.0902701515484296,0,2,4,-13.32366325201,-71.9494667469638,0,4,7,1,2,-1,-1,4,6543.555,2.0,-1,-1,1.0,0.4495936745003294,0.4495936745003294,1198.0,0.4562958894633943,70.99144093489087,23833.353319057816,17779.13499998999,2097.37099999,2863.123,12818.640999999989,2878.713,14900.421999989989,16.19152450331032,1,0,1,32.0,32.0,32.0,0.0,0.0,0.0,0.0,1,0,0.0,0.0,1.0,0.0,1.0,0.0,0.0,0.0,1.0,0.0,1,1,1,1,0,0,0,10,1,2025,8,10,6,1,0,2,2,0,1,0.0,0,0,LEVE,0,4
3,1,0.0182297386338677,0,4,0,-13.9245953842813,-73.6126295075538,7,4,0,0,7,-1,-1,2,6543.555,2.0,-1,-1,1.0,0.4495936745003294,0.4495936745003294,1198.0,0.2391495066506462,71.04482647743967,1848.777301927195,8358.971,1282.451,1298.0969999999998,5778.423,1432.683,6926.288,17.139466089785454,2,0,0,24.0,19.0,29.0,1.0,1.0,0.0,0.0,2,0,0.0,0.0,0.0,1.0,1.0,0.0,0.0,1.0,1.0,1.0,1,1,1,1,0,0,0,6,1,2025,8,11,0,0,0,2,2,0,1,0.0,0,1,LEVE,0,4
3,1,0.0902701515484296,1,4,1,-13.595443,-71.781486,6,5,6,-1,6,-1,-1,0,7586.903,2.0,5,2,1.0,0.340764331210191,0.067428069404788,1198.0,0.5065580412535501,64.79370905469777,8658.316916488222,17779.13499998999,2097.37099999,2863.123,12818.640999999989,2878.713,14900.421999989989,16.19152450331032,2,0,0,31.5,17.0,46.0,1.0,1.0,0.0,0.0,2,0,0.0,0.0,0.0,1.0,0.0,1.0,1.0,0.0,0.0,0.0,0,0,0,0,0,0,0,23,3,2025,8,13,2,0,0,2,2,0,1,0.0,0,0,GRAVE_MORTALIDAD,2,4
3,2,0.0213046343070502,0,4,1,-13.0615749435509,-74.16638307526644,0,4,0,1,2,1,0,2,3447.8009999999995,1.0,5,1,0.0,0.340764331210191,0.0101032286404568,1109.0,0.3047264078916316,64.3603943646096,5716.304068522484,12678.733000000004,1805.074000000001,1774.0339999999994,9099.625000000004,2485.375000000001,10193.358000000002,19.602707936195205,2,0,0,28.5,27.0,30.0,1.0,1.0,1.0,1.0,2,0,0.0,0.0,0.0,1.0,1.0,0.0,1.0,0.0,0.0,0.0,0,0,0,0,0,0,0,3,0,2025,8,15,4,0,1,2,1,0,1,0.0,1,0,LEVE,0,4
3,2,0.0293213265978475,0,4,0,-5.969565,-77.049934,0,4,7,0,2,-1,-1,0,6543.555,2.0,-1,-1,1.0,0.4495936745003294,0.4495936745003294,1198.0,0.4025996168881118,74.20835243540654,3284.385438972163,5645.136,815.0759999999999,965.298,3864.762,1013.406,4631.73,17.95184385283189,2,0,0,33.0,28.0,38.0,1.0,1.0,0.0,0.0,2,0,0.0,0.0,1.0,0.0,1.0,0.0,0.0,1.0,1.0,1.0,1,1,1,1,0,0,0,19,3,2025,8,16,5,1,1,1,2,0,1,0.0,0,0,LEVE,0,2
6,1,0.0902701515484296,0,4,1,-13.0044258790302,-72.5073675104983,0,4,0,0,2,1,0,2,3447.8009999999995,1.0,5,1,0.0,0.340764331210191,0.0101032286404568,1109.0,0.4706944943299555,76.79406176595778,3282.6252676659524,17779.13499998999,2097.37099999,2863.123,12818.640999999989,2878.713,14900.421999989989,16.19152450331032,1,0,0,57.0,57.0,57.0,1.0,1.0,0.0,0.0,1,0,0.0,0.0,0.0,1.0,0.0,1.0,0.0,1.0,1.0,1.0,0,0,0,0,0,0,0,11,1,2025,8,17,6,1,1,2,1,0,1,0.0,0,0,LEVE,0,4
0,1,0.0902701515484296,0,4,2,-12.975169641189671,-71.42560913187148,0,4,7,0,1,-1,-1,2,6543.555,2.0,-1,-1,1.0,0.4495936745003294,0.4495936745003294,1198.0,0.3612121566150602,62.7406214315804,5308.728051391863,17779.13499998999,2097.37099999,2863.123,12818.640999999989,2878.713,14900.421999989989,16.19152450331032,1,0,1,21.0,21.0,21.0,1.0,1.0,0.0,1.0,1,0,0.0,0.0,0.0,1.0,1.0,0.0,0.0,1.0,0.0,1.0,1,1,1,1,0,0,0,18,3,2025,8,19,1,0,1,2,2,0,1,0.0,0,1,LEVE,0,4
0,2,0.0902701515484296,0,4,1,-14.310066876000374,-71.20737808213053,0,4,7,0,2,-1,-1,4,7586.903,2.0,5,2,1.0,0.340764331210191,0.067428069404788,1198.0,0.5265643824923771,76.3202150422939,59032.11777301927,17779.13499998999,2097.37099999,2863.123,12818.640999999989,2878.713,14900.421999989989,16.19152450331032,2,0,1,36.5,28.0,45.0,1.0,1.0,0.0,1.0,2,0,0.0,0.0,0.0,1.0,0.0,1.0,1.0,0.0,0.0,0.0,0,0,0,0,0,0,0,19,3,2025,8,19,1,0,1,2,2,0,1,0.0,0,0,LEVE,0,4
6,1,0.0193279156600043,0,4,2,-12.947990773751666,-74.77038499862464,0,4,7,0,1,-1,-1,0,6543.555,2.0,-1,-1,1.0,0.4495936745003294,0.4495936745003294,1198.0,0.4056633829243492,69.45097928216407,2397.86295503212,8511.426,1445.3929999999996,2008.516,5057.516999999999,1879.579,6631.846999999998,22.08300935706896,1,0,0,38.0,38.0,38.0,1.0,0.0,0.0,0.0,1,0,0.0,0.0,0.0,0.0,0.0,0.0,1.0,0.0,0.0,0.0,1,1,1,1,0,0,0,12,2,2025,8,22,4,0,1,2,2,0,1,0.0,0,1,GRAVE_LESIONADOS,1,4
6,1,0.0766527564243356,0,4,0,-16.541826,-71.705467,0,4,7,1,2,1,1,0,6543.555,2.0,-1,-1,1.0,0.4495936745003294,0.4495936745003294,1198.0,0.6105481451420971,78.10653088113892,35025.678800856535,10322.272,1495.236,1749.739,7077.2970000000005,2886.595,7435.677000000001,27.964725207783708,1,0,0,33.0,33.0,33.0,1.0,0.0,0.0,0.0,1,0,0.0,1.0,0.0,0.0,0.0,0.0,1.0,0.0,0.0,0.0,1,1,1,1,0,0,0,5,0,2025,8,23,5,1,1,0,2,0,1,0.0,0,0,LEVE,0,4
5,2,0.0213046343070502,2,4,1,-13.161954486572489,-74.217768271299,0,3,0,1,2,-1,-1,2,7586.903,2.0,5,2,1.0,0.340764331210191,0.067428069404788,1198.0,0.4899437684165864,67.47987002059479,35359.0,12678.733000000004,1805.074000000001,1774.0339999999994,9099.625000000004,2485.375000000001,10193.358000000002,19.602707936195205,2,0,0,27.5,24.0,31.0,1.0,1.0,0.0,1.0,2,0,0.0,0.0,0.0,1.0,1.0,1.0,0.0,0.0,0.0,1.0,0,0,0,0,0,0,0,21,3,2025,8,23,5,1,1,2,2,0,1,0.0,1,0,GRAVE_MORTALIDAD,2,4
1,1,0.0213046343070502,0,4,1,-13.195297,-74.202945,0,4,7,1,2,-1,-1,4,7586.903,2.0,5,2,1.0,0.340764331210191,0.067428069404788,1198.0,0.5434028420964154,74.57852402616055,55908.47323340471,12678.733000000004,1805.074000000001,1774.0339999999994,9099.625000000004,2485.375000000001,10193.358000000002,19.602707936195205,1,0,1,46.0,46.0,46.0,1.0,1.0,0.0,0.0,1,0,0.0,0.0,0.0,0.0,0.0,1.0,0.0,1.0,1.0,0.0,0,0,0,0,0,0,0,21,3,2025,8,23,5,1,1,2,2,0,1,0.0,0,0,LEVE,0,4
0,1,0.0766527564243356,2,2,4,-16.4309176408146,-71.5263979161553,0,0,7,0,2,0,1,0,6543.555,2.0,-1,-1,1.0,0.4495936745003294,0.4495936745003294,1198.0,0.7453744058790387,79.4589730074046,76620.6295503212,10322.272,1495.236,1749.739,7077.2970000000005,2886.595,7435.677000000001,27.964725207783708,1,0,1,31.0,31.0,31.0,1.0,0.0,1.0,1.0,1,0,0.0,0.0,0.0,1.0,1.0,0.0,0.0,0.0,1.0,0.0,1,1,1,1,0,0,0,17,2,2025,8,24,6,1,1,0,1,0,1,0.0,0,0,LEVE,0,4
10,1,0.0193279156600043,0,4,1,-13.3475197344348,-74.6916430396068,2,4,0,1,2,1,0,6,1679.5849999999998,2.0,5,1,1.0,0.340764331210191,0.0082363276960245,315.0,0.2997946406100768,72.83003345209801,3327.8779443254816,8511.426,1445.3929999999996,2008.516,5057.516999999999,1879.579,6631.846999999998,22.08300935706896,1,0,0,64.0,64.0,64.0,1.0,0.0,0.0,1.0,1,0,0.0,0.0,0.0,1.0,0.0,0.0,1.0,0.0,1.0,0.0,0,0,0,0,0,0,0,14,2,2025,8,25,0,0,1,2,1,0,1,0.0,1,0,LEVE,0,4
6,1,0.0193279156600043,0,4,1,-13.368891,-75.771641,0,4,7,0,2,-1,-1,0,1482.81,1.0,-1,1,0.0,0.340764331210191,0.0020865363496595,270.0,0.3411173070312999,59.28231177702783,1172.0728051391864,8511.426,1445.3929999999996,2008.516,5057.516999999999,1879.579,6631.846999999998,22.08300935706896,1,0,0,59.0,59.0,59.0,1.0,0.0,0.0,0.0,1,0,0.0,0.0,0.0,1.0,0.0,0.0,1.0,0.0,1.0,0.0,0,0,0,0,0,0,0,12,2,2025,8,27,2,0,1,2,2,0,1,0.0,0,0,GRAVE_MORTALIDAD,2,-1