CLASE SINIESTRO,CANTIDAD DE VEHICULOS DAÑADOS,DEPARTAMENTO,ZONA,TIPO DE VÍA,RED VIAL,COORDENADAS LATITUD,COORDENADAS  LONGITUD,CONDICIÓN CLIMÁTICA,ZONIFICACIÓN,CARACTERÍSTICAS DE VÍA,PERFIL LONGITUDINAL VÍA,SUPERFICIE DE CALZADA,¿EXISTE SEÑAL VERTICAL?,¿EXISTE SEÑAL HORIZONTAL?,CAUSA FACTOR PRINCIPAL,MTC_RVN_LONGITUD_KM,MTC_RVN_N_CARRILES_MEDIANA,MTC_RVN_SUPERFICIE_DOMINANTE,MTC_RVN_ESTADO_DOMINANTE,MTC_RVN_ES_CONCESIONADA,MTC_RVN_CONCESION_PRINCIPAL,MTC_RVN_CORREDOR_LOGISTICO,MTC_RVN_N_TRAMOS,IDH_2019,IDH_ESP_VIDA_2019,IDH_POBLACION_2019,MTC_DEP_RED_TOTAL_KM,MTC_DEP_NACIONAL_TOTAL_KM,MTC_DEP_DEPARTAMENTAL_TOTAL_KM,MTC_DEP_VECINAL_TOTAL_KM,MTC_DEP_PAV_TOTAL_KM,MTC_DEP_NO_PAV_TOTAL_KM,MTC_DEP_PCT_PAVIMENTADA,PER_N_CONDUCTORES,PER_N_CONDUCTORES_FUGADOS,PER_N_PEATONES,PER_EDAD_COND_PROM,PER_EDAD_COND_MIN,PER_EDAD_COND_MAX,PER_ANY_COND_MASCULINO,PER_ANY_LIC_PROBLEMA,PER_ANY_DOSAJE_POS,PER_ANY_DOSAJE_EVALUADO,VEH_TOTAL,VEH_N_FUGADOS,VEH_ANY_FUGADO,VEH_ANY_CARGA,VEH_ANY_PUBLICO,VEH_ANY_PARTICULAR,VEH_ANY_MOTO,VEH_ANY_AUTO,VEH_ANY_CAMION_BUS,VEH_ANY_SOAT_PROBLEMA,VEH_ANY_CITV_PROBLEMA,VEH_ANY_SEGURO_PROBLEMA,MTC_RVN_LONGITUD_KM_ERA_NULO,MTC_RVN_N_CARRILES_MEDIANA_ERA_NULO,MTC_RVN_ES_CONCESIONADA_ERA_NULO,MTC_RVN_N_TRAMOS_ERA_NULO,PER_EDAD_COND_PROM_ERA_NULO,PER_EDAD_COND_MIN_ERA_NULO,PER_EDAD_COND_MAX_ERA_NULO,HORA_NUM,FRANJA_HORARIA,ANIO,MES,DIA_MES,DIA_SEMANA,ES_FIN_SEMANA,ES_QUINCENA,REGION_NATURAL,NIVEL_SEÑALIZACION_ORD,ES_VIA_MULTICARRIL,ES_DEPTO_BAJO_PAVIMENTO,RATIO_CONDUCTORES_FUGADOS,ES_CURVA_Y_PENDIENTE,ES_VIA_NO_PAVIMENTADA,CATEGORIA_SEVERIDAD,CATEGORIA_SEVERIDAD_ENC,CLUSTER
0,1,0.0902701515484296,0,4,1,-14.29031,-71.221327,0,4,7,0,4,-1,-1,4,7586.903,2.0,5,2,1.0,0.340764331210191,0.067428069404788,1198.0,0.5265643824923771,76.3202150422939,59032.11777301927,17779.13499998999,2097.37099999,2863.123,12818.640999999989,2878.713,14900.421999989989,16.19152450331032,1,0,1,35.0,35.0,35.0,1.0,1.0,0.0,1.0,1,0,0.0,0.0,1.0,0.0,1.0,0.0,0.0,0.0,1.0,0.0,0,0,0,0,0,0,0,13,2,2025,9,20,5,1,1,2,2,0,1,0.0,0,0,LEVE,0,4
6,1,0.0193279156600043,0,4,1,-12.665855,-74.712145,0,4,7,0,4,-1,-1,0,778.685,-1.0,-1,2,0.0,0.340764331210191,0.1266198111135515,160.0,0.307095146119662,76.81714663053356,29603.12847965739,8511.426,1445.3929999999996,2008.516,5057.516999999999,1879.579,6631.846999999998,22.08300935706896,1,0,0,34.0,34.0,34.0,1.0,1.0,0.0,0.0,1,0,0.0,0.0,0.0,1.0,1.0,0.0,0.0,1.0,1.0,1.0,0,0,0,0,0,0,0,14,2,2025,9,20,5,1,1,2,2,0,1,0.0,0,0,LEVE,0,4
0,1,0.0902701515484296,2,4,1,-13.532413,-71.962001,0,3,7,0,4,1,0,2,7586.903,2.0,5,2,1.0,0.340764331210191,0.067428069404788,1198.0,0.7389014524656411,77.12870395561643,61899.75802997858,17779.13499998999,2097.37099999,2863.123,12818.640999999989,2878.713,14900.421999989989,16.19152450331032,1,0,1,39.0,39.0,39.0,1.0,0.0,0.0,1.0,1,0,0.0,0.0,0.0,0.0,0.0,1.0,0.0,0.0,1.0,0.0,0,0,0,0,0,0,0,19,3,2025,9,20,5,1,1,2,1,0,1,0.0,0,0,LEVE,0,4
1,0,0.0902701515484296,0,2,4,-13.553208,-71.881763,0,4,7,0,2,-1,-1,2,6543.555,2.0,-1,-1,1.0,0.4495936745003294,0.4495936745003294,1198.0,0.6549025615332805,78.59637500870319,59698.74304068524,17779.13499998999,2097.37099999,2863.123,12818.640999999989,2878.713,14900.421999989989,16.19152450331032,1,1,1,37.0,33.0,40.0,0.0,0.0,0.0,0.0,1,1,1.0,0.0,0.0,1.0,1.0,0.0,0.0,0.0,0.0,1.0,1,1,1,1,1,1,1,20,3,2025,9,20,5,1,1,2,2,0,1,1.0,0,0,LEVE,0,4
3,2,0.0293213265978475,2,2,4,-6.060153,-77.179152,7,0,1,0,2,-1,-1,0,6543.555,2.0,-1,-1,1.0,0.4495936745003294,0.4495936745003294,1198.0,0.5963332411867256,73.80959983510441,24031.167023554604,5645.136,815.0759999999999,965.298,3864.762,1013.406,4631.73,17.95184385283189,2,0,0,47.5,13.0,82.0,1.0,1.0,0.0,0.0,2,0,0.0,0.0,0.0,1.0,1.0,0.0,0.0,1.0,1.0,1.0,1,1,1,1,0,0,0,10,1,2025,9,22,0,0,1,1,2,0,1,0.0,0,0,LEVE,0,2
3,2,0.0139468482319349,0,4,0,-3.68369253583533,-80.43698072015664,0,4,7,0,2,-1,-1,2,6543.555,2.0,-1,-1,1.0,0.4495936745003294,0.4495936745003294,1198.0,0.5386194716735454,74.7787740016357,7012.0428265524615,1009.101,138.47399999999996,287.471,583.156,276.972,732.129,27.447401201663663,2,0,0,64.5,55.0,74.0,1.0,1.0,0.0,1.0,2,1,1.0,0.0,0.0,0.0,0.0,1.0,0.0,0.0,0.0,1.0,1,1,1,1,0,0,0,17,2,2025,9,25,3,0,1,0,2,0,1,0.0,0,0,LEVE,0,13
3,2,0.0293213265978475,0,4,1,-6.04457,-77.144425,0,4,7,0,2,-1,-1,0,7758.33400008,2.0,5,2,1.0,0.340764331210191,0.0464528882055787,2133.0,0.5147882301210585,74.70882653725891,4267.862955032119,5645.136,815.0759999999999,965.298,3864.762,1013.406,4631.73,17.95184385283189,2,0,0,47.0,41.0,53.0,1.0,1.0,0.0,0.0,2,0,0.0,0.0,0.0,1.0,1.0,1.0,0.0,0.0,1.0,1.0,0,0,0,0,0,0,0,1,0,2025,9,27,5,1,1,1,2,0,1,0.0,0,0,LEVE,0,2
0,0,0.0213046343070502,2,8,4,-13.1543899554773,-74.2009359944067,0,3,7,0,7,-1,-1,2,6543.555,2.0,-1,-1,1.0,0.4495936745003294,0.4495936745003294,1198.0,0.4899437684165864,67.47987002059479,35359.0,12678.733000000004,1805.074000000001,1774.0339999999994,9099.625000000004,2485.375000000001,10193.358000000002,19.602707936195205,1,0,1,28.0,28.0,28.0,1.0,0.0,0.0,1.0,1,0,0.0,0.0,0.0,1.0,0.0,0.0,1.0,0.0,0.0,0.0,1,1,1,1,0,0,0,9,1,2025,9,27,5,1,1,2,2,0,1,0.0,0,1,LEVE,0,4
6,1,0.0213046343070502,0,4,1,-13.414866,-73.967526,2,4,0,1,2,-1,-1,2,7586.903,2.0,5,2,1.0,0.340764331210191,0.067428069404788,1198.0,0.2511977866304733,68.52299906881817,9734.820128479656,12678.733000000004,1805.074000000001,1774.0339999999994,9099.625000000004,2485.375000000001,10193.358000000002,19.602707936195205,1,0,0,23.0,23.0,23.0,1.0,1.0,1.0,1.0,1,0,0.0,0.0,0.0,1.0,1.0,0.0,0.0,1.0,0.0,0.0,0,0,0,0,0,0,0,12,2,2025,9,28,6,1,1,2,2,0,1,0.0,1,0,LEVE,0,4
3,2,0.2105205359103887,0,4,2,-11.4243413,-77.2858457,0,4,7,0,2,-1,-1,0,6543.555,2.0,-1,-1,1.0,0.4495936745003294,0.4495936745003294,1198.0,0.6447048661877788,79.92873744030881,104439.11563169166,7626.313,1683.4029999999998,1599.0829999999996,4343.827000000001,1814.875,5811.438000000001,23.7975414856432,2,0,0,42.0,40.0,44.0,1.0,0.0,0.0,1.0,2,0,0.0,1.0,0.0,1.0,0.0,1.0,1.0,0.0,0.0,0.0,1,1,1,1,0,0,0,7,1,2025,10,1,2,0,0,0,2,0,1,0.0,0,0,LEVE,0,0
3,1,0.0766527564243356,0,4,1,-15.8505087913192,-71.1140051338093,0,4,7,0,2,-1,-1,0,1504.4250000000002,2.0,5,2,1.0,0.0252580716011421,0.0230617175488688,241.0,0.4498224071382834,81.63336343193146,1358.612419700214,10322.272,1495.236,1749.739,7077.2970000000005,2886.595,7435.677000000001,27.964725207783708,2,0,0,34.5,25.0,44.0,1.0,0.0,0.0,1.0,2,0,0.0,0.0,1.0,1.0,0.0,0.0,1.0,0.0,0.0,0.0,0,0,0,0,0,0,0,3,0,2025,10,2,3,0,0,0,2,0,1,0.0,0,0,GRAVE_LESIONADOS,1,4
3,2,0.0902701515484296,0,4,1,-13.617150416740582,-71.25246657565249,0,4,7,0,2,-1,-1,2,3263.58,2.0,5,2,1.0,0.0080166922907972,0.0080166922907972,566.0,0.2701433460922377,67.03086854576458,16118.58886509636,17779.13499998999,2097.37099999,2863.123,12818.640999999989,2878.713,14900.421999989989,16.19152450331032,2,0,0,31.0,31.0,31.0,1.0,0.0,0.0,0.0,2,0,0.0,0.0,0.0,1.0,0.0,1.0,1.0,0.0,1.0,0.0,0,0,0,0,0,0,0,7,1,2025,10,2,3,0,0,2,2,0,1,0.0,0,0,GRAVE_MORTALIDAD,2,4
3,2,0.0902701515484296,0,4,1,-13.932017,-71.503561,0,4,7,0,2,-1,-1,2,7586.903,2.0,5,2,1.0,0.340764331210191,0.067428069404788,1198.0,0.2817996466757569,61.46221967841442,4178.871520342613,17779.13499998999,2097.37099999,2863.123,12818.640999999989,2878.713,14900.421999989989,16.19152450331032,2,0,0,53.0,52.0,54.0,1.0,1.0,0.0,1.0,2,0,0.0,1.0,0.0,1.0,0.0,0.0,1.0,0.0,0.0,0.0,0,0,0,0,0,0,0,3,0,2025,10,6,0,0,0,2,2,0,1,0.0,0,0,LEVE,0,4
1,1,0.0293213265978475,2,4,1,-6.049896,-77.17306,0,0,7,0,2,-1,-1,0,7758.33400008,2.0,5,2,1.0,0.340764331210191,0.0464528882055787,2133.0,0.5963332411867256,73.80959983510441,24031.167023554604,5645.136,815.0759999999999,965.298,3864.762,1013.406,4631.73,17.95184385283189,1,1,1,37.0,33.0,40.0,0.0,0.0,0.0,0.0,1,0,0.0,0.0,1.0,0.0,1.0,0.0,0.0,1.0,1.0,1.0,0,0,0,0,1,1,1,5,0,2025,10,6,0,0,0,1,2,0,1,1.0,0,0,LEVE,0,2
6,1,0.0902701515484296,0,4,0,-13.849161,-71.945618,0,4,7,1,1,-1,-1,2,6543.555,2.0,-1,-1,1.0,0.4495936745003294,0.4495936745003294,1198.0,0.2244190091334229,64.64082794550986,2897.199143468951,17779.13499998999,2097.37099999,2863.123,12818.640999999989,2878.713,14900.421999989989,16.19152450331032,1,0,0,54.0,54.0,54.0,1.0,0.0,0.0,1.0,1,0,0.0,0.0,0.0,1.0,0.0,1.0,0.0,0.0,0.0,0.0,1,1,1,1,0,0,0,5,0,2025,10,7,1,0,0,2,2,0,1,0.0,0,1,LEVE,0,4
3,2,0.0213046343070502,2,4,1,-12.941257,-74.251382,0,4,0,1,2,1,0,2,7586.903,2.0,5,2,1.0,0.340764331210191,0.067428069404788,1198.0,0.4493406382074752,74.14434204360414,45975.54773927236,12678.733000000004,1805.074000000001,1774.0339999999994,9099.625000000004,2485.375000000001,10193.358000000002,19.602707936195205,2,0,0,22.0,13.0,31.0,1.0,1.0,0.0,0.0,2,0,0.0,0.0,1.0,1.0,1.0,1.0,0.0,0.0,0.0,0.0,0,0,0,0,0,0,0,14,2,2025,10,7,1,0,0,2,1,0,1,0.0,1,0,LEVE,0,4
3,1,0.0902701515484296,0,4,1,-13.650235,-71.592558,0,4,0,0,2,-1,-1,2,3263.58,2.0,5,2,1.0,0.0080166922907972,0.0080166922907972,566.0,0.4629184740681672,65.5665792285447,7985.920770877943,17779.13499998999,2097.37099999,2863.123,12818.640999999989,2878.713,14900.421999989989,16.19152450331032,2,0,1,29.5,16.0,43.0,1.0,1.0,0.0,1.0,2,0,0.0,0.0,1.0,1.0,1.0,0.0,1.0,1.0,1.0,1.0,0,0,0,0,0,0,0,17,2,2025,10,8,2,0,0,2,2,0,1,0.0,0,0,GRAVE_MORTALIDAD,2,4
6,1,0.0766527564243356,2,4,2,-16.465726,-71.541744,0,4,1,0,2,-1,-1,0,6543.555,2.0,-1,-1,1.0,0.4495936745003294,0.4495936745003294,1198.0,0.6667517543391563,77.72519918989518,87112.27408993576,10322.272,1495.236,1749.739,7077.2970000000005,2886.595,7435.677000000001,27.964725207783708,1,0,1,26.0,26.0,26.0,1.0,0.0,0.0,1.0,1,0,0.0,0.0,0.0,1.0,0.0,1.0,0.0,0.0,0.0,0.0,1,1,1,1,0,0,0,16,2,2025,10,10,4,0,0,0,2,0,1,0.0,0,0,LEVE,0,4
3,1,0.0766527564243356,2,4,1,-16.393403,-71.583374,0,0,7,0,2,0,1,2,1504.4250000000002,2.0,5,2,1.0,0.0252580716011421,0.0230617175488688,241.0,0.6411767862503931,77.2408324916572,193412.3169164882,10322.272,1495.236,1749.739,7077.2970000000005,2886.595,7435.677000000001,27.964725207783708,3,0,0,40.333333333333336,30.0,48.0,1.0,1.0,0.0,0.0,3,0,0.0,1.0,0.0,1.0,1.0,0.0,1.0,1.0,1.0,0.0,0,0,0,0,0,0,0,6,1,2025,10,11,5,1,0,0,1,0,1,0.0,0,0,LEVE,0,4
6,1,0.0193279156600043,0,4,1,-12.503808764420713,-74.84291259122247,0,4,0,0,2,1,0,2,7586.903,2.0,5,2,1.0,0.340764331210191,0.067428069404788,1198.0,0.4978126391348558,76.18846528483702,10082.402569593149,8511.426,1445.3929999999996,2008.516,5057.516999999999,1879.579,6631.846999999998,22.08300935706896,1,0,0,42.0,42.0,42.0,1.0,0.0,0.0,1.0,1,0,0.0,0.0,0.0,1.0,0.0,1.0,0.0,0.0,0.0,0.0,0,0,0,0,0,0,0,9,1,2025,10,11,5,1,0,2,1,0,1,0.0,0,0,GRAVE_MORTALIDAD,2,4
6,1,0.0293213265978475,0,4,2,-6.271443,-76.77876,0,4,7,1,1,-1,-1,0,6543.555,2.0,-1,-1,1.0,0.4495936745003294,0.4495936745003294,1198.0,0.3333052963989162,71.41266115066519,17759.14989293362,5645.136,815.0759999999999,965.298,3864.762,1013.406,4631.73,17.95184385283189,1,0,0,60.0,60.0,60.0,1.0,0.0,0.0,0.0,1,0,0.0,0.0,1.0,0.0,1.0,0.0,0.0,0.0,1.0,0.0,1,1,1,1,0,0,0,16,2,2025,10,11,5,1,0,1,2,0,1,0.0,0,1,LEVE,0,2
0,1,0.0293213265978475,0,4,1,-5.90214823812371,-77.3268810992615,0,4,7,0,2,-1,-1,0,7758.33400008,2.0,5,2,1.0,0.340764331210191,0.0464528882055787,2133.0,0.4789759027469384,73.43778249935497,47552.6295503212,5645.136,815.0759999999999,965.298,3864.762,1013.406,4631.73,17.95184385283189,1,0,1,32.0,32.0,32.0,1.0,1.0,0.0,0.0,1,0,0.0,0.0,0.0,1.0,1.0,0.0,0.0,1.0,1.0,1.0,0,0,0,0,0,0,0,18,3,2025,10,11,5,1,0,1,2,0,1,0.0,0,0,LEVE,0,2
3,2,0.0293213265978475,2,4,1,-5.943543,-77.306208,0,0,7,0,2,-1,-1,0,7758.33400008,2.0,5,2,1.0,0.340764331210191,0.0464528882055787,2133.0,0.4789759027469384,73.43778249935497,47552.6295503212,5645.136,815.0759999999999,965.298,3864.762,1013.406,4631.73,17.95184385283189,2,0,0,23.5,18.0,29.0,1.0,1.0,0.0,0.0,2,0,0.0,0.0,1.0,1.0,1.0,0.0,0.0,1.0,1.0,1.0,0,0,0,0,0,0,0,5,0,2025,10,12,6,1,0,1,2,0,1,0.0,0,0,GRAVE_LESIONADOS,1,2
0,1,0.0293213265978475,0,4,1,-6.25973743865179,-76.7817149577015,0,4,7,0,2,-1,-1,0,7758.33400008,2.0,5,2,1.0,0.340764331210191,0.0464528882055787,2133.0,0.3333052963989162,71.41266115066519,17759.14989293362,5645.136,815.0759999999999,965.298,3864.762,1013.406,4631.73,17.95184385283189,1,0,1,37.0,37.0,37.0,1.0,0.0,0.0,0.0,1,0,0.0,1.0,0.0,0.0,0.0,0.0,1.0,0.0,0.0,0.0,0,0,0,0,0,0,0,22,3,2025,10,12,6,1,0,1,2,0,1,0.0,0,0,LEVE,0,2
6,1,0.0139468482319349,0,4,2,-3.6929703,-80.4471108,0,4,0,1,2,1,0,2,6543.555,2.0,-1,-1,1.0,0.4495936745003294,0.4495936745003294,1198.0,0.5386194716735454,74.7787740016357,7012.0428265524615,1009.101,138.47399999999996,287.471,583.156,276.972,732.129,27.447401201663663,1,0,0,54.0,54.0,54.0,1.0,0.0,1.0,1.0,1,0,0.0,0.0,0.0,1.0,1.0,0.0,0.0,1.0,1.0,0.0,1,1,1,1,0,0,0,12,2,2025,10,13,0,0,0,0,1,0,1,0.0,1,0,LEVE,0,13
6,1,0.0902701515484296,0,4,2,-13.357721,-71.556543,0,4,0,0,1,-1,-1,2,6543.555,2.0,-1,-1,1.0,0.4495936745003294,0.4495936745003294,1198.0,0.2466226927938573,59.50771953912937,12676.173447537472,17779.13499998999,2097.37099999,2863.123,12818.640999999989,2878.713,14900.421999989989,16.19152450331032,1,0,0,30.0,30.0,30.0,1.0,1.0,0.0,1.0,1,0,0.0,0.0,0.0,1.0,1.0,0.0,0.0,1.0,1.0,1.0,1,1,1,1,0,0,0,7,1,2025,10,14,1,0,0,2,2,0,1,0.0,0,1,LEVE,0,4
0,1,0.0293213265978475,0,4,1,-5.7307818955892,-77.5299189207874,0,4,7,0,2,-1,-1,4,7758.33400008,2.0,5,2,1.0,0.340764331210191,0.0464528882055787,2133.0,0.395409368693869,74.01814372927417,22212.160599571733,5645.136,815.0759999999999,965.298,3864.762,1013.406,4631.73,17.95184385283189,1,0,1,33.0,33.0,33.0,1.0,0.0,0.0,0.0,1,0,0.0,0.0,0.0,1.0,0.0,0.0,1.0,0.0,0.0,0.0,0,0,0,0,0,0,0,18,3,2025,10,15,2,0,1,1,2,0,1,0.0,0,0,LEVE,0,2
3,2,0.0193279156600043,0,4,1,-12.7727366,-74.5922933,0,4,0,1,2,1,0,2,778.685,-1.0,-1,2,0.0,0.340764331210191,0.1266198111135515,160.0,0.2215265046905056,74.81473766188749,6747.850107066381,8511.426,1445.3929999999996,2008.516,5057.516999999999,1879.579,6631.846999999998,22.08300935706896,2,0,0,32.5,27.0,38.0,1.0,0.0,0.0,1.0,2,0,0.0,0.0,1.0,1.0,1.0,0.0,1.0,0.0,0.0,0.0,0,0,0,0,0,0,0,15,2,2025,10,17,4,0,1,2,1,0,1,0.0,1,0,LEVE,0,4
0,1,0.0902701515484296,0,4,1,-14.309416,-71.207773,0,0,4,0,2,-1,-1,4,7586.903,2.0,5,2,1.0,0.340764331210191,0.067428069404788,1198.0,0.5265643824923771,76.3202150422939,59032.11777301927,17779.13499998999,2097.37099999,2863.123,12818.640999999989,2878.713,14900.421999989989,16.19152450331032,1,0,1,76.0,76.0,76.0,1.0,0.0,0.0,1.0,1,0,0.0,0.0,0.0,1.0,0.0,0.0,1.0,0.0,0.0,0.0,0,0,0,0,0,0,0,11,1,2025,10,18,5,1,1,2,2,0,1,0.0,0,0,LEVE,0,4
6,1,0.0902701515484296,0,4,2,-13.456858,-71.898928,0,4,7,0,1,-1,-1,2,6543.555,2.0,-1,-1,1.0,0.4495936745003294,0.4495936745003294,1198.0,0.3854606520670675,78.88797910851082,4673.113490364026,17779.13499998999,2097.37099999,2863.123,12818.640999999989,2878.713,14900.421999989989,16.19152450331032,1,0,0,53.0,53.0,53.0,1.0,0.0,1.0,1.0,1,0,0.0,0.0,0.0,1.0,0.0,1.0,0.0,0.0,0.0,0.0,1,1,1,1,0,0,0,23,3,2025,10,18,5,1,1,2,2,0,1,0.0,0,1,GRAVE_MORTALIDAD,2,4
6,1,0.0766527564243356,2,4,2,-16.470257,-71.495631,0,4,7,0,2,0,0,0,6543.555,2.0,-1,-1,1.0,0.4495936745003294,0.4495936745003294,1198.0,0.6166469235795027,77.77225006805689,12645.16488222698,10322.272,1495.236,1749.739,7077.2970000000005,2886.595,7435.677000000001,27.964725207783708,1,0,1,39.0,39.0,39.0,1.0,0.0,1.0,1.0,1,0,0.0,0.0,1.0,0.0,0.0,0.0,1.0,0.0,0.0,0.0,1,1,1,1,0,0,0,19,3,2025,10,19,6,1,1,0,0,0,1,0.0,0,0,LEVE,0,4
3,2,0.0293213265978475,0,4,1,-6.04139014457038,-77.1883271275821,0,4,7,0,2,-1,-1,2,7758.33400008,2.0,5,2,1.0,0.340764331210191,0.0464528882055787,2133.0,0.5963332411867256,73.80959983510441,24031.167023554604,5645.136,815.0759999999999,965.298,3864.762,1013.406,4631.73,17.95184385283189,2,0,0,41.5,39.0,44.0,1.0,1.0,0.0,0.0,2,0,0.0,0.0,1.0,1.0,1.0,0.0,0.0,1.0,1.0,1.0,0,0,0,0,0,0,0,6,1,2025,10,21,1,0,1,1,2,0,1,0.0,0,0,LEVE,0,2
6,1,0.0766527564243356,2,4,1,-16.035324,-71.40243,0,4,0,0,2,1,0,0,1021.21199996,1.0,2,0,0.0,0.340764331210191,0.1266198111135515,277.0,0.6005060748875158,78.21704200773246,33335.45824411135,10322.272,1495.236,1749.739,7077.2970000000005,2886.595,7435.677000000001,27.964725207783708,1,0,0,25.0,25.0,25.0,1.0,0.0,0.0,1.0,1,0,0.0,0.0,0.0,1.0,0.0,0.0,1.0,0.0,0.0,0.0,0,0,0,0,0,0,0,6,1,2025,10,22,2,0,1,0,1,0,1,0.0,0,0,LEVE,0,4
3,1,0.0766527564243356,0,4,1,-15.834422,-74.293082,0,4,0,1,2,0,1,0,6639.975,2.0,5,2,1.0,0.340764331210191,0.074236766966835,1616.0,0.5759660838327949,85.0,731.8543897216274,10322.272,1495.236,1749.739,7077.2970000000005,2886.595,7435.677000000001,27.964725207783708,2,0,0,44.0,29.0,59.0,1.0,0.0,0.0,0.0,2,0,0.0,1.0,0.0,0.0,0.0,0.0,1.0,0.0,0.0,0.0,0,0,0,0,0,0,0,18,3,2025,10,23,3,0,1,0,1,0,1,0.0,1,0,GRAVE_MORTALIDAD,2,14
6,1,0.0766527564243356,0,4,1,-16.9936099,-71.7304756,4,4,0,0,2,1,0,0,6639.975,2.0,5,2,1.0,0.340764331210191,0.074236766966835,1616.0,0.6449493635682252,78.44719582624413,8054.678800856533,10322.272,1495.236,1749.739,7077.2970000000005,2886.595,7435.677000000001,27.964725207783708,2,0,0,52.0,43.0,61.0,1.0,0.0,0.0,1.0,2,0,0.0,0.0,0.0,1.0,0.0,1.0,1.0,0.0,0.0,0.0,0,0,0,0,0,0,0,6,1,2025,10,26,6,1,1,0,1,0,1,0.0,0,0,GRAVE_LESIONADOS,1,4
10,1,0.0293213265978475,0,4,1,-6.03949550117566,-77.098177417361,0,4,7,0,2,-1,-1,2,7758.33400008,2.0,5,2,1.0,0.340764331210191,0.0464528882055787,2133.0,0.5147882301210585,74.70882653725891,4267.862955032119,5645.136,815.0759999999999,965.298,3864.762,1013.406,4631.73,17.95184385283189,1,0,0,21.0,21.0,21.0,1.0,1.0,0.0,0.0,1,0,0.0,0.0,0.0,1.0,1.0,0.0,0.0,1.0,1.0,1.0,0,0,0,0,0,0,0,6,1,2025,10,26,6,1,1,1,2,0,1,0.0,0,0,LEVE,0,2
6,1,0.0193279156600043,0,4,2,-13.0456499590814,-74.3943412134477,0,4,0,0,2,-1,-1,1,6543.555,2.0,-1,-1,1.0,0.4495936745003294,0.4495936745003294,1198.0,0.2885674365297043,73.1469860309209,6289.650963597431,8511.426,1445.3929999999996,2008.516,5057.516999999999,1879.579,6631.846999999998,22.08300935706896,1,0,0,22.0,22.0,22.0,1.0,0.0,0.0,1.0,1,0,0.0,1.0,0.0,0.0,0.0,0.0,1.0,0.0,0.0,0.0,1,1,1,1,0,0,0,14,2,2025,10,28,1,0,1,2,2,0,1,0.0,0,0,LEVE,0,4
3,2,0.2105205359103887,0,4,3,-11.5122467,-77.1423172,0,4,7,0,2,-1,-1,0,6543.555,2.0,-1,-1,1.0,0.4495936745003294,0.4495936745003294,1198.0,0.606011890732538,79.10580202061365,20981.39186295503,7626.313,1683.4029999999998,1599.0829999999996,4343.827000000001,1814.875,5811.438000000001,23.7975414856432,2,0,0,49.0,37.0,61.0,1.0,1.0,0.0,1.0,2,0,0.0,1.0,0.0,1.0,1.0,0.0,1.0,1.0,1.0,1.0,1,1,1,1,0,0,0,11,1,2025,10,30,3,0,1,0,2,0,1,0.0,0,0,LEVE,0,0
3,2,0.0293213265978475,0,4,1,-5.816409,-77.38497,0,4,7,0,2,-1,-1,2,7758.33400008,2.0,5,2,1.0,0.340764331210191,0.0464528882055787,2133.0,0.3490236341472501,73.80303880571165,11414.025695931476,5645.136,815.0759999999999,965.298,3864.762,1013.406,4631.73,17.95184385283189,2,0,0,46.0,44.0,48.0,1.0,1.0,0.0,0.0,2,0,0.0,0.0,1.0,1.0,1.0,0.0,1.0,0.0,1.0,1.0,0,0,0,0,0,0,0,4,0,2025,11,2,6,1,0,1,2,0,1,0.0,0,0,LEVE,0,2
3,1,0.0902701515484296,0,4,0,-14.338814616316428,-72.06086568259929,0,4,7,0,2,-1,-1,2,6543.555,2.0,-1,-1,1.0,0.4495936745003294,0.4495936745003294,1198.0,0.3582063239468129,73.72125513625039,7210.27408993576,17779.13499998999,2097.37099999,2863.123,12818.640999999989,2878.713,14900.421999989989,16.19152450331032,2,0,0,24.0,19.0,29.0,1.0,1.0,0.0,1.0,2,0,0.0,0.0,0.0,1.0,1.0,0.0,1.0,0.0,1.0,1.0,1,1,1,1,0,0,0,14,2,2025,11,2,6,1,0,2,2,0,1,0.0,0,0,LEVE,0,4
3,2,0.0193279156600043,0,4,1,-12.979089,-74.736443,0,4,0,1,2,1,0,2,943.58,1.0,-1,2,0.0,0.340764331210191,0.1266198111135515,135.0,0.3648777342527826,72.61386206398959,24733.083511777302,8511.426,1445.3929999999996,2008.516,5057.516999999999,1879.579,6631.846999999998,22.08300935706896,2,0,0,30.0,30.0,30.0,1.0,0.0,0.0,1.0,2,0,0.0,1.0,0.0,0.0,1.0,0.0,1.0,0.0,0.0,0.0,0,0,0,0,0,0,0,8,1,2025,11,5,2,0,0,2,1,0,1,0.0,1,0,GRAVE_LESIONADOS,1,4
0,1,0.0766527564243356,2,3,4,-16.424305,-71.534437,0,4,7,0,2,0,1,0,6543.555,2.0,-1,-1,1.0,0.4495936745003294,0.4495936745003294,1198.0,0.7453744058790387,79.4589730074046,76620.6295503212,10322.272,1495.236,1749.739,7077.2970000000005,2886.595,7435.677000000001,27.964725207783708,1,0,1,20.0,20.0,20.0,1.0,0.0,0.0,1.0,1,0,0.0,1.0,0.0,0.0,0.0,0.0,1.0,0.0,0.0,0.0,1,1,1,1,0,0,0,20,3,2025,11,6,3,0,0,0,1,0,1,0.0,0,0,LEVE,0,4
6,1,0.0902701515484296,0,4,1,-15.051019,-71.12941,0,4,4,0,2,-1,-1,2,568.5409999999999,1.0,5,1,0.0,0.340764331210191,0.0057105205359103,93.0,0.3491291336434085,68.34579473193322,1114.627408993576,17779.13499998999,2097.37099999,2863.123,12818.640999999989,2878.713,14900.421999989989,16.19152450331032,1,0,0,28.0,28.0,28.0,1.0,0.0,0.0,0.0,1,0,0.0,0.0,0.0,1.0,1.0,0.0,0.0,0.0,0.0,0.0,0,0,0,0,0,0,0,20,3,2025,11,7,4,0,0,2,2,0,1,0.0,0,0,LEVE,0,4